template,source_group_id,cell,question,reference,candidate,expected_label,l_A,l_B,d_raw,p_accept_raw,predicted_label,correct
T3,05677026bd7ad785bb85a02f4258464dc4476b9c08d7f52ac641e994b9b13c2a,OO,What is the creation of a new species called?,speciation,speciation,A,14.0,-5.78125,19.78125,0.9999999974348528,A,True
T3,05677026bd7ad785bb85a02f4258464dc4476b9c08d7f52ac641e994b9b13c2a,OS,What is the creation of a new species called?,speciation,gills,B,-6.84375,15.625,-22.46875,1.7456045275148743e-10,B,True
T3,05677026bd7ad785bb85a02f4258464dc4476b9c08d7f52ac641e994b9b13c2a,SO,What is the creation of a new species called?,gills,speciation,B,9.1875,16.125,-6.9375,0.0009697519677825861,B,True
T3,05677026bd7ad785bb85a02f4258464dc4476b9c08d7f52ac641e994b9b13c2a,SS,What is the creation of a new species called?,gills,gills,A,5.0,17.875,-12.875,2.561282210758673e-06,B,False
T3,06efe48e5f13ce79575b3df69ff31f1debe36fda0879f1ee34b6bf34d82a7e75,OO,What kind of muscle cells have a single nucleus and are spindle-shaped?,smooth muscle,smooth muscle,A,15.3125,-3.4375,18.75,0.9999999928058669,A,True
T3,06efe48e5f13ce79575b3df69ff31f1debe36fda0879f1ee34b6bf34d82a7e75,OS,What kind of muscle cells have a single nucleus and are spindle-shaped?,smooth muscle,fiber optics,B,-4.9375,15.25,-20.1875,1.7087563671247272e-09,B,True
T3,06efe48e5f13ce79575b3df69ff31f1debe36fda0879f1ee34b6bf34d82a7e75,SO,What kind of muscle cells have a single nucleus and are spindle-shaped?,fiber optics,smooth muscle,B,-0.0810546875,15.0,-15.0810546875,2.8208568360569337e-07,B,True
T3,06efe48e5f13ce79575b3df69ff31f1debe36fda0879f1ee34b6bf34d82a7e75,SS,What kind of muscle cells have a single nucleus and are spindle-shaped?,fiber optics,fiber optics,A,1.484375,17.625,-16.140625,9.777224459584924e-08,B,False
T3,0a10ac3133a9f765768b242af148337eaa1355bf976f5ec1b1904d0d49b74d69,OO,The radioactive gas radon and uv radiation are culprits in different types of what disease?,cancer,cancer,A,16.625,-5.21875,21.84375,0.9999999996738782,A,True
T3,0a10ac3133a9f765768b242af148337eaa1355bf976f5ec1b1904d0d49b74d69,OS,The radioactive gas radon and uv radiation are culprits in different types of what disease?,cancer,alteration,B,-4.46875,14.875,-19.34375,3.972977577011357e-09,B,True
T3,0a10ac3133a9f765768b242af148337eaa1355bf976f5ec1b1904d0d49b74d69,SO,The radioactive gas radon and uv radiation are culprits in different types of what disease?,alteration,cancer,B,14.9375,9.6875,5.25,0.9947798743064417,A,False
T3,0a10ac3133a9f765768b242af148337eaa1355bf976f5ec1b1904d0d49b74d69,SS,The radioactive gas radon and uv radiation are culprits in different types of what disease?,alteration,alteration,A,16.25,4.84375,11.40625,0.9999888743925112,A,True
T3,0e5e53a12a3532a8b292e0da9c32e962c792c48de4cf14ea151217f38da9e546,OO,Purple loosestrife is a european wildflower that was introduced to which continent in the 1800's?,north america,north america,A,15.5,-6.5,22.0,0.9999999997210531,A,True
T3,0e5e53a12a3532a8b292e0da9c32e962c792c48de4cf14ea151217f38da9e546,OS,Purple loosestrife is a european wildflower that was introduced to which continent in the 1800's?,north america,intercellular,B,-4.375,16.375,-20.75,9.736200303530205e-10,B,True
T3,0e5e53a12a3532a8b292e0da9c32e962c792c48de4cf14ea151217f38da9e546,SO,Purple loosestrife is a european wildflower that was introduced to which continent in the 1800's?,intercellular,north america,B,-2.390625,14.5625,-16.953125,4.338617289960111e-08,B,True
T3,0e5e53a12a3532a8b292e0da9c32e962c792c48de4cf14ea151217f38da9e546,SS,Purple loosestrife is a european wildflower that was introduced to which continent in the 1800's?,intercellular,intercellular,A,3.84375,18.5,-14.65625,4.313912304173898e-07,B,False
T3,0e6720dd58fc316e965e53fb88c5ce64e44eec09e9871c0869bdb0d5aac8fb45,OO,Which element has the highest electronegativity value?,fluorine,fluorine,A,14.5,-6.0,20.5,0.9999999987498471,A,True
T3,0e6720dd58fc316e965e53fb88c5ce64e44eec09e9871c0869bdb0d5aac8fb45,OS,Which element has the highest electronegativity value?,fluorine,chemosynthesis,B,-5.3125,15.9375,-21.25,5.905303995456778e-10,B,True
T3,0e6720dd58fc316e965e53fb88c5ce64e44eec09e9871c0869bdb0d5aac8fb45,SO,Which element has the highest electronegativity value?,chemosynthesis,fluorine,B,0.2890625,13.75,-13.4609375,1.4255698555205716e-06,B,True
T3,0e6720dd58fc316e965e53fb88c5ce64e44eec09e9871c0869bdb0d5aac8fb45,SS,Which element has the highest electronegativity value?,chemosynthesis,chemosynthesis,A,3.75,18.125,-14.375,5.715004470337245e-07,B,False
T3,0f7d3b6b43185a49146f9aaa61004619b4a66588a563e78ee9496ebd709b0e37,OO,What is the simplest life cycle?,haploid,haploid,A,15.3125,-2.0625,17.375,0.9999999715466527,A,True
T3,0f7d3b6b43185a49146f9aaa61004619b4a66588a563e78ee9496ebd709b0e37,OS,What is the simplest life cycle?,haploid,suspension feeders,B,-5.625,15.9375,-21.5625,4.320412697441966e-10,B,True
T3,0f7d3b6b43185a49146f9aaa61004619b4a66588a563e78ee9496ebd709b0e37,SO,What is the simplest life cycle?,suspension feeders,haploid,B,-3.796875,14.3125,-18.109375,1.3652065423952196e-08,B,True
T3,0f7d3b6b43185a49146f9aaa61004619b4a66588a563e78ee9496ebd709b0e37,SS,What is the simplest life cycle?,suspension feeders,suspension feeders,A,14.625,4.09375,10.53125,0.9999733114704275,A,True
T3,10c688835407c6795fb879cb2535d55f0927bb85029e051e3aa4de6c67c47398,OO,"What planet, covered by a thick layer of clouds, looks smooth and featureless through a telescope?",venus,venus,A,15.375,-4.59375,19.96875,0.9999999978734184,A,True
T3,10c688835407c6795fb879cb2535d55f0927bb85029e051e3aa4de6c67c47398,OS,"What planet, covered by a thick layer of clouds, looks smooth and featureless through a telescope?",venus,breed,B,-4.46875,15.75,-20.21875,1.6561834607274171e-09,B,True
T3,10c688835407c6795fb879cb2535d55f0927bb85029e051e3aa4de6c67c47398,SO,"What planet, covered by a thick layer of clouds, looks smooth and featureless through a telescope?",breed,venus,B,15.3125,8.3125,7.0,0.9990889488055994,A,False
T3,10c688835407c6795fb879cb2535d55f0927bb85029e051e3aa4de6c67c47398,SS,"What planet, covered by a thick layer of clouds, looks smooth and featureless through a telescope?",breed,breed,A,7.40625,18.75,-11.34375,1.1843139025979654e-05,B,False
T3,10d1ca49154e403b4cc726dc01e324f7682258a89f9d3e5dfcb79cf6f7ae6c5c,OO,"Exotic species, also known as invasive or non-native species often cause _______ when introduced to new environments.",extinction,extinction,A,15.4375,-3.671875,19.109375,0.9999999949776857,A,True
T3,10d1ca49154e403b4cc726dc01e324f7682258a89f9d3e5dfcb79cf6f7ae6c5c,OS,"Exotic species, also known as invasive or non-native species often cause _______ when introduced to new environments.",extinction,nervous system,B,-6.5625,15.75,-22.3125,2.0408184527743938e-10,B,True
T3,10d1ca49154e403b4cc726dc01e324f7682258a89f9d3e5dfcb79cf6f7ae6c5c,SO,"Exotic species, also known as invasive or non-native species often cause _______ when introduced to new environments.",nervous system,extinction,B,3.34375,16.375,-13.03125,2.1907815825757865e-06,B,True
T3,10d1ca49154e403b4cc726dc01e324f7682258a89f9d3e5dfcb79cf6f7ae6c5c,SS,"Exotic species, also known as invasive or non-native species often cause _______ when introduced to new environments.",nervous system,nervous system,A,1.6640625,16.625,-14.9609375,3.1808798244186575e-07,B,False
T3,121e26ee9b46cb89d2b26ca75281dd4a9e3fc03bacd4c01f7791bd5ede17b716,OO,Which law predicts increasing entropy based on living systems?,thermodynamic,thermodynamic,A,14.375,-4.78125,19.15625,0.9999999952076744,A,True
T3,121e26ee9b46cb89d2b26ca75281dd4a9e3fc03bacd4c01f7791bd5ede17b716,OS,Which law predicts increasing entropy based on living systems?,thermodynamic,fracking,B,-6.1875,16.25,-22.4375,1.8010159633540775e-10,B,True
T3,121e26ee9b46cb89d2b26ca75281dd4a9e3fc03bacd4c01f7791bd5ede17b716,SO,Which law predicts increasing entropy based on living systems?,fracking,thermodynamic,B,-0.462890625,16.125,-16.587890625,6.251303840299894e-08,B,True
T3,121e26ee9b46cb89d2b26ca75281dd4a9e3fc03bacd4c01f7791bd5ede17b716,SS,Which law predicts increasing entropy based on living systems?,fracking,fracking,A,14.5,17.75,-3.25,0.03732688734412946,B,False
T3,13fcd9e40a8a4329cdef20721434615139e6b2dc95f180fe2e64a67038331f22,OO,"When you burn wood into ash or burn a marshmallow to become brown and crispy, it is impossible to undo. this change is known as what?",chemical change,chemical change,A,14.75,-6.0625,20.8125,0.9999999990853685,A,True
T3,13fcd9e40a8a4329cdef20721434615139e6b2dc95f180fe2e64a67038331f22,OS,"When you burn wood into ash or burn a marshmallow to become brown and crispy, it is impossible to undo. this change is known as what?",chemical change,the sun,B,-5.3125,15.8125,-21.125,6.691586086815049e-10,B,True
T3,13fcd9e40a8a4329cdef20721434615139e6b2dc95f180fe2e64a67038331f22,SO,"When you burn wood into ash or burn a marshmallow to become brown and crispy, it is impossible to undo. this change is known as what?",the sun,chemical change,B,10.375,16.25,-5.875,0.0028009269671209736,B,True
T3,13fcd9e40a8a4329cdef20721434615139e6b2dc95f180fe2e64a67038331f22,SS,"When you burn wood into ash or burn a marshmallow to become brown and crispy, it is impossible to undo. this change is known as what?",the sun,the sun,A,7.03125,17.75,-10.71875,2.212566909570261e-05,B,False
T3,143ba7a15fe9c68797c08230ee3931a9dfcfe6f873640ca2fd4f8623e0c2972b,OO,What is the most important element to life?,carbon,carbon,A,15.5625,-5.03125,20.59375,0.999999998861723,A,True
T3,143ba7a15fe9c68797c08230ee3931a9dfcfe6f873640ca2fd4f8623e0c2972b,OS,What is the most important element to life?,carbon,greater,B,-3.203125,15.5,-18.703125,7.539386626249303e-09,B,True
T3,143ba7a15fe9c68797c08230ee3931a9dfcfe6f873640ca2fd4f8623e0c2972b,SO,What is the most important element to life?,greater,carbon,B,-3.640625,14.9375,-18.578125,8.543244284030914e-09,B,True
T3,143ba7a15fe9c68797c08230ee3931a9dfcfe6f873640ca2fd4f8623e0c2972b,SS,What is the most important element to life?,greater,greater,A,15.6875,3.015625,12.671875,0.9999968618532465,A,True
T3,199078912aef9601d43fbb41eeeb0ec45ab7f752eb6378b83eae3b082379161c,OO,A pigment within plant cells which absorbs light is called?,chlorophyll,chlorophyll,A,15.6875,-5.53125,21.21875,0.9999999993907243,A,True
T3,199078912aef9601d43fbb41eeeb0ec45ab7f752eb6378b83eae3b082379161c,OS,A pigment within plant cells which absorbs light is called?,chlorophyll,cell membrane,B,-7.625,14.625,-22.25,2.1724399346070674e-10,B,True
T3,199078912aef9601d43fbb41eeeb0ec45ab7f752eb6378b83eae3b082379161c,SO,A pigment within plant cells which absorbs light is called?,cell membrane,chlorophyll,B,9.1875,15.1875,-6.0,0.0024726231566347743,B,True
T3,199078912aef9601d43fbb41eeeb0ec45ab7f752eb6378b83eae3b082379161c,SS,A pigment within plant cells which absorbs light is called?,cell membrane,cell membrane,A,6.1875,16.375,-10.1875,3.76364471809744e-05,B,False
T3,1a07b80e58d0120531bcefee7ba132e3bd77bef834bc592741b579d8a1952ad2,OO,What is the largest known animal?,the blue whale,the blue whale,A,15.0,-4.96875,19.96875,0.9999999978734184,A,True
T3,1a07b80e58d0120531bcefee7ba132e3bd77bef834bc592741b579d8a1952ad2,OS,What is the largest known animal?,the blue whale,replace another in a molecule,B,-5.9375,16.125,-22.0625,2.620462764055779e-10,B,True
T3,1a07b80e58d0120531bcefee7ba132e3bd77bef834bc592741b579d8a1952ad2,SO,What is the largest known animal?,replace another in a molecule,the blue whale,B,-5.0,12.6875,-17.6875,2.0816913725037723e-08,B,True
T3,1a07b80e58d0120531bcefee7ba132e3bd77bef834bc592741b579d8a1952ad2,SS,What is the largest known animal?,replace another in a molecule,replace another in a molecule,A,13.3125,-0.439453125,13.751953125,0.9999989343804498,A,True
T3,1a2ede8310b68c121c2eebd7ad1c6b47b21796df96ea64159dbc9e76f1ae27ba,OO,What is the process by which the nucleus of a eukaryotic cell divides?,mitosis,mitosis,A,14.25,-5.3125,19.5625,0.9999999968076227,A,True
T3,1a2ede8310b68c121c2eebd7ad1c6b47b21796df96ea64159dbc9e76f1ae27ba,OS,What is the process by which the nucleus of a eukaryotic cell divides?,mitosis,causation,B,-6.84375,15.4375,-22.28125,2.1056009845388588e-10,B,True
T3,1a2ede8310b68c121c2eebd7ad1c6b47b21796df96ea64159dbc9e76f1ae27ba,SO,What is the process by which the nucleus of a eukaryotic cell divides?,causation,mitosis,B,7.5,15.5,-8.0,0.0003353501304664781,B,True
T3,1a2ede8310b68c121c2eebd7ad1c6b47b21796df96ea64159dbc9e76f1ae27ba,SS,What is the process by which the nucleus of a eukaryotic cell divides?,causation,causation,A,15.8125,5.375,10.4375,0.9999706884614404,A,True
T3,1b113718103da2934eb80b31e07a36abff54f00e7334be16390372856a3b6d5c,OO,What do most of the noble gas elements have in common?,eight valence electrons,eight valence electrons,A,14.625,2.421875,12.203125,0.999994985265177,A,True
T3,1b113718103da2934eb80b31e07a36abff54f00e7334be16390372856a3b6d5c,OS,What do most of the noble gas elements have in common?,eight valence electrons,ice,B,-4.8125,14.875,-19.6875,2.81726296579986e-09,B,True
T3,1b113718103da2934eb80b31e07a36abff54f00e7334be16390372856a3b6d5c,SO,What do most of the noble gas elements have in common?,ice,eight valence electrons,B,-5.59375,13.4375,-19.03125,5.43041648377736e-09,B,True
T3,1b113718103da2934eb80b31e07a36abff54f00e7334be16390372856a3b6d5c,SS,What do most of the noble gas elements have in common?,ice,ice,A,3.5625,17.375,-13.8125,1.0030140882067352e-06,B,False
T3,1b534c132ccabe1a0e4a1e184b5e57df190c3eef651eeb6d0cce1944eb689ffd,OO,"Distinguished by the great red spot, what planet has an upper atmosphere containing ammonia clouds?",jupiter,jupiter,A,14.625,-5.3125,19.9375,0.9999999978059133,A,True
T3,1b534c132ccabe1a0e4a1e184b5e57df190c3eef651eeb6d0cce1944eb689ffd,OS,"Distinguished by the great red spot, what planet has an upper atmosphere containing ammonia clouds?",jupiter,oogenesis,B,-6.5625,15.25,-21.8125,3.3647407922810023e-10,B,True
T3,1b534c132ccabe1a0e4a1e184b5e57df190c3eef651eeb6d0cce1944eb689ffd,SO,"Distinguished by the great red spot, what planet has an upper atmosphere containing ammonia clouds?",oogenesis,jupiter,B,14.625,11.375,3.25,0.9626731126558706,A,False
T3,1b534c132ccabe1a0e4a1e184b5e57df190c3eef651eeb6d0cce1944eb689ffd,SS,"Distinguished by the great red spot, what planet has an upper atmosphere containing ammonia clouds?",oogenesis,oogenesis,A,0.494140625,15.4375,-14.943359375,3.2372880322866756e-07,B,False
T3,1be6fa12bbdbfbd851812045dffe0981b2fdc90feaecff40cbe7d533433160fb,OO,Research that focuses on understanding basic properties and processes without concern for the usefulness of this understanding is known as what kind of research?,pure research,pure research,A,13.75,-6.90625,20.65625,0.9999999989306876,A,True
T3,1be6fa12bbdbfbd851812045dffe0981b2fdc90feaecff40cbe7d533433160fb,OS,Research that focuses on understanding basic properties and processes without concern for the usefulness of this understanding is known as what kind of research?,pure research,magnetosphere,B,-5.84375,16.375,-22.21875,2.2414005807031664e-10,B,True
T3,1be6fa12bbdbfbd851812045dffe0981b2fdc90feaecff40cbe7d533433160fb,SO,Research that focuses on understanding basic properties and processes without concern for the usefulness of this understanding is known as what kind of research?,magnetosphere,pure research,B,14.9375,0.14453125,14.79296875,0.9999996237338605,A,False
T3,1be6fa12bbdbfbd851812045dffe0981b2fdc90feaecff40cbe7d533433160fb,SS,Research that focuses on understanding basic properties and processes without concern for the usefulness of this understanding is known as what kind of research?,magnetosphere,magnetosphere,A,5.3125,16.875,-11.5625,9.516251694168764e-06,B,False
T3,1beb2aa5b13171309874a37d5260ebb4e081a26981486965e2d55ecbd0e23e72,OO,What plant structures are the main avenues by which water evaporates from the sporophyte?,stomata,stomata,A,14.75,-3.984375,18.734375,0.9999999926925758,A,True
T3,1beb2aa5b13171309874a37d5260ebb4e081a26981486965e2d55ecbd0e23e72,OS,What plant structures are the main avenues by which water evaporates from the sporophyte?,stomata,flower,B,-6.46875,13.6875,-20.15625,1.7629981167074255e-09,B,True
T3,1beb2aa5b13171309874a37d5260ebb4e081a26981486965e2d55ecbd0e23e72,SO,What plant structures are the main avenues by which water evaporates from the sporophyte?,flower,stomata,B,-3.234375,14.375,-17.609375,2.2508450454116237e-08,B,True
T3,1beb2aa5b13171309874a37d5260ebb4e081a26981486965e2d55ecbd0e23e72,SS,What plant structures are the main avenues by which water evaporates from the sporophyte?,flower,flower,A,14.75,-0.65234375,15.40234375,0.9999997954276133,A,True
T3,1c35548b29d8511a72048aa2f5760aa0375a344a23b694ddc903a3c3b9d10eb8,OO,What makes the sun glow brightly?,nuclear fusion,nuclear fusion,A,14.625,-5.6875,20.3125,0.9999999984920278,A,True
T3,1c35548b29d8511a72048aa2f5760aa0375a344a23b694ddc903a3c3b9d10eb8,OS,What makes the sun glow brightly?,nuclear fusion,global warming,B,-7.25,15.5,-22.75,1.3176514268359263e-10,B,True
T3,1c35548b29d8511a72048aa2f5760aa0375a344a23b694ddc903a3c3b9d10eb8,SO,What makes the sun glow brightly?,global warming,nuclear fusion,B,-2.5625,14.75,-17.3125,3.0288430461900305e-08,B,True
T3,1c35548b29d8511a72048aa2f5760aa0375a344a23b694ddc903a3c3b9d10eb8,SS,What makes the sun glow brightly?,global warming,global warming,A,13.125,16.375,-3.25,0.03732688734412946,B,False
T3,1e775ec427e192a7277498b2b5f22a189e2fd5e4a7ebe9a5d7ceb04d0edb4bea,OO,What makes nobel gases unreactive?,its electon configuration,its electon configuration,A,13.4375,-3.296875,16.734375,0.999999946005036,A,True
T3,1e775ec427e192a7277498b2b5f22a189e2fd5e4a7ebe9a5d7ceb04d0edb4bea,OS,What makes nobel gases unreactive?,its electon configuration,connective tissue,B,-6.125,15.6875,-21.8125,3.3647407922810023e-10,B,True
T3,1e775ec427e192a7277498b2b5f22a189e2fd5e4a7ebe9a5d7ceb04d0edb4bea,SO,What makes nobel gases unreactive?,connective tissue,its electon configuration,B,-4.46875,13.875,-18.34375,1.0799672678739144e-08,B,True
T3,1e775ec427e192a7277498b2b5f22a189e2fd5e4a7ebe9a5d7ceb04d0edb4bea,SS,What makes nobel gases unreactive?,connective tissue,connective tissue,A,4.53125,16.75,-12.21875,4.936988949458183e-06,B,False
T3,20ca76d8e4f85568513476a52df419d075d3dd5fc5ccecf57f95ac7dd8fc87e6,OO,Epithelial cells are found in what body organ?,skin,skin,A,14.875,-5.53125,20.40625,0.9999999986269756,A,True
T3,20ca76d8e4f85568513476a52df419d075d3dd5fc5ccecf57f95ac7dd8fc87e6,OS,Epithelial cells are found in what body organ?,skin,entropy,B,-4.09375,17.625,-21.71875,3.6954448130275963e-10,B,True
T3,20ca76d8e4f85568513476a52df419d075d3dd5fc5ccecf57f95ac7dd8fc87e6,SO,Epithelial cells are found in what body organ?,entropy,skin,B,-4.59375,14.0625,-18.65625,7.901209342174968e-09,B,True
T3,20ca76d8e4f85568513476a52df419d075d3dd5fc5ccecf57f95ac7dd8fc87e6,SS,Epithelial cells are found in what body organ?,entropy,entropy,A,16.125,12.3125,3.8125,0.9783846672373524,A,True
T3,21b042f63c92b50654186c8fe4187eace9b61ae49c15626476e5b27ce23675bb,OO,"Protozoa that cause malaria are spread by a vector, entering the blood through the bite of what insect?",mosquito,mosquito,A,15.5625,-5.4375,21.0,0.9999999992417439,A,True
T3,21b042f63c92b50654186c8fe4187eace9b61ae49c15626476e5b27ce23675bb,OS,"Protozoa that cause malaria are spread by a vector, entering the blood through the bite of what insect?",mosquito,carbon dioxide,B,-7.71875,13.75,-21.46875,4.745045065396272e-10,B,True
T3,21b042f63c92b50654186c8fe4187eace9b61ae49c15626476e5b27ce23675bb,SO,"Protozoa that cause malaria are spread by a vector, entering the blood through the bite of what insect?",carbon dioxide,mosquito,B,4.1875,14.8125,-10.625,2.43002407432796e-05,B,True
T3,21b042f63c92b50654186c8fe4187eace9b61ae49c15626476e5b27ce23675bb,SS,"Protozoa that cause malaria are spread by a vector, entering the blood through the bite of what insect?",carbon dioxide,carbon dioxide,A,4.28125,16.875,-12.59375,3.393144812976612e-06,B,False
T3,21e85b4efb563c2c7d719cd82eed25f1248ca7f7c8365f703644ce3dc4ad3f31,OO,Bacteria and archaea that survive under extreme conditions are called?,extremophiles,extremophiles,A,15.3125,-4.3125,19.625,0.9999999970010391,A,True
T3,21e85b4efb563c2c7d719cd82eed25f1248ca7f7c8365f703644ce3dc4ad3f31,OS,Bacteria and archaea that survive under extreme conditions are called?,extremophiles,size and direction,B,-5.3125,16.0,-21.3125,5.54751971341519e-10,B,True
T3,21e85b4efb563c2c7d719cd82eed25f1248ca7f7c8365f703644ce3dc4ad3f31,SO,Bacteria and archaea that survive under extreme conditions are called?,size and direction,extremophiles,B,5.3125,17.0,-11.6875,8.39807203495153e-06,B,True
T3,21e85b4efb563c2c7d719cd82eed25f1248ca7f7c8365f703644ce3dc4ad3f31,SS,Bacteria and archaea that survive under extreme conditions are called?,size and direction,size and direction,A,9.625,16.125,-6.5,0.0015011822567369917,B,False
T3,230f4886e25e9c27f1c5aeb6202ef50688d4072ec21a5516491ea31cdf4274d7,OO,Amorphous selenium is a photosensitive what?,semiconductor,semiconductor,A,14.75,-6.5,21.25,0.9999999994094697,A,True
T3,230f4886e25e9c27f1c5aeb6202ef50688d4072ec21a5516491ea31cdf4274d7,OS,Amorphous selenium is a photosensitive what?,semiconductor,mammary,B,-5.46875,15.4375,-20.90625,8.327813436526548e-10,B,True
T3,230f4886e25e9c27f1c5aeb6202ef50688d4072ec21a5516491ea31cdf4274d7,SO,Amorphous selenium is a photosensitive what?,mammary,semiconductor,B,9.75,14.875,-5.125,0.005911068856243796,B,True
T3,230f4886e25e9c27f1c5aeb6202ef50688d4072ec21a5516491ea31cdf4274d7,SS,Amorphous selenium is a photosensitive what?,mammary,mammary,A,9.9375,16.625,-6.6875,0.0012448433020883745,B,False
T3,23b2da192ff61c4753bc05910769816eed0a3667db2a4b773622bce58081ef84,OO,What is the mode of breathing that occurs at rest and does not require the cognitive thought of the individual?,quiet breathing,quiet breathing,A,15.125,-5.5,20.625,0.9999999988967441,A,True
T3,23b2da192ff61c4753bc05910769816eed0a3667db2a4b773622bce58081ef84,OS,What is the mode of breathing that occurs at rest and does not require the cognitive thought of the individual?,quiet breathing,causes pollution,B,-5.0625,16.75,-21.8125,3.3647407922810023e-10,B,True
T3,23b2da192ff61c4753bc05910769816eed0a3667db2a4b773622bce58081ef84,SO,What is the mode of breathing that occurs at rest and does not require the cognitive thought of the individual?,causes pollution,quiet breathing,B,7.5,16.25,-8.75,0.00015843621910252592,B,True
T3,23b2da192ff61c4753bc05910769816eed0a3667db2a4b773622bce58081ef84,SS,What is the mode of breathing that occurs at rest and does not require the cognitive thought of the individual?,causes pollution,causes pollution,A,8.875,16.75,-7.875,0.0003799845147518645,B,False
T3,24b91442961df4239a123354c44e53dab4a44f7cff6e66fec314c22e1b1540ea,OO,What are the outer planets of the solar system made of?,gases,gases,A,14.875,-5.65625,20.53125,0.9999999987883104,A,True
T3,24b91442961df4239a123354c44e53dab4a44f7cff6e66fec314c22e1b1540ea,OS,What are the outer planets of the solar system made of?,gases,cancer,B,-3.8125,15.75,-19.5625,3.192377170381065e-09,B,True
T3,24b91442961df4239a123354c44e53dab4a44f7cff6e66fec314c22e1b1540ea,SO,What are the outer planets of the solar system made of?,cancer,gases,B,-2.578125,14.3125,-16.890625,4.618434051604605e-08,B,True
T3,24b91442961df4239a123354c44e53dab4a44f7cff6e66fec314c22e1b1540ea,SS,What are the outer planets of the solar system made of?,cancer,cancer,A,17.0,10.9375,6.0625,0.9976768374773688,A,True
T3,273e7a2bbe79fb45e3da5b01c63233ca2a0293e88be678371d45e6e734eb3687,OO,"In the primary response to infection, what are secreted first from plasma cells?",antibodies,antibodies,A,15.375,-4.375,19.75,0.9999999973534264,A,True
T3,273e7a2bbe79fb45e3da5b01c63233ca2a0293e88be678371d45e6e734eb3687,OS,"In the primary response to infection, what are secreted first from plasma cells?",antibodies,medium,B,-6.0,14.0625,-20.0625,1.9362746336349366e-09,B,True
T3,273e7a2bbe79fb45e3da5b01c63233ca2a0293e88be678371d45e6e734eb3687,SO,"In the primary response to infection, what are secreted first from plasma cells?",medium,antibodies,B,-3.828125,13.5,-17.328125,2.981885188622922e-08,B,True
T3,273e7a2bbe79fb45e3da5b01c63233ca2a0293e88be678371d45e6e734eb3687,SS,"In the primary response to infection, what are secreted first from plasma cells?",medium,medium,A,15.25,1.78125,13.46875,0.9999985855240013,A,True
T3,2a20d544ff618b9501d9400c452e6e02e2e866fa2d6a08fb345c2ffb4f633edb,OO,What is the three-dimensional structure of a single polypeptide called?,tertiary structure,tertiary structure,A,14.875,-4.875,19.75,0.9999999973534264,A,True
T3,2a20d544ff618b9501d9400c452e6e02e2e866fa2d6a08fb345c2ffb4f633edb,OS,What is the three-dimensional structure of a single polypeptide called?,tertiary structure,electron affinity,B,-6.21875,15.3125,-21.53125,4.4575573182000303e-10,B,True
T3,2a20d544ff618b9501d9400c452e6e02e2e866fa2d6a08fb345c2ffb4f633edb,SO,What is the three-dimensional structure of a single polypeptide called?,electron affinity,tertiary structure,B,1.71875,15.5625,-13.84375,9.721546189381598e-07,B,True
T3,2a20d544ff618b9501d9400c452e6e02e2e866fa2d6a08fb345c2ffb4f633edb,SS,What is the three-dimensional structure of a single polypeptide called?,electron affinity,electron affinity,A,2.171875,17.125,-14.953125,3.2058277660857193e-07,B,False
T3,2b8a5200282c3f8748e7a842c78898590dde7c3432e54daf87ca95ce25b4c54e,OO,What phase is pure chlorine present as?,gas,gas,A,14.9375,-5.125,20.0625,0.9999999980637253,A,True
T3,2b8a5200282c3f8748e7a842c78898590dde7c3432e54daf87ca95ce25b4c54e,OS,What phase is pure chlorine present as?,gas,hydrolysis,B,-5.875,15.5625,-21.4375,4.895668964435012e-10,B,True
T3,2b8a5200282c3f8748e7a842c78898590dde7c3432e54daf87ca95ce25b4c54e,SO,What phase is pure chlorine present as?,hydrolysis,gas,B,2.6875,15.125,-12.4375,3.966985914946731e-06,B,True
T3,2b8a5200282c3f8748e7a842c78898590dde7c3432e54daf87ca95ce25b4c54e,SS,What phase is pure chlorine present as?,hydrolysis,hydrolysis,A,15.0,6.46875,8.53125,0.9998028305780378,A,True
T3,2dc8c8368d496987fff43c67a7613468467b611e116687d0980c83a39cd910aa,OO,What is the term for sediment deposited by a glacier?,moraine,moraine,A,14.6875,-4.875,19.5625,0.9999999968076227,A,True
T3,2dc8c8368d496987fff43c67a7613468467b611e116687d0980c83a39cd910aa,OS,What is the term for sediment deposited by a glacier?,moraine,salivation,B,-6.3125,15.3125,-21.625,4.058652124828427e-10,B,True
T3,2dc8c8368d496987fff43c67a7613468467b611e116687d0980c83a39cd910aa,SO,What is the term for sediment deposited by a glacier?,salivation,moraine,B,-4.65625,14.3125,-18.96875,5.780648254572639e-09,B,True
T3,2dc8c8368d496987fff43c67a7613468467b611e116687d0980c83a39cd910aa,SS,What is the term for sediment deposited by a glacier?,salivation,salivation,A,15.125,-0.1103515625,15.2353515625,0.999999758247607,A,True
T3,2f4703494c2a9ce69c4a05d3a0f85a95e69e0b7a1564dc0cfba14f55769487d6,OO,What is the term for the interaction of waves with other waves?,wave interference,wave interference,A,14.3125,-5.46875,19.78125,0.9999999974348528,A,True
T3,2f4703494c2a9ce69c4a05d3a0f85a95e69e0b7a1564dc0cfba14f55769487d6,OS,What is the term for the interaction of waves with other waves?,wave interference,index fossils,B,-7.84375,15.625,-23.46875,6.421720181593709e-11,B,True
T3,2f4703494c2a9ce69c4a05d3a0f85a95e69e0b7a1564dc0cfba14f55769487d6,SO,What is the term for the interaction of waves with other waves?,index fossils,wave interference,B,9.0,16.625,-7.625,0.0004878571227822659,B,True
T3,2f4703494c2a9ce69c4a05d3a0f85a95e69e0b7a1564dc0cfba14f55769487d6,SS,What is the term for the interaction of waves with other waves?,index fossils,index fossils,A,1.953125,16.125,-14.171875,7.002168947755554e-07,B,False
T3,31bc2caab699df9cd3f29bcee3a64a7be3446b3056011e8d837007ac97aec033,OO,Regular checkups with what type of specialist can detect skin cancers early?,dermatologist,dermatologist,A,15.9375,-4.6875,20.625,0.9999999988967441,A,True
T3,31bc2caab699df9cd3f29bcee3a64a7be3446b3056011e8d837007ac97aec033,OS,Regular checkups with what type of specialist can detect skin cancers early?,dermatologist,mutation,B,-6.5,15.3125,-21.8125,3.3647407922810023e-10,B,True
T3,31bc2caab699df9cd3f29bcee3a64a7be3446b3056011e8d837007ac97aec033,SO,Regular checkups with what type of specialist can detect skin cancers early?,mutation,dermatologist,B,2.78125,15.75,-12.96875,2.332074525844782e-06,B,True
T3,31bc2caab699df9cd3f29bcee3a64a7be3446b3056011e8d837007ac97aec033,SS,Regular checkups with what type of specialist can detect skin cancers early?,mutation,mutation,A,10.8125,15.8125,-5.0,0.0066928509242848554,B,False
T3,32433ec8d7c816d84564c39977c687496178d90300834bb1c8fb5dbe8c496afd,OO,Cardiac muscle normally has what kind of oxygen-using metabolism?,aerobic,aerobic,A,15.0625,-5.40625,20.46875,0.9999999987101631,A,True
T3,32433ec8d7c816d84564c39977c687496178d90300834bb1c8fb5dbe8c496afd,OS,Cardiac muscle normally has what kind of oxygen-using metabolism?,aerobic,metamorphosis,B,-6.25,15.875,-22.125,2.4616969512093895e-10,B,True
T3,32433ec8d7c816d84564c39977c687496178d90300834bb1c8fb5dbe8c496afd,SO,Cardiac muscle normally has what kind of oxygen-using metabolism?,metamorphosis,aerobic,B,3.625,16.75,-13.125,1.994729721527057e-06,B,True
T3,32433ec8d7c816d84564c39977c687496178d90300834bb1c8fb5dbe8c496afd,SS,Cardiac muscle normally has what kind of oxygen-using metabolism?,metamorphosis,metamorphosis,A,16.0,10.6875,5.3125,0.9950945942942779,A,True
T3,329dd7e54066ef13a3da213f7f3b6cff598c5899634f90f2aa842bf03bdfe22b,OO,A homogeneous mixture composed of two or more substances is called a what?,solution,solution,A,14.3125,-5.15625,19.46875,0.9999999964938595,A,True
T3,329dd7e54066ef13a3da213f7f3b6cff598c5899634f90f2aa842bf03bdfe22b,OS,A homogeneous mixture composed of two or more substances is called a what?,solution,excitatory,B,-6.25,14.9375,-21.1875,6.286163381149822e-10,B,True
T3,329dd7e54066ef13a3da213f7f3b6cff598c5899634f90f2aa842bf03bdfe22b,SO,A homogeneous mixture composed of two or more substances is called a what?,excitatory,solution,B,13.5,11.8125,1.6875,0.8438951025545426,A,False
T3,329dd7e54066ef13a3da213f7f3b6cff598c5899634f90f2aa842bf03bdfe22b,SS,A homogeneous mixture composed of two or more substances is called a what?,excitatory,excitatory,A,10.75,17.0,-6.25,0.0019267346633274757,B,False
T3,32a5842122bca8ce29d1bd38d6bee5bd0cd4ff77f6e85b6df20e866683e9e9d8,OO,Periodic refers to something that does what?,repeat,repeat,A,16.375,-3.765625,20.140625,0.9999999982092387,A,True
T3,32a5842122bca8ce29d1bd38d6bee5bd0cd4ff77f6e85b6df20e866683e9e9d8,OS,Periodic refers to something that does what?,repeat,antheridium,B,-6.625,15.25,-21.875,3.1608814533145753e-10,B,True
T3,32a5842122bca8ce29d1bd38d6bee5bd0cd4ff77f6e85b6df20e866683e9e9d8,SO,Periodic refers to something that does what?,antheridium,repeat,B,14.5625,4.8125,9.75,0.9999417087343389,A,False
T3,32a5842122bca8ce29d1bd38d6bee5bd0cd4ff77f6e85b6df20e866683e9e9d8,SS,Periodic refers to something that does what?,antheridium,antheridium,A,-0.173828125,16.25,-16.423828125,7.365835940906171e-08,B,False
T3,335059d400355094616bc325ef0848eda0060b94b91bf17aa229387a74b6c2fe,OO,"The embryo sac consists of only a few cells, one of which is the what?",egg,egg,A,15.6875,-5.34375,21.03125,0.999999999265073,A,True
T3,335059d400355094616bc325ef0848eda0060b94b91bf17aa229387a74b6c2fe,OS,"The embryo sac consists of only a few cells, one of which is the what?",egg,light,B,-6.1875,15.8125,-22.0,2.7894680920908113e-10,B,True
T3,335059d400355094616bc325ef0848eda0060b94b91bf17aa229387a74b6c2fe,SO,"The embryo sac consists of only a few cells, one of which is the what?",light,egg,B,-0.90234375,14.4375,-15.33984375,2.1776616928852147e-07,B,True
T3,335059d400355094616bc325ef0848eda0060b94b91bf17aa229387a74b6c2fe,SS,"The embryo sac consists of only a few cells, one of which is the what?",light,light,A,13.25,16.75,-3.5,0.02931223075135632,B,False
T3,37fd7343def15a982f55039a6fd91953c9aec931123a52d0f01f0e4298e0f327,OO,"In myasthenia gravis, antibodies bind to and block certain receptors on muscle cells, preventing what?",muscle contraction,muscle contraction,A,17.5,-1.8203125,19.3203125,0.9999999959328059,A,True
T3,37fd7343def15a982f55039a6fd91953c9aec931123a52d0f01f0e4298e0f327,OS,"In myasthenia gravis, antibodies bind to and block certain receptors on muscle cells, preventing what?",muscle contraction,asteroids,B,-5.09375,16.125,-21.21875,6.092758466476431e-10,B,True
T3,37fd7343def15a982f55039a6fd91953c9aec931123a52d0f01f0e4298e0f327,SO,"In myasthenia gravis, antibodies bind to and block certain receptors on muscle cells, preventing what?",asteroids,muscle contraction,B,11.9375,15.875,-3.9375,0.019124036750888904,B,True
T3,37fd7343def15a982f55039a6fd91953c9aec931123a52d0f01f0e4298e0f327,SS,"In myasthenia gravis, antibodies bind to and block certain receptors on muscle cells, preventing what?",asteroids,asteroids,A,11.9375,17.375,-5.4375,0.00433150202056399,B,False
T3,38197b9f21a2cbc6219c9edadf1b00c23fd75944c8ed0462d4fb2984382e2454,OO,What map coordinates correspond to similar climate zones and life zones?,altitude and latitude,altitude and latitude,A,12.625,-7.25,19.875,0.999999997664407,A,True
T3,38197b9f21a2cbc6219c9edadf1b00c23fd75944c8ed0462d4fb2984382e2454,OS,What map coordinates correspond to similar climate zones and life zones?,altitude and latitude,nonvascular,B,-3.984375,15.625,-19.609375,3.046187576710788e-09,B,True
T3,38197b9f21a2cbc6219c9edadf1b00c23fd75944c8ed0462d4fb2984382e2454,SO,What map coordinates correspond to similar climate zones and life zones?,nonvascular,altitude and latitude,B,-1.6640625,15.625,-17.2890625,3.1006699868991146e-08,B,True
T3,38197b9f21a2cbc6219c9edadf1b00c23fd75944c8ed0462d4fb2984382e2454,SS,What map coordinates correspond to similar climate zones and life zones?,nonvascular,nonvascular,A,14.0,-2.109375,16.109375,0.9999998991241315,A,True
T3,3832009ffefb8053acc8f41b409ffc903ba02cb06ee1f396131afe3a64f7f714,OO,What can be used to estimate the energy change of a chemical reaction?,bond energies,bond energies,A,14.625,-5.5,20.125,0.9999999981810384,A,True
T3,3832009ffefb8053acc8f41b409ffc903ba02cb06ee1f396131afe3a64f7f714,OS,What can be used to estimate the energy change of a chemical reaction?,bond energies,activation energy,B,-6.28125,14.3125,-20.59375,1.1382771368584038e-09,B,True
T3,3832009ffefb8053acc8f41b409ffc903ba02cb06ee1f396131afe3a64f7f714,SO,What can be used to estimate the energy change of a chemical reaction?,activation energy,bond energies,B,-3.90625,13.5,-17.40625,2.7577929840248876e-08,B,True
T3,3832009ffefb8053acc8f41b409ffc903ba02cb06ee1f396131afe3a64f7f714,SS,What can be used to estimate the energy change of a chemical reaction?,activation energy,activation energy,A,15.1875,-3.734375,18.921875,0.9999999939419326,A,True
T3,3975f704337b080024800027d2e29bc96ed1f384966e94429dc7897299354c6c,OO,What type of diseases are diseases that are caused by choices that people make in their daily lives?,lifestyle diseases,lifestyle diseases,A,14.875,-6.1875,21.0625,0.9999999992876845,A,True
T3,3975f704337b080024800027d2e29bc96ed1f384966e94429dc7897299354c6c,OS,What type of diseases are diseases that are caused by choices that people make in their daily lives?,lifestyle diseases,hydrogen ions,B,-6.21875,15.3125,-21.53125,4.4575573182000303e-10,B,True
T3,3975f704337b080024800027d2e29bc96ed1f384966e94429dc7897299354c6c,SO,What type of diseases are diseases that are caused by choices that people make in their daily lives?,hydrogen ions,lifestyle diseases,B,15.5625,10.1875,5.375,0.9953904278206259,A,False
T3,3975f704337b080024800027d2e29bc96ed1f384966e94429dc7897299354c6c,SS,What type of diseases are diseases that are caused by choices that people make in their daily lives?,hydrogen ions,hydrogen ions,A,5.71875,17.375,-11.65625,8.664653147910923e-06,B,False
T3,398a76fc83c24119abafed142f0472b7bf7450ccca75cac5e41f71c680f8b506,OO,What do you call air flowing over earth’s surface?,wind,wind,A,14.75,-5.625,20.375,0.9999999985833912,A,True
T3,398a76fc83c24119abafed142f0472b7bf7450ccca75cac5e41f71c680f8b506,OS,What do you call air flowing over earth’s surface?,wind,concave,B,-6.3125,15.625,-21.9375,2.9693733273054213e-10,B,True
T3,398a76fc83c24119abafed142f0472b7bf7450ccca75cac5e41f71c680f8b506,SO,What do you call air flowing over earth’s surface?,concave,wind,B,8.875,15.5,-6.625,0.0013250224172131609,B,True
T3,398a76fc83c24119abafed142f0472b7bf7450ccca75cac5e41f71c680f8b506,SS,What do you call air flowing over earth’s surface?,concave,concave,A,15.3125,15.125,0.1875,0.5467381519846138,A,True
T3,39f61c2d75b7fe6d51ef30f35eec36827fd3e075b56c61c3a34d13069985a50f,OO,"The three features that are unique to the large intestine are the teniae coli, haustra, and what?",epiploic appendages,epiploic appendages,A,14.75,-4.53125,19.28125,0.9999999957707875,A,True
T3,39f61c2d75b7fe6d51ef30f35eec36827fd3e075b56c61c3a34d13069985a50f,OS,"The three features that are unique to the large intestine are the teniae coli, haustra, and what?",epiploic appendages,amorphous,B,-5.84375,15.25,-21.09375,6.903999830637495e-10,B,True
T3,39f61c2d75b7fe6d51ef30f35eec36827fd3e075b56c61c3a34d13069985a50f,SO,"The three features that are unique to the large intestine are the teniae coli, haustra, and what?",amorphous,epiploic appendages,B,0.73046875,16.375,-15.64453125,1.605707132236727e-07,B,True
T3,39f61c2d75b7fe6d51ef30f35eec36827fd3e075b56c61c3a34d13069985a50f,SS,"The three features that are unique to the large intestine are the teniae coli, haustra, and what?",amorphous,amorphous,A,16.0,-0.38671875,16.38671875,0.9999999235568743,A,True
T3,3adcd84400767f05f41b0270094c7e4a8e857511c7e63e9255e8ee6eb09c1f2e,OO,The effect of acetylcholine in heart muscle is inhibitory rather than what?,excitatory,excitatory,A,14.5,5.5,9.0,0.9998766054240137,A,True
T3,3adcd84400767f05f41b0270094c7e4a8e857511c7e63e9255e8ee6eb09c1f2e,OS,The effect of acetylcholine in heart muscle is inhibitory rather than what?,excitatory,downregulation,B,-4.96875,13.625,-18.59375,8.410793559209271e-09,B,True
T3,3adcd84400767f05f41b0270094c7e4a8e857511c7e63e9255e8ee6eb09c1f2e,SO,The effect of acetylcholine in heart muscle is inhibitory rather than what?,downregulation,excitatory,B,13.4375,12.125,1.3125,0.7879311956428947,A,False
T3,3adcd84400767f05f41b0270094c7e4a8e857511c7e63e9255e8ee6eb09c1f2e,SS,The effect of acetylcholine in heart muscle is inhibitory rather than what?,downregulation,downregulation,A,15.8125,11.625,4.1875,0.98504291340685,A,True
T3,3d03e1bbfc46d35670f0c6fca59977c81f4a8cdc88a6bca7a3d60ab8063a471e,OO,Pure substances have a constant composition and can only be changed by what?,chemical reactions,chemical reactions,A,14.875,-5.25,20.125,0.9999999981810384,A,True
T3,3d03e1bbfc46d35670f0c6fca59977c81f4a8cdc88a6bca7a3d60ab8063a471e,OS,Pure substances have a constant composition and can only be changed by what?,chemical reactions,carbon dioxide,B,-4.4375,15.75,-20.1875,1.7087563671247272e-09,B,True
T3,3d03e1bbfc46d35670f0c6fca59977c81f4a8cdc88a6bca7a3d60ab8063a471e,SO,Pure substances have a constant composition and can only be changed by what?,carbon dioxide,chemical reactions,B,5.1875,17.125,-11.9375,6.540437226933636e-06,B,True
T3,3d03e1bbfc46d35670f0c6fca59977c81f4a8cdc88a6bca7a3d60ab8063a471e,SS,Pure substances have a constant composition and can only be changed by what?,carbon dioxide,carbon dioxide,A,13.875,15.5,-1.625,0.16451646289656316,B,False
T3,3d13ddd9f6cad6c1c863e4fbdaa8409a5c0dfafcc2eea2766fabd1b1c6e015d6,OO,What do plant cells have in addition to a cell wall and a large central vacuole?,plastids,plastids,A,13.375,-5.90625,19.28125,0.9999999957707875,A,True
T3,3d13ddd9f6cad6c1c863e4fbdaa8409a5c0dfafcc2eea2766fabd1b1c6e015d6,OS,What do plant cells have in addition to a cell wall and a large central vacuole?,plastids,nutrients,B,-6.78125,14.3125,-21.09375,6.903999830637495e-10,B,True
T3,3d13ddd9f6cad6c1c863e4fbdaa8409a5c0dfafcc2eea2766fabd1b1c6e015d6,SO,What do plant cells have in addition to a cell wall and a large central vacuole?,nutrients,plastids,B,-2.46875,15.3125,-17.78125,1.895401567391049e-08,B,True
T3,3d13ddd9f6cad6c1c863e4fbdaa8409a5c0dfafcc2eea2766fabd1b1c6e015d6,SS,What do plant cells have in addition to a cell wall and a large central vacuole?,nutrients,nutrients,A,15.75,4.3125,11.4375,0.999989216687777,A,True
T3,3d63d7febc2e16bbd6a1ae6283266aae607bf41661d0ebe4b433e6bbf8b36422,OO,"Color blindness, hemophilia and muscular dystrophy are three x-linked what?",phenotypes,phenotypes,A,15.5625,-4.0625,19.625,0.9999999970010391,A,True
T3,3d63d7febc2e16bbd6a1ae6283266aae607bf41661d0ebe4b433e6bbf8b36422,OS,"Color blindness, hemophilia and muscular dystrophy are three x-linked what?",phenotypes,cilia,B,-5.34375,16.0,-21.34375,5.376840475246457e-10,B,True
T3,3d63d7febc2e16bbd6a1ae6283266aae607bf41661d0ebe4b433e6bbf8b36422,SO,"Color blindness, hemophilia and muscular dystrophy are three x-linked what?",cilia,phenotypes,B,-3.28125,14.8125,-18.09375,1.3867054168873702e-08,B,True
T3,3d63d7febc2e16bbd6a1ae6283266aae607bf41661d0ebe4b433e6bbf8b36422,SS,"Color blindness, hemophilia and muscular dystrophy are three x-linked what?",cilia,cilia,A,3.96875,16.5,-12.53125,3.6119830612765793e-06,B,False
T3,3dd056aadf1ba84092fcc9b21ef87dd26564c3486de97f4306b599e30773fdc6,OO,Unsaturated hydrocarbons with at least one triple bond are known as?,alkynes,alkynes,A,15.125,-6.28125,21.40625,0.9999999994948925,A,True
T3,3dd056aadf1ba84092fcc9b21ef87dd26564c3486de97f4306b599e30773fdc6,OS,Unsaturated hydrocarbons with at least one triple bond are known as?,alkynes,adhesion,B,-6.5625,16.375,-22.9375,1.0923714004835431e-10,B,True
T3,3dd056aadf1ba84092fcc9b21ef87dd26564c3486de97f4306b599e30773fdc6,SO,Unsaturated hydrocarbons with at least one triple bond are known as?,adhesion,alkynes,B,12.375,15.25,-2.875,0.05340332979982423,B,True
T3,3dd056aadf1ba84092fcc9b21ef87dd26564c3486de97f4306b599e30773fdc6,SS,Unsaturated hydrocarbons with at least one triple bond are known as?,adhesion,adhesion,A,6.34375,17.875,-11.53125,9.818326983657703e-06,B,False
T3,3eb632ea98f9fce2b2a44308e6ff72c9c6ae3b443f9d0183474b60876eccb773,OO,What forms when one substance dissolves into another?,solution,solution,A,14.8125,-5.125,19.9375,0.9999999978059133,A,True
T3,3eb632ea98f9fce2b2a44308e6ff72c9c6ae3b443f9d0183474b60876eccb773,OS,What forms when one substance dissolves into another?,solution,seeds,B,-6.6875,15.75,-22.4375,1.8010159633540775e-10,B,True
T3,3eb632ea98f9fce2b2a44308e6ff72c9c6ae3b443f9d0183474b60876eccb773,SO,What forms when one substance dissolves into another?,seeds,solution,B,1.9140625,16.25,-14.3359375,5.942664231811158e-07,B,True
T3,3eb632ea98f9fce2b2a44308e6ff72c9c6ae3b443f9d0183474b60876eccb773,SS,What forms when one substance dissolves into another?,seeds,seeds,A,11.1875,15.25,-4.0625,0.01691491326672651,B,False
T3,3ee096de72cb3b0dfd08b81812498b3c90600256873b702dfe6c8228f2c9c0a4,OO,What does the aqueous fluid between the chloroplast membrane and the grana known as?,stroma,stroma,A,15.4375,-3.6875,19.125,0.9999999950555496,A,True
T3,3ee096de72cb3b0dfd08b81812498b3c90600256873b702dfe6c8228f2c9c0a4,OS,What does the aqueous fluid between the chloroplast membrane and the grana known as?,stroma,kinetic,B,-6.5,15.125,-21.625,4.058652124828427e-10,B,True
T3,3ee096de72cb3b0dfd08b81812498b3c90600256873b702dfe6c8228f2c9c0a4,SO,What does the aqueous fluid between the chloroplast membrane and the grana known as?,kinetic,stroma,B,-3.765625,14.4375,-18.203125,1.2430347037932965e-08,B,True
T3,3ee096de72cb3b0dfd08b81812498b3c90600256873b702dfe6c8228f2c9c0a4,SS,What does the aqueous fluid between the chloroplast membrane and the grana known as?,kinetic,kinetic,A,14.1875,-0.09228515625,14.27978515625,0.9999993714094743,A,True
T3,3f4368f134d45f2838ffaafce8c9a314e61a3bcb5d4e22c3fd0f72b73d01aa8a,OO,What can have complex effects on soil nutrient concentrations?,prokaryotes,prokaryotes,A,14.5,-4.875,19.375,0.999999996149258,A,True
T3,3f4368f134d45f2838ffaafce8c9a314e61a3bcb5d4e22c3fd0f72b73d01aa8a,OS,What can have complex effects on soil nutrient concentrations?,prokaryotes,smooth muscle,B,-6.09375,14.8125,-20.90625,8.327813436526548e-10,B,True
T3,3f4368f134d45f2838ffaafce8c9a314e61a3bcb5d4e22c3fd0f72b73d01aa8a,SO,What can have complex effects on soil nutrient concentrations?,smooth muscle,prokaryotes,B,-1.9140625,14.1875,-16.1015625,1.016670476469529e-07,B,True
T3,3f4368f134d45f2838ffaafce8c9a314e61a3bcb5d4e22c3fd0f72b73d01aa8a,SS,What can have complex effects on soil nutrient concentrations?,smooth muscle,smooth muscle,A,12.0625,16.875,-4.8125,0.008061991528271641,B,False
T3,3f7112327a3cfef5de23e93e4a1880826ae70b39c367298aad1f40d9c3d98af2,OO,Both the initiation and inhibition of cell division are triggered by events external to the cell when it is about to begin which process?,replication,replication,A,16.25,-1.046875,17.296875,0.9999999692345963,A,True
T3,3f7112327a3cfef5de23e93e4a1880826ae70b39c367298aad1f40d9c3d98af2,OS,Both the initiation and inhibition of cell division are triggered by events external to the cell when it is about to begin which process?,replication,interkinesis,B,-3.296875,16.125,-19.421875,3.6744035981306276e-09,B,True
T3,3f7112327a3cfef5de23e93e4a1880826ae70b39c367298aad1f40d9c3d98af2,SO,Both the initiation and inhibition of cell division are triggered by events external to the cell when it is about to begin which process?,interkinesis,replication,B,-5.40625,15.125,-20.53125,1.2116897048097034e-09,B,True
T3,3f7112327a3cfef5de23e93e4a1880826ae70b39c367298aad1f40d9c3d98af2,SS,Both the initiation and inhibition of cell division are triggered by events external to the cell when it is about to begin which process?,interkinesis,interkinesis,A,15.625,2.796875,12.828125,0.9999973157996194,A,True
T3,406903d1cda4ad5f13b43d25e0af38e781a94521fedb3f39765befa05ecf9299,OO,Earthquakes occur most often at which natural feature?,plate boundaries,plate boundaries,A,14.375,-6.4375,20.8125,0.9999999990853685,A,True
T3,406903d1cda4ad5f13b43d25e0af38e781a94521fedb3f39765befa05ecf9299,OS,Earthquakes occur most often at which natural feature?,plate boundaries,fatty acids,B,-4.46875,17.625,-22.09375,2.539839600651081e-10,B,True
T3,406903d1cda4ad5f13b43d25e0af38e781a94521fedb3f39765befa05ecf9299,SO,Earthquakes occur most often at which natural feature?,fatty acids,plate boundaries,B,-0.044921875,16.0,-16.044921875,1.075917373503259e-07,B,True
T3,406903d1cda4ad5f13b43d25e0af38e781a94521fedb3f39765befa05ecf9299,SS,Earthquakes occur most often at which natural feature?,fatty acids,fatty acids,A,7.59375,18.875,-11.28125,1.2606946239951314e-05,B,False
T3,41488a0975678237b0b358441e37e50020b7824ca58dc2ad8b6b05dbf1dce1e4,OO,"What phylum includes sponges, which are aquatic invertebrates?",porifera,porifera,A,15.4375,-4.875,20.3125,0.9999999984920278,A,True
T3,41488a0975678237b0b358441e37e50020b7824ca58dc2ad8b6b05dbf1dce1e4,OS,"What phylum includes sponges, which are aquatic invertebrates?",porifera,volcanic winter,B,-6.03125,16.25,-22.28125,2.1056009845388588e-10,B,True
T3,41488a0975678237b0b358441e37e50020b7824ca58dc2ad8b6b05dbf1dce1e4,SO,"What phylum includes sponges, which are aquatic invertebrates?",volcanic winter,porifera,B,13.9375,12.1875,1.75,0.8519528019683106,A,False
T3,41488a0975678237b0b358441e37e50020b7824ca58dc2ad8b6b05dbf1dce1e4,SS,"What phylum includes sponges, which are aquatic invertebrates?",volcanic winter,volcanic winter,A,-1.34375,16.625,-17.96875,1.5713430951040203e-08,B,False
T3,41972e19b17353b471daa83ca263985b90734a684c6cf04de158ceba557bba20,OO,What is the remarkable ring of light around the sun called?,corona,corona,A,15.875,-3.734375,19.609375,0.9999999969538125,A,True
T3,41972e19b17353b471daa83ca263985b90734a684c6cf04de158ceba557bba20,OS,What is the remarkable ring of light around the sun called?,corona,chordata,B,-6.625,15.75,-22.375,1.9171715133907573e-10,B,True
T3,41972e19b17353b471daa83ca263985b90734a684c6cf04de158ceba557bba20,SO,What is the remarkable ring of light around the sun called?,chordata,corona,B,-1.2421875,14.0625,-15.3046875,2.2555817577942478e-07,B,True
T3,41972e19b17353b471daa83ca263985b90734a684c6cf04de158ceba557bba20,SS,What is the remarkable ring of light around the sun called?,chordata,chordata,A,12.4375,17.25,-4.8125,0.008061991528271641,B,False
T3,41bd5c2285dcb3536e999fcd7e2cde21de5cfa8bb2e9842810c6ae8f29e05588,OO,Many replication forks develop along a what?,chromosome,chromosome,A,16.5,-5.03125,21.53125,0.9999999995542443,A,True
T3,41bd5c2285dcb3536e999fcd7e2cde21de5cfa8bb2e9842810c6ae8f29e05588,OS,Many replication forks develop along a what?,chromosome,population,B,-7.875,16.125,-24.0,3.7751345441365816e-11,B,True
T3,41bd5c2285dcb3536e999fcd7e2cde21de5cfa8bb2e9842810c6ae8f29e05588,SO,Many replication forks develop along a what?,population,chromosome,B,-5.59375,16.25,-21.84375,3.2612186013107734e-10,B,True
T3,41bd5c2285dcb3536e999fcd7e2cde21de5cfa8bb2e9842810c6ae8f29e05588,SS,Many replication forks develop along a what?,population,population,A,15.5625,2.640625,12.921875,0.9999975560071545,A,True
T3,41f4f125f31ef8e2c24b2b54d17e9ec1332933a5182bb658df2b71e74210f07a,OO,What kind of feeders are sponges?,filter feeders,filter feeders,A,14.75,-5.8125,20.5625,0.9999999988255901,A,True
T3,41f4f125f31ef8e2c24b2b54d17e9ec1332933a5182bb658df2b71e74210f07a,OS,What kind of feeders are sponges?,filter feeders,equator,B,-3.359375,15.5,-18.859375,6.4487791285595e-09,B,True
T3,41f4f125f31ef8e2c24b2b54d17e9ec1332933a5182bb658df2b71e74210f07a,SO,What kind of feeders are sponges?,equator,filter feeders,B,-2.921875,15.875,-18.796875,6.864689646281633e-09,B,True
T3,41f4f125f31ef8e2c24b2b54d17e9ec1332933a5182bb658df2b71e74210f07a,SS,What kind of feeders are sponges?,equator,equator,A,11.9375,17.25,-5.3125,0.004905405705722035,B,False
T3,425597e7c6465516510ec8386f5266b416983270bf2da29be80104b652ec25af,OO,Electric motors transform electrical energy into what other form of energy?,kinetic,kinetic,A,15.0,-6.1875,21.1875,0.9999999993713837,A,True
T3,425597e7c6465516510ec8386f5266b416983270bf2da29be80104b652ec25af,OS,Electric motors transform electrical energy into what other form of energy?,kinetic,mutation,B,-6.1875,17.25,-23.4375,6.625567462149743e-11,B,True
T3,425597e7c6465516510ec8386f5266b416983270bf2da29be80104b652ec25af,SO,Electric motors transform electrical energy into what other form of energy?,mutation,kinetic,B,1.4375,15.4375,-14.0,8.315280276641321e-07,B,True
T3,425597e7c6465516510ec8386f5266b416983270bf2da29be80104b652ec25af,SS,Electric motors transform electrical energy into what other form of energy?,mutation,mutation,A,0.5546875,17.75,-17.1953125,3.405419761231749e-08,B,False
T3,4271cfe8b61a8a3393e85c06aa38d43ea9b075538d57c363e9ce3260328b75b4,OO,Fungi that reproduce sexually create what?,a zygospore,a zygospore,A,15.4375,-1.5546875,16.9921875,0.9999999582759251,A,True
T3,4271cfe8b61a8a3393e85c06aa38d43ea9b075538d57c363e9ce3260328b75b4,OS,Fungi that reproduce sexually create what?,a zygospore,geotropism,B,-7.21875,14.875,-22.09375,2.539839600651081e-10,B,True
T3,4271cfe8b61a8a3393e85c06aa38d43ea9b075538d57c363e9ce3260328b75b4,SO,Fungi that reproduce sexually create what?,geotropism,a zygospore,B,-2.171875,14.4375,-16.609375,6.118430948983904e-08,B,True
T3,4271cfe8b61a8a3393e85c06aa38d43ea9b075538d57c363e9ce3260328b75b4,SS,Fungi that reproduce sexually create what?,geotropism,geotropism,A,6.09375,18.375,-12.28125,4.637873297353725e-06,B,False
T3,439ffe75992797ee13316de00c9d6aa9971cb83d549d64af220f741dded7b4d2,OO,"What are an important predators of mosquitoes, that can be used to control this pest?",dragonflies,dragonflies,A,14.3125,-5.15625,19.46875,0.9999999964938595,A,True
T3,439ffe75992797ee13316de00c9d6aa9971cb83d549d64af220f741dded7b4d2,OS,"What are an important predators of mosquitoes, that can be used to control this pest?",dragonflies,myoglobin,B,-8.5,14.5625,-23.0625,9.640143774110972e-11,B,True
T3,439ffe75992797ee13316de00c9d6aa9971cb83d549d64af220f741dded7b4d2,SO,"What are an important predators of mosquitoes, that can be used to control this pest?",myoglobin,dragonflies,B,-2.828125,14.375,-17.203125,3.3789185752955104e-08,B,True
T3,439ffe75992797ee13316de00c9d6aa9971cb83d549d64af220f741dded7b4d2,SS,"What are an important predators of mosquitoes, that can be used to control this pest?",myoglobin,myoglobin,A,1.109375,16.0,-14.890625,3.412585822685282e-07,B,False
T3,47ccd792c57b9a4d617bbe4826f0c86753850106491369e516ebbb767746ddec,OO,What law states that matter cannot be created or destroyed even when it changes?,conservation of mass,conservation of mass,A,13.5,-6.0625,19.5625,0.9999999968076227,A,True
T3,47ccd792c57b9a4d617bbe4826f0c86753850106491369e516ebbb767746ddec,OS,What law states that matter cannot be created or destroyed even when it changes?,conservation of mass,speed of sound,B,-6.59375,15.5,-22.09375,2.539839600651081e-10,B,True
T3,47ccd792c57b9a4d617bbe4826f0c86753850106491369e516ebbb767746ddec,SO,What law states that matter cannot be created or destroyed even when it changes?,speed of sound,conservation of mass,B,7.5625,16.625,-9.0625,0.00011591934318633098,B,True
T3,47ccd792c57b9a4d617bbe4826f0c86753850106491369e516ebbb767746ddec,SS,What law states that matter cannot be created or destroyed even when it changes?,speed of sound,speed of sound,A,1.71875,17.375,-15.65625,1.587000080483163e-07,B,False
T3,4ac100f8d53d9f95785c499a24bff4d96fdeced0966b21ee7403971c9268cd5a,OO,Ionic bonds are formed between which ions?,with opposite charges,with opposite charges,A,14.125,-6.75,20.875,0.9999999991407833,A,True
T3,4ac100f8d53d9f95785c499a24bff4d96fdeced0966b21ee7403971c9268cd5a,OS,Ionic bonds are formed between which ions?,with opposite charges,gravitational,B,-5.625,15.4375,-21.0625,7.123156310479049e-10,B,True
T3,4ac100f8d53d9f95785c499a24bff4d96fdeced0966b21ee7403971c9268cd5a,SO,Ionic bonds are formed between which ions?,gravitational,with opposite charges,B,-2.0625,14.5625,-16.625,6.023573475052083e-08,B,True
T3,4ac100f8d53d9f95785c499a24bff4d96fdeced0966b21ee7403971c9268cd5a,SS,Ionic bonds are formed between which ions?,gravitational,gravitational,A,10.4375,17.75,-7.3125,0.0006667023092435893,B,False
T3,4c22a7020fcc075f9f948b5b4c877ceab447932756009ccd5e0296cb1c4146fd,OO,What are atoms of the same element but with different numbers of neutrons called?,isotopes,isotopes,A,14.8125,-5.34375,20.15625,0.9999999982370018,A,True
T3,4c22a7020fcc075f9f948b5b4c877ceab447932756009ccd5e0296cb1c4146fd,OS,What are atoms of the same element but with different numbers of neutrons called?,isotopes,plucking,B,-6.09375,15.5,-21.59375,4.187487573070005e-10,B,True
T3,4c22a7020fcc075f9f948b5b4c877ceab447932756009ccd5e0296cb1c4146fd,SO,What are atoms of the same element but with different numbers of neutrons called?,plucking,isotopes,B,14.5625,11.25,3.3125,0.9648551535992067,A,False
T3,4c22a7020fcc075f9f948b5b4c877ceab447932756009ccd5e0296cb1c4146fd,SS,What are atoms of the same element but with different numbers of neutrons called?,plucking,plucking,A,16.5,9.0625,7.4375,0.9994115911814431,A,True
T3,50e89b0ddd95fe081a170155268d88b5637809604696c7a6f1e8c642f2b54c5a,OO,Nitrogen & sulfur oxide combine with rain to form what?,acid rain,acid rain,A,15.8125,-5.25,21.0625,0.9999999992876845,A,True
T3,50e89b0ddd95fe081a170155268d88b5637809604696c7a6f1e8c642f2b54c5a,OS,Nitrogen & sulfur oxide combine with rain to form what?,acid rain,cancer,B,-6.71875,16.375,-23.09375,9.343547731026282e-11,B,True
T3,50e89b0ddd95fe081a170155268d88b5637809604696c7a6f1e8c642f2b54c5a,SO,Nitrogen & sulfur oxide combine with rain to form what?,cancer,acid rain,B,14.4375,10.125,4.3125,0.9867771782476948,A,False
T3,50e89b0ddd95fe081a170155268d88b5637809604696c7a6f1e8c642f2b54c5a,SS,Nitrogen & sulfur oxide combine with rain to form what?,cancer,cancer,A,16.875,15.5625,1.3125,0.7879311956428947,A,True
T3,510f55edebf39d8098e25f20bf735eb0ce82fee4ce7abf755d8d378d0ae4f9c5,OO,What's the name for an organic compound in which halogen atoms are substituted for hydrogen in a hydrocarbon?,alkyl halide,alkyl halide,A,13.9375,-6.375,20.3125,0.9999999984920278,A,True
T3,510f55edebf39d8098e25f20bf735eb0ce82fee4ce7abf755d8d378d0ae4f9c5,OS,What's the name for an organic compound in which halogen atoms are substituted for hydrogen in a hydrocarbon?,alkyl halide,reactions,B,-4.125,16.0,-20.125,1.8189616842444243e-09,B,True
T3,510f55edebf39d8098e25f20bf735eb0ce82fee4ce7abf755d8d378d0ae4f9c5,SO,What's the name for an organic compound in which halogen atoms are substituted for hydrogen in a hydrocarbon?,reactions,alkyl halide,B,11.875,14.375,-2.5,0.07585818002124355,B,True
T3,510f55edebf39d8098e25f20bf735eb0ce82fee4ce7abf755d8d378d0ae4f9c5,SS,What's the name for an organic compound in which halogen atoms are substituted for hydrogen in a hydrocarbon?,reactions,reactions,A,16.375,11.875,4.5,0.9890130573694068,A,True
T3,52aba3c550dabe11b7e047ff5a4addc223e7b2d24ee14924ca69cfc2dae3b724,OO,"Melting glaciers, rising temperatures and droughts are all impacts of what?",global warming,global warming,A,14.6875,-5.625,20.3125,0.9999999984920278,A,True
T3,52aba3c550dabe11b7e047ff5a4addc223e7b2d24ee14924ca69cfc2dae3b724,OS,"Melting glaciers, rising temperatures and droughts are all impacts of what?",global warming,impulse,B,-5.90625,15.125,-21.03125,7.349269563756213e-10,B,True
T3,52aba3c550dabe11b7e047ff5a4addc223e7b2d24ee14924ca69cfc2dae3b724,SO,"Melting glaciers, rising temperatures and droughts are all impacts of what?",impulse,global warming,B,16.125,9.3125,6.8125,0.9989012689270753,A,False
T3,52aba3c550dabe11b7e047ff5a4addc223e7b2d24ee14924ca69cfc2dae3b724,SS,"Melting glaciers, rising temperatures and droughts are all impacts of what?",impulse,impulse,A,8.75,18.25,-9.5,7.484622751061123e-05,B,False
T3,53a9a275a436d8bd4aa6f496fd454816a1ff515b21770e062f15a0df2cb4322d,OO,"The classes anthozoa, scyphozoa, cubozoa, and hydrozoa make up what phylum?",cnidaria,cnidaria,A,16.125,-2.15625,18.28125,0.9999999885038083,A,True
T3,53a9a275a436d8bd4aa6f496fd454816a1ff515b21770e062f15a0df2cb4322d,OS,"The classes anthozoa, scyphozoa, cubozoa, and hydrozoa make up what phylum?",cnidaria,rocks,B,-4.0625,15.8125,-19.875,2.3355930333443423e-09,B,True
T3,53a9a275a436d8bd4aa6f496fd454816a1ff515b21770e062f15a0df2cb4322d,SO,"The classes anthozoa, scyphozoa, cubozoa, and hydrozoa make up what phylum?",rocks,cnidaria,B,13.5625,9.5625,4.0,0.9820137900379085,A,False
T3,53a9a275a436d8bd4aa6f496fd454816a1ff515b21770e062f15a0df2cb4322d,SS,"The classes anthozoa, scyphozoa, cubozoa, and hydrozoa make up what phylum?",rocks,rocks,A,17.375,16.0,1.375,0.7981867777396212,A,True
T3,55bfeb38bb86d674bb85783339e06d4ca643b0f5c853ac48be50f1c5d7d61737,OO,"What do we call the phase of nuclear division, in which one nucleus divides and becomes two nuclei?",mitosis,mitosis,A,14.75,-4.8125,19.5625,0.9999999968076227,A,True
T3,55bfeb38bb86d674bb85783339e06d4ca643b0f5c853ac48be50f1c5d7d61737,OS,"What do we call the phase of nuclear division, in which one nucleus divides and becomes two nuclei?",mitosis,raise sea levels,B,-6.65625,15.9375,-22.59375,1.5404905887011202e-10,B,True
T3,55bfeb38bb86d674bb85783339e06d4ca643b0f5c853ac48be50f1c5d7d61737,SO,"What do we call the phase of nuclear division, in which one nucleus divides and becomes two nuclei?",raise sea levels,mitosis,B,-2.140625,13.625,-15.765625,1.4225777014649892e-07,B,True
T3,55bfeb38bb86d674bb85783339e06d4ca643b0f5c853ac48be50f1c5d7d61737,SS,"What do we call the phase of nuclear division, in which one nucleus divides and becomes two nuclei?",raise sea levels,raise sea levels,A,0.85546875,16.625,-15.76953125,1.4170315973928284e-07,B,False
T3,56295692530fff758ebf02124a935e66aace3d3a9b0fb05e6722c4c59406320d,OO,Mutations in what type of regulatory gene can cause misplacement of structures in an animal?,homeotic,homeotic,A,15.25,-5.75,21.0,0.9999999992417439,A,True
T3,56295692530fff758ebf02124a935e66aace3d3a9b0fb05e6722c4c59406320d,OS,Mutations in what type of regulatory gene can cause misplacement of structures in an animal?,homeotic,lipid-soluble hormones,B,-6.6875,15.9375,-22.625,1.493094675974231e-10,B,True
T3,56295692530fff758ebf02124a935e66aace3d3a9b0fb05e6722c4c59406320d,SO,Mutations in what type of regulatory gene can cause misplacement of structures in an animal?,lipid-soluble hormones,homeotic,B,-3.625,15.375,-19.0,5.602796406145941e-09,B,True
T3,56295692530fff758ebf02124a935e66aace3d3a9b0fb05e6722c4c59406320d,SS,Mutations in what type of regulatory gene can cause misplacement of structures in an animal?,lipid-soluble hormones,lipid-soluble hormones,A,15.875,6.5,9.375,0.9999151889582765,A,True
T3,56b5b5d57e2db717fd38c32b39134d4a952db244beb8ba70c8bb0c9abcfbff87,OO,Bases turn red litmus paper which color?,blue,blue,A,15.75,-0.91796875,16.66796875,0.9999999422977002,A,True
T3,56b5b5d57e2db717fd38c32b39134d4a952db244beb8ba70c8bb0c9abcfbff87,OS,Bases turn red litmus paper which color?,blue,lifestyle diseases,B,-3.859375,17.5,-21.359375,5.29348029027073e-10,B,True
T3,56b5b5d57e2db717fd38c32b39134d4a952db244beb8ba70c8bb0c9abcfbff87,SO,Bases turn red litmus paper which color?,lifestyle diseases,blue,B,-3.796875,15.0625,-18.859375,6.4487791285595e-09,B,True
T3,56b5b5d57e2db717fd38c32b39134d4a952db244beb8ba70c8bb0c9abcfbff87,SS,Bases turn red litmus paper which color?,lifestyle diseases,lifestyle diseases,A,6.71875,17.375,-10.65625,2.3552618543037957e-05,B,False
T3,58216f6a2c4312095699a92dde2ec6bc05825a71c6fd9a3b626ee32be792f58c,OO,"Cells of what category of organisms can be organized at the level of cells, tissues, organs, and organ systems?",multicellular,multicellular,A,15.3125,-4.65625,19.96875,0.9999999978734184,A,True
T3,58216f6a2c4312095699a92dde2ec6bc05825a71c6fd9a3b626ee32be792f58c,OS,"Cells of what category of organisms can be organized at the level of cells, tissues, organs, and organ systems?",multicellular,filter feeders,B,-2.96875,15.9375,-18.90625,6.1534680336516355e-09,B,True
T3,58216f6a2c4312095699a92dde2ec6bc05825a71c6fd9a3b626ee32be792f58c,SO,"Cells of what category of organisms can be organized at the level of cells, tissues, organs, and organ systems?",filter feeders,multicellular,B,5.71875,16.875,-11.15625,1.4285517650093407e-05,B,True
T3,58216f6a2c4312095699a92dde2ec6bc05825a71c6fd9a3b626ee32be792f58c,SS,"Cells of what category of organisms can be organized at the level of cells, tissues, organs, and organ systems?",filter feeders,filter feeders,A,13.5,-2.609375,16.109375,0.9999998991241315,A,True
T3,5853dac42c8100da6718a861125bb63c48ba2105a68839a98f110fcb506f21e8,OO,What is the term for the transfer of heat by a current?,convection,convection,A,15.375,-2.984375,18.359375,0.9999999893677608,A,True
T3,5853dac42c8100da6718a861125bb63c48ba2105a68839a98f110fcb506f21e8,OS,What is the term for the transfer of heat by a current?,convection,radioactive,B,-4.9375,15.25,-20.1875,1.7087563671247272e-09,B,True
T3,5853dac42c8100da6718a861125bb63c48ba2105a68839a98f110fcb506f21e8,SO,What is the term for the transfer of heat by a current?,radioactive,convection,B,-3.015625,15.1875,-18.203125,1.2430347037932965e-08,B,True
T3,5853dac42c8100da6718a861125bb63c48ba2105a68839a98f110fcb506f21e8,SS,What is the term for the transfer of heat by a current?,radioactive,radioactive,A,13.625,0.087890625,13.537109375,0.999998678985685,A,True
T3,59b21d2adbc8aeb7d1272b57f94d07d961cf8112476bac3dc3965706527a80b5,OO,Mammalian sex determination is determined genetically by the presence of chromosomes identified by what letters?,x and y,x and y,A,14.875,-6.875,21.75,0.9999999996418252,A,True
T3,59b21d2adbc8aeb7d1272b57f94d07d961cf8112476bac3dc3965706527a80b5,OS,Mammalian sex determination is determined genetically by the presence of chromosomes identified by what letters?,x and y,torr,B,-6.4375,15.75,-22.1875,2.312550272688699e-10,B,True
T3,59b21d2adbc8aeb7d1272b57f94d07d961cf8112476bac3dc3965706527a80b5,SO,Mammalian sex determination is determined genetically by the presence of chromosomes identified by what letters?,torr,x and y,B,13.9375,9.625,4.3125,0.9867771782476948,A,False
T3,59b21d2adbc8aeb7d1272b57f94d07d961cf8112476bac3dc3965706527a80b5,SS,Mammalian sex determination is determined genetically by the presence of chromosomes identified by what letters?,torr,torr,A,14.8125,5.875,8.9375,0.9998686482029348,A,True
T3,5aebcd3347946c824254e282941f2290d2f5558c9ff4d18b116fe12bc6432466,OO,What is the term for the distance between any two corresponding points on adjacent waves?,wavelength,wavelength,A,15.4375,-5.3125,20.75,0.9999999990263799,A,True
T3,5aebcd3347946c824254e282941f2290d2f5558c9ff4d18b116fe12bc6432466,OS,What is the term for the distance between any two corresponding points on adjacent waves?,wavelength,circulatory system,B,-7.84375,15.625,-23.46875,6.421720181593709e-11,B,True
T3,5aebcd3347946c824254e282941f2290d2f5558c9ff4d18b116fe12bc6432466,SO,What is the term for the distance between any two corresponding points on adjacent waves?,circulatory system,wavelength,B,15.5625,11.25,4.3125,0.9867771782476948,A,False
T3,5aebcd3347946c824254e282941f2290d2f5558c9ff4d18b116fe12bc6432466,SS,What is the term for the distance between any two corresponding points on adjacent waves?,circulatory system,circulatory system,A,7.3125,16.125,-8.8125,0.0001488384825728813,B,False
T3,5af325bc6e29771297a7d9b3b33082db45f759378a47f70408b80e536f8173a8,OO,The seven bones of the ankle are called the what?,tarsals,tarsals,A,15.0,-5.0625,20.0625,0.9999999980637253,A,True
T3,5af325bc6e29771297a7d9b3b33082db45f759378a47f70408b80e536f8173a8,OS,The seven bones of the ankle are called the what?,tarsals,oxygen,B,-4.84375,15.625,-20.46875,1.289836976596949e-09,B,True
T3,5af325bc6e29771297a7d9b3b33082db45f759378a47f70408b80e536f8173a8,SO,The seven bones of the ankle are called the what?,oxygen,tarsals,B,-2.359375,15.3125,-17.671875,2.1144732409122157e-08,B,True
T3,5af325bc6e29771297a7d9b3b33082db45f759378a47f70408b80e536f8173a8,SS,The seven bones of the ankle are called the what?,oxygen,oxygen,A,3.265625,18.125,-14.859375,3.520912886939413e-07,B,False
T3,5c17097227a0fb55737cf52c70ec318d3ba1110d71a8c71b697802393b2c64df,OO,What level is a feeding position in a food chain or web?,trophic,trophic,A,15.8125,-4.5625,20.375,0.9999999985833912,A,True
T3,5c17097227a0fb55737cf52c70ec318d3ba1110d71a8c71b697802393b2c64df,OS,What level is a feeding position in a food chain or web?,trophic,aquatic,B,-5.03125,15.875,-20.90625,8.327813436526548e-10,B,True
T3,5c17097227a0fb55737cf52c70ec318d3ba1110d71a8c71b697802393b2c64df,SO,What level is a feeding position in a food chain or web?,aquatic,trophic,B,-1.2578125,15.4375,-16.6953125,5.6145878719696446e-08,B,True
T3,5c17097227a0fb55737cf52c70ec318d3ba1110d71a8c71b697802393b2c64df,SS,What level is a feeding position in a food chain or web?,aquatic,aquatic,A,15.625,-3.625,19.25,0.9999999956365377,A,True
T3,5da4110576e81a798a7c9eb3d4e2c0637adfdb17a24836f5997ee49a554c1edd,OO,What mineral is stored and is maintained at normal levels in blood by the skeletal system?,calcium,calcium,A,16.125,-5.3125,21.4375,0.9999999995104332,A,True
T3,5da4110576e81a798a7c9eb3d4e2c0637adfdb17a24836f5997ee49a554c1edd,OS,What mineral is stored and is maintained at normal levels in blood by the skeletal system?,calcium,alkaline earth metals,B,-5.34375,14.125,-19.46875,3.5061404073873695e-09,B,True
T3,5da4110576e81a798a7c9eb3d4e2c0637adfdb17a24836f5997ee49a554c1edd,SO,What mineral is stored and is maintained at normal levels in blood by the skeletal system?,alkaline earth metals,calcium,B,15.1875,6.375,8.8125,0.999851161517427,A,False
T3,5da4110576e81a798a7c9eb3d4e2c0637adfdb17a24836f5997ee49a554c1edd,SS,What mineral is stored and is maintained at normal levels in blood by the skeletal system?,alkaline earth metals,alkaline earth metals,A,12.875,-3.578125,16.453125,0.9999999284682959,A,True
T3,5ffe4a411d668a603219b8508d8727ca5e0d1c9c7ec961398c4324e421f50265,OO,What is a type of plant tissue consisting of undifferentiated cells that can continue to divide and differentiate?,meristem,meristem,A,15.625,-3.96875,19.59375,0.999999996905842,A,True
T3,5ffe4a411d668a603219b8508d8727ca5e0d1c9c7ec961398c4324e421f50265,OS,What is a type of plant tissue consisting of undifferentiated cells that can continue to divide and differentiate?,meristem,convection,B,-6.375,15.8125,-22.1875,2.312550272688699e-10,B,True
T3,5ffe4a411d668a603219b8508d8727ca5e0d1c9c7ec961398c4324e421f50265,SO,What is a type of plant tissue consisting of undifferentiated cells that can continue to divide and differentiate?,convection,meristem,B,14.5,14.8125,-0.3125,0.4225046348141883,B,True
T3,5ffe4a411d668a603219b8508d8727ca5e0d1c9c7ec961398c4324e421f50265,SS,What is a type of plant tissue consisting of undifferentiated cells that can continue to divide and differentiate?,convection,convection,A,-0.2412109375,16.875,-17.1162109375,3.6857342871181705e-08,B,False
T3,615e53d88676086fc33a4ec1643b3b9372f1df9941c8919af9533b858c168cb5,OO,A long strip of sand is referred to as what?,a barrier island,a barrier island,A,15.0,-0.248046875,15.248046875,0.9999997612973289,A,True
T3,615e53d88676086fc33a4ec1643b3b9372f1df9941c8919af9533b858c168cb5,OS,A long strip of sand is referred to as what?,a barrier island,radial symmetry,B,-6.71875,15.75,-22.46875,1.7456045275148743e-10,B,True
T3,615e53d88676086fc33a4ec1643b3b9372f1df9941c8919af9533b858c168cb5,SO,A long strip of sand is referred to as what?,radial symmetry,a barrier island,B,-5.9375,14.0,-19.9375,2.1940866052503027e-09,B,True
T3,615e53d88676086fc33a4ec1643b3b9372f1df9941c8919af9533b858c168cb5,SS,A long strip of sand is referred to as what?,radial symmetry,radial symmetry,A,5.6875,17.375,-11.6875,8.39807203495153e-06,B,False
T3,61f61c49fa8e53da2fd368165bddd59e5ef621a2b37a36c79954c8346723602e,OO,"The outer ear, or ear canal, carries sound to the recessed protected what?",eardrum,eardrum,A,16.125,-2.359375,18.484375,0.9999999906170819,A,True
T3,61f61c49fa8e53da2fd368165bddd59e5ef621a2b37a36c79954c8346723602e,OS,"The outer ear, or ear canal, carries sound to the recessed protected what?",eardrum,vascular,B,-6.15625,15.1875,-21.34375,5.376840475246457e-10,B,True
T3,61f61c49fa8e53da2fd368165bddd59e5ef621a2b37a36c79954c8346723602e,SO,"The outer ear, or ear canal, carries sound to the recessed protected what?",vascular,eardrum,B,-5.25,15.125,-20.375,1.4166087846364159e-09,B,True
T3,61f61c49fa8e53da2fd368165bddd59e5ef621a2b37a36c79954c8346723602e,SS,"The outer ear, or ear canal, carries sound to the recessed protected what?",vascular,vascular,A,15.8125,14.625,1.1875,0.7662936430859597,A,True
T3,6215cf61f682532748483804f0bec679f57e2deeb2019bd3c4e390f10a27f94f,OO,Electronegativities are used to determine the polarity of covalent bonds. the polarity of a covalent bond can be judged by determining the difference of the electronegativities of what involved in the covalent bond?,two atoms,two atoms,A,13.75,-7.375,21.125,0.9999999993308415,A,True
T3,6215cf61f682532748483804f0bec679f57e2deeb2019bd3c4e390f10a27f94f,OS,Electronegativities are used to determine the polarity of covalent bonds. the polarity of a covalent bond can be judged by determining the difference of the electronegativities of what involved in the covalent bond?,two atoms,speciation,B,-5.15625,15.25,-20.40625,1.3730243143805986e-09,B,True
T3,6215cf61f682532748483804f0bec679f57e2deeb2019bd3c4e390f10a27f94f,SO,Electronegativities are used to determine the polarity of covalent bonds. the polarity of a covalent bond can be judged by determining the difference of the electronegativities of what involved in the covalent bond?,speciation,two atoms,B,14.4375,10.125,4.3125,0.9867771782476948,A,False
T3,6215cf61f682532748483804f0bec679f57e2deeb2019bd3c4e390f10a27f94f,SS,Electronegativities are used to determine the polarity of covalent bonds. the polarity of a covalent bond can be judged by determining the difference of the electronegativities of what involved in the covalent bond?,speciation,speciation,A,5.78125,16.375,-10.59375,2.5071593847983193e-05,B,False
T3,6255ffb540c8565db9b69a1e2e888c6be68f9efe8cfe9d8374f3e350a40ab457,OO,"Reduction often involves the gain of hydrogen, the loss of oxygen, or the gain of what?",electrons,electrons,A,15.3125,-3.765625,19.078125,0.9999999948182603,A,True
T3,6255ffb540c8565db9b69a1e2e888c6be68f9efe8cfe9d8374f3e350a40ab457,OS,"Reduction often involves the gain of hydrogen, the loss of oxygen, or the gain of what?",electrons,long-chain fatty acids,B,-6.84375,15.5625,-22.40625,1.8581863469805918e-10,B,True
T3,6255ffb540c8565db9b69a1e2e888c6be68f9efe8cfe9d8374f3e350a40ab457,SO,"Reduction often involves the gain of hydrogen, the loss of oxygen, or the gain of what?",long-chain fatty acids,electrons,B,0.08056640625,14.8125,-14.73193359375,3.999469219784779e-07,B,True
T3,6255ffb540c8565db9b69a1e2e888c6be68f9efe8cfe9d8374f3e350a40ab457,SS,"Reduction often involves the gain of hydrogen, the loss of oxygen, or the gain of what?",long-chain fatty acids,long-chain fatty acids,A,15.5,5.25,10.25,0.9999646437492582,A,True
T3,6b2143e219142ba475d18f254b29ea753624c43f12e7092097d953e83ba3000a,OO,Correlation is different from what term that refers to the factor that is producing the effect?,causation,causation,A,15.375,6.90625,8.46875,0.9997901169117969,A,True
T3,6b2143e219142ba475d18f254b29ea753624c43f12e7092097d953e83ba3000a,OS,Correlation is different from what term that refers to the factor that is producing the effect?,causation,prokaryotes,B,-4.78125,15.5625,-20.34375,1.4615767744882139e-09,B,True
T3,6b2143e219142ba475d18f254b29ea753624c43f12e7092097d953e83ba3000a,SO,Correlation is different from what term that refers to the factor that is producing the effect?,prokaryotes,causation,B,0.8125,14.6875,-13.875,9.422445939071362e-07,B,True
T3,6b2143e219142ba475d18f254b29ea753624c43f12e7092097d953e83ba3000a,SS,Correlation is different from what term that refers to the factor that is producing the effect?,prokaryotes,prokaryotes,A,16.25,7.4375,8.8125,0.999851161517427,A,True
T3,6b6dae961d88a80107784712b74ddf87ea5065d3083b52d379ae2ec75cebb215,OO,Which type of carbohydrate is glucose?,simple,simple,A,15.125,-5.46875,20.59375,0.999999998861723,A,True
T3,6b6dae961d88a80107784712b74ddf87ea5065d3083b52d379ae2ec75cebb215,OS,Which type of carbohydrate is glucose?,simple,viruses,B,-5.09375,16.75,-21.84375,3.2612186013107734e-10,B,True
T3,6b6dae961d88a80107784712b74ddf87ea5065d3083b52d379ae2ec75cebb215,SO,Which type of carbohydrate is glucose?,viruses,simple,B,-1.8515625,15.5,-17.3515625,2.9128098946387244e-08,B,True
T3,6b6dae961d88a80107784712b74ddf87ea5065d3083b52d379ae2ec75cebb215,SS,Which type of carbohydrate is glucose?,viruses,viruses,A,6.3125,18.125,-11.8125,7.411279871974134e-06,B,False
T3,6bc77d7264217b8bfb37ed46f9fc8f6f03293dbe9224c882328d052099453476,OO,What is an area in a body of water where nothing grows because there is too little oxygen known as?,dead zone,dead zone,A,14.6875,-3.59375,18.28125,0.9999999885038083,A,True
T3,6bc77d7264217b8bfb37ed46f9fc8f6f03293dbe9224c882328d052099453476,OS,What is an area in a body of water where nothing grows because there is too little oxygen known as?,dead zone,denatured proteins,B,-6.46875,15.4375,-21.90625,3.063631354822167e-10,B,True
T3,6bc77d7264217b8bfb37ed46f9fc8f6f03293dbe9224c882328d052099453476,SO,What is an area in a body of water where nothing grows because there is too little oxygen known as?,denatured proteins,dead zone,B,-2.0,14.6875,-16.6875,5.658623627931828e-08,B,True
T3,6bc77d7264217b8bfb37ed46f9fc8f6f03293dbe9224c882328d052099453476,SS,What is an area in a body of water where nothing grows because there is too little oxygen known as?,denatured proteins,denatured proteins,A,5.4375,17.0,-11.5625,9.516251694168764e-06,B,False
T3,6bc87279df1f0b1ff747915a2abedad7fcd660bf27fceefe7b6b4be661911960,OO,Fungi are now classified as their own kingdom. what kingdom were they previously a part of?,plants,plants,A,14.8125,1.5078125,13.3046875,0.9999983333403875,A,True
T3,6bc87279df1f0b1ff747915a2abedad7fcd660bf27fceefe7b6b4be661911960,OS,Fungi are now classified as their own kingdom. what kingdom were they previously a part of?,plants,arterial,B,-4.15625,14.875,-19.03125,5.43041648377736e-09,B,True
T3,6bc87279df1f0b1ff747915a2abedad7fcd660bf27fceefe7b6b4be661911960,SO,Fungi are now classified as their own kingdom. what kingdom were they previously a part of?,arterial,plants,B,-6.6875,12.5,-19.1875,4.644881368380887e-09,B,True
T3,6bc87279df1f0b1ff747915a2abedad7fcd660bf27fceefe7b6b4be661911960,SS,Fungi are now classified as their own kingdom. what kingdom were they previously a part of?,arterial,arterial,A,1.21875,17.125,-15.90625,1.2359569488020953e-07,B,False
T3,6bebdee54546eedaf50b51ca9d6ae84301d1fc8651a5422c8f161163c5b906dc,OO,Most air pollutants can be traced to what source ?,fossil fuels,fossil fuels,A,15.25,-6.3125,21.5625,0.9999999995679587,A,True
T3,6bebdee54546eedaf50b51ca9d6ae84301d1fc8651a5422c8f161163c5b906dc,OS,Most air pollutants can be traced to what source ?,fossil fuels,suspension,B,-5.46875,14.3125,-19.78125,2.5651471217397316e-09,B,True
T3,6bebdee54546eedaf50b51ca9d6ae84301d1fc8651a5422c8f161163c5b906dc,SO,Most air pollutants can be traced to what source ?,suspension,fossil fuels,B,-6.0625,14.3125,-20.375,1.4166087846364159e-09,B,True
T3,6bebdee54546eedaf50b51ca9d6ae84301d1fc8651a5422c8f161163c5b906dc,SS,Most air pollutants can be traced to what source ?,suspension,suspension,A,15.5625,3.28125,12.28125,0.9999953621267027,A,True
T3,6cdd3522d9eaedecac19afc40a9005f527a589edcb5b98bbe453230b5d0ca2bd,OO,The energy released during an earthquake is called what?,magnitude,magnitude,A,15.0,-3.09375,18.09375,0.9999999861329458,A,True
T3,6cdd3522d9eaedecac19afc40a9005f527a589edcb5b98bbe453230b5d0ca2bd,OS,The energy released during an earthquake is called what?,magnitude,x and y,B,-4.90625,15.6875,-20.59375,1.1382771368584038e-09,B,True
T3,6cdd3522d9eaedecac19afc40a9005f527a589edcb5b98bbe453230b5d0ca2bd,SO,The energy released during an earthquake is called what?,x and y,magnitude,B,-5.375,13.5625,-18.9375,5.9641457266321095e-09,B,True
T3,6cdd3522d9eaedecac19afc40a9005f527a589edcb5b98bbe453230b5d0ca2bd,SS,The energy released during an earthquake is called what?,x and y,x and y,A,12.25,-0.57421875,12.82421875,0.9999973052939845,A,True
T3,6ce15494c22ddb7450de80c33b37e57d1f5c7c2c4f3608b8e11053de0e9d44f3,OO,What term is used to descibe the movement of molecules from an area of high concentration of the molecules to an area with a lower concentration?,diffusion,diffusion,A,14.6875,-5.6875,20.375,0.9999999985833912,A,True
T3,6ce15494c22ddb7450de80c33b37e57d1f5c7c2c4f3608b8e11053de0e9d44f3,OS,What term is used to descibe the movement of molecules from an area of high concentration of the molecules to an area with a lower concentration?,diffusion,friction,B,-7.6875,15.625,-23.3125,7.507751520358648e-11,B,True
T3,6ce15494c22ddb7450de80c33b37e57d1f5c7c2c4f3608b8e11053de0e9d44f3,SO,What term is used to descibe the movement of molecules from an area of high concentration of the molecules to an area with a lower concentration?,friction,diffusion,B,9.8125,15.3125,-5.5,0.004070137715896128,B,True
T3,6ce15494c22ddb7450de80c33b37e57d1f5c7c2c4f3608b8e11053de0e9d44f3,SS,What term is used to descibe the movement of molecules from an area of high concentration of the molecules to an area with a lower concentration?,friction,friction,A,2.34375,16.625,-14.28125,6.276704134001712e-07,B,False
T3,6dd3c98e72585bcf228341dc2750f03d27c670e98803ecd3ede73796a9feeaf1,OO,How do roots and stems grow?,indeterminately,indeterminately,A,14.6875,-4.28125,18.96875,0.9999999942193518,A,True
T3,6dd3c98e72585bcf228341dc2750f03d27c670e98803ecd3ede73796a9feeaf1,OS,How do roots and stems grow?,indeterminately,alloys,B,-2.921875,18.25,-21.171875,6.385156050141256e-10,B,True
T3,6dd3c98e72585bcf228341dc2750f03d27c670e98803ecd3ede73796a9feeaf1,SO,How do roots and stems grow?,alloys,indeterminately,B,-2.265625,16.125,-18.390625,1.0305119665434639e-08,B,True
T3,6dd3c98e72585bcf228341dc2750f03d27c670e98803ecd3ede73796a9feeaf1,SS,How do roots and stems grow?,alloys,alloys,A,5.09375,18.125,-13.03125,2.1907815825757865e-06,B,False
T3,6ddeecbc02f2ffe9006070f939bce5fa8999d16a0e6c024b39163206e364e10f,OO,"Ultraviolet light has higher frequencies and shorter wavelengths than visible light, which means it has more what?",energy,energy,A,15.125,-5.40625,20.53125,0.9999999987883104,A,True
T3,6ddeecbc02f2ffe9006070f939bce5fa8999d16a0e6c024b39163206e364e10f,OS,"Ultraviolet light has higher frequencies and shorter wavelengths than visible light, which means it has more what?",energy,periodic table,B,-6.875,15.8125,-22.6875,1.402632642640135e-10,B,True
T3,6ddeecbc02f2ffe9006070f939bce5fa8999d16a0e6c024b39163206e364e10f,SO,"Ultraviolet light has higher frequencies and shorter wavelengths than visible light, which means it has more what?",periodic table,energy,B,14.125,14.25,-0.125,0.46879062662624377,B,True
T3,6ddeecbc02f2ffe9006070f939bce5fa8999d16a0e6c024b39163206e364e10f,SS,"Ultraviolet light has higher frequencies and shorter wavelengths than visible light, which means it has more what?",periodic table,periodic table,A,3.5,18.375,-14.875,3.466326211119807e-07,B,False
T3,6e10294b05a6de9d4e5483961b207eeec4a804817c437c5ffa5577336edac801,OO,What is a threat against civilized people called?,bioterrorism,bioterrorism,A,13.9375,-3.359375,17.296875,0.9999999692345963,A,True
T3,6e10294b05a6de9d4e5483961b207eeec4a804817c437c5ffa5577336edac801,OS,What is a threat against civilized people called?,bioterrorism,air pressure,B,-3.625,16.125,-19.75,2.646573631904765e-09,B,True
T3,6e10294b05a6de9d4e5483961b207eeec4a804817c437c5ffa5577336edac801,SO,What is a threat against civilized people called?,air pressure,bioterrorism,B,-3.71875,14.9375,-18.65625,7.901209342174968e-09,B,True
T3,6e10294b05a6de9d4e5483961b207eeec4a804817c437c5ffa5577336edac801,SS,What is a threat against civilized people called?,air pressure,air pressure,A,14.0625,1.8515625,12.2109375,0.999995024289959,A,True
T3,6f17b25ae06b263b38dc906ddf0ee72e91d2235171291091a43585a1c55263a4,OO,Caffeine and alcohol are two examples of what type of drug?,psychoactive,psychoactive,A,16.0,-5.34375,21.34375,0.9999999994623159,A,True
T3,6f17b25ae06b263b38dc906ddf0ee72e91d2235171291091a43585a1c55263a4,OS,Caffeine and alcohol are two examples of what type of drug?,psychoactive,joules,B,-4.9375,16.5,-21.4375,4.895668964435012e-10,B,True
T3,6f17b25ae06b263b38dc906ddf0ee72e91d2235171291091a43585a1c55263a4,SO,Caffeine and alcohol are two examples of what type of drug?,joules,psychoactive,B,-1.734375,15.875,-17.609375,2.2508450454116237e-08,B,True
T3,6f17b25ae06b263b38dc906ddf0ee72e91d2235171291091a43585a1c55263a4,SS,Caffeine and alcohol are two examples of what type of drug?,joules,joules,A,8.6875,17.625,-8.9375,0.00013135179706526775,B,False
T3,6f20891d4fbbf36a868ef4d6543496c6ca675d18fb0c79eeb2f864c4a2a65d1a,OO,"What is the horizontal distance between two waves, measured at a common point (crest to crest or trough to trough), called?",wavelength,wavelength,A,15.1875,-5.1875,20.375,0.9999999985833912,A,True
T3,6f20891d4fbbf36a868ef4d6543496c6ca675d18fb0c79eeb2f864c4a2a65d1a,OS,"What is the horizontal distance between two waves, measured at a common point (crest to crest or trough to trough), called?",wavelength,fossils,B,-6.75,16.875,-23.625,5.492788350652976e-11,B,True
T3,6f20891d4fbbf36a868ef4d6543496c6ca675d18fb0c79eeb2f864c4a2a65d1a,SO,"What is the horizontal distance between two waves, measured at a common point (crest to crest or trough to trough), called?",fossils,wavelength,B,0.73046875,16.375,-15.64453125,1.605707132236727e-07,B,True
T3,6f20891d4fbbf36a868ef4d6543496c6ca675d18fb0c79eeb2f864c4a2a65d1a,SS,"What is the horizontal distance between two waves, measured at a common point (crest to crest or trough to trough), called?",fossils,fossils,A,1.953125,18.125,-16.171875,9.476410915671052e-08,B,False
T3,6fe3e27510c2d45cf3bc5f48a43f3f9b0f5bcfd61b08a8167b199bd40fc56c11,OO,"Part of the fossil record, stromatolites belong to what rock group and are formed when minerals are precipitated out of water by prokaryotes in a microbial mat?",sedimentary,sedimentary,A,15.0,-5.96875,20.96875,0.9999999992176742,A,True
T3,6fe3e27510c2d45cf3bc5f48a43f3f9b0f5bcfd61b08a8167b199bd40fc56c11,OS,"Part of the fossil record, stromatolites belong to what rock group and are formed when minerals are precipitated out of water by prokaryotes in a microbial mat?",sedimentary,different plants,B,-5.34375,14.375,-19.71875,2.7305848969492986e-09,B,True
T3,6fe3e27510c2d45cf3bc5f48a43f3f9b0f5bcfd61b08a8167b199bd40fc56c11,SO,"Part of the fossil record, stromatolites belong to what rock group and are formed when minerals are precipitated out of water by prokaryotes in a microbial mat?",different plants,sedimentary,B,14.5625,10.5625,4.0,0.9820137900379085,A,False
T3,6fe3e27510c2d45cf3bc5f48a43f3f9b0f5bcfd61b08a8167b199bd40fc56c11,SS,"Part of the fossil record, stromatolites belong to what rock group and are formed when minerals are precipitated out of water by prokaryotes in a microbial mat?",different plants,different plants,A,0.224609375,14.6875,-14.462890625,5.23415020976526e-07,B,False
T3,6ffbd9b9795989778a37dfc5868aeb0b9078a0370e24e5ca96e692ad3a9dbb0a,OO,"A phospholipid bilayer is made up of two layers of phospholipids, in which hydrophobic fatty acids are in the middle of the what?",plasma membrane,plasma membrane,A,16.125,2.53125,13.59375,0.999998751729105,A,True
T3,6ffbd9b9795989778a37dfc5868aeb0b9078a0370e24e5ca96e692ad3a9dbb0a,OS,"A phospholipid bilayer is made up of two layers of phospholipids, in which hydrophobic fatty acids are in the middle of the what?",plasma membrane,human papilloma virus,B,-5.0625,15.6875,-20.75,9.736200303530205e-10,B,True
T3,6ffbd9b9795989778a37dfc5868aeb0b9078a0370e24e5ca96e692ad3a9dbb0a,SO,"A phospholipid bilayer is made up of two layers of phospholipids, in which hydrophobic fatty acids are in the middle of the what?",human papilloma virus,plasma membrane,B,-1.953125,15.375,-17.328125,2.981885188622922e-08,B,True
T3,6ffbd9b9795989778a37dfc5868aeb0b9078a0370e24e5ca96e692ad3a9dbb0a,SS,"A phospholipid bilayer is made up of two layers of phospholipids, in which hydrophobic fatty acids are in the middle of the what?",human papilloma virus,human papilloma virus,A,3.03125,17.5,-14.46875,5.203571051703427e-07,B,False
T3,71f1274bf08beee7a3769accd9e3c8a51314d5289247f9e114fb8bafa53bb1ac,OO,What prevents an object from moving in a straight line at a constant speed?,force,force,A,15.25,-5.84375,21.09375,0.9999999993096,A,True
T3,71f1274bf08beee7a3769accd9e3c8a51314d5289247f9e114fb8bafa53bb1ac,OS,What prevents an object from moving in a straight line at a constant speed?,force,terminal speed,B,-6.71875,13.5,-20.21875,1.6561834607274171e-09,B,True
T3,71f1274bf08beee7a3769accd9e3c8a51314d5289247f9e114fb8bafa53bb1ac,SO,What prevents an object from moving in a straight line at a constant speed?,terminal speed,force,B,-0.45703125,13.625,-14.08203125,7.660395658149273e-07,B,True
T3,71f1274bf08beee7a3769accd9e3c8a51314d5289247f9e114fb8bafa53bb1ac,SS,What prevents an object from moving in a straight line at a constant speed?,terminal speed,terminal speed,A,14.875,-0.984375,15.859375,0.9999998704728247,A,True
T3,76da1b679586705525ee875bdc8b0d1767d6ed57efa3f21fdafab78c35f4a084,OO,"What results when volcanic ash encircles the globe, blocking the sun and lowering the temperature of the entire planet?",volcanic winter,volcanic winter,A,15.0,-5.78125,20.78125,0.9999999990563351,A,True
T3,76da1b679586705525ee875bdc8b0d1767d6ed57efa3f21fdafab78c35f4a084,OS,"What results when volcanic ash encircles the globe, blocking the sun and lowering the temperature of the entire planet?",volcanic winter,a virtual image,B,-7.4375,15.1875,-22.625,1.493094675974231e-10,B,True
T3,76da1b679586705525ee875bdc8b0d1767d6ed57efa3f21fdafab78c35f4a084,SO,"What results when volcanic ash encircles the globe, blocking the sun and lowering the temperature of the entire planet?",a virtual image,volcanic winter,B,1.0078125,16.625,-15.6171875,1.6502189662673426e-07,B,True
T3,76da1b679586705525ee875bdc8b0d1767d6ed57efa3f21fdafab78c35f4a084,SS,"What results when volcanic ash encircles the globe, blocking the sun and lowering the temperature of the entire planet?",a virtual image,a virtual image,A,16.375,9.875,6.5,0.998498817743263,A,True
T3,788876e1b5c09ad34b156c2244f70441c80075d509e1527ec22555a72eeb7db6,OO,Living things on the ocean floor are known as?,benthos,benthos,A,15.25,-4.25,19.5,0.9999999966017321,A,True
T3,788876e1b5c09ad34b156c2244f70441c80075d509e1527ec22555a72eeb7db6,OS,Living things on the ocean floor are known as?,benthos,biodiversity,B,-6.59375,15.25,-21.84375,3.2612186013107734e-10,B,True
T3,788876e1b5c09ad34b156c2244f70441c80075d509e1527ec22555a72eeb7db6,SO,Living things on the ocean floor are known as?,biodiversity,benthos,B,8.875,17.25,-8.375,0.0002305067219931397,B,True
T3,788876e1b5c09ad34b156c2244f70441c80075d509e1527ec22555a72eeb7db6,SS,Living things on the ocean floor are known as?,biodiversity,biodiversity,A,14.75,2.671875,12.078125,0.9999943175647871,A,True
T3,788927faccfd32ff6d16678442de476ecad200eae740119b74261dc3094829fb,OO,What is the process in which a substance naturally moves from an area of higher to lower concentration called?,diffusion,diffusion,A,13.875,-5.5,19.375,0.999999996149258,A,True
T3,788927faccfd32ff6d16678442de476ecad200eae740119b74261dc3094829fb,OS,What is the process in which a substance naturally moves from an area of higher to lower concentration called?,diffusion,motion,B,-7.125,13.125,-20.25,1.6052280526088547e-09,B,True
T3,788927faccfd32ff6d16678442de476ecad200eae740119b74261dc3094829fb,SO,What is the process in which a substance naturally moves from an area of higher to lower concentration called?,motion,diffusion,B,7.09375,15.75,-8.65625,0.0001740054355270893,B,True
T3,788927faccfd32ff6d16678442de476ecad200eae740119b74261dc3094829fb,SS,What is the process in which a substance naturally moves from an area of higher to lower concentration called?,motion,motion,A,15.0625,3.90625,11.15625,0.9999857144823499,A,True
T3,788c34ef73e5ccaf4376fc748a0275e60532beed1cab5c8e3bcc7dd363c8537c,OO,"Sponges are part of what phylum, which gets its name from the latin for ""having pores""?",porifera,porifera,A,15.6875,-2.796875,18.484375,0.9999999906170819,A,True
T3,788c34ef73e5ccaf4376fc748a0275e60532beed1cab5c8e3bcc7dd363c8537c,OS,"Sponges are part of what phylum, which gets its name from the latin for ""having pores""?",porifera,population growth,B,-6.875,15.625,-22.5,1.6918979223288784e-10,B,True
T3,788c34ef73e5ccaf4376fc748a0275e60532beed1cab5c8e3bcc7dd363c8537c,SO,"Sponges are part of what phylum, which gets its name from the latin for ""having pores""?",population growth,porifera,B,8.4375,16.25,-7.8125,0.00040448149784208087,B,True
T3,788c34ef73e5ccaf4376fc748a0275e60532beed1cab5c8e3bcc7dd363c8537c,SS,"Sponges are part of what phylum, which gets its name from the latin for ""having pores""?",population growth,population growth,A,3.25,18.0,-14.75,3.927862002670442e-07,B,False
T3,7ac34260dc94d314d3558af30a19c45350584a3259272e494b7b690422dd661f,OO,Acids are classified based on their what?,ionization in water,ionization in water,A,14.5,-5.71875,20.21875,0.9999999983438166,A,True
T3,7ac34260dc94d314d3558af30a19c45350584a3259272e494b7b690422dd661f,OS,Acids are classified based on their what?,ionization in water,reducing and reusing,B,-6.21875,15.0,-21.21875,6.092758466476431e-10,B,True
T3,7ac34260dc94d314d3558af30a19c45350584a3259272e494b7b690422dd661f,SO,Acids are classified based on their what?,reducing and reusing,ionization in water,B,-4.34375,14.25,-18.59375,8.410793559209271e-09,B,True
T3,7ac34260dc94d314d3558af30a19c45350584a3259272e494b7b690422dd661f,SS,Acids are classified based on their what?,reducing and reusing,reducing and reusing,A,8.5625,18.125,-9.5625,7.031184266914956e-05,B,False
T3,7ca502c87aaf48633f254cf4f029007113e462645d89eb77dc5336148736535b,OO,Claw hammers and pulleys are examples of simple machines that do what to the direction of force applied by the user?,reverse it,reverse it,A,15.0,-6.28125,21.28125,0.9999999994276383,A,True
T3,7ca502c87aaf48633f254cf4f029007113e462645d89eb77dc5336148736535b,OS,Claw hammers and pulleys are examples of simple machines that do what to the direction of force applied by the user?,reverse it,marine habitat,B,-3.65625,17.25,-20.90625,8.327813436526548e-10,B,True
T3,7ca502c87aaf48633f254cf4f029007113e462645d89eb77dc5336148736535b,SO,Claw hammers and pulleys are examples of simple machines that do what to the direction of force applied by the user?,marine habitat,reverse it,B,7.09375,17.75,-10.65625,2.3552618543037957e-05,B,True
T3,7ca502c87aaf48633f254cf4f029007113e462645d89eb77dc5336148736535b,SS,Claw hammers and pulleys are examples of simple machines that do what to the direction of force applied by the user?,marine habitat,marine habitat,A,1.75,18.0,-16.25,8.764247451323235e-08,B,False
T3,7d17895daf33aa644e6b588c7e429b6bfd5bc962e94b358e347c3f915384da54,OO,What part of the plant absorbs water?,roots,roots,A,15.4375,-4.84375,20.28125,0.9999999984441597,A,True
T3,7d17895daf33aa644e6b588c7e429b6bfd5bc962e94b358e347c3f915384da54,OS,What part of the plant absorbs water?,roots,metamorphosis,B,-7.0625,15.9375,-23.0,1.0261879630648827e-10,B,True
T3,7d17895daf33aa644e6b588c7e429b6bfd5bc962e94b358e347c3f915384da54,SO,What part of the plant absorbs water?,metamorphosis,roots,B,-1.515625,14.9375,-16.453125,7.153170410054786e-08,B,True
T3,7d17895daf33aa644e6b588c7e429b6bfd5bc962e94b358e347c3f915384da54,SS,What part of the plant absorbs water?,metamorphosis,metamorphosis,A,7.59375,18.125,-10.53125,2.668852957262856e-05,B,False
T3,7e32fa7cf5ca42d16222f5523f4bea95acd53df81ba18e3de93b4e23833406dd,OO,"Protists play critically important ecological roles as producers and, on the other end of food webs, as what?",decomposers,decomposers,A,15.5625,-4.09375,19.65625,0.9999999970933076,A,True
T3,7e32fa7cf5ca42d16222f5523f4bea95acd53df81ba18e3de93b4e23833406dd,OS,"Protists play critically important ecological roles as producers and, on the other end of food webs, as what?",decomposers,group of atoms,B,-4.5625,16.25,-20.8125,9.146313747844331e-10,B,True
T3,7e32fa7cf5ca42d16222f5523f4bea95acd53df81ba18e3de93b4e23833406dd,SO,"Protists play critically important ecological roles as producers and, on the other end of food webs, as what?",group of atoms,decomposers,B,1.265625,16.0,-14.734375,3.9897168041788877e-07,B,True
T3,7e32fa7cf5ca42d16222f5523f4bea95acd53df81ba18e3de93b4e23833406dd,SS,"Protists play critically important ecological roles as producers and, on the other end of food webs, as what?",group of atoms,group of atoms,A,4.46875,18.25,-13.78125,1.0348531401872454e-06,B,False
T3,801ea8780af5ab0b2c3cc77a3f4ac2b6c0bcddac3942f28db77284b3fab8c8b0,OO,What is the protein in red blood cells that transports oxygen in the bloodstream?,hemoglobin,hemoglobin,A,15.4375,-5.53125,20.96875,0.9999999992176742,A,True
T3,801ea8780af5ab0b2c3cc77a3f4ac2b6c0bcddac3942f28db77284b3fab8c8b0,OS,What is the protein in red blood cells that transports oxygen in the bloodstream?,hemoglobin,the shell,B,-7.8125,15.125,-22.9375,1.0923714004835431e-10,B,True
T3,801ea8780af5ab0b2c3cc77a3f4ac2b6c0bcddac3942f28db77284b3fab8c8b0,SO,What is the protein in red blood cells that transports oxygen in the bloodstream?,the shell,hemoglobin,B,14.125,11.0,3.125,0.9579122720843811,A,False
T3,801ea8780af5ab0b2c3cc77a3f4ac2b6c0bcddac3942f28db77284b3fab8c8b0,SS,What is the protein in red blood cells that transports oxygen in the bloodstream?,the shell,the shell,A,-1.25,16.75,-18.0,1.522997951276035e-08,B,False
T3,84ab9cc3d020ac95fe7fca05196e2a35dc0cf1eecf0da504facb46e1881eeb39,OO,Photosynthesis takes the energy of sunlight and combines water and carbon dioxide to produce sugar and oxygen as this?,waste product,waste product,A,16.5,5.90625,10.59375,0.999974928406152,A,True
T3,84ab9cc3d020ac95fe7fca05196e2a35dc0cf1eecf0da504facb46e1881eeb39,OS,Photosynthesis takes the energy of sunlight and combines water and carbon dioxide to produce sugar and oxygen as this?,waste product,asexual reproduction,B,-2.359375,17.625,-19.984375,2.0936120646539004e-09,B,True
T3,84ab9cc3d020ac95fe7fca05196e2a35dc0cf1eecf0da504facb46e1881eeb39,SO,Photosynthesis takes the energy of sunlight and combines water and carbon dioxide to produce sugar and oxygen as this?,asexual reproduction,waste product,B,0.96875,17.25,-16.28125,8.494599927902554e-08,B,True
T3,84ab9cc3d020ac95fe7fca05196e2a35dc0cf1eecf0da504facb46e1881eeb39,SS,Photosynthesis takes the energy of sunlight and combines water and carbon dioxide to produce sugar and oxygen as this?,asexual reproduction,asexual reproduction,A,2.109375,17.25,-15.140625,2.6577247116270285e-07,B,False
T3,84b4aabec1529e21986e9e63913501fc41337699a474a00cf5b119c9a021868e,OO,"Although quite different, beryllium, magnesium, calcium, strontium, barium, and radium are all classified as what type of metals?",alkaline earth metals,alkaline earth metals,A,13.75,-6.1875,19.9375,0.9999999978059133,A,True
T3,84b4aabec1529e21986e9e63913501fc41337699a474a00cf5b119c9a021868e,OS,"Although quite different, beryllium, magnesium, calcium, strontium, barium, and radium are all classified as what type of metals?",alkaline earth metals,reactions,B,-6.09375,14.875,-20.96875,7.823256727341351e-10,B,True
T3,84b4aabec1529e21986e9e63913501fc41337699a474a00cf5b119c9a021868e,SO,"Although quite different, beryllium, magnesium, calcium, strontium, barium, and radium are all classified as what type of metals?",reactions,alkaline earth metals,B,13.0625,4.25,8.8125,0.999851161517427,A,False
T3,84b4aabec1529e21986e9e63913501fc41337699a474a00cf5b119c9a021868e,SS,"Although quite different, beryllium, magnesium, calcium, strontium, barium, and radium are all classified as what type of metals?",reactions,reactions,A,0.09765625,16.5,-16.40234375,7.525798505510459e-08,B,False
T3,86297af299924f76b8956048c63fa84a663c50aca292898344ed31a1cb48fd71,OO,"Vertebrates - including fish, amphibians, reptiles, birds, and mammals - belong to what phylum?",chordata,chordata,A,16.0,-3.234375,19.234375,0.9999999955678232,A,True
T3,86297af299924f76b8956048c63fa84a663c50aca292898344ed31a1cb48fd71,OS,"Vertebrates - including fish, amphibians, reptiles, birds, and mammals - belong to what phylum?",chordata,surface tension,B,-6.40625,15.5625,-21.96875,2.8780153144183104e-10,B,True
T3,86297af299924f76b8956048c63fa84a663c50aca292898344ed31a1cb48fd71,SO,"Vertebrates - including fish, amphibians, reptiles, birds, and mammals - belong to what phylum?",surface tension,chordata,B,3.265625,15.5625,-12.296875,4.5659700648367735e-06,B,True
T3,86297af299924f76b8956048c63fa84a663c50aca292898344ed31a1cb48fd71,SS,"Vertebrates - including fish, amphibians, reptiles, birds, and mammals - belong to what phylum?",surface tension,surface tension,A,6.4375,18.375,-11.9375,6.540437226933636e-06,B,False
T3,86919f6991beb95325ed45558f32834d3d57e83085e8390b259364160ef24e81,OO,Cells may enter a period of rest known as what?,interkinesis,interkinesis,A,15.9375,-2.75,18.6875,0.9999999923418853,A,True
T3,86919f6991beb95325ed45558f32834d3d57e83085e8390b259364160ef24e81,OS,Cells may enter a period of rest known as what?,interkinesis,thermal insulators,B,-5.375,15.75,-21.125,6.691586086815049e-10,B,True
T3,86919f6991beb95325ed45558f32834d3d57e83085e8390b259364160ef24e81,SO,Cells may enter a period of rest known as what?,thermal insulators,interkinesis,B,-2.265625,14.3125,-16.578125,6.312650783592201e-08,B,True
T3,86919f6991beb95325ed45558f32834d3d57e83085e8390b259364160ef24e81,SS,Cells may enter a period of rest known as what?,thermal insulators,thermal insulators,A,8.1875,18.75,-10.5625,2.5867431081354405e-05,B,False
T3,87f8c0fd0b06dd3ec294b9dd1326d4154e4e63e85e0d9c6abca67da45ad29605,OO,"What are the substances that the body needs for energy, building materials, and control of body processes?",nutrients,nutrients,A,14.6875,-6.0,20.6875,0.9999999989635868,A,True
T3,87f8c0fd0b06dd3ec294b9dd1326d4154e4e63e85e0d9c6abca67da45ad29605,OS,"What are the substances that the body needs for energy, building materials, and control of body processes?",nutrients,convex,B,-6.625,16.5,-23.125,9.056076988852741e-11,B,True
T3,87f8c0fd0b06dd3ec294b9dd1326d4154e4e63e85e0d9c6abca67da45ad29605,SO,"What are the substances that the body needs for energy, building materials, and control of body processes?",convex,nutrients,B,5.46875,17.0,-11.53125,9.818326983657703e-06,B,True
T3,87f8c0fd0b06dd3ec294b9dd1326d4154e4e63e85e0d9c6abca67da45ad29605,SS,"What are the substances that the body needs for energy, building materials, and control of body processes?",convex,convex,A,4.875,18.0,-13.125,1.994729721527057e-06,B,False
T3,895b905fe243a9dd7b626e5d8e0985821bbf640290f5d6837b2433b3780ec4a6,OO,"By maintaining a relatively constant internal environment even when the external environment changes significantly, an animal achieves what?",homeostasis,homeostasis,A,14.9375,-5.0,19.9375,0.9999999978059133,A,True
T3,895b905fe243a9dd7b626e5d8e0985821bbf640290f5d6837b2433b3780ec4a6,OS,"By maintaining a relatively constant internal environment even when the external environment changes significantly, an animal achieves what?",homeostasis,one,B,-3.015625,14.75,-17.765625,1.9252497983544177e-08,B,True
T3,895b905fe243a9dd7b626e5d8e0985821bbf640290f5d6837b2433b3780ec4a6,SO,"By maintaining a relatively constant internal environment even when the external environment changes significantly, an animal achieves what?",one,homeostasis,B,13.25,16.125,-2.875,0.05340332979982423,B,True
T3,895b905fe243a9dd7b626e5d8e0985821bbf640290f5d6837b2433b3780ec4a6,SS,"By maintaining a relatively constant internal environment even when the external environment changes significantly, an animal achieves what?",one,one,A,14.8125,-3.546875,18.359375,0.9999999893677608,A,True
T3,89e01c538ebbb197fda81d378cfb9526161fa6370e6b72b1af232bc48d51f4a2,OO,"Each hemisphere of the cerebrum consists of four parts, called what?",lobes,lobes,A,15.875,-5.0625,20.9375,0.9999999991928405,A,True
T3,89e01c538ebbb197fda81d378cfb9526161fa6370e6b72b1af232bc48d51f4a2,OS,"Each hemisphere of the cerebrum consists of four parts, called what?",lobes,solar panels,B,-6.625,16.25,-22.875,1.1628233028868811e-10,B,True
T3,89e01c538ebbb197fda81d378cfb9526161fa6370e6b72b1af232bc48d51f4a2,SO,"Each hemisphere of the cerebrum consists of four parts, called what?",solar panels,lobes,B,13.625,5.46875,8.15625,0.9997131459176125,A,False
T3,89e01c538ebbb197fda81d378cfb9526161fa6370e6b72b1af232bc48d51f4a2,SS,"Each hemisphere of the cerebrum consists of four parts, called what?",solar panels,solar panels,A,14.9375,16.5,-1.5625,0.1732882059293266,B,False
T3,8a997b3cc2c043287907667bd7d69ee45a4c50724967de92fba36f9e4a8076d4,OO,"What are arteries, veins, and capillaries examples of?",blood vessels,blood vessels,A,14.625,-6.0625,20.6875,0.9999999989635868,A,True
T3,8a997b3cc2c043287907667bd7d69ee45a4c50724967de92fba36f9e4a8076d4,OS,"What are arteries, veins, and capillaries examples of?",blood vessels,speed,B,-3.953125,16.125,-20.078125,1.9062554779347717e-09,B,True
T3,8a997b3cc2c043287907667bd7d69ee45a4c50724967de92fba36f9e4a8076d4,SO,"What are arteries, veins, and capillaries examples of?",speed,blood vessels,B,15.0,10.0625,4.9375,0.9928785712542649,A,False
T3,8a997b3cc2c043287907667bd7d69ee45a4c50724967de92fba36f9e4a8076d4,SS,"What are arteries, veins, and capillaries examples of?",speed,speed,A,5.09375,18.0,-12.90625,2.4824800371656583e-06,B,False
T3,8c4e292978fa72f89377d47c958fcb532d76bf1fc00a70f9d4e1966f067c29d5,OO,Glucose that remains in the filtrate of what organ is excreted?,kidney,kidney,A,15.875,-4.46875,20.34375,0.9999999985384231,A,True
T3,8c4e292978fa72f89377d47c958fcb532d76bf1fc00a70f9d4e1966f067c29d5,OS,Glucose that remains in the filtrate of what organ is excreted?,kidney,aldehydes,B,-6.15625,15.25,-21.40625,5.051074179275286e-10,B,True
T3,8c4e292978fa72f89377d47c958fcb532d76bf1fc00a70f9d4e1966f067c29d5,SO,Glucose that remains in the filtrate of what organ is excreted?,aldehydes,kidney,B,-1.2578125,14.0625,-15.3203125,2.2206122116882142e-07,B,True
T3,8c4e292978fa72f89377d47c958fcb532d76bf1fc00a70f9d4e1966f067c29d5,SS,Glucose that remains in the filtrate of what organ is excreted?,aldehydes,aldehydes,A,10.25,15.9375,-5.6875,0.0033766123817395004,B,False
T3,8e63f950b177c6f1acee25e35005d2a081fbdc51abe07d934642ad1e7b23256b,OO,What do we call the microflora that aid in the digestion process?,intestinal flora,intestinal flora,A,14.5625,-5.09375,19.65625,0.9999999970933076,A,True
T3,8e63f950b177c6f1acee25e35005d2a081fbdc51abe07d934642ad1e7b23256b,OS,What do we call the microflora that aid in the digestion process?,intestinal flora,alloys,B,-5.15625,16.0,-21.15625,6.48570762683418e-10,B,True
T3,8e63f950b177c6f1acee25e35005d2a081fbdc51abe07d934642ad1e7b23256b,SO,What do we call the microflora that aid in the digestion process?,alloys,intestinal flora,B,7.5,16.625,-9.125,0.00010889691002655445,B,True
T3,8e63f950b177c6f1acee25e35005d2a081fbdc51abe07d934642ad1e7b23256b,SS,What do we call the microflora that aid in the digestion process?,alloys,alloys,A,3.53125,17.625,-14.09375,7.571149413053982e-07,B,False
T3,8fce14c379feba472876fb2aa26bac14c2f1373c3764020af2347decdd813f21,OO,What pigment do slow fibers contain?,myoglobin,myoglobin,A,15.75,-3.859375,19.609375,0.9999999969538125,A,True
T3,8fce14c379feba472876fb2aa26bac14c2f1373c3764020af2347decdd813f21,OS,What pigment do slow fibers contain?,myoglobin,gas,B,-4.96875,15.4375,-20.40625,1.3730243143805986e-09,B,True
T3,8fce14c379feba472876fb2aa26bac14c2f1373c3764020af2347decdd813f21,SO,What pigment do slow fibers contain?,gas,myoglobin,B,-4.25,14.125,-18.375,1.0467401685178159e-08,B,True
T3,8fce14c379feba472876fb2aa26bac14c2f1373c3764020af2347decdd813f21,SS,What pigment do slow fibers contain?,gas,gas,A,17.375,14.8125,2.5625,0.9284088005554476,A,True
T3,9015a63195c2e27cd74439ad9d40649115256058f8218ba88e280ff140087102,OO,What is the volume of air inhaled and exhaled with each breath called?,tidal volume,tidal volume,A,14.375,-6.0,20.375,0.9999999985833912,A,True
T3,9015a63195c2e27cd74439ad9d40649115256058f8218ba88e280ff140087102,OS,What is the volume of air inhaled and exhaled with each breath called?,tidal volume,electric circuit,B,-7.3125,16.75,-24.0625,3.5464107046484124e-11,B,True
T3,9015a63195c2e27cd74439ad9d40649115256058f8218ba88e280ff140087102,SO,What is the volume of air inhaled and exhaled with each breath called?,electric circuit,tidal volume,B,6.59375,16.25,-9.65625,6.402006410383949e-05,B,True
T3,9015a63195c2e27cd74439ad9d40649115256058f8218ba88e280ff140087102,SS,What is the volume of air inhaled and exhaled with each breath called?,electric circuit,electric circuit,A,5.59375,17.875,-12.28125,4.637873297353725e-06,B,False
T3,9272c3b8d12a64ff6030063a0a5ddeb2ebac32976a533c022723bb2a8743d4d2,OO,What happens to a cell's efficiency as it grows in size?,decreases,decreases,A,15.25,-6.46875,21.71875,0.9999999996304556,A,True
T3,9272c3b8d12a64ff6030063a0a5ddeb2ebac32976a533c022723bb2a8743d4d2,OS,What happens to a cell's efficiency as it grows in size?,decreases,face and ears,B,-5.0625,16.25,-21.3125,5.54751971341519e-10,B,True
T3,9272c3b8d12a64ff6030063a0a5ddeb2ebac32976a533c022723bb2a8743d4d2,SO,What happens to a cell's efficiency as it grows in size?,face and ears,decreases,B,-2.484375,13.4375,-15.921875,1.2167952147193295e-07,B,True
T3,9272c3b8d12a64ff6030063a0a5ddeb2ebac32976a533c022723bb2a8743d4d2,SS,What happens to a cell's efficiency as it grows in size?,face and ears,face and ears,A,6.65625,17.75,-11.09375,1.5206840370677114e-05,B,False
T3,92aafe1dda864da442bd8a0884ef9728e8135620225fa175ec14144edffec931,OO,What is the term for the change in momentum vector?,impulse,impulse,A,14.6875,-5.09375,19.78125,0.9999999974348528,A,True
T3,92aafe1dda864da442bd8a0884ef9728e8135620225fa175ec14144edffec931,OS,What is the term for the change in momentum vector?,impulse,ethmoid,B,-6.0,16.5,-22.5,1.6918979223288784e-10,B,True
T3,92aafe1dda864da442bd8a0884ef9728e8135620225fa175ec14144edffec931,SO,What is the term for the change in momentum vector?,ethmoid,impulse,B,-1.09375,15.875,-16.96875,4.2713532663688746e-08,B,True
T3,92aafe1dda864da442bd8a0884ef9728e8135620225fa175ec14144edffec931,SS,What is the term for the change in momentum vector?,ethmoid,ethmoid,A,15.9375,5.5,10.4375,0.9999706884614404,A,True
T3,955271f457a865b6538de58e05ec976217c17a96cc31ccb2c72e86fe77e6cce0,OO,What force makes objects seem lighter in water?,buoyant,buoyant,A,14.5625,-4.03125,18.59375,0.9999999915892065,A,True
T3,955271f457a865b6538de58e05ec976217c17a96cc31ccb2c72e86fe77e6cce0,OS,What force makes objects seem lighter in water?,buoyant,glycolysis,B,-7.53125,15.5,-23.03125,9.946154786252077e-11,B,True
T3,955271f457a865b6538de58e05ec976217c17a96cc31ccb2c72e86fe77e6cce0,SO,What force makes objects seem lighter in water?,glycolysis,buoyant,B,-3.0,15.8125,-18.8125,6.758262498631447e-09,B,True
T3,955271f457a865b6538de58e05ec976217c17a96cc31ccb2c72e86fe77e6cce0,SS,What force makes objects seem lighter in water?,glycolysis,glycolysis,A,6.28125,17.0,-10.71875,2.212566909570261e-05,B,False
T3,9605a6042a7f9978526d1a45d4d230805e7843b08bcf7d058bbf8d93fcdc7147,OO,"A wheel with a rope wrapped around it, hanging over a building, is an example of what type of machine?",pulley,pulley,A,14.625,-5.65625,20.28125,0.9999999984441597,A,True
T3,9605a6042a7f9978526d1a45d4d230805e7843b08bcf7d058bbf8d93fcdc7147,OS,"A wheel with a rope wrapped around it, hanging over a building, is an example of what type of machine?",pulley,multicellular female gametophytes,B,-6.15625,16.375,-22.53125,1.6398436956711613e-10,B,True
T3,9605a6042a7f9978526d1a45d4d230805e7843b08bcf7d058bbf8d93fcdc7147,SO,"A wheel with a rope wrapped around it, hanging over a building, is an example of what type of machine?",multicellular female gametophytes,pulley,B,1.2421875,16.625,-15.3828125,2.0860721471690658e-07,B,True
T3,9605a6042a7f9978526d1a45d4d230805e7843b08bcf7d058bbf8d93fcdc7147,SS,"A wheel with a rope wrapped around it, hanging over a building, is an example of what type of machine?",multicellular female gametophytes,multicellular female gametophytes,A,3.15625,17.75,-14.59375,4.5921356162867124e-07,B,False
T3,991e13498e76b0fa28ad7f9a37a2033c1dcd871ee5f9c8a0a038797010bc4e6f,OO,Which scale measures acids and bases and has 7 as a neutral value?,ph,ph,A,14.5,-4.8125,19.3125,0.9999999959009065,A,True
T3,991e13498e76b0fa28ad7f9a37a2033c1dcd871ee5f9c8a0a038797010bc4e6f,OS,Which scale measures acids and bases and has 7 as a neutral value?,ph,a seed,B,-5.84375,15.3125,-21.15625,6.48570762683418e-10,B,True
T3,991e13498e76b0fa28ad7f9a37a2033c1dcd871ee5f9c8a0a038797010bc4e6f,SO,Which scale measures acids and bases and has 7 as a neutral value?,a seed,ph,B,-2.890625,14.125,-17.015625,4.0757537674506e-08,B,True
T3,991e13498e76b0fa28ad7f9a37a2033c1dcd871ee5f9c8a0a038797010bc4e6f,SS,Which scale measures acids and bases and has 7 as a neutral value?,a seed,a seed,A,15.8125,8.0625,7.75,0.9995694429186754,A,True
T3,996c03db13b8afd1e8707f383cef74de8100202bf05fe3c73c48798528923df0,OO,Most protein antigens require signals from helper t cells (th2) to proceed to make what?,antibody,antibody,A,15.6875,-4.90625,20.59375,0.999999998861723,A,True
T3,996c03db13b8afd1e8707f383cef74de8100202bf05fe3c73c48798528923df0,OS,Most protein antigens require signals from helper t cells (th2) to proceed to make what?,antibody,vesicle coats,B,-5.84375,15.9375,-21.78125,3.471549130342153e-10,B,True
T3,996c03db13b8afd1e8707f383cef74de8100202bf05fe3c73c48798528923df0,SO,Most protein antigens require signals from helper t cells (th2) to proceed to make what?,vesicle coats,antibody,B,-3.234375,14.5625,-17.796875,1.866016090339292e-08,B,True
T3,996c03db13b8afd1e8707f383cef74de8100202bf05fe3c73c48798528923df0,SS,Most protein antigens require signals from helper t cells (th2) to proceed to make what?,vesicle coats,vesicle coats,A,16.5,4.625,11.875,0.9999930377437499,A,True
T3,9a48b8a8d35c10c9696fa88651a5e839600948a47294a46721caa270613cc5cd,OO,Relative humidity is related to the partial pressure of what in the air?,water vapor,water vapor,A,16.0,-6.40625,22.40625,0.9999999998141813,A,True
T3,9a48b8a8d35c10c9696fa88651a5e839600948a47294a46721caa270613cc5cd,OS,Relative humidity is related to the partial pressure of what in the air?,water vapor,stronger,B,-3.828125,14.875,-18.703125,7.539386626249303e-09,B,True
T3,9a48b8a8d35c10c9696fa88651a5e839600948a47294a46721caa270613cc5cd,SO,Relative humidity is related to the partial pressure of what in the air?,stronger,water vapor,B,14.375,9.25,5.125,0.9940889311437562,A,False
T3,9a48b8a8d35c10c9696fa88651a5e839600948a47294a46721caa270613cc5cd,SS,Relative humidity is related to the partial pressure of what in the air?,stronger,stronger,A,14.25,3.75,10.5,0.9999724643088853,A,True
T3,9a95b89b7aed4069296c76ff091de2e4b363583c73a648a5c37edbc80ebe97ee,OO,"What kind of model - which includes producers, consumers and decomposers - shows the interactions between organisms across trophic levels?",food web,food web,A,14.625,-4.78125,19.40625,0.9999999962677331,A,True
T3,9a95b89b7aed4069296c76ff091de2e4b363583c73a648a5c37edbc80ebe97ee,OS,"What kind of model - which includes producers, consumers and decomposers - shows the interactions between organisms across trophic levels?",food web,atomic energy levels,B,-6.8125,15.8125,-22.625,1.493094675974231e-10,B,True
T3,9a95b89b7aed4069296c76ff091de2e4b363583c73a648a5c37edbc80ebe97ee,SO,"What kind of model - which includes producers, consumers and decomposers - shows the interactions between organisms across trophic levels?",atomic energy levels,food web,B,6.0,16.75,-10.75,2.144494842091395e-05,B,True
T3,9a95b89b7aed4069296c76ff091de2e4b363583c73a648a5c37edbc80ebe97ee,SS,"What kind of model - which includes producers, consumers and decomposers - shows the interactions between organisms across trophic levels?",atomic energy levels,atomic energy levels,A,2.15625,17.5,-15.34375,2.1691717963671816e-07,B,False
T3,9cd58e1d566fb4441d8b7dbbbe6746c56c82824181c0896e95ccbc243d4f2626,OO,Cancers are caused by a series of what?,mutations,mutations,A,16.125,-5.0625,21.1875,0.9999999993713837,A,True
T3,9cd58e1d566fb4441d8b7dbbbe6746c56c82824181c0896e95ccbc243d4f2626,OS,Cancers are caused by a series of what?,mutations,catabolic and anabolic,B,-7.3125,14.8125,-22.125,2.4616969512093895e-10,B,True
T3,9cd58e1d566fb4441d8b7dbbbe6746c56c82824181c0896e95ccbc243d4f2626,SO,Cancers are caused by a series of what?,catabolic and anabolic,mutations,B,-2.40625,14.125,-16.53125,6.615601200035879e-08,B,True
T3,9cd58e1d566fb4441d8b7dbbbe6746c56c82824181c0896e95ccbc243d4f2626,SS,Cancers are caused by a series of what?,catabolic and anabolic,catabolic and anabolic,A,11.8125,-4.375,16.1875,0.999999906705072,A,True
T3,9fac6c285cc8c76a315fdb0ebc87d9b13258b066e1a43bf98a0b3f0c4041ec93,OO,What property of materials describes the ease in which they can be molded into thin sheets?,malleability,malleability,A,14.8125,-3.84375,18.65625,0.9999999920987906,A,True
T3,9fac6c285cc8c76a315fdb0ebc87d9b13258b066e1a43bf98a0b3f0c4041ec93,OS,What property of materials describes the ease in which they can be molded into thin sheets?,malleability,precipitation,B,-8.125,13.8125,-21.9375,2.9693733273054213e-10,B,True
T3,9fac6c285cc8c76a315fdb0ebc87d9b13258b066e1a43bf98a0b3f0c4041ec93,SO,What property of materials describes the ease in which they can be molded into thin sheets?,precipitation,malleability,B,-3.0625,15.875,-18.9375,5.9641457266321095e-09,B,True
T3,9fac6c285cc8c76a315fdb0ebc87d9b13258b066e1a43bf98a0b3f0c4041ec93,SS,What property of materials describes the ease in which they can be molded into thin sheets?,precipitation,precipitation,A,14.25,15.75,-1.5,0.18242552380635635,B,False
T3,9fb3ba35b4c9be26de8fe444e1d8057bdc8018f5a3c044b453d270a222474319,OO,What type of tissue makes up the brain and the nerves that connect the brain to all parts of the body?,nervous tissue,nervous tissue,A,14.6875,-5.9375,20.625,0.9999999988967441,A,True
T3,9fb3ba35b4c9be26de8fe444e1d8057bdc8018f5a3c044b453d270a222474319,OS,What type of tissue makes up the brain and the nerves that connect the brain to all parts of the body?,nervous tissue,plant seeds,B,-6.53125,15.5,-22.03125,2.7036451813889373e-10,B,True
T3,9fb3ba35b4c9be26de8fe444e1d8057bdc8018f5a3c044b453d270a222474319,SO,What type of tissue makes up the brain and the nerves that connect the brain to all parts of the body?,plant seeds,nervous tissue,B,11.3125,15.75,-4.4375,0.011687257995694433,B,True
T3,9fb3ba35b4c9be26de8fe444e1d8057bdc8018f5a3c044b453d270a222474319,SS,What type of tissue makes up the brain and the nerves that connect the brain to all parts of the body?,plant seeds,plant seeds,A,7.78125,17.875,-10.09375,4.1335397768930325e-05,B,False
T3,a2aed8ae91384128577f7d97b413b47249fa8eea55b7860ee373095c2671a43d,OO,Esters can be formed by heating carboxylic acids and alcohols in the presence of?,an acid catalyst,an acid catalyst,A,13.625,-6.1875,19.8125,0.9999999975137741,A,True
T3,a2aed8ae91384128577f7d97b413b47249fa8eea55b7860ee373095c2671a43d,OS,Esters can be formed by heating carboxylic acids and alcohols in the presence of?,an acid catalyst,heterocyclic compounds,B,-6.4375,15.5,-21.9375,2.9693733273054213e-10,B,True
T3,a2aed8ae91384128577f7d97b413b47249fa8eea55b7860ee373095c2671a43d,SO,Esters can be formed by heating carboxylic acids and alcohols in the presence of?,heterocyclic compounds,an acid catalyst,B,-3.609375,14.0625,-17.671875,2.1144732409122157e-08,B,True
T3,a2aed8ae91384128577f7d97b413b47249fa8eea55b7860ee373095c2671a43d,SS,Esters can be formed by heating carboxylic acids and alcohols in the presence of?,heterocyclic compounds,heterocyclic compounds,A,14.125,-3.59375,17.71875,0.9999999798235555,A,True
T3,a2c1a94c57d112205546cf50db6313a864cb117283441b2d9ceba73cdfdb5d4c,OO,Body movements help circulate the hemolymph by periodically squeezing what?,the sinuses,the sinuses,A,15.1875,-4.6875,19.875,0.999999997664407,A,True
T3,a2c1a94c57d112205546cf50db6313a864cb117283441b2d9ceba73cdfdb5d4c,OS,Body movements help circulate the hemolymph by periodically squeezing what?,the sinuses,kinetic energy,B,-6.46875,15.9375,-22.40625,1.8581863469805918e-10,B,True
T3,a2c1a94c57d112205546cf50db6313a864cb117283441b2d9ceba73cdfdb5d4c,SO,Body movements help circulate the hemolymph by periodically squeezing what?,kinetic energy,the sinuses,B,-4.84375,15.0625,-19.90625,2.2637343902914214e-09,B,True
T3,a2c1a94c57d112205546cf50db6313a864cb117283441b2d9ceba73cdfdb5d4c,SS,Body movements help circulate the hemolymph by periodically squeezing what?,kinetic energy,kinetic energy,A,14.625,3.53125,11.09375,0.9999847931596293,A,True
T3,a3a450f9313ceaddb2009d36def5be6496af9497d6dacd33873b70792a7047d7,OO,"Instead of insects, crustaceans are the dominant arthropods in what environment?",marine habitat,marine habitat,A,15.1875,-5.65625,20.84375,0.9999999991135089,A,True
T3,a3a450f9313ceaddb2009d36def5be6496af9497d6dacd33873b70792a7047d7,OS,"Instead of insects, crustaceans are the dominant arthropods in what environment?",marine habitat,microvilli,B,-5.90625,15.8125,-21.71875,3.6954448130275963e-10,B,True
T3,a3a450f9313ceaddb2009d36def5be6496af9497d6dacd33873b70792a7047d7,SO,"Instead of insects, crustaceans are the dominant arthropods in what environment?",microvilli,marine habitat,B,1.9609375,15.625,-13.6640625,1.163516510981332e-06,B,True
T3,a3a450f9313ceaddb2009d36def5be6496af9497d6dacd33873b70792a7047d7,SS,"Instead of insects, crustaceans are the dominant arthropods in what environment?",microvilli,microvilli,A,-0.75390625,16.875,-17.62890625,2.2073097622787267e-08,B,False
T3,a4ae82dae765d416ea2a087fedfefe60d89e5f7da5262c2d1d12fc40956fc27b,OO,Intraspecific competition occurs between members of the same what?,species,species,A,15.875,-6.15625,22.03125,0.9999999997296354,A,True
T3,a4ae82dae765d416ea2a087fedfefe60d89e5f7da5262c2d1d12fc40956fc27b,OS,Intraspecific competition occurs between members of the same what?,species,aerobic,B,-6.34375,14.3125,-20.65625,1.0693124115404517e-09,B,True
T3,a4ae82dae765d416ea2a087fedfefe60d89e5f7da5262c2d1d12fc40956fc27b,SO,Intraspecific competition occurs between members of the same what?,aerobic,species,B,5.90625,15.625,-9.71875,6.014151777699533e-05,B,True
T3,a4ae82dae765d416ea2a087fedfefe60d89e5f7da5262c2d1d12fc40956fc27b,SS,Intraspecific competition occurs between members of the same what?,aerobic,aerobic,A,6.40625,16.25,-9.84375,5.307507822667364e-05,B,False
T3,a6f1302baac87b0fda4e2648522e2317160e4b5cb7be118bd813d61557cdc3a8,OO,Which glands produce milk after the birth of offspring?,mammary,mammary,A,15.0625,-5.78125,20.84375,0.9999999991135089,A,True
T3,a6f1302baac87b0fda4e2648522e2317160e4b5cb7be118bd813d61557cdc3a8,OS,Which glands produce milk after the birth of offspring?,mammary,thermal,B,-8.5625,15.5,-24.0625,3.5464107046484124e-11,B,True
T3,a6f1302baac87b0fda4e2648522e2317160e4b5cb7be118bd813d61557cdc3a8,SO,Which glands produce milk after the birth of offspring?,thermal,mammary,B,-1.7265625,15.875,-17.6015625,2.2684986414989674e-08,B,True
T3,a6f1302baac87b0fda4e2648522e2317160e4b5cb7be118bd813d61557cdc3a8,SS,Which glands produce milk after the birth of offspring?,thermal,thermal,A,8.75,17.625,-8.875,0.00013982207564732912,B,False
T3,a928a83babef545b9d62a4e50b0120478ba9b641722f710f84539cbcab78933e,OO,What is the main way that wind causes erosion?,abrasion,abrasion,A,14.4375,-3.421875,17.859375,0.999999982470401,A,True
T3,a928a83babef545b9d62a4e50b0120478ba9b641722f710f84539cbcab78933e,OS,What is the main way that wind causes erosion?,abrasion,biomass,B,-6.75,15.1875,-21.9375,2.9693733273054213e-10,B,True
T3,a928a83babef545b9d62a4e50b0120478ba9b641722f710f84539cbcab78933e,SO,What is the main way that wind causes erosion?,biomass,abrasion,B,-4.125,15.0625,-19.1875,4.644881368380887e-09,B,True
T3,a928a83babef545b9d62a4e50b0120478ba9b641722f710f84539cbcab78933e,SS,What is the main way that wind causes erosion?,biomass,biomass,A,5.5,17.5,-12.0,6.144174602214718e-06,B,False
T3,aa0de654a47e927de2c6a19cd70be9c55ef99ca29bcbffadba1426d74621f407,OO,How did seismologists originally measure the intensity of an earthquake?,mercalli scale,mercalli scale,A,15.875,-2.890625,18.765625,0.9999999929174017,A,True
T3,aa0de654a47e927de2c6a19cd70be9c55ef99ca29bcbffadba1426d74621f407,OS,How did seismologists originally measure the intensity of an earthquake?,mercalli scale,impulse,B,-5.15625,14.875,-20.03125,1.997738588237797e-09,B,True
T3,aa0de654a47e927de2c6a19cd70be9c55ef99ca29bcbffadba1426d74621f407,SO,How did seismologists originally measure the intensity of an earthquake?,impulse,mercalli scale,B,-3.796875,14.375,-18.171875,1.2824928604252854e-08,B,True
T3,aa0de654a47e927de2c6a19cd70be9c55ef99ca29bcbffadba1426d74621f407,SS,How did seismologists originally measure the intensity of an earthquake?,impulse,impulse,A,14.0,-3.609375,17.609375,0.9999999774915497,A,True
T3,ad1614a31df5db29c425dece10e5666125bf46471cacda20678e408c7751b55b,OO,What occurs whenever an unbalanced force acts on an object?,acceleration,acceleration,A,14.8125,-6.28125,21.09375,0.9999999993096,A,True
T3,ad1614a31df5db29c425dece10e5666125bf46471cacda20678e408c7751b55b,OS,What occurs whenever an unbalanced force acts on an object?,acceleration,hypodermis,B,-7.125,15.9375,-23.0625,9.640143774110972e-11,B,True
T3,ad1614a31df5db29c425dece10e5666125bf46471cacda20678e408c7751b55b,SO,What occurs whenever an unbalanced force acts on an object?,hypodermis,acceleration,B,3.546875,17.625,-14.078125,7.690377575985982e-07,B,True
T3,ad1614a31df5db29c425dece10e5666125bf46471cacda20678e408c7751b55b,SS,What occurs whenever an unbalanced force acts on an object?,hypodermis,hypodermis,A,2.609375,16.875,-14.265625,6.375547778570538e-07,B,False
T3,ad6dc70331b4074cde617f42131d13f1e3c1af0539732fa3690dfd1b4601c772,OO,Polymers can disassemble by the reverse process called what?,hydrolysis,hydrolysis,A,15.375,-4.65625,20.03125,0.9999999980022614,A,True
T3,ad6dc70331b4074cde617f42131d13f1e3c1af0539732fa3690dfd1b4601c772,OS,Polymers can disassemble by the reverse process called what?,hydrolysis,light,B,-7.125,14.0,-21.125,6.691586086815049e-10,B,True
T3,ad6dc70331b4074cde617f42131d13f1e3c1af0539732fa3690dfd1b4601c772,SO,Polymers can disassemble by the reverse process called what?,light,hydrolysis,B,-7.25,13.8125,-21.0625,7.123156310479049e-10,B,True
T3,ad6dc70331b4074cde617f42131d13f1e3c1af0539732fa3690dfd1b4601c772,SS,Polymers can disassemble by the reverse process called what?,light,light,A,14.9375,-2.484375,17.421875,0.9999999728496264,A,True
T3,aee813e27e89661fc9afd1439ece3bb24fca269c35c599cc759ff24ddab57bef,OO,What is performed to identify disease-causing genes?,genetic testing,genetic testing,A,13.625,-6.59375,20.21875,0.9999999983438166,A,True
T3,aee813e27e89661fc9afd1439ece3bb24fca269c35c599cc759ff24ddab57bef,OS,What is performed to identify disease-causing genes?,genetic testing,methane,B,-6.65625,15.75,-22.40625,1.8581863469805918e-10,B,True
T3,aee813e27e89661fc9afd1439ece3bb24fca269c35c599cc759ff24ddab57bef,SO,What is performed to identify disease-causing genes?,methane,genetic testing,B,-1.390625,15.4375,-16.828125,4.91629744216681e-08,B,True
T3,aee813e27e89661fc9afd1439ece3bb24fca269c35c599cc759ff24ddab57bef,SS,What is performed to identify disease-causing genes?,methane,methane,A,11.5,17.5,-6.0,0.0024726231566347743,B,False
T3,afc87744cffd489b70b9003f8e95ecaa14bf49486ff5c2ba5e5e3cb6da485feb,OO,What is considered to not be a form of precipitation?,fog,fog,A,16.625,15.125,1.5,0.8175744761936437,A,True
T3,afc87744cffd489b70b9003f8e95ecaa14bf49486ff5c2ba5e5e3cb6da485feb,OS,What is considered to not be a form of precipitation?,fog,carbon dioxide,B,-2.328125,14.8125,-17.140625,3.59684009269841e-08,B,True
T3,afc87744cffd489b70b9003f8e95ecaa14bf49486ff5c2ba5e5e3cb6da485feb,SO,What is considered to not be a form of precipitation?,carbon dioxide,fog,B,-3.234375,15.25,-18.484375,9.38291823929233e-09,B,True
T3,afc87744cffd489b70b9003f8e95ecaa14bf49486ff5c2ba5e5e3cb6da485feb,SS,What is considered to not be a form of precipitation?,carbon dioxide,carbon dioxide,A,14.1875,-3.859375,18.046875,0.999999985467452,A,True
T3,b0ca1c666147d22f0df1f657e2ad37f82c2dbd72fbee073ecaf339a15bf590b3,OO,The trachea and bronchi are made of incomplete rings of this?,cartilage,cartilage,A,15.5,-4.46875,19.96875,0.9999999978734184,A,True
T3,b0ca1c666147d22f0df1f657e2ad37f82c2dbd72fbee073ecaf339a15bf590b3,OS,The trachea and bronchi are made of incomplete rings of this?,cartilage,webbed,B,-5.875,15.8125,-21.6875,3.8127508235732506e-10,B,True
T3,b0ca1c666147d22f0df1f657e2ad37f82c2dbd72fbee073ecaf339a15bf590b3,SO,The trachea and bronchi are made of incomplete rings of this?,webbed,cartilage,B,-4.46875,14.5,-18.96875,5.780648254572639e-09,B,True
T3,b0ca1c666147d22f0df1f657e2ad37f82c2dbd72fbee073ecaf339a15bf590b3,SS,The trachea and bronchi are made of incomplete rings of this?,webbed,webbed,A,15.625,-3.859375,19.484375,0.9999999965482171,A,True
T3,b10e5786ee75f4f3ceb61466f5ae6502ae2ed584a3774015c01efaaac098caeb,OO,Genetic variation produced in sexual life cycles contributes to what process?,evolution,evolution,A,15.875,-5.84375,21.71875,0.9999999996304556,A,True
T3,b10e5786ee75f4f3ceb61466f5ae6502ae2ed584a3774015c01efaaac098caeb,OS,Genetic variation produced in sexual life cycles contributes to what process?,evolution,the mesoglea,B,-7.125,15.75,-22.875,1.1628233028868811e-10,B,True
T3,b10e5786ee75f4f3ceb61466f5ae6502ae2ed584a3774015c01efaaac098caeb,SO,Genetic variation produced in sexual life cycles contributes to what process?,the mesoglea,evolution,B,14.875,13.0,1.875,0.8670357598021706,A,False
T3,b10e5786ee75f4f3ceb61466f5ae6502ae2ed584a3774015c01efaaac098caeb,SS,Genetic variation produced in sexual life cycles contributes to what process?,the mesoglea,the mesoglea,A,5.625,17.125,-11.5,1.0129990980873921e-05,B,False
T3,bb16e19b3e8abd378a0f469eb8c62aade0d44c020067925db7aa302329933e1f,OO,Chemical digestion couldn't take place without the help of what?,digestive enzymes,digestive enzymes,A,14.3125,-6.53125,20.84375,0.9999999991135089,A,True
T3,bb16e19b3e8abd378a0f469eb8c62aade0d44c020067925db7aa302329933e1f,OS,Chemical digestion couldn't take place without the help of what?,digestive enzymes,input distance,B,-8.0625,14.875,-22.9375,1.0923714004835431e-10,B,True
T3,bb16e19b3e8abd378a0f469eb8c62aade0d44c020067925db7aa302329933e1f,SO,Chemical digestion couldn't take place without the help of what?,input distance,digestive enzymes,B,-3.0,14.625,-17.625,2.2159489282323004e-08,B,True
T3,bb16e19b3e8abd378a0f469eb8c62aade0d44c020067925db7aa302329933e1f,SS,Chemical digestion couldn't take place without the help of what?,input distance,input distance,A,12.5625,-0.1279296875,12.6904296875,0.9999969195435315,A,True
T3,bc9443215df6e659661924bfd50a16aacd685a79178c8e261d1879090e174438,OO,What do we call the study of life and living things?,life science,life science,A,15.0625,-5.6875,20.75,0.9999999990263799,A,True
T3,bc9443215df6e659661924bfd50a16aacd685a79178c8e261d1879090e174438,OS,What do we call the study of life and living things?,life science,alteration,B,-6.125,16.0,-22.125,2.4616969512093895e-10,B,True
T3,bc9443215df6e659661924bfd50a16aacd685a79178c8e261d1879090e174438,SO,What do we call the study of life and living things?,alteration,life science,B,2.296875,17.125,-14.828125,3.632678618877459e-07,B,True
T3,bc9443215df6e659661924bfd50a16aacd685a79178c8e261d1879090e174438,SS,What do we call the study of life and living things?,alteration,alteration,A,15.0,2.828125,12.171875,0.9999948260812298,A,True
T3,c05526ecb6806b268e9e1896b8832f5831fbeb2e6e65a2642a6efbf9f043656c,OO,At what temperatures do crystals formed by covalent molecular solids melt at?,low,low,A,15.25,-5.25,20.5,0.9999999987498471,A,True
T3,c05526ecb6806b268e9e1896b8832f5831fbeb2e6e65a2642a6efbf9f043656c,OS,At what temperatures do crystals formed by covalent molecular solids melt at?,low,decreases,B,-0.002716064453125,16.125,-16.127716064453125,9.904256165463733e-08,B,True
T3,c05526ecb6806b268e9e1896b8832f5831fbeb2e6e65a2642a6efbf9f043656c,SO,At what temperatures do crystals formed by covalent molecular solids melt at?,decreases,low,B,1.796875,15.4375,-13.640625,1.1911084770297504e-06,B,True
T3,c05526ecb6806b268e9e1896b8832f5831fbeb2e6e65a2642a6efbf9f043656c,SS,At what temperatures do crystals formed by covalent molecular solids melt at?,decreases,decreases,A,14.4375,-4.34375,18.78125,0.9999999930272072,A,True
T3,c0a4432df2163f61270b31abc1cd02b4d758686d3080aac555dab98e4f269c2a,OO,Plants take in carbon dioxide and give off what?,oxygen,oxygen,A,16.25,-5.1875,21.4375,0.9999999995104332,A,True
T3,c0a4432df2163f61270b31abc1cd02b4d758686d3080aac555dab98e4f269c2a,OS,Plants take in carbon dioxide and give off what?,oxygen,melanin,B,-7.46875,15.875,-23.34375,7.276762289738711e-11,B,True
T3,c0a4432df2163f61270b31abc1cd02b4d758686d3080aac555dab98e4f269c2a,SO,Plants take in carbon dioxide and give off what?,melanin,oxygen,B,4.0625,15.6875,-11.625,8.939696304799167e-06,B,True
T3,c0a4432df2163f61270b31abc1cd02b4d758686d3080aac555dab98e4f269c2a,SS,Plants take in carbon dioxide and give off what?,melanin,melanin,A,1.8828125,16.625,-14.7421875,3.958668593975586e-07,B,False
T3,c491b430b29ef0c7341dc243289a6432e66d64339e24cb28b235957ddf51ea73,OO,Why does the moon evolve around the earth rather than the sun?,stronger gravitational force,stronger gravitational force,A,14.5625,-4.875,19.4375,0.9999999963825628,A,True
T3,c491b430b29ef0c7341dc243289a6432e66d64339e24cb28b235957ddf51ea73,OS,Why does the moon evolve around the earth rather than the sun?,stronger gravitational force,chordata,B,-6.625,14.8125,-21.4375,4.895668964435012e-10,B,True
T3,c491b430b29ef0c7341dc243289a6432e66d64339e24cb28b235957ddf51ea73,SO,Why does the moon evolve around the earth rather than the sun?,chordata,stronger gravitational force,B,-5.1875,13.6875,-18.875,6.348800075736418e-09,B,True
T3,c491b430b29ef0c7341dc243289a6432e66d64339e24cb28b235957ddf51ea73,SS,Why does the moon evolve around the earth rather than the sun?,chordata,chordata,A,10.25,16.875,-6.625,0.0013250224172131609,B,False
T3,c505e2cc19abc2f41063f5d37e09bc1a723e9df14647d24a3299b05ef4dc8215,OO,What does a glacier leave behind when it retreats?,bare rock,bare rock,A,14.5625,-5.25,19.8125,0.9999999975137741,A,True
T3,c505e2cc19abc2f41063f5d37e09bc1a723e9df14647d24a3299b05ef4dc8215,OS,What does a glacier leave behind when it retreats?,bare rock,radioisotopes,B,-6.4375,15.25,-21.6875,3.8127508235732506e-10,B,True
T3,c505e2cc19abc2f41063f5d37e09bc1a723e9df14647d24a3299b05ef4dc8215,SO,What does a glacier leave behind when it retreats?,radioisotopes,bare rock,B,-5.4375,14.6875,-20.125,1.8189616842444243e-09,B,True
T3,c505e2cc19abc2f41063f5d37e09bc1a723e9df14647d24a3299b05ef4dc8215,SS,What does a glacier leave behind when it retreats?,radioisotopes,radioisotopes,A,14.9375,0.96484375,13.97265625,0.9999991454211861,A,True
T3,c8ded625a3e1509e8f29407e3829f984e30c7a027c73183e023546d735e6a8b0,OO,What is the cartilaginous structure that extends from the pharynx to the primary bronchi?,trachea,trachea,A,14.8125,-5.15625,19.96875,0.9999999978734184,A,True
T3,c8ded625a3e1509e8f29407e3829f984e30c7a027c73183e023546d735e6a8b0,OS,What is the cartilaginous structure that extends from the pharynx to the primary bronchi?,trachea,light pollution,B,-5.8125,16.75,-22.5625,1.5893910091990202e-10,B,True
T3,c8ded625a3e1509e8f29407e3829f984e30c7a027c73183e023546d735e6a8b0,SO,What is the cartilaginous structure that extends from the pharynx to the primary bronchi?,light pollution,trachea,B,4.4375,16.25,-11.8125,7.411279871974134e-06,B,True
T3,c8ded625a3e1509e8f29407e3829f984e30c7a027c73183e023546d735e6a8b0,SS,What is the cartilaginous structure that extends from the pharynx to the primary bronchi?,light pollution,light pollution,A,3.765625,18.0,-14.234375,6.577929256610509e-07,B,False
T3,c91329e2685632636eaaab9e0a16a9e716884030ecd7ec704d19ad29fe870db6,OO,Prokaryotic cells lack what key structure and other membrane-bound organelles?,nucleus,nucleus,A,15.3125,-5.125,20.4375,0.9999999986692192,A,True
T3,c91329e2685632636eaaab9e0a16a9e716884030ecd7ec704d19ad29fe870db6,OS,Prokaryotic cells lack what key structure and other membrane-bound organelles?,nucleus,tributaries,B,-6.8125,15.0,-21.8125,3.3647407922810023e-10,B,True
T3,c91329e2685632636eaaab9e0a16a9e716884030ecd7ec704d19ad29fe870db6,SO,Prokaryotic cells lack what key structure and other membrane-bound organelles?,tributaries,nucleus,B,1.0390625,14.0,-12.9609375,2.3503651700538692e-06,B,True
T3,c91329e2685632636eaaab9e0a16a9e716884030ecd7ec704d19ad29fe870db6,SS,Prokaryotic cells lack what key structure and other membrane-bound organelles?,tributaries,tributaries,A,2.53125,16.125,-13.59375,1.2482708949986417e-06,B,False
T3,cac0fa7214cbe64d0ab89e006dbeb1ae517eefeda15cb3aa8bcd8b699fbf7f54,OO,The largest phylum of the animal kingdom is what?,arthropods,arthropods,A,15.0,-5.75,20.75,0.9999999990263799,A,True
T3,cac0fa7214cbe64d0ab89e006dbeb1ae517eefeda15cb3aa8bcd8b699fbf7f54,OS,The largest phylum of the animal kingdom is what?,arthropods,antibodies,B,-8.375,15.625,-24.0,3.7751345441365816e-11,B,True
T3,cac0fa7214cbe64d0ab89e006dbeb1ae517eefeda15cb3aa8bcd8b699fbf7f54,SO,The largest phylum of the animal kingdom is what?,antibodies,arthropods,B,14.25,11.8125,2.4375,0.9196425311777929,A,False
T3,cac0fa7214cbe64d0ab89e006dbeb1ae517eefeda15cb3aa8bcd8b699fbf7f54,SS,The largest phylum of the animal kingdom is what?,antibodies,antibodies,A,3.921875,17.875,-13.953125,8.714338561413278e-07,B,False
T3,cc50a44f4933ce813b8cb212ba62698d3ce88e09c0bbc97b3982ded33080a34b,OO,What kind of symmetry do most adult echinoderms possess?,radial symmetry,radial symmetry,A,15.375,-5.40625,20.78125,0.9999999990563351,A,True
T3,cc50a44f4933ce813b8cb212ba62698d3ce88e09c0bbc97b3982ded33080a34b,OS,What kind of symmetry do most adult echinoderms possess?,radial symmetry,aldehydes,B,-5.875,15.5625,-21.4375,4.895668964435012e-10,B,True
T3,cc50a44f4933ce813b8cb212ba62698d3ce88e09c0bbc97b3982ded33080a34b,SO,What kind of symmetry do most adult echinoderms possess?,aldehydes,radial symmetry,B,8.625,15.9375,-7.3125,0.0006667023092435893,B,True
T3,cc50a44f4933ce813b8cb212ba62698d3ce88e09c0bbc97b3982ded33080a34b,SS,What kind of symmetry do most adult echinoderms possess?,aldehydes,aldehydes,A,14.8125,4.84375,9.96875,0.9999531611157506,A,True
T3,cdb209dfdd30b70226f07ea3b2a1d66934b12cde4d1418a7e0eb8415102cefbf,OO,Oxygen and glucose are both reactants in the process of,cellular respiration,cellular respiration,A,16.0,-3.203125,19.203125,0.9999999954271308,A,True
T3,cdb209dfdd30b70226f07ea3b2a1d66934b12cde4d1418a7e0eb8415102cefbf,OS,Oxygen and glucose are both reactants in the process of,cellular respiration,boiling,B,-3.71875,15.6875,-19.40625,3.732267035007896e-09,B,True
T3,cdb209dfdd30b70226f07ea3b2a1d66934b12cde4d1418a7e0eb8415102cefbf,SO,Oxygen and glucose are both reactants in the process of,boiling,cellular respiration,B,10.5625,15.375,-4.8125,0.008061991528271641,B,True
T3,cdb209dfdd30b70226f07ea3b2a1d66934b12cde4d1418a7e0eb8415102cefbf,SS,Oxygen and glucose are both reactants in the process of,boiling,boiling,A,7.125,17.0,-9.875,5.144221374220898e-05,B,False
T3,ce418392d0f5b3d30a62289bda84082443e573f72af0cb4e771adddf4912a672,OO,What do different soil horizons show different amounts of?,alteration,alteration,A,15.4375,-4.25,19.6875,0.9999999971827371,A,True
T3,ce418392d0f5b3d30a62289bda84082443e573f72af0cb4e771adddf4912a672,OS,What do different soil horizons show different amounts of?,alteration,north and south,B,-4.46875,15.0,-19.46875,3.5061404073873695e-09,B,True
T3,ce418392d0f5b3d30a62289bda84082443e573f72af0cb4e771adddf4912a672,SO,What do different soil horizons show different amounts of?,north and south,alteration,B,-1.15625,16.125,-17.28125,3.1249888422515184e-08,B,True
T3,ce418392d0f5b3d30a62289bda84082443e573f72af0cb4e771adddf4912a672,SS,What do different soil horizons show different amounts of?,north and south,north and south,A,14.5,4.28125,10.21875,0.9999635214623243,A,True
T3,cea8b197e0ac37ba00febf6c4e1bde145a44edf5947f2bfb92cd7b0acb1457db,OO,Each female of a particular species can produce millions of these per year?,eggs,eggs,A,16.5,-5.15625,21.65625,0.999999999606622,A,True
T3,cea8b197e0ac37ba00febf6c4e1bde145a44edf5947f2bfb92cd7b0acb1457db,OS,Each female of a particular species can produce millions of these per year?,eggs,photosynthesis,B,-7.3125,15.8125,-23.125,9.056076988852741e-11,B,True
T3,cea8b197e0ac37ba00febf6c4e1bde145a44edf5947f2bfb92cd7b0acb1457db,SO,Each female of a particular species can produce millions of these per year?,photosynthesis,eggs,B,5.71875,16.0,-10.28125,3.426849054255501e-05,B,True
T3,cea8b197e0ac37ba00febf6c4e1bde145a44edf5947f2bfb92cd7b0acb1457db,SS,Each female of a particular species can produce millions of these per year?,photosynthesis,photosynthesis,A,3.9375,16.625,-12.6875,3.089494448007139e-06,B,False
T3,d0d48352cdbd19507f0a552246d2a2168bc1dfc2e3863af994305ead2aae7dd3,OO,"Two plates may slide past each other in opposite directions, this is called what?",transform plate boundary,transform plate boundary,A,13.75,-6.34375,20.09375,0.9999999981232983,A,True
T3,d0d48352cdbd19507f0a552246d2a2168bc1dfc2e3863af994305ead2aae7dd3,OS,"Two plates may slide past each other in opposite directions, this is called what?",transform plate boundary,galactic center,B,-6.1875,15.6875,-21.875,3.1608814533145753e-10,B,True
T3,d0d48352cdbd19507f0a552246d2a2168bc1dfc2e3863af994305ead2aae7dd3,SO,"Two plates may slide past each other in opposite directions, this is called what?",galactic center,transform plate boundary,B,14.875,8.6875,6.1875,0.9979492564600826,A,False
T3,d0d48352cdbd19507f0a552246d2a2168bc1dfc2e3863af994305ead2aae7dd3,SS,"Two plates may slide past each other in opposite directions, this is called what?",galactic center,galactic center,A,2.90625,16.875,-13.96875,8.579235380478508e-07,B,False
T3,d0dedac3786f3c50237add4d7bfb2121d310f476830a81ea6feb08305f5cf3e2,OO,"The insect reaches full size, acquires wings, and becomes sexually mature after what final stage?",molt,molt,A,15.1875,-2.46875,17.65625,0.9999999785222864,A,True
T3,d0dedac3786f3c50237add4d7bfb2121d310f476830a81ea6feb08305f5cf3e2,OS,"The insect reaches full size, acquires wings, and becomes sexually mature after what final stage?",molt,plate boundaries,B,-6.96875,15.625,-22.59375,1.5404905887011202e-10,B,True
T3,d0dedac3786f3c50237add4d7bfb2121d310f476830a81ea6feb08305f5cf3e2,SO,"The insect reaches full size, acquires wings, and becomes sexually mature after what final stage?",plate boundaries,molt,B,-5.4375,13.9375,-19.375,3.850741907939403e-09,B,True
T3,d0dedac3786f3c50237add4d7bfb2121d310f476830a81ea6feb08305f5cf3e2,SS,"The insect reaches full size, acquires wings, and becomes sexually mature after what final stage?",plate boundaries,plate boundaries,A,9.125,17.875,-8.75,0.00015843621910252592,B,False
T3,d31bdff62a5431cefbafc1ddcca80f33a7b9e4e9d9f4bde3097e57f2a64305ba,OO,What is the name of matter that mechanical wave energy can only travel through?,medium,medium,A,15.1875,-5.3125,20.5,0.9999999987498471,A,True
T3,d31bdff62a5431cefbafc1ddcca80f33a7b9e4e9d9f4bde3097e57f2a64305ba,OS,What is the name of matter that mechanical wave energy can only travel through?,medium,mutations,B,-6.34375,16.875,-23.21875,8.245651931872545e-11,B,True
T3,d31bdff62a5431cefbafc1ddcca80f33a7b9e4e9d9f4bde3097e57f2a64305ba,SO,What is the name of matter that mechanical wave energy can only travel through?,mutations,medium,B,15.0625,8.1875,6.875,0.9989677689632452,A,False
T3,d31bdff62a5431cefbafc1ddcca80f33a7b9e4e9d9f4bde3097e57f2a64305ba,SS,What is the name of matter that mechanical wave energy can only travel through?,mutations,mutations,A,14.1875,1.953125,12.234375,0.9999951395515977,A,True
T3,d35369d23dcfca940802e819edbb63fe588d8bcdb32d728cabfe82a68292ab6a,OO,Amylose and amylopectin are the two most common components of naturally occurring what?,starch,starch,A,16.375,-4.8125,21.1875,0.9999999993713837,A,True
T3,d35369d23dcfca940802e819edbb63fe588d8bcdb32d728cabfe82a68292ab6a,OS,Amylose and amylopectin are the two most common components of naturally occurring what?,starch,three,B,-4.96875,14.4375,-19.40625,3.732267035007896e-09,B,True
T3,d35369d23dcfca940802e819edbb63fe588d8bcdb32d728cabfe82a68292ab6a,SO,Amylose and amylopectin are the two most common components of naturally occurring what?,three,starch,B,4.40625,16.625,-12.21875,4.936988949458183e-06,B,True
T3,d35369d23dcfca940802e819edbb63fe588d8bcdb32d728cabfe82a68292ab6a,SS,Amylose and amylopectin are the two most common components of naturally occurring what?,three,three,A,15.4375,-4.71875,20.15625,0.9999999982370018,A,True
T3,d35de5394da8e8af12e0fa779b01cf8497c1cc6f87f64264f948bc187b357d73,OO,What is the pattern of spacing among individuals within the boundaries of the population?,dispersion,dispersion,A,15.8125,-4.84375,20.65625,0.9999999989306876,A,True
T3,d35de5394da8e8af12e0fa779b01cf8497c1cc6f87f64264f948bc187b357d73,OS,What is the pattern of spacing among individuals within the boundaries of the population?,dispersion,dehydration synthesis reaction,B,-6.6875,16.625,-23.3125,7.507751520358648e-11,B,True
T3,d35de5394da8e8af12e0fa779b01cf8497c1cc6f87f64264f948bc187b357d73,SO,What is the pattern of spacing among individuals within the boundaries of the population?,dehydration synthesis reaction,dispersion,B,-1.359375,16.5,-17.859375,1.7529598926666918e-08,B,True
T3,d35de5394da8e8af12e0fa779b01cf8497c1cc6f87f64264f948bc187b357d73,SS,What is the pattern of spacing among individuals within the boundaries of the population?,dehydration synthesis reaction,dehydration synthesis reaction,A,14.9375,3.453125,11.484375,0.9999897104865146,A,True
T3,d3f802c5c147cd1fb842715b1ad21f6f8e9faa2d9d00ce60d1fce94c4304ff1e,OO,What are the most abundant source of energy found in most foods?,carbohydrates,carbohydrates,A,14.6875,-5.71875,20.40625,0.9999999986269756,A,True
T3,d3f802c5c147cd1fb842715b1ad21f6f8e9faa2d9d00ce60d1fce94c4304ff1e,OS,What are the most abundant source of energy found in most foods?,carbohydrates,darwin,B,-5.375,17.125,-22.5,1.6918979223288784e-10,B,True
T3,d3f802c5c147cd1fb842715b1ad21f6f8e9faa2d9d00ce60d1fce94c4304ff1e,SO,What are the most abundant source of energy found in most foods?,darwin,carbohydrates,B,-1.875,15.8125,-17.6875,2.0816913725037723e-08,B,True
T3,d3f802c5c147cd1fb842715b1ad21f6f8e9faa2d9d00ce60d1fce94c4304ff1e,SS,What are the most abundant source of energy found in most foods?,darwin,darwin,A,15.625,6.03125,9.59375,0.9999318512778838,A,True
T3,d4241ccb0b12c49180c5b46a1c5f7c5fe602cec9b4deb75282437541050b5fcb,OO,What do you call the angle at which waves strike a wall?,angle of incidence,angle of incidence,A,14.4375,-5.15625,19.59375,0.999999996905842,A,True
T3,d4241ccb0b12c49180c5b46a1c5f7c5fe602cec9b4deb75282437541050b5fcb,OS,What do you call the angle at which waves strike a wall?,angle of incidence,bacteria,B,-4.8125,17.125,-21.9375,2.9693733273054213e-10,B,True
T3,d4241ccb0b12c49180c5b46a1c5f7c5fe602cec9b4deb75282437541050b5fcb,SO,What do you call the angle at which waves strike a wall?,bacteria,angle of incidence,B,15.5625,11.625,3.9375,0.9808759632491112,A,False
T3,d4241ccb0b12c49180c5b46a1c5f7c5fe602cec9b4deb75282437541050b5fcb,SS,What do you call the angle at which waves strike a wall?,bacteria,bacteria,A,17.0,12.0625,4.9375,0.9928785712542649,A,True
T3,d716b45450cc92f0207e397647f2e955120b268a9c3a06f632f6beb374da68a3,OO,Excess dietary fat is stored as triglycerides in the body. what type of tissue is used to store the triglycerides?,adipose,adipose,A,15.0625,-6.625,21.6875,0.999999999618725,A,True
T3,d716b45450cc92f0207e397647f2e955120b268a9c3a06f632f6beb374da68a3,OS,Excess dietary fat is stored as triglycerides in the body. what type of tissue is used to store the triglycerides?,adipose,electrons,B,-7.78125,15.375,-23.15625,8.77745079159699e-11,B,True
T3,d716b45450cc92f0207e397647f2e955120b268a9c3a06f632f6beb374da68a3,SO,Excess dietary fat is stored as triglycerides in the body. what type of tissue is used to store the triglycerides?,electrons,adipose,B,1.140625,16.0,-14.859375,3.520912886939413e-07,B,True
T3,d716b45450cc92f0207e397647f2e955120b268a9c3a06f632f6beb374da68a3,SS,Excess dietary fat is stored as triglycerides in the body. what type of tissue is used to store the triglycerides?,electrons,electrons,A,3.28125,17.625,-14.34375,5.896418079129241e-07,B,False
T3,d7bf00bba92da939b45008d97af6b4c84e6278724e013e42d7b4e27c38110458,OO,What is the term for a partial degradation of glucose without the use of oxygen?,fermentation,fermentation,A,15.625,-4.96875,20.59375,0.999999998861723,A,True
T3,d7bf00bba92da939b45008d97af6b4c84e6278724e013e42d7b4e27c38110458,OS,What is the term for a partial degradation of glucose without the use of oxygen?,fermentation,myoglobin,B,-7.90625,14.4375,-22.34375,1.9780290699739537e-10,B,True
T3,d7bf00bba92da939b45008d97af6b4c84e6278724e013e42d7b4e27c38110458,SO,What is the term for a partial degradation of glucose without the use of oxygen?,myoglobin,fermentation,B,-0.5546875,14.625,-15.1796875,2.555908902849402e-07,B,True
T3,d7bf00bba92da939b45008d97af6b4c84e6278724e013e42d7b4e27c38110458,SS,What is the term for a partial degradation of glucose without the use of oxygen?,myoglobin,myoglobin,A,14.5,3.234375,11.265625,0.9999871945257869,A,True
T3,d9c7c3a3d62120d82c1b75cbfaa8055c1c35fc78cc555030391d0f1e55c6d7cb,OO,"In projectile motion, the horizontal displacement of an object is called its what?",range,range,A,14.875,-5.125,20.0,0.9999999979388463,A,True
T3,d9c7c3a3d62120d82c1b75cbfaa8055c1c35fc78cc555030391d0f1e55c6d7cb,OS,"In projectile motion, the horizontal displacement of an object is called its what?",range,raises it,B,-6.0625,14.9375,-21.0,7.582560422162385e-10,B,True
T3,d9c7c3a3d62120d82c1b75cbfaa8055c1c35fc78cc555030391d0f1e55c6d7cb,SO,"In projectile motion, the horizontal displacement of an object is called its what?",raises it,range,B,-1.5390625,14.3125,-15.8515625,1.3054306944872615e-07,B,True
T3,d9c7c3a3d62120d82c1b75cbfaa8055c1c35fc78cc555030391d0f1e55c6d7cb,SS,"In projectile motion, the horizontal displacement of an object is called its what?",raises it,raises it,A,7.15625,17.25,-10.09375,4.1335397768930325e-05,B,False
T3,db2cc1ea75160c34bce816a645a9c82d6f0612c69f4ddc628944665334960a3c,OO,What do we use to keep track of electric potential energy?,voltage,voltage,A,15.25,-4.375,19.625,0.9999999970010391,A,True
T3,db2cc1ea75160c34bce816a645a9c82d6f0612c69f4ddc628944665334960a3c,OS,What do we use to keep track of electric potential energy?,voltage,amino acids,B,-6.5,15.6875,-22.1875,2.312550272688699e-10,B,True
T3,db2cc1ea75160c34bce816a645a9c82d6f0612c69f4ddc628944665334960a3c,SO,What do we use to keep track of electric potential energy?,amino acids,voltage,B,-3.03125,15.25,-18.28125,1.14961917166371e-08,B,True
T3,db2cc1ea75160c34bce816a645a9c82d6f0612c69f4ddc628944665334960a3c,SS,What do we use to keep track of electric potential energy?,amino acids,amino acids,A,14.75,3.84375,10.90625,0.9999816571066721,A,True
T3,dbc748607fd562ae9060d46dab8422056efb10dc54a5f2c8b485d3a6bc8711fe,OO,"Radioactive isotopes have the same chemical properties as stable isotopes of the same element. still, how is radioactive isotope different from stable isotopes?",they emit radiation,they emit radiation,A,16.125,-6.0,22.125,0.9999999997538302,A,True
T3,dbc748607fd562ae9060d46dab8422056efb10dc54a5f2c8b485d3a6bc8711fe,OS,"Radioactive isotopes have the same chemical properties as stable isotopes of the same element. still, how is radioactive isotope different from stable isotopes?",they emit radiation,motion,B,-6.0,15.625,-21.625,4.058652124828427e-10,B,True
T3,dbc748607fd562ae9060d46dab8422056efb10dc54a5f2c8b485d3a6bc8711fe,SO,"Radioactive isotopes have the same chemical properties as stable isotopes of the same element. still, how is radioactive isotope different from stable isotopes?",motion,they emit radiation,B,7.53125,17.0,-9.46875,7.722191834067996e-05,B,True
T3,dbc748607fd562ae9060d46dab8422056efb10dc54a5f2c8b485d3a6bc8711fe,SS,"Radioactive isotopes have the same chemical properties as stable isotopes of the same element. still, how is radioactive isotope different from stable isotopes?",motion,motion,A,5.34375,17.625,-12.28125,4.637873297353725e-06,B,False
T3,df92f58df4cc2c2dbde60b361c69ab0eb8f2334109a3b3b00348f897e9ca68f9,OO,Ammonium nitrate and ammonium sulfate are used in fertilizers as a source of what?,nitrogen,nitrogen,A,16.125,-5.75,21.875,0.999999999683912,A,True
T3,df92f58df4cc2c2dbde60b361c69ab0eb8f2334109a3b3b00348f897e9ca68f9,OS,Ammonium nitrate and ammonium sulfate are used in fertilizers as a source of what?,nitrogen,bond energy,B,-7.0,15.5,-22.5,1.6918979223288784e-10,B,True
T3,df92f58df4cc2c2dbde60b361c69ab0eb8f2334109a3b3b00348f897e9ca68f9,SO,Ammonium nitrate and ammonium sulfate are used in fertilizers as a source of what?,bond energy,nitrogen,B,15.9375,5.84375,10.09375,0.999958664602231,A,False
T3,df92f58df4cc2c2dbde60b361c69ab0eb8f2334109a3b3b00348f897e9ca68f9,SS,Ammonium nitrate and ammonium sulfate are used in fertilizers as a source of what?,bond energy,bond energy,A,12.25,17.875,-5.625,0.00359360258142009,B,False
T3,e08e53f8618d77cfcb833bf74cc19624c1264d5c4f951bdc414d285aef892c2a,OO,"Over time, heavy metals build up in the tissues of organisms by what process?",bioaccumulation,bioaccumulation,A,14.25,-4.84375,19.09375,0.9999999948985958,A,True
T3,e08e53f8618d77cfcb833bf74cc19624c1264d5c4f951bdc414d285aef892c2a,OS,"Over time, heavy metals build up in the tissues of organisms by what process?",bioaccumulation,density,B,-6.5,15.0,-21.5,4.599055376537186e-10,B,True
T3,e08e53f8618d77cfcb833bf74cc19624c1264d5c4f951bdc414d285aef892c2a,SO,"Over time, heavy metals build up in the tissues of organisms by what process?",density,bioaccumulation,B,-1.3984375,15.125,-16.5234375,6.667487999867308e-08,B,True
T3,e08e53f8618d77cfcb833bf74cc19624c1264d5c4f951bdc414d285aef892c2a,SS,"Over time, heavy metals build up in the tissues of organisms by what process?",density,density,A,14.125,5.3125,8.8125,0.999851161517427,A,True
T3,e13bf18f90782e12eff5b2a82e34a23f4c3da60257463a6615bef523cd15e752,OO,What is another term for flagella?,pseudopods,pseudopods,A,15.25,2.609375,12.640625,0.9999967622380979,A,True
T3,e13bf18f90782e12eff5b2a82e34a23f4c3da60257463a6615bef523cd15e752,OS,What is another term for flagella?,pseudopods,air pressure,B,-2.546875,16.875,-19.421875,3.6744035981306276e-09,B,True
T3,e13bf18f90782e12eff5b2a82e34a23f4c3da60257463a6615bef523cd15e752,SO,What is another term for flagella?,air pressure,pseudopods,B,-4.59375,15.9375,-20.53125,1.2116897048097034e-09,B,True
T3,e13bf18f90782e12eff5b2a82e34a23f4c3da60257463a6615bef523cd15e752,SS,What is another term for flagella?,air pressure,air pressure,A,15.5,16.25,-0.75,0.320821300824607,B,False
T3,e4af26a75545582e1ab872948ff9db6323497b6d05be6c0051b7211af10f7fd1,OO,"Fragmentation with subsequent regeneration is a method of what, exhibited by animals such as sea stars?",asexual reproduction,asexual reproduction,A,14.4375,-5.34375,19.78125,0.9999999974348528,A,True
T3,e4af26a75545582e1ab872948ff9db6323497b6d05be6c0051b7211af10f7fd1,OS,"Fragmentation with subsequent regeneration is a method of what, exhibited by animals such as sea stars?",asexual reproduction,amino acids,B,-4.34375,16.25,-20.59375,1.1382771368584038e-09,B,True
T3,e4af26a75545582e1ab872948ff9db6323497b6d05be6c0051b7211af10f7fd1,SO,"Fragmentation with subsequent regeneration is a method of what, exhibited by animals such as sea stars?",amino acids,asexual reproduction,B,-3.625,14.8125,-18.4375,9.833213883008256e-09,B,True
T3,e4af26a75545582e1ab872948ff9db6323497b6d05be6c0051b7211af10f7fd1,SS,"Fragmentation with subsequent regeneration is a method of what, exhibited by animals such as sea stars?",amino acids,amino acids,A,15.8125,12.3125,3.5,0.9706877692486436,A,True
T3,eae655db4698b26b8506484e3d2964ae122201a1fc6e1efb5f1c16cdc3b64049,OO,What is the name for the process of insects transforming from a young insect to an adult?,metamorphosis,metamorphosis,A,15.0625,-4.3125,19.375,0.999999996149258,A,True
T3,eae655db4698b26b8506484e3d2964ae122201a1fc6e1efb5f1c16cdc3b64049,OS,What is the name for the process of insects transforming from a young insect to an adult?,metamorphosis,matter,B,-6.9375,16.375,-23.3125,7.507751520358648e-11,B,True
T3,eae655db4698b26b8506484e3d2964ae122201a1fc6e1efb5f1c16cdc3b64049,SO,What is the name for the process of insects transforming from a young insect to an adult?,matter,metamorphosis,B,15.6875,7.84375,7.84375,0.9996079582107623,A,False
T3,eae655db4698b26b8506484e3d2964ae122201a1fc6e1efb5f1c16cdc3b64049,SS,What is the name for the process of insects transforming from a young insect to an adult?,matter,matter,A,9.9375,19.125,-9.1875,0.00010229985472581486,B,False
T3,eb6704eeee9a9abba2fc2f51151204c4a573f0e711c727c3beb28b780a34780c,OO,Water waves act as a mix of longitudinal and what other kind of wave?,transverse wave,transverse wave,A,14.5625,-5.625,20.1875,0.9999999982912435,A,True
T3,eb6704eeee9a9abba2fc2f51151204c4a573f0e711c727c3beb28b780a34780c,OS,Water waves act as a mix of longitudinal and what other kind of wave?,transverse wave,conducting electricity,B,-5.6875,15.375,-21.0625,7.123156310479049e-10,B,True
T3,eb6704eeee9a9abba2fc2f51151204c4a573f0e711c727c3beb28b780a34780c,SO,Water waves act as a mix of longitudinal and what other kind of wave?,conducting electricity,transverse wave,B,13.5,11.3125,2.1875,0.8991213772699436,A,False
T3,eb6704eeee9a9abba2fc2f51151204c4a573f0e711c727c3beb28b780a34780c,SS,Water waves act as a mix of longitudinal and what other kind of wave?,conducting electricity,conducting electricity,A,6.53125,16.75,-10.21875,3.6478537675800285e-05,B,False
T3,eb7109e266e4b82c5c40e57d34e79d881672c52b72920bfbadaae2073c969552,OO,"Stem cells are unspecialized cells that can reproduce themselves via cell division, sometimes after years of inactivity. under certain conditions, they may differentiate into tissue-specific or organ-specific cells with special these?",functions,functions,A,17.75,-3.484375,21.234375,0.99999999940017,A,True
T3,eb7109e266e4b82c5c40e57d34e79d881672c52b72920bfbadaae2073c969552,OS,"Stem cells are unspecialized cells that can reproduce themselves via cell division, sometimes after years of inactivity. under certain conditions, they may differentiate into tissue-specific or organ-specific cells with special these?",functions,carbon,B,-4.125,17.0,-21.125,6.691586086815049e-10,B,True
T3,eb7109e266e4b82c5c40e57d34e79d881672c52b72920bfbadaae2073c969552,SO,"Stem cells are unspecialized cells that can reproduce themselves via cell division, sometimes after years of inactivity. under certain conditions, they may differentiate into tissue-specific or organ-specific cells with special these?",carbon,functions,B,2.765625,18.75,-15.984375,1.1430733279032194e-07,B,True
T3,eb7109e266e4b82c5c40e57d34e79d881672c52b72920bfbadaae2073c969552,SS,"Stem cells are unspecialized cells that can reproduce themselves via cell division, sometimes after years of inactivity. under certain conditions, they may differentiate into tissue-specific or organ-specific cells with special these?",carbon,carbon,A,8.5625,18.375,-9.8125,5.4759769804494653e-05,B,False
T3,ec40f07be49219f365f3c31b8e4fc0335a4215a20a4ad5fe8f4ba7470503754c,OO,What term refers to a list of the elements that will replace the ones below them in single-replacement reactions?,activity series,activity series,A,14.375,-6.21875,20.59375,0.999999998861723,A,True
T3,ec40f07be49219f365f3c31b8e4fc0335a4215a20a4ad5fe8f4ba7470503754c,OS,What term refers to a list of the elements that will replace the ones below them in single-replacement reactions?,activity series,cell membrane,B,-7.5,15.25,-22.75,1.3176514268359263e-10,B,True
T3,ec40f07be49219f365f3c31b8e4fc0335a4215a20a4ad5fe8f4ba7470503754c,SO,What term refers to a list of the elements that will replace the ones below them in single-replacement reactions?,cell membrane,activity series,B,-0.86328125,13.8125,-14.67578125,4.2304737224511743e-07,B,True
T3,ec40f07be49219f365f3c31b8e4fc0335a4215a20a4ad5fe8f4ba7470503754c,SS,What term refers to a list of the elements that will replace the ones below them in single-replacement reactions?,cell membrane,cell membrane,A,2.59375,14.375,-11.78125,7.646537350121257e-06,B,False
T3,ec74e741d6422e5050b1abd86d31b39929eb5b8549360b4faa0a63f9262b539d,OO,"What process is the synthesis of glucose from pyruvate, lactate and glycerol?",gluconeogenesis,gluconeogenesis,A,14.0625,-5.0625,19.125,0.9999999950555496,A,True
T3,ec74e741d6422e5050b1abd86d31b39929eb5b8549360b4faa0a63f9262b539d,OS,"What process is the synthesis of glucose from pyruvate, lactate and glycerol?",gluconeogenesis,intestinal flora,B,-6.0625,15.25,-21.3125,5.54751971341519e-10,B,True
T3,ec74e741d6422e5050b1abd86d31b39929eb5b8549360b4faa0a63f9262b539d,SO,"What process is the synthesis of glucose from pyruvate, lactate and glycerol?",intestinal flora,gluconeogenesis,B,9.5625,13.375,-3.8125,0.021615332762647654,B,True
T3,ec74e741d6422e5050b1abd86d31b39929eb5b8549360b4faa0a63f9262b539d,SS,"What process is the synthesis of glucose from pyruvate, lactate and glycerol?",intestinal flora,intestinal flora,A,14.1875,1.2421875,12.9453125,0.9999976126220526,A,True
T3,ec9503c6deb0e6d6538ee9b707aa7fc898aef19d75519ddf35fe549597da80a1,OO,What type of evolution happens when two species evolve the same traits?,convergent,convergent,A,15.875,-5.125,21.0,0.9999999992417439,A,True
T3,ec9503c6deb0e6d6538ee9b707aa7fc898aef19d75519ddf35fe549597da80a1,OS,What type of evolution happens when two species evolve the same traits?,convergent,cloacal bladder,B,-5.84375,15.75,-21.59375,4.187487573070005e-10,B,True
T3,ec9503c6deb0e6d6538ee9b707aa7fc898aef19d75519ddf35fe549597da80a1,SO,What type of evolution happens when two species evolve the same traits?,cloacal bladder,convergent,B,2.453125,16.0,-13.546875,1.3081765876704983e-06,B,True
T3,ec9503c6deb0e6d6538ee9b707aa7fc898aef19d75519ddf35fe549597da80a1,SS,What type of evolution happens when two species evolve the same traits?,cloacal bladder,cloacal bladder,A,14.6875,1.5546875,13.1328125,0.9999980207933576,A,True
T3,eed93994a6adad820f6549e6e20cbe93f64f0060a52d3af8e31077710e1a77fe,OO,What series of reactions is common to fermentation and cellular respiration?,glycolysis,glycolysis,A,15.0625,-4.8125,19.875,0.999999997664407,A,True
T3,eed93994a6adad820f6549e6e20cbe93f64f0060a52d3af8e31077710e1a77fe,OS,What series of reactions is common to fermentation and cellular respiration?,glycolysis,intestinal flora,B,-7.25,15.375,-22.625,1.493094675974231e-10,B,True
T3,eed93994a6adad820f6549e6e20cbe93f64f0060a52d3af8e31077710e1a77fe,SO,What series of reactions is common to fermentation and cellular respiration?,intestinal flora,glycolysis,B,10.25,14.875,-4.625,0.009708476481474066,B,True
T3,eed93994a6adad820f6549e6e20cbe93f64f0060a52d3af8e31077710e1a77fe,SS,What series of reactions is common to fermentation and cellular respiration?,intestinal flora,intestinal flora,A,14.9375,17.25,-2.3125,0.09009299396195182,B,False
T3,ef98391de8f801b35fcec12d7b524a0be5c766b9c84d2e36603c105dbd8f7116,OO,How much of its alleles does a plant pass on when it reproduces sexually?,half,half,A,14.75,-6.28125,21.03125,0.999999999265073,A,True
T3,ef98391de8f801b35fcec12d7b524a0be5c766b9c84d2e36603c105dbd8f7116,OS,How much of its alleles does a plant pass on when it reproduces sexually?,half,carbon dioxide,B,-6.71875,15.8125,-22.53125,1.6398436956711613e-10,B,True
T3,ef98391de8f801b35fcec12d7b524a0be5c766b9c84d2e36603c105dbd8f7116,SO,How much of its alleles does a plant pass on when it reproduces sexually?,carbon dioxide,half,B,2.25,16.125,-13.875,9.422445939071362e-07,B,True
T3,ef98391de8f801b35fcec12d7b524a0be5c766b9c84d2e36603c105dbd8f7116,SS,How much of its alleles does a plant pass on when it reproduces sexually?,carbon dioxide,carbon dioxide,A,2.484375,17.125,-14.640625,4.3818465082408074e-07,B,False
T3,ef9b265b3c0689deea4d6347e77e250fbb72b3d5b45768806264de9005b7c3e8,OO,What part of vertebrates integrates the endocrine and nervous systems?,the hypothalamus,the hypothalamus,A,14.8125,-5.75,20.5625,0.9999999988255901,A,True
T3,ef9b265b3c0689deea4d6347e77e250fbb72b3d5b45768806264de9005b7c3e8,OS,What part of vertebrates integrates the endocrine and nervous systems?,the hypothalamus,simple machines,B,-6.625,16.625,-23.25,7.991959892315218e-11,B,True
T3,ef9b265b3c0689deea4d6347e77e250fbb72b3d5b45768806264de9005b7c3e8,SO,What part of vertebrates integrates the endocrine and nervous systems?,simple machines,the hypothalamus,B,-0.5703125,15.6875,-16.2578125,8.696043542485577e-08,B,True
T3,ef9b265b3c0689deea4d6347e77e250fbb72b3d5b45768806264de9005b7c3e8,SS,What part of vertebrates integrates the endocrine and nervous systems?,simple machines,simple machines,A,8.5625,17.5,-8.9375,0.00013135179706526775,B,False
T3,efdaacba8f4a5c0d58c0adb6ee32c5c86d760cdb66eda6c7f7d5f2f338b4caa5,OO,What type of energy is the energy stored in an object due to its position?,potential energy,potential energy,A,14.875,-5.375,20.25,0.999999998394772,A,True
T3,efdaacba8f4a5c0d58c0adb6ee32c5c86d760cdb66eda6c7f7d5f2f338b4caa5,OS,What type of energy is the energy stored in an object due to its position?,potential energy,thermal,B,-6.03125,14.4375,-20.46875,1.289836976596949e-09,B,True
T3,efdaacba8f4a5c0d58c0adb6ee32c5c86d760cdb66eda6c7f7d5f2f338b4caa5,SO,What type of energy is the energy stored in an object due to its position?,thermal,potential energy,B,11.625,15.25,-3.625,0.02595735719779685,B,True
T3,efdaacba8f4a5c0d58c0adb6ee32c5c86d760cdb66eda6c7f7d5f2f338b4caa5,SS,What type of energy is the energy stored in an object due to its position?,thermal,thermal,A,7.0,17.25,-10.25,3.5356250741744315e-05,B,False
T3,f04c5f9198427ddb50a413ef41e9cf3d877b8ffdfa63e3349044daa372bb226c,OO,What does k stand for on the periodic table?,potassium,potassium,A,15.8125,-2.109375,17.921875,0.9999999835324658,A,True
T3,f04c5f9198427ddb50a413ef41e9cf3d877b8ffdfa63e3349044daa372bb226c,OS,What does k stand for on the periodic table?,potassium,suspension feeders,B,-5.8125,16.125,-21.9375,2.9693733273054213e-10,B,True
T3,f04c5f9198427ddb50a413ef41e9cf3d877b8ffdfa63e3349044daa372bb226c,SO,What does k stand for on the periodic table?,suspension feeders,potassium,B,-2.90625,14.5625,-17.46875,2.590706758057049e-08,B,True
T3,f04c5f9198427ddb50a413ef41e9cf3d877b8ffdfa63e3349044daa372bb226c,SS,What does k stand for on the periodic table?,suspension feeders,suspension feeders,A,3.84375,16.625,-12.78125,2.8130174840733106e-06,B,False
T3,f1db4d3c9b7d73d26d303534a6845276c17c7181324656367b0f21f9cb9a7bc9,OO,"All the bones of the skull, except for the mandible, are joined to each other by a fibrous joint called what?",suture,suture,A,15.6875,-4.15625,19.84375,0.9999999975902674,A,True
T3,f1db4d3c9b7d73d26d303534a6845276c17c7181324656367b0f21f9cb9a7bc9,OS,"All the bones of the skull, except for the mandible, are joined to each other by a fibrous joint called what?",suture,population growth,B,-6.5625,16.125,-22.6875,1.402632642640135e-10,B,True
T3,f1db4d3c9b7d73d26d303534a6845276c17c7181324656367b0f21f9cb9a7bc9,SO,"All the bones of the skull, except for the mandible, are joined to each other by a fibrous joint called what?",population growth,suture,B,0.89453125,15.3125,-14.41796875,5.474639087805734e-07,B,True
T3,f1db4d3c9b7d73d26d303534a6845276c17c7181324656367b0f21f9cb9a7bc9,SS,"All the bones of the skull, except for the mandible, are joined to each other by a fibrous joint called what?",population growth,population growth,A,3.890625,18.125,-14.234375,6.577929256610509e-07,B,False
T3,f20304d9829cd1ebda2d497ee0dd5a79bdc7f93d34b68baddcb228e99b81ebbe,OO,What are all living things on earth formed of?,carbon compounds,carbon compounds,A,14.5625,-6.25,20.8125,0.9999999990853685,A,True
T3,f20304d9829cd1ebda2d497ee0dd5a79bdc7f93d34b68baddcb228e99b81ebbe,OS,What are all living things on earth formed of?,carbon compounds,termination,B,-4.0,16.0,-20.0,2.0611536181902037e-09,B,True
T3,f20304d9829cd1ebda2d497ee0dd5a79bdc7f93d34b68baddcb228e99b81ebbe,SO,What are all living things on earth formed of?,termination,carbon compounds,B,-5.46875,15.0625,-20.53125,1.2116897048097034e-09,B,True
T3,f20304d9829cd1ebda2d497ee0dd5a79bdc7f93d34b68baddcb228e99b81ebbe,SS,What are all living things on earth formed of?,termination,termination,A,16.125,4.5,11.625,0.9999910603036951,A,True
T3,f2a0372b48ecb146721a5a97015730fd57d998767bee00a9570618d5b4a15334,OO,What is the term for a disease in which the immune system makes an inflammatory response to a harmless antigen?,allergy,allergy,A,15.4375,-4.5,19.9375,0.9999999978059133,A,True
T3,f2a0372b48ecb146721a5a97015730fd57d998767bee00a9570618d5b4a15334,OS,What is the term for a disease in which the immune system makes an inflammatory response to a harmless antigen?,allergy,mosses,B,-7.0,15.8125,-22.8125,1.2378189626143658e-10,B,True
T3,f2a0372b48ecb146721a5a97015730fd57d998767bee00a9570618d5b4a15334,SO,What is the term for a disease in which the immune system makes an inflammatory response to a harmless antigen?,mosses,allergy,B,14.75,11.1875,3.5625,0.9724147177732099,A,False
T3,f2a0372b48ecb146721a5a97015730fd57d998767bee00a9570618d5b4a15334,SS,What is the term for a disease in which the immune system makes an inflammatory response to a harmless antigen?,mosses,mosses,A,5.875,17.0,-11.125,1.4738981974494931e-05,B,False
T3,f37d2a4996b7b5ce70513d5a92bdd7b0e05be64b6c08b51aa368154fcfad91c4,OO,"Typically, what feature of an angiosperm has four main parts known as the calyx, corolla, androecium, and gynoecium?",flower,flower,A,16.5,-3.5,20.0,0.9999999979388463,A,True
T3,f37d2a4996b7b5ce70513d5a92bdd7b0e05be64b6c08b51aa368154fcfad91c4,OS,"Typically, what feature of an angiosperm has four main parts known as the calyx, corolla, androecium, and gynoecium?",flower,raise sea levels,B,-6.21875,16.25,-22.46875,1.7456045275148743e-10,B,True
T3,f37d2a4996b7b5ce70513d5a92bdd7b0e05be64b6c08b51aa368154fcfad91c4,SO,"Typically, what feature of an angiosperm has four main parts known as the calyx, corolla, androecium, and gynoecium?",raise sea levels,flower,B,3.0625,15.9375,-12.875,2.561282210758673e-06,B,True
T3,f37d2a4996b7b5ce70513d5a92bdd7b0e05be64b6c08b51aa368154fcfad91c4,SS,"Typically, what feature of an angiosperm has four main parts known as the calyx, corolla, androecium, and gynoecium?",raise sea levels,raise sea levels,A,-0.431640625,15.875,-16.306640625,8.281631881668219e-08,B,False
T3,f524e071bcf08ff1baad251f50a7a97999375742cfa6dd57e94b8aa3a1ceaa04,OO,"When a hypothesis is repeatedly confirmed, what can it then become?",theory,theory,A,14.5625,-4.9375,19.5,0.9999999966017321,A,True
T3,f524e071bcf08ff1baad251f50a7a97999375742cfa6dd57e94b8aa3a1ceaa04,OS,"When a hypothesis is repeatedly confirmed, what can it then become?",theory,solid,B,-1.7421875,15.8125,-17.5546875,2.3773661617896932e-08,B,True
T3,f524e071bcf08ff1baad251f50a7a97999375742cfa6dd57e94b8aa3a1ceaa04,SO,"When a hypothesis is repeatedly confirmed, what can it then become?",solid,theory,B,-4.84375,14.3125,-19.15625,4.792325729735789e-09,B,True
T3,f524e071bcf08ff1baad251f50a7a97999375742cfa6dd57e94b8aa3a1ceaa04,SS,"When a hypothesis is repeatedly confirmed, what can it then become?",solid,solid,A,16.5,-3.59375,20.09375,0.9999999981232983,A,True
T3,f538e6d9e25af7fa03c2210f1b0ef02f8ee12550bee0b32a4bd212ba68e29d94,OO,What collect sunlight on the roof of a house for energy?,solar panels,solar panels,A,15.125,-5.78125,20.90625,0.9999999991672186,A,True
T3,f538e6d9e25af7fa03c2210f1b0ef02f8ee12550bee0b32a4bd212ba68e29d94,OS,What collect sunlight on the roof of a house for energy?,solar panels,cells,B,0.419921875,15.3125,-14.892578125,3.405927123023603e-07,B,True
T3,f538e6d9e25af7fa03c2210f1b0ef02f8ee12550bee0b32a4bd212ba68e29d94,SO,What collect sunlight on the roof of a house for energy?,cells,solar panels,B,10.125,15.75,-5.625,0.00359360258142009,B,True
T3,f538e6d9e25af7fa03c2210f1b0ef02f8ee12550bee0b32a4bd212ba68e29d94,SS,What collect sunlight on the roof of a house for energy?,cells,cells,A,14.25,-4.90625,19.15625,0.9999999952076744,A,True
T3,f6de5c13ed4fd11307e97176a4d61e5186ee5234eb6a25331341e4aa82d86287,OO,"What organ has four major regions: the cerebrum, the diencephalon, the stem, and the cerebellum?",brain,brain,A,15.5625,-3.46875,19.03125,0.9999999945695834,A,True
T3,f6de5c13ed4fd11307e97176a4d61e5186ee5234eb6a25331341e4aa82d86287,OS,"What organ has four major regions: the cerebrum, the diencephalon, the stem, and the cerebellum?",brain,tidal volume,B,-6.84375,15.3125,-22.15625,2.385958498339302e-10,B,True
T3,f6de5c13ed4fd11307e97176a4d61e5186ee5234eb6a25331341e4aa82d86287,SO,"What organ has four major regions: the cerebrum, the diencephalon, the stem, and the cerebellum?",tidal volume,brain,B,13.5625,14.25,-0.6875,0.334589441253186,B,True
T3,f6de5c13ed4fd11307e97176a4d61e5186ee5234eb6a25331341e4aa82d86287,SS,"What organ has four major regions: the cerebrum, the diencephalon, the stem, and the cerebellum?",tidal volume,tidal volume,A,1.8359375,16.625,-14.7890625,3.777388029211108e-07,B,False
T3,f6e1ffc35259211e4c898f01fc2d43df8802b8a13c1581735a278c681e67bc92,OO,What two things are excess proteins converted into?,glucose or triglycerides,glucose or triglycerides,A,13.75,-6.1875,19.9375,0.9999999978059133,A,True
T3,f6e1ffc35259211e4c898f01fc2d43df8802b8a13c1581735a278c681e67bc92,OS,What two things are excess proteins converted into?,glucose or triglycerides,chemical reactions,B,-4.65625,14.5625,-19.21875,4.501973393078081e-09,B,True
T3,f6e1ffc35259211e4c898f01fc2d43df8802b8a13c1581735a278c681e67bc92,SO,What two things are excess proteins converted into?,chemical reactions,glucose or triglycerides,B,-3.78125,14.5,-18.28125,1.14961917166371e-08,B,True
T3,f6e1ffc35259211e4c898f01fc2d43df8802b8a13c1581735a278c681e67bc92,SS,What two things are excess proteins converted into?,chemical reactions,chemical reactions,A,14.75,-2.171875,16.921875,0.9999999552366021,A,True
T3,f792425150ef401049f0567570e52700cf4a65c670dbc40e2987e227ad7b818c,OO,Protein molecules are made up of chains of small molecules made up of what kinds of acids?,amino acids,amino acids,A,15.25,-5.9375,21.1875,0.9999999993713837,A,True
T3,f792425150ef401049f0567570e52700cf4a65c670dbc40e2987e227ad7b818c,OS,Protein molecules are made up of chains of small molecules made up of what kinds of acids?,amino acids,light,B,-6.875,14.25,-21.125,6.691586086815049e-10,B,True
T3,f792425150ef401049f0567570e52700cf4a65c670dbc40e2987e227ad7b818c,SO,Protein molecules are made up of chains of small molecules made up of what kinds of acids?,light,amino acids,B,2.640625,15.75,-13.109375,2.026142080244835e-06,B,True
T3,f792425150ef401049f0567570e52700cf4a65c670dbc40e2987e227ad7b818c,SS,Protein molecules are made up of chains of small molecules made up of what kinds of acids?,light,light,A,6.96875,16.625,-9.65625,6.402006410383949e-05,B,False
T3,f8a29966fb2123d58aa5371a0d5ef847b77b0d3a3efbd0e38dc667d80aa3db54,OO,"Rems, rads, and curies are all used to measure what?",radioactivity,radioactivity,A,16.125,-4.65625,20.78125,0.9999999990563351,A,True
T3,f8a29966fb2123d58aa5371a0d5ef847b77b0d3a3efbd0e38dc667d80aa3db54,OS,"Rems, rads, and curies are all used to measure what?",radioactivity,photosphere,B,-7.03125,14.875,-21.90625,3.063631354822167e-10,B,True
T3,f8a29966fb2123d58aa5371a0d5ef847b77b0d3a3efbd0e38dc667d80aa3db54,SO,"Rems, rads, and curies are all used to measure what?",photosphere,radioactivity,B,5.40625,16.125,-10.71875,2.212566909570261e-05,B,True
T3,f8a29966fb2123d58aa5371a0d5ef847b77b0d3a3efbd0e38dc667d80aa3db54,SS,"Rems, rads, and curies are all used to measure what?",photosphere,photosphere,A,-3.21875,15.1875,-18.40625,1.0145353595155653e-08,B,False
T3,fa86e109c063366a399a71e8f1b5d56e1cd7ca60dcb9782a5c568d18bc8838d8,OO,What is the name of the effect that causes air masses to move on a diagonal?,the coriolis effect,the coriolis effect,A,14.0625,-5.34375,19.40625,0.9999999962677331,A,True
T3,fa86e109c063366a399a71e8f1b5d56e1cd7ca60dcb9782a5c568d18bc8838d8,OS,What is the name of the effect that causes air masses to move on a diagonal?,the coriolis effect,brain,B,-6.03125,15.0625,-21.09375,6.903999830637495e-10,B,True
T3,fa86e109c063366a399a71e8f1b5d56e1cd7ca60dcb9782a5c568d18bc8838d8,SO,What is the name of the effect that causes air masses to move on a diagonal?,brain,the coriolis effect,B,-3.03125,14.875,-17.90625,1.67268601610192e-08,B,True
T3,fa86e109c063366a399a71e8f1b5d56e1cd7ca60dcb9782a5c568d18bc8838d8,SS,What is the name of the effect that causes air masses to move on a diagonal?,brain,brain,A,15.0,4.09375,10.90625,0.9999816571066721,A,True
T3,fb5830d3a45b1646a07299fbfcfec7df52b57bf6253116db62f1d7c0ad326c2b,OO,Cellular innate defenses in vertebrates also involve natural killer what?,cells,cells,A,15.6875,-4.875,20.5625,0.9999999988255901,A,True
T3,fb5830d3a45b1646a07299fbfcfec7df52b57bf6253116db62f1d7c0ad326c2b,OS,Cellular innate defenses in vertebrates also involve natural killer what?,cells,greater,B,-7.15625,15.0625,-22.21875,2.2414005807031664e-10,B,True
T3,fb5830d3a45b1646a07299fbfcfec7df52b57bf6253116db62f1d7c0ad326c2b,SO,Cellular innate defenses in vertebrates also involve natural killer what?,greater,cells,B,-1.890625,14.3125,-16.203125,9.184852429802007e-08,B,True
T3,fb5830d3a45b1646a07299fbfcfec7df52b57bf6253116db62f1d7c0ad326c2b,SS,Cellular innate defenses in vertebrates also involve natural killer what?,greater,greater,A,14.1875,0.240234375,13.947265625,0.9999991234451021,A,True
T3,fb5af5f7dd217463205da05462b43b882bc5694f0971c8bf093ea12e349625a6,OO,What is the physical breakdown of chunks of food into smaller pieces?,mechanical digestion,mechanical digestion,A,15.5625,-5.40625,20.96875,0.9999999992176742,A,True
T3,fb5af5f7dd217463205da05462b43b882bc5694f0971c8bf093ea12e349625a6,OS,What is the physical breakdown of chunks of food into smaller pieces?,mechanical digestion,tides,B,-5.53125,16.25,-21.78125,3.471549130342153e-10,B,True
T3,fb5af5f7dd217463205da05462b43b882bc5694f0971c8bf093ea12e349625a6,SO,What is the physical breakdown of chunks of food into smaller pieces?,tides,mechanical digestion,B,6.1875,17.125,-10.9375,1.7778551863194697e-05,B,True
T3,fb5af5f7dd217463205da05462b43b882bc5694f0971c8bf093ea12e349625a6,SS,What is the physical breakdown of chunks of food into smaller pieces?,tides,tides,A,5.6875,17.125,-11.4375,1.0783312222985276e-05,B,False
T3,fe8d6ea33b2967974ed5d5bb87deaec20c56d3847aeb51fca31b56797035a3a8,OO,The small amount of energy input necessary for all chemical reactions to occur is called what?,activation energy,activation energy,A,14.625,-5.25,19.875,0.999999997664407,A,True
T3,fe8d6ea33b2967974ed5d5bb87deaec20c56d3847aeb51fca31b56797035a3a8,OS,The small amount of energy input necessary for all chemical reactions to occur is called what?,activation energy,exhalation,B,-6.34375,15.6875,-22.03125,2.7036451813889373e-10,B,True
T3,fe8d6ea33b2967974ed5d5bb87deaec20c56d3847aeb51fca31b56797035a3a8,SO,The small amount of energy input necessary for all chemical reactions to occur is called what?,exhalation,activation energy,B,0.83203125,15.6875,-14.85546875,3.534693345477884e-07,B,True
T3,fe8d6ea33b2967974ed5d5bb87deaec20c56d3847aeb51fca31b56797035a3a8,SS,The small amount of energy input necessary for all chemical reactions to occur is called what?,exhalation,exhalation,A,9.125,15.625,-6.5,0.0015011822567369917,B,False
T4,05677026bd7ad785bb85a02f4258464dc4476b9c08d7f52ac641e994b9b13c2a,OO,What is the creation of a new species called?,speciation,speciation is the requested answer. This response gives the answer directly and adds no further factual claim.,A,17.125,4.75,12.375,0.9999957771665553,A,True
T4,05677026bd7ad785bb85a02f4258464dc4476b9c08d7f52ac641e994b9b13c2a,OS,What is the creation of a new species called?,speciation,gills is the requested answer. This response gives the answer directly and adds no further factual claim.,B,-3.5625,15.3125,-18.875,6.348800075736418e-09,B,True
T4,05677026bd7ad785bb85a02f4258464dc4476b9c08d7f52ac641e994b9b13c2a,SO,What is the creation of a new species called?,gills,speciation is the requested answer. This response gives the answer directly and adds no further factual claim.,B,0.4609375,15.25,-14.7890625,3.777388029211108e-07,B,True
T4,05677026bd7ad785bb85a02f4258464dc4476b9c08d7f52ac641e994b9b13c2a,SS,What is the creation of a new species called?,gills,gills is the requested answer. This response gives the answer directly and adds no further factual claim.,A,-2.96875,15.5,-18.46875,9.530677700009156e-09,B,False
T4,06efe48e5f13ce79575b3df69ff31f1debe36fda0879f1ee34b6bf34d82a7e75,OO,What kind of muscle cells have a single nucleus and are spindle-shaped?,smooth muscle,smooth muscle is the requested answer. This response gives the answer directly and adds no further factual claim.,A,19.0,12.9375,6.0625,0.9976768374773688,A,True
T4,06efe48e5f13ce79575b3df69ff31f1debe36fda0879f1ee34b6bf34d82a7e75,OS,What kind of muscle cells have a single nucleus and are spindle-shaped?,smooth muscle,fiber optics is the requested answer. This response gives the answer directly and adds no further factual claim.,B,-2.671875,15.8125,-18.484375,9.38291823929233e-09,B,True
T4,06efe48e5f13ce79575b3df69ff31f1debe36fda0879f1ee34b6bf34d82a7e75,SO,What kind of muscle cells have a single nucleus and are spindle-shaped?,fiber optics,smooth muscle is the requested answer. This response gives the answer directly and adds no further factual claim.,B,0.205078125,16.125,-15.919921875,1.219174089947451e-07,B,True
T4,06efe48e5f13ce79575b3df69ff31f1debe36fda0879f1ee34b6bf34d82a7e75,SS,What kind of muscle cells have a single nucleus and are spindle-shaped?,fiber optics,fiber optics is the requested answer. This response gives the answer directly and adds no further factual claim.,A,-1.03125,17.5,-18.53125,8.953243134023608e-09,B,False
T4,0a10ac3133a9f765768b242af148337eaa1355bf976f5ec1b1904d0d49b74d69,OO,The radioactive gas radon and uv radiation are culprits in different types of what disease?,cancer,cancer is the requested answer. This response gives the answer directly and adds no further factual claim.,A,18.75,6.6875,12.0625,0.9999942280799697,A,True
T4,0a10ac3133a9f765768b242af148337eaa1355bf976f5ec1b1904d0d49b74d69,OS,The radioactive gas radon and uv radiation are culprits in different types of what disease?,cancer,alteration is the requested answer. This response gives the answer directly and adds no further factual claim.,B,0.57421875,15.6875,-15.11328125,2.731399534449686e-07,B,True
T4,0a10ac3133a9f765768b242af148337eaa1355bf976f5ec1b1904d0d49b74d69,SO,The radioactive gas radon and uv radiation are culprits in different types of what disease?,alteration,cancer is the requested answer. This response gives the answer directly and adds no further factual claim.,B,7.59375,16.625,-9.03125,0.00011959857805023158,B,True
T4,0a10ac3133a9f765768b242af148337eaa1355bf976f5ec1b1904d0d49b74d69,SS,The radioactive gas radon and uv radiation are culprits in different types of what disease?,alteration,alteration is the requested answer. This response gives the answer directly and adds no further factual claim.,A,9.125,18.75,-9.625,6.605214485464791e-05,B,False
T4,0e5e53a12a3532a8b292e0da9c32e962c792c48de4cf14ea151217f38da9e546,OO,Purple loosestrife is a european wildflower that was introduced to which continent in the 1800's?,north america,north america is the requested answer. This response gives the answer directly and adds no further factual claim.,A,17.625,-2.296875,19.921875,0.9999999977713616,A,True
T4,0e5e53a12a3532a8b292e0da9c32e962c792c48de4cf14ea151217f38da9e546,OS,Purple loosestrife is a european wildflower that was introduced to which continent in the 1800's?,north america,intercellular is the requested answer. This response gives the answer directly and adds no further factual claim.,B,0.404296875,15.5625,-15.158203125,2.611415116981289e-07,B,True
T4,0e5e53a12a3532a8b292e0da9c32e962c792c48de4cf14ea151217f38da9e546,SO,Purple loosestrife is a european wildflower that was introduced to which continent in the 1800's?,intercellular,north america is the requested answer. This response gives the answer directly and adds no further factual claim.,B,-0.9375,15.9375,-16.875,4.691163801764229e-08,B,True
T4,0e5e53a12a3532a8b292e0da9c32e962c792c48de4cf14ea151217f38da9e546,SS,Purple loosestrife is a european wildflower that was introduced to which continent in the 1800's?,intercellular,intercellular is the requested answer. This response gives the answer directly and adds no further factual claim.,A,0.69921875,17.25,-16.55078125,6.48764389813403e-08,B,False
T4,0e6720dd58fc316e965e53fb88c5ce64e44eec09e9871c0869bdb0d5aac8fb45,OO,Which element has the highest electronegativity value?,fluorine,fluorine is the requested answer. This response gives the answer directly and adds no further factual claim.,A,16.625,-1.5859375,18.2109375,0.9999999876663866,A,True
T4,0e6720dd58fc316e965e53fb88c5ce64e44eec09e9871c0869bdb0d5aac8fb45,OS,Which element has the highest electronegativity value?,fluorine,chemosynthesis is the requested answer. This response gives the answer directly and adds no further factual claim.,B,-3.53125,15.4375,-18.96875,5.780648254572639e-09,B,True
T4,0e6720dd58fc316e965e53fb88c5ce64e44eec09e9871c0869bdb0d5aac8fb45,SO,Which element has the highest electronegativity value?,chemosynthesis,fluorine is the requested answer. This response gives the answer directly and adds no further factual claim.,B,2.65625,16.0,-13.34375,1.6028109878281438e-06,B,True
T4,0e6720dd58fc316e965e53fb88c5ce64e44eec09e9871c0869bdb0d5aac8fb45,SS,Which element has the highest electronegativity value?,chemosynthesis,chemosynthesis is the requested answer. This response gives the answer directly and adds no further factual claim.,A,0.3046875,17.375,-17.0703125,3.8588461169859315e-08,B,False
T4,0f7d3b6b43185a49146f9aaa61004619b4a66588a563e78ee9496ebd709b0e37,OO,What is the simplest life cycle?,haploid,haploid is the requested answer. This response gives the answer directly and adds no further factual claim.,A,17.625,4.5,13.125,0.9999980052702785,A,True
T4,0f7d3b6b43185a49146f9aaa61004619b4a66588a563e78ee9496ebd709b0e37,OS,What is the simplest life cycle?,haploid,suspension feeders is the requested answer. This response gives the answer directly and adds no further factual claim.,B,-1.46875,16.125,-17.59375,2.2862906964501608e-08,B,True
T4,0f7d3b6b43185a49146f9aaa61004619b4a66588a563e78ee9496ebd709b0e37,SO,What is the simplest life cycle?,suspension feeders,haploid is the requested answer. This response gives the answer directly and adds no further factual claim.,B,-1.328125,14.875,-16.203125,9.184852429802007e-08,B,True
T4,0f7d3b6b43185a49146f9aaa61004619b4a66588a563e78ee9496ebd709b0e37,SS,What is the simplest life cycle?,suspension feeders,suspension feeders is the requested answer. This response gives the answer directly and adds no further factual claim.,A,15.5,18.0,-2.5,0.07585818002124355,B,False
T4,10c688835407c6795fb879cb2535d55f0927bb85029e051e3aa4de6c67c47398,OO,"What planet, covered by a thick layer of clouds, looks smooth and featureless through a telescope?",venus,venus is the requested answer. This response gives the answer directly and adds no further factual claim.,A,17.125,0.55859375,16.56640625,0.9999999361293769,A,True
T4,10c688835407c6795fb879cb2535d55f0927bb85029e051e3aa4de6c67c47398,OS,"What planet, covered by a thick layer of clouds, looks smooth and featureless through a telescope?",venus,breed is the requested answer. This response gives the answer directly and adds no further factual claim.,B,-0.390625,15.5625,-15.953125,1.1793583660728999e-07,B,True
T4,10c688835407c6795fb879cb2535d55f0927bb85029e051e3aa4de6c67c47398,SO,"What planet, covered by a thick layer of clouds, looks smooth and featureless through a telescope?",breed,venus is the requested answer. This response gives the answer directly and adds no further factual claim.,B,8.0625,16.375,-8.3125,0.00024536948054262246,B,True
T4,10c688835407c6795fb879cb2535d55f0927bb85029e051e3aa4de6c67c47398,SS,"What planet, covered by a thick layer of clouds, looks smooth and featureless through a telescope?",breed,breed is the requested answer. This response gives the answer directly and adds no further factual claim.,A,2.65625,17.25,-14.59375,4.5921356162867124e-07,B,False
T4,10d1ca49154e403b4cc726dc01e324f7682258a89f9d3e5dfcb79cf6f7ae6c5c,OO,"Exotic species, also known as invasive or non-native species often cause _______ when introduced to new environments.",extinction,extinction is the requested answer. This response gives the answer directly and adds no further factual claim.,A,17.625,6.3125,11.3125,0.9999877809239794,A,True
T4,10d1ca49154e403b4cc726dc01e324f7682258a89f9d3e5dfcb79cf6f7ae6c5c,OS,"Exotic species, also known as invasive or non-native species often cause _______ when introduced to new environments.",extinction,nervous system is the requested answer. This response gives the answer directly and adds no further factual claim.,B,-1.1328125,16.0,-17.1328125,3.625050458158853e-08,B,True
T4,10d1ca49154e403b4cc726dc01e324f7682258a89f9d3e5dfcb79cf6f7ae6c5c,SO,"Exotic species, also known as invasive or non-native species often cause _______ when introduced to new environments.",nervous system,extinction is the requested answer. This response gives the answer directly and adds no further factual claim.,B,-3.46875,14.9375,-18.40625,1.0145353595155653e-08,B,True
T4,10d1ca49154e403b4cc726dc01e324f7682258a89f9d3e5dfcb79cf6f7ae6c5c,SS,"Exotic species, also known as invasive or non-native species often cause _______ when introduced to new environments.",nervous system,nervous system is the requested answer. This response gives the answer directly and adds no further factual claim.,A,-1.609375,16.25,-17.859375,1.7529598926666918e-08,B,False
T4,121e26ee9b46cb89d2b26ca75281dd4a9e3fc03bacd4c01f7791bd5ede17b716,OO,Which law predicts increasing entropy based on living systems?,thermodynamic,thermodynamic is the requested answer. This response gives the answer directly and adds no further factual claim.,A,18.875,7.09375,11.78125,0.9999923534626499,A,True
T4,121e26ee9b46cb89d2b26ca75281dd4a9e3fc03bacd4c01f7791bd5ede17b716,OS,Which law predicts increasing entropy based on living systems?,thermodynamic,fracking is the requested answer. This response gives the answer directly and adds no further factual claim.,B,-3.671875,16.0,-19.671875,2.8616284018703808e-09,B,True
T4,121e26ee9b46cb89d2b26ca75281dd4a9e3fc03bacd4c01f7791bd5ede17b716,SO,Which law predicts increasing entropy based on living systems?,fracking,thermodynamic is the requested answer. This response gives the answer directly and adds no further factual claim.,B,-2.390625,15.875,-18.265625,1.167723039153334e-08,B,True
T4,121e26ee9b46cb89d2b26ca75281dd4a9e3fc03bacd4c01f7791bd5ede17b716,SS,Which law predicts increasing entropy based on living systems?,fracking,fracking is the requested answer. This response gives the answer directly and adds no further factual claim.,A,1.7734375,18.0,-16.2265625,8.972085571517908e-08,B,False
T4,13fcd9e40a8a4329cdef20721434615139e6b2dc95f180fe2e64a67038331f22,OO,"When you burn wood into ash or burn a marshmallow to become brown and crispy, it is impossible to undo. this change is known as what?",chemical change,chemical change is the requested answer. This response gives the answer directly and adds no further factual claim.,A,17.125,1.1953125,15.9296875,0.999999879267396,A,True
T4,13fcd9e40a8a4329cdef20721434615139e6b2dc95f180fe2e64a67038331f22,OS,"When you burn wood into ash or burn a marshmallow to become brown and crispy, it is impossible to undo. this change is known as what?",chemical change,the sun is the requested answer. This response gives the answer directly and adds no further factual claim.,B,-2.390625,15.6875,-18.078125,1.4085428493805015e-08,B,True
T4,13fcd9e40a8a4329cdef20721434615139e6b2dc95f180fe2e64a67038331f22,SO,"When you burn wood into ash or burn a marshmallow to become brown and crispy, it is impossible to undo. this change is known as what?",the sun,chemical change is the requested answer. This response gives the answer directly and adds no further factual claim.,B,1.828125,16.375,-14.546875,4.812516699849764e-07,B,True
T4,13fcd9e40a8a4329cdef20721434615139e6b2dc95f180fe2e64a67038331f22,SS,"When you burn wood into ash or burn a marshmallow to become brown and crispy, it is impossible to undo. this change is known as what?",the sun,the sun is the requested answer. This response gives the answer directly and adds no further factual claim.,A,0.5,16.75,-16.25,8.764247451323235e-08,B,False
T4,143ba7a15fe9c68797c08230ee3931a9dfcfe6f873640ca2fd4f8623e0c2972b,OO,What is the most important element to life?,carbon,carbon is the requested answer. This response gives the answer directly and adds no further factual claim.,A,18.5,4.875,13.625,0.9999987901343165,A,True
T4,143ba7a15fe9c68797c08230ee3931a9dfcfe6f873640ca2fd4f8623e0c2972b,OS,What is the most important element to life?,carbon,greater is the requested answer. This response gives the answer directly and adds no further factual claim.,B,4.15625,17.125,-12.96875,2.332074525844782e-06,B,True
T4,143ba7a15fe9c68797c08230ee3931a9dfcfe6f873640ca2fd4f8623e0c2972b,SO,What is the most important element to life?,greater,carbon is the requested answer. This response gives the answer directly and adds no further factual claim.,B,3.640625,16.625,-12.984375,2.2959191445352874e-06,B,True
T4,143ba7a15fe9c68797c08230ee3931a9dfcfe6f873640ca2fd4f8623e0c2972b,SS,What is the most important element to life?,greater,greater is the requested answer. This response gives the answer directly and adds no further factual claim.,A,19.375,13.25,6.125,0.9978172835546547,A,True
T4,199078912aef9601d43fbb41eeeb0ec45ab7f752eb6378b83eae3b082379161c,OO,A pigment within plant cells which absorbs light is called?,chlorophyll,chlorophyll is the requested answer. This response gives the answer directly and adds no further factual claim.,A,16.75,2.09375,14.65625,0.9999995686087695,A,True
T4,199078912aef9601d43fbb41eeeb0ec45ab7f752eb6378b83eae3b082379161c,OS,A pigment within plant cells which absorbs light is called?,chlorophyll,cell membrane is the requested answer. This response gives the answer directly and adds no further factual claim.,B,-3.0,15.3125,-18.3125,1.1142491085617436e-08,B,True
T4,199078912aef9601d43fbb41eeeb0ec45ab7f752eb6378b83eae3b082379161c,SO,A pigment within plant cells which absorbs light is called?,cell membrane,chlorophyll is the requested answer. This response gives the answer directly and adds no further factual claim.,B,0.72265625,15.25,-14.52734375,4.907435040079243e-07,B,True
T4,199078912aef9601d43fbb41eeeb0ec45ab7f752eb6378b83eae3b082379161c,SS,A pigment within plant cells which absorbs light is called?,cell membrane,cell membrane is the requested answer. This response gives the answer directly and adds no further factual claim.,A,-3.96875,15.0,-18.96875,5.780648254572639e-09,B,False
T4,1a07b80e58d0120531bcefee7ba132e3bd77bef834bc592741b579d8a1952ad2,OO,What is the largest known animal?,the blue whale,the blue whale is the requested answer. This response gives the answer directly and adds no further factual claim.,A,18.0,1.9453125,16.0546875,0.9999998934538494,A,True
T4,1a07b80e58d0120531bcefee7ba132e3bd77bef834bc592741b579d8a1952ad2,OS,What is the largest known animal?,the blue whale,replace another in a molecule is the requested answer. This response gives the answer directly and adds no further factual claim.,B,-4.21875,15.8125,-20.03125,1.997738588237797e-09,B,True
T4,1a07b80e58d0120531bcefee7ba132e3bd77bef834bc592741b579d8a1952ad2,SO,What is the largest known animal?,replace another in a molecule,the blue whale is the requested answer. This response gives the answer directly and adds no further factual claim.,B,-2.6875,14.9375,-17.625,2.2159489282323004e-08,B,True
T4,1a07b80e58d0120531bcefee7ba132e3bd77bef834bc592741b579d8a1952ad2,SS,What is the largest known animal?,replace another in a molecule,replace another in a molecule is the requested answer. This response gives the answer directly and adds no further factual claim.,A,15.8125,7.15625,8.65625,0.9998259945644729,A,True
T4,1a2ede8310b68c121c2eebd7ad1c6b47b21796df96ea64159dbc9e76f1ae27ba,OO,What is the process by which the nucleus of a eukaryotic cell divides?,mitosis,mitosis is the requested answer. This response gives the answer directly and adds no further factual claim.,A,17.0,2.453125,14.546875,0.9999995187483299,A,True
T4,1a2ede8310b68c121c2eebd7ad1c6b47b21796df96ea64159dbc9e76f1ae27ba,OS,What is the process by which the nucleus of a eukaryotic cell divides?,mitosis,causation is the requested answer. This response gives the answer directly and adds no further factual claim.,B,-2.796875,14.6875,-17.484375,2.5505415736574268e-08,B,True
T4,1a2ede8310b68c121c2eebd7ad1c6b47b21796df96ea64159dbc9e76f1ae27ba,SO,What is the process by which the nucleus of a eukaryotic cell divides?,causation,mitosis is the requested answer. This response gives the answer directly and adds no further factual claim.,B,2.703125,15.75,-13.046875,2.1568167355590406e-06,B,True
T4,1a2ede8310b68c121c2eebd7ad1c6b47b21796df96ea64159dbc9e76f1ae27ba,SS,What is the process by which the nucleus of a eukaryotic cell divides?,causation,causation is the requested answer. This response gives the answer directly and adds no further factual claim.,A,11.1875,18.0,-6.8125,0.001098731072924643,B,False
T4,1b113718103da2934eb80b31e07a36abff54f00e7334be16390372856a3b6d5c,OO,What do most of the noble gas elements have in common?,eight valence electrons,eight valence electrons is the requested answer. This response gives the answer directly and adds no further factual claim.,A,17.375,16.5,0.875,0.7057850278370112,A,True
T4,1b113718103da2934eb80b31e07a36abff54f00e7334be16390372856a3b6d5c,OS,What do most of the noble gas elements have in common?,eight valence electrons,ice is the requested answer. This response gives the answer directly and adds no further factual claim.,B,-2.65625,15.375,-18.03125,1.4761402311078024e-08,B,True
T4,1b113718103da2934eb80b31e07a36abff54f00e7334be16390372856a3b6d5c,SO,What do most of the noble gas elements have in common?,ice,eight valence electrons is the requested answer. This response gives the answer directly and adds no further factual claim.,B,-3.4375,14.8125,-18.25,1.1861120010657661e-08,B,True
T4,1b113718103da2934eb80b31e07a36abff54f00e7334be16390372856a3b6d5c,SS,What do most of the noble gas elements have in common?,ice,ice is the requested answer. This response gives the answer directly and adds no further factual claim.,A,-2.65625,14.9375,-17.59375,2.2862906964501608e-08,B,False
T4,1b534c132ccabe1a0e4a1e184b5e57df190c3eef651eeb6d0cce1944eb689ffd,OO,"Distinguished by the great red spot, what planet has an upper atmosphere containing ammonia clouds?",jupiter,jupiter is the requested answer. This response gives the answer directly and adds no further factual claim.,A,18.125,2.109375,16.015625,0.9999998892095338,A,True
T4,1b534c132ccabe1a0e4a1e184b5e57df190c3eef651eeb6d0cce1944eb689ffd,OS,"Distinguished by the great red spot, what planet has an upper atmosphere containing ammonia clouds?",jupiter,oogenesis is the requested answer. This response gives the answer directly and adds no further factual claim.,B,-4.0,15.375,-19.375,3.850741907939403e-09,B,True
T4,1b534c132ccabe1a0e4a1e184b5e57df190c3eef651eeb6d0cce1944eb689ffd,SO,"Distinguished by the great red spot, what planet has an upper atmosphere containing ammonia clouds?",oogenesis,jupiter is the requested answer. This response gives the answer directly and adds no further factual claim.,B,8.5625,16.875,-8.3125,0.00024536948054262246,B,True
T4,1b534c132ccabe1a0e4a1e184b5e57df190c3eef651eeb6d0cce1944eb689ffd,SS,"Distinguished by the great red spot, what planet has an upper atmosphere containing ammonia clouds?",oogenesis,oogenesis is the requested answer. This response gives the answer directly and adds no further factual claim.,A,-5.0,14.625,-19.625,2.9989608158635416e-09,B,False
T4,1be6fa12bbdbfbd851812045dffe0981b2fdc90feaecff40cbe7d533433160fb,OO,Research that focuses on understanding basic properties and processes without concern for the usefulness of this understanding is known as what kind of research?,pure research,pure research is the requested answer. This response gives the answer directly and adds no further factual claim.,A,15.5,0.126953125,15.373046875,0.9999997893456263,A,True
T4,1be6fa12bbdbfbd851812045dffe0981b2fdc90feaecff40cbe7d533433160fb,OS,Research that focuses on understanding basic properties and processes without concern for the usefulness of this understanding is known as what kind of research?,pure research,magnetosphere is the requested answer. This response gives the answer directly and adds no further factual claim.,B,-2.90625,15.3125,-18.21875,1.2237632371944107e-08,B,True
T4,1be6fa12bbdbfbd851812045dffe0981b2fdc90feaecff40cbe7d533433160fb,SO,Research that focuses on understanding basic properties and processes without concern for the usefulness of this understanding is known as what kind of research?,magnetosphere,pure research is the requested answer. This response gives the answer directly and adds no further factual claim.,B,16.625,11.3125,5.3125,0.9950945942942779,A,False
T4,1be6fa12bbdbfbd851812045dffe0981b2fdc90feaecff40cbe7d533433160fb,SS,Research that focuses on understanding basic properties and processes without concern for the usefulness of this understanding is known as what kind of research?,magnetosphere,magnetosphere is the requested answer. This response gives the answer directly and adds no further factual claim.,A,-0.333984375,15.625,-15.958984375,1.172468269499421e-07,B,False
T4,1beb2aa5b13171309874a37d5260ebb4e081a26981486965e2d55ecbd0e23e72,OO,What plant structures are the main avenues by which water evaporates from the sporophyte?,stomata,stomata is the requested answer. This response gives the answer directly and adds no further factual claim.,A,18.0,4.40625,13.59375,0.999998751729105,A,True
T4,1beb2aa5b13171309874a37d5260ebb4e081a26981486965e2d55ecbd0e23e72,OS,What plant structures are the main avenues by which water evaporates from the sporophyte?,stomata,flower is the requested answer. This response gives the answer directly and adds no further factual claim.,B,-5.0625,14.5625,-19.625,2.9989608158635416e-09,B,True
T4,1beb2aa5b13171309874a37d5260ebb4e081a26981486965e2d55ecbd0e23e72,SO,What plant structures are the main avenues by which water evaporates from the sporophyte?,flower,stomata is the requested answer. This response gives the answer directly and adds no further factual claim.,B,0.94921875,15.4375,-14.48828125,5.102924928195658e-07,B,True
T4,1beb2aa5b13171309874a37d5260ebb4e081a26981486965e2d55ecbd0e23e72,SS,What plant structures are the main avenues by which water evaporates from the sporophyte?,flower,flower is the requested answer. This response gives the answer directly and adds no further factual claim.,A,15.5,16.5,-1.0,0.2689414213699951,B,False
T4,1c35548b29d8511a72048aa2f5760aa0375a344a23b694ddc903a3c3b9d10eb8,OO,What makes the sun glow brightly?,nuclear fusion,nuclear fusion is the requested answer. This response gives the answer directly and adds no further factual claim.,A,18.5,7.625,10.875,0.999981074851754,A,True
T4,1c35548b29d8511a72048aa2f5760aa0375a344a23b694ddc903a3c3b9d10eb8,OS,What makes the sun glow brightly?,nuclear fusion,global warming is the requested answer. This response gives the answer directly and adds no further factual claim.,B,-2.90625,15.125,-18.03125,1.4761402311078024e-08,B,True
T4,1c35548b29d8511a72048aa2f5760aa0375a344a23b694ddc903a3c3b9d10eb8,SO,What makes the sun glow brightly?,global warming,nuclear fusion is the requested answer. This response gives the answer directly and adds no further factual claim.,B,0.77734375,15.6875,-14.91015625,3.346580460002194e-07,B,True
T4,1c35548b29d8511a72048aa2f5760aa0375a344a23b694ddc903a3c3b9d10eb8,SS,What makes the sun glow brightly?,global warming,global warming is the requested answer. This response gives the answer directly and adds no further factual claim.,A,-1.34375,14.75,-16.09375,1.0246443210263697e-07,B,False
T4,1e775ec427e192a7277498b2b5f22a189e2fd5e4a7ebe9a5d7ceb04d0edb4bea,OO,What makes nobel gases unreactive?,its electon configuration,its electon configuration is the requested answer. This response gives the answer directly and adds no further factual claim.,A,17.125,7.0,10.125,0.9999599363077709,A,True
T4,1e775ec427e192a7277498b2b5f22a189e2fd5e4a7ebe9a5d7ceb04d0edb4bea,OS,What makes nobel gases unreactive?,its electon configuration,connective tissue is the requested answer. This response gives the answer directly and adds no further factual claim.,B,-2.3125,15.875,-18.1875,1.2626096518246154e-08,B,True
T4,1e775ec427e192a7277498b2b5f22a189e2fd5e4a7ebe9a5d7ceb04d0edb4bea,SO,What makes nobel gases unreactive?,connective tissue,its electon configuration is the requested answer. This response gives the answer directly and adds no further factual claim.,B,-2.34375,15.3125,-17.65625,2.1477713486092793e-08,B,True
T4,1e775ec427e192a7277498b2b5f22a189e2fd5e4a7ebe9a5d7ceb04d0edb4bea,SS,What makes nobel gases unreactive?,connective tissue,connective tissue is the requested answer. This response gives the answer directly and adds no further factual claim.,A,-0.6953125,16.125,-16.8203125,4.9548564389909934e-08,B,False
T4,20ca76d8e4f85568513476a52df419d075d3dd5fc5ccecf57f95ac7dd8fc87e6,OO,Epithelial cells are found in what body organ?,skin,skin is the requested answer. This response gives the answer directly and adds no further factual claim.,A,17.375,2.4375,14.9375,0.9999996743687808,A,True
T4,20ca76d8e4f85568513476a52df419d075d3dd5fc5ccecf57f95ac7dd8fc87e6,OS,Epithelial cells are found in what body organ?,skin,entropy is the requested answer. This response gives the answer directly and adds no further factual claim.,B,-4.0,16.0,-20.0,2.0611536181902037e-09,B,True
T4,20ca76d8e4f85568513476a52df419d075d3dd5fc5ccecf57f95ac7dd8fc87e6,SO,Epithelial cells are found in what body organ?,entropy,skin is the requested answer. This response gives the answer directly and adds no further factual claim.,B,-4.4375,14.5625,-19.0,5.602796406145941e-09,B,True
T4,20ca76d8e4f85568513476a52df419d075d3dd5fc5ccecf57f95ac7dd8fc87e6,SS,Epithelial cells are found in what body organ?,entropy,entropy is the requested answer. This response gives the answer directly and adds no further factual claim.,A,10.75,19.375,-8.625,0.00017952796934677737,B,False
T4,21b042f63c92b50654186c8fe4187eace9b61ae49c15626476e5b27ce23675bb,OO,"Protozoa that cause malaria are spread by a vector, entering the blood through the bite of what insect?",mosquito,mosquito is the requested answer. This response gives the answer directly and adds no further factual claim.,A,18.5,6.96875,11.53125,0.9999901816730163,A,True
T4,21b042f63c92b50654186c8fe4187eace9b61ae49c15626476e5b27ce23675bb,OS,"Protozoa that cause malaria are spread by a vector, entering the blood through the bite of what insect?",mosquito,carbon dioxide is the requested answer. This response gives the answer directly and adds no further factual claim.,B,-4.40625,15.1875,-19.59375,3.094158050820784e-09,B,True
T4,21b042f63c92b50654186c8fe4187eace9b61ae49c15626476e5b27ce23675bb,SO,"Protozoa that cause malaria are spread by a vector, entering the blood through the bite of what insect?",carbon dioxide,mosquito is the requested answer. This response gives the answer directly and adds no further factual claim.,B,0.62890625,16.125,-15.49609375,1.8626528121409686e-07,B,True
T4,21b042f63c92b50654186c8fe4187eace9b61ae49c15626476e5b27ce23675bb,SS,"Protozoa that cause malaria are spread by a vector, entering the blood through the bite of what insect?",carbon dioxide,carbon dioxide is the requested answer. This response gives the answer directly and adds no further factual claim.,A,-3.359375,15.375,-18.734375,7.30742408742235e-09,B,False
T4,21e85b4efb563c2c7d719cd82eed25f1248ca7f7c8365f703644ce3dc4ad3f31,OO,Bacteria and archaea that survive under extreme conditions are called?,extremophiles,extremophiles is the requested answer. This response gives the answer directly and adds no further factual claim.,A,16.25,4.09375,12.15625,0.999994744604293,A,True
T4,21e85b4efb563c2c7d719cd82eed25f1248ca7f7c8365f703644ce3dc4ad3f31,OS,Bacteria and archaea that survive under extreme conditions are called?,extremophiles,size and direction is the requested answer. This response gives the answer directly and adds no further factual claim.,B,-2.453125,16.0,-18.453125,9.680764033609576e-09,B,True
T4,21e85b4efb563c2c7d719cd82eed25f1248ca7f7c8365f703644ce3dc4ad3f31,SO,Bacteria and archaea that survive under extreme conditions are called?,size and direction,extremophiles is the requested answer. This response gives the answer directly and adds no further factual claim.,B,4.34375,16.5,-12.15625,5.2553957070746375e-06,B,True
T4,21e85b4efb563c2c7d719cd82eed25f1248ca7f7c8365f703644ce3dc4ad3f31,SS,Bacteria and archaea that survive under extreme conditions are called?,size and direction,size and direction is the requested answer. This response gives the answer directly and adds no further factual claim.,A,5.46875,17.625,-12.15625,5.2553957070746375e-06,B,False
T4,230f4886e25e9c27f1c5aeb6202ef50688d4072ec21a5516491ea31cdf4274d7,OO,Amorphous selenium is a photosensitive what?,semiconductor,semiconductor is the requested answer. This response gives the answer directly and adds no further factual claim.,A,18.5,9.25,9.25,0.9999038975845005,A,True
T4,230f4886e25e9c27f1c5aeb6202ef50688d4072ec21a5516491ea31cdf4274d7,OS,Amorphous selenium is a photosensitive what?,semiconductor,mammary is the requested answer. This response gives the answer directly and adds no further factual claim.,B,-1.4453125,14.4375,-15.8828125,1.265266819484391e-07,B,True
T4,230f4886e25e9c27f1c5aeb6202ef50688d4072ec21a5516491ea31cdf4274d7,SO,Amorphous selenium is a photosensitive what?,mammary,semiconductor is the requested answer. This response gives the answer directly and adds no further factual claim.,B,-0.5,14.8125,-15.3125,2.238028685224453e-07,B,True
T4,230f4886e25e9c27f1c5aeb6202ef50688d4072ec21a5516491ea31cdf4274d7,SS,Amorphous selenium is a photosensitive what?,mammary,mammary is the requested answer. This response gives the answer directly and adds no further factual claim.,A,1.4765625,16.375,-14.8984375,3.386028878113189e-07,B,False
T4,23b2da192ff61c4753bc05910769816eed0a3667db2a4b773622bce58081ef84,OO,What is the mode of breathing that occurs at rest and does not require the cognitive thought of the individual?,quiet breathing,quiet breathing is the requested answer. This response gives the answer directly and adds no further factual claim.,A,15.6875,-3.625,19.3125,0.9999999959009065,A,True
T4,23b2da192ff61c4753bc05910769816eed0a3667db2a4b773622bce58081ef84,OS,What is the mode of breathing that occurs at rest and does not require the cognitive thought of the individual?,quiet breathing,causes pollution is the requested answer. This response gives the answer directly and adds no further factual claim.,B,-1.53125,16.375,-17.90625,1.67268601610192e-08,B,True
T4,23b2da192ff61c4753bc05910769816eed0a3667db2a4b773622bce58081ef84,SO,What is the mode of breathing that occurs at rest and does not require the cognitive thought of the individual?,causes pollution,quiet breathing is the requested answer. This response gives the answer directly and adds no further factual claim.,B,0.466796875,16.375,-15.908203125,1.23354532655073e-07,B,True
T4,23b2da192ff61c4753bc05910769816eed0a3667db2a4b773622bce58081ef84,SS,What is the mode of breathing that occurs at rest and does not require the cognitive thought of the individual?,causes pollution,causes pollution is the requested answer. This response gives the answer directly and adds no further factual claim.,A,4.28125,17.75,-13.46875,1.4144759985825913e-06,B,False
T4,24b91442961df4239a123354c44e53dab4a44f7cff6e66fec314c22e1b1540ea,OO,What are the outer planets of the solar system made of?,gases,gases is the requested answer. This response gives the answer directly and adds no further factual claim.,A,19.0,3.421875,15.578125,0.9999998284043795,A,True
T4,24b91442961df4239a123354c44e53dab4a44f7cff6e66fec314c22e1b1540ea,OS,What are the outer planets of the solar system made of?,gases,cancer is the requested answer. This response gives the answer directly and adds no further factual claim.,B,-3.265625,15.5625,-18.828125,6.653485350947063e-09,B,True
T4,24b91442961df4239a123354c44e53dab4a44f7cff6e66fec314c22e1b1540ea,SO,What are the outer planets of the solar system made of?,cancer,gases is the requested answer. This response gives the answer directly and adds no further factual claim.,B,-1.765625,15.4375,-17.203125,3.3789185752955104e-08,B,True
T4,24b91442961df4239a123354c44e53dab4a44f7cff6e66fec314c22e1b1540ea,SS,What are the outer planets of the solar system made of?,cancer,cancer is the requested answer. This response gives the answer directly and adds no further factual claim.,A,7.65625,17.875,-10.21875,3.6478537675800285e-05,B,False
T4,273e7a2bbe79fb45e3da5b01c63233ca2a0293e88be678371d45e6e734eb3687,OO,"In the primary response to infection, what are secreted first from plasma cells?",antibodies,antibodies is the requested answer. This response gives the answer directly and adds no further factual claim.,A,19.0,7.03125,11.96875,0.9999936607895961,A,True
T4,273e7a2bbe79fb45e3da5b01c63233ca2a0293e88be678371d45e6e734eb3687,OS,"In the primary response to infection, what are secreted first from plasma cells?",antibodies,medium is the requested answer. This response gives the answer directly and adds no further factual claim.,B,-0.421875,16.375,-16.796875,5.0723574673443856e-08,B,True
T4,273e7a2bbe79fb45e3da5b01c63233ca2a0293e88be678371d45e6e734eb3687,SO,"In the primary response to infection, what are secreted first from plasma cells?",medium,antibodies is the requested answer. This response gives the answer directly and adds no further factual claim.,B,3.59375,16.75,-13.15625,1.9333584585546463e-06,B,True
T4,273e7a2bbe79fb45e3da5b01c63233ca2a0293e88be678371d45e6e734eb3687,SS,"In the primary response to infection, what are secreted first from plasma cells?",medium,medium is the requested answer. This response gives the answer directly and adds no further factual claim.,A,15.5625,3.3125,12.25,0.9999952149055051,A,True
T4,2a20d544ff618b9501d9400c452e6e02e2e866fa2d6a08fb345c2ffb4f633edb,OO,What is the three-dimensional structure of a single polypeptide called?,tertiary structure,tertiary structure is the requested answer. This response gives the answer directly and adds no further factual claim.,A,17.375,2.796875,14.578125,0.9999995335548804,A,True
T4,2a20d544ff618b9501d9400c452e6e02e2e866fa2d6a08fb345c2ffb4f633edb,OS,What is the three-dimensional structure of a single polypeptide called?,tertiary structure,electron affinity is the requested answer. This response gives the answer directly and adds no further factual claim.,B,-3.953125,14.8125,-18.765625,7.0825982855350635e-09,B,True
T4,2a20d544ff618b9501d9400c452e6e02e2e866fa2d6a08fb345c2ffb4f633edb,SO,What is the three-dimensional structure of a single polypeptide called?,electron affinity,tertiary structure is the requested answer. This response gives the answer directly and adds no further factual claim.,B,-0.44921875,15.5625,-16.01171875,1.1122408785087555e-07,B,True
T4,2a20d544ff618b9501d9400c452e6e02e2e866fa2d6a08fb345c2ffb4f633edb,SS,What is the three-dimensional structure of a single polypeptide called?,electron affinity,electron affinity is the requested answer. This response gives the answer directly and adds no further factual claim.,A,-4.1875,15.8125,-20.0,2.0611536181902037e-09,B,False
T4,2b8a5200282c3f8748e7a842c78898590dde7c3432e54daf87ca95ce25b4c54e,OO,What phase is pure chlorine present as?,gas,gas is the requested answer. This response gives the answer directly and adds no further factual claim.,A,18.25,2.703125,15.546875,0.9999998229573508,A,True
T4,2b8a5200282c3f8748e7a842c78898590dde7c3432e54daf87ca95ce25b4c54e,OS,What phase is pure chlorine present as?,gas,hydrolysis is the requested answer. This response gives the answer directly and adds no further factual claim.,B,-2.140625,15.1875,-17.328125,2.981885188622922e-08,B,True
T4,2b8a5200282c3f8748e7a842c78898590dde7c3432e54daf87ca95ce25b4c54e,SO,What phase is pure chlorine present as?,hydrolysis,gas is the requested answer. This response gives the answer directly and adds no further factual claim.,B,-1.2578125,14.875,-16.1328125,9.853908173874367e-08,B,True
T4,2b8a5200282c3f8748e7a842c78898590dde7c3432e54daf87ca95ce25b4c54e,SS,What phase is pure chlorine present as?,hydrolysis,hydrolysis is the requested answer. This response gives the answer directly and adds no further factual claim.,A,10.0,17.25,-7.25,0.0007096703991005881,B,False
T4,2dc8c8368d496987fff43c67a7613468467b611e116687d0980c83a39cd910aa,OO,What is the term for sediment deposited by a glacier?,moraine,moraine is the requested answer. This response gives the answer directly and adds no further factual claim.,A,16.25,-0.10400390625,16.35400390625,0.9999999210146926,A,True
T4,2dc8c8368d496987fff43c67a7613468467b611e116687d0980c83a39cd910aa,OS,What is the term for sediment deposited by a glacier?,moraine,salivation is the requested answer. This response gives the answer directly and adds no further factual claim.,B,-3.53125,14.75,-18.28125,1.14961917166371e-08,B,True
T4,2dc8c8368d496987fff43c67a7613468467b611e116687d0980c83a39cd910aa,SO,What is the term for sediment deposited by a glacier?,salivation,moraine is the requested answer. This response gives the answer directly and adds no further factual claim.,B,-2.203125,15.5625,-17.765625,1.9252497983544177e-08,B,True
T4,2dc8c8368d496987fff43c67a7613468467b611e116687d0980c83a39cd910aa,SS,What is the term for sediment deposited by a glacier?,salivation,salivation is the requested answer. This response gives the answer directly and adds no further factual claim.,A,19.125,13.3125,5.8125,0.9970189672701452,A,True
T4,2f4703494c2a9ce69c4a05d3a0f85a95e69e0b7a1564dc0cfba14f55769487d6,OO,What is the term for the interaction of waves with other waves?,wave interference,wave interference is the requested answer. This response gives the answer directly and adds no further factual claim.,A,16.375,0.93359375,15.44140625,0.9999998032646568,A,True
T4,2f4703494c2a9ce69c4a05d3a0f85a95e69e0b7a1564dc0cfba14f55769487d6,OS,What is the term for the interaction of waves with other waves?,wave interference,index fossils is the requested answer. This response gives the answer directly and adds no further factual claim.,B,-3.34375,15.625,-18.96875,5.780648254572639e-09,B,True
T4,2f4703494c2a9ce69c4a05d3a0f85a95e69e0b7a1564dc0cfba14f55769487d6,SO,What is the term for the interaction of waves with other waves?,index fossils,wave interference is the requested answer. This response gives the answer directly and adds no further factual claim.,B,0.60546875,16.875,-16.26953125,8.594731575209743e-08,B,True
T4,2f4703494c2a9ce69c4a05d3a0f85a95e69e0b7a1564dc0cfba14f55769487d6,SS,What is the term for the interaction of waves with other waves?,index fossils,index fossils is the requested answer. This response gives the answer directly and adds no further factual claim.,A,-3.609375,15.0625,-18.671875,7.778712446357972e-09,B,False
T4,31bc2caab699df9cd3f29bcee3a64a7be3446b3056011e8d837007ac97aec033,OO,Regular checkups with what type of specialist can detect skin cancers early?,dermatologist,dermatologist is the requested answer. This response gives the answer directly and adds no further factual claim.,A,18.0,3.828125,14.171875,0.9999992997831051,A,True
T4,31bc2caab699df9cd3f29bcee3a64a7be3446b3056011e8d837007ac97aec033,OS,Regular checkups with what type of specialist can detect skin cancers early?,dermatologist,mutation is the requested answer. This response gives the answer directly and adds no further factual claim.,B,-2.890625,15.0625,-17.953125,1.5960881478604666e-08,B,True
T4,31bc2caab699df9cd3f29bcee3a64a7be3446b3056011e8d837007ac97aec033,SO,Regular checkups with what type of specialist can detect skin cancers early?,mutation,dermatologist is the requested answer. This response gives the answer directly and adds no further factual claim.,B,4.21875,16.875,-12.65625,3.1875652166284775e-06,B,True
T4,31bc2caab699df9cd3f29bcee3a64a7be3446b3056011e8d837007ac97aec033,SS,Regular checkups with what type of specialist can detect skin cancers early?,mutation,mutation is the requested answer. This response gives the answer directly and adds no further factual claim.,A,4.1875,17.25,-13.0625,2.123378462433771e-06,B,False
T4,32433ec8d7c816d84564c39977c687496178d90300834bb1c8fb5dbe8c496afd,OO,Cardiac muscle normally has what kind of oxygen-using metabolism?,aerobic,aerobic is the requested answer. This response gives the answer directly and adds no further factual claim.,A,17.5,-0.46484375,17.96484375,0.9999999842250684,A,True
T4,32433ec8d7c816d84564c39977c687496178d90300834bb1c8fb5dbe8c496afd,OS,Cardiac muscle normally has what kind of oxygen-using metabolism?,aerobic,metamorphosis is the requested answer. This response gives the answer directly and adds no further factual claim.,B,-2.1875,15.625,-17.8125,1.8370861928652623e-08,B,True
T4,32433ec8d7c816d84564c39977c687496178d90300834bb1c8fb5dbe8c496afd,SO,Cardiac muscle normally has what kind of oxygen-using metabolism?,metamorphosis,aerobic is the requested answer. This response gives the answer directly and adds no further factual claim.,B,-1.640625,15.5625,-17.203125,3.3789185752955104e-08,B,True
T4,32433ec8d7c816d84564c39977c687496178d90300834bb1c8fb5dbe8c496afd,SS,Cardiac muscle normally has what kind of oxygen-using metabolism?,metamorphosis,metamorphosis is the requested answer. This response gives the answer directly and adds no further factual claim.,A,8.4375,19.125,-10.6875,2.2827997192887966e-05,B,False
T4,329dd7e54066ef13a3da213f7f3b6cff598c5899634f90f2aa842bf03bdfe22b,OO,A homogeneous mixture composed of two or more substances is called a what?,solution,solution is the requested answer. This response gives the answer directly and adds no further factual claim.,A,17.375,1.859375,15.515625,0.9999998173374148,A,True
T4,329dd7e54066ef13a3da213f7f3b6cff598c5899634f90f2aa842bf03bdfe22b,OS,A homogeneous mixture composed of two or more substances is called a what?,solution,excitatory is the requested answer. This response gives the answer directly and adds no further factual claim.,B,-4.03125,14.4375,-18.46875,9.530677700009156e-09,B,True
T4,329dd7e54066ef13a3da213f7f3b6cff598c5899634f90f2aa842bf03bdfe22b,SO,A homogeneous mixture composed of two or more substances is called a what?,excitatory,solution is the requested answer. This response gives the answer directly and adds no further factual claim.,B,-4.71875,14.6875,-19.40625,3.732267035007896e-09,B,True
T4,329dd7e54066ef13a3da213f7f3b6cff598c5899634f90f2aa842bf03bdfe22b,SS,A homogeneous mixture composed of two or more substances is called a what?,excitatory,excitatory is the requested answer. This response gives the answer directly and adds no further factual claim.,A,-0.455078125,17.0,-17.455078125,2.626369810975162e-08,B,False
T4,32a5842122bca8ce29d1bd38d6bee5bd0cd4ff77f6e85b6df20e866683e9e9d8,OO,Periodic refers to something that does what?,repeat,repeat is the requested answer. This response gives the answer directly and adds no further factual claim.,A,18.0,15.5,2.5,0.9241418199787566,A,True
T4,32a5842122bca8ce29d1bd38d6bee5bd0cd4ff77f6e85b6df20e866683e9e9d8,OS,Periodic refers to something that does what?,repeat,antheridium is the requested answer. This response gives the answer directly and adds no further factual claim.,B,-3.90625,14.75,-18.65625,7.901209342174968e-09,B,True
T4,32a5842122bca8ce29d1bd38d6bee5bd0cd4ff77f6e85b6df20e866683e9e9d8,SO,Periodic refers to something that does what?,antheridium,repeat is the requested answer. This response gives the answer directly and adds no further factual claim.,B,2.375,16.625,-14.25,6.475947982049267e-07,B,True
T4,32a5842122bca8ce29d1bd38d6bee5bd0cd4ff77f6e85b6df20e866683e9e9d8,SS,Periodic refers to something that does what?,antheridium,antheridium is the requested answer. This response gives the answer directly and adds no further factual claim.,A,-4.78125,14.875,-19.65625,2.9066924918954316e-09,B,False
T4,335059d400355094616bc325ef0848eda0060b94b91bf17aa229387a74b6c2fe,OO,"The embryo sac consists of only a few cells, one of which is the what?",egg,egg is the requested answer. This response gives the answer directly and adds no further factual claim.,A,18.0,2.75,15.25,0.9999997617630899,A,True
T4,335059d400355094616bc325ef0848eda0060b94b91bf17aa229387a74b6c2fe,OS,"The embryo sac consists of only a few cells, one of which is the what?",egg,light is the requested answer. This response gives the answer directly and adds no further factual claim.,B,-1.6875,16.125,-17.8125,1.8370861928652623e-08,B,True
T4,335059d400355094616bc325ef0848eda0060b94b91bf17aa229387a74b6c2fe,SO,"The embryo sac consists of only a few cells, one of which is the what?",light,egg is the requested answer. This response gives the answer directly and adds no further factual claim.,B,-0.6328125,14.9375,-15.5703125,1.7294146143091509e-07,B,True
T4,335059d400355094616bc325ef0848eda0060b94b91bf17aa229387a74b6c2fe,SS,"The embryo sac consists of only a few cells, one of which is the what?",light,light is the requested answer. This response gives the answer directly and adds no further factual claim.,A,0.52734375,17.125,-16.59765625,6.190553072425388e-08,B,False
T4,37fd7343def15a982f55039a6fd91953c9aec931123a52d0f01f0e4298e0f327,OO,"In myasthenia gravis, antibodies bind to and block certain receptors on muscle cells, preventing what?",muscle contraction,muscle contraction is the requested answer. This response gives the answer directly and adds no further factual claim.,A,19.875,13.625,6.25,0.9980732653366725,A,True
T4,37fd7343def15a982f55039a6fd91953c9aec931123a52d0f01f0e4298e0f327,OS,"In myasthenia gravis, antibodies bind to and block certain receptors on muscle cells, preventing what?",muscle contraction,asteroids is the requested answer. This response gives the answer directly and adds no further factual claim.,B,-3.171875,15.4375,-18.609375,8.280396292509306e-09,B,True
T4,37fd7343def15a982f55039a6fd91953c9aec931123a52d0f01f0e4298e0f327,SO,"In myasthenia gravis, antibodies bind to and block certain receptors on muscle cells, preventing what?",asteroids,muscle contraction is the requested answer. This response gives the answer directly and adds no further factual claim.,B,-0.62109375,15.25,-15.87109375,1.28018138246126e-07,B,True
T4,37fd7343def15a982f55039a6fd91953c9aec931123a52d0f01f0e4298e0f327,SS,"In myasthenia gravis, antibodies bind to and block certain receptors on muscle cells, preventing what?",asteroids,asteroids is the requested answer. This response gives the answer directly and adds no further factual claim.,A,2.75,17.5,-14.75,3.927862002670442e-07,B,False
T4,38197b9f21a2cbc6219c9edadf1b00c23fd75944c8ed0462d4fb2984382e2454,OO,What map coordinates correspond to similar climate zones and life zones?,altitude and latitude,altitude and latitude is the requested answer. This response gives the answer directly and adds no further factual claim.,A,14.5,-1.359375,15.859375,0.9999998704728247,A,True
T4,38197b9f21a2cbc6219c9edadf1b00c23fd75944c8ed0462d4fb2984382e2454,OS,What map coordinates correspond to similar climate zones and life zones?,altitude and latitude,nonvascular is the requested answer. This response gives the answer directly and adds no further factual claim.,B,-1.078125,15.8125,-16.890625,4.618434051604605e-08,B,True
T4,38197b9f21a2cbc6219c9edadf1b00c23fd75944c8ed0462d4fb2984382e2454,SO,What map coordinates correspond to similar climate zones and life zones?,nonvascular,altitude and latitude is the requested answer. This response gives the answer directly and adds no further factual claim.,B,7.25,18.75,-11.5,1.0129990980873921e-05,B,True
T4,38197b9f21a2cbc6219c9edadf1b00c23fd75944c8ed0462d4fb2984382e2454,SS,What map coordinates correspond to similar climate zones and life zones?,nonvascular,nonvascular is the requested answer. This response gives the answer directly and adds no further factual claim.,A,19.25,11.8125,7.4375,0.9994115911814431,A,True
T4,3832009ffefb8053acc8f41b409ffc903ba02cb06ee1f396131afe3a64f7f714,OO,What can be used to estimate the energy change of a chemical reaction?,bond energies,bond energies is the requested answer. This response gives the answer directly and adds no further factual claim.,A,18.875,4.84375,14.03125,0.9999991940553795,A,True
T4,3832009ffefb8053acc8f41b409ffc903ba02cb06ee1f396131afe3a64f7f714,OS,What can be used to estimate the energy change of a chemical reaction?,bond energies,activation energy is the requested answer. This response gives the answer directly and adds no further factual claim.,B,-4.84375,15.4375,-20.28125,1.5558403775790823e-09,B,True
T4,3832009ffefb8053acc8f41b409ffc903ba02cb06ee1f396131afe3a64f7f714,SO,What can be used to estimate the energy change of a chemical reaction?,activation energy,bond energies is the requested answer. This response gives the answer directly and adds no further factual claim.,B,-1.4453125,15.0625,-16.5078125,6.772485650783491e-08,B,True
T4,3832009ffefb8053acc8f41b409ffc903ba02cb06ee1f396131afe3a64f7f714,SS,What can be used to estimate the energy change of a chemical reaction?,activation energy,activation energy is the requested answer. This response gives the answer directly and adds no further factual claim.,A,18.5,7.1875,11.3125,0.9999877809239794,A,True
T4,3975f704337b080024800027d2e29bc96ed1f384966e94429dc7897299354c6c,OO,What type of diseases are diseases that are caused by choices that people make in their daily lives?,lifestyle diseases,lifestyle diseases is the requested answer. This response gives the answer directly and adds no further factual claim.,A,17.0,0.59765625,16.40234375,0.9999999247420149,A,True
T4,3975f704337b080024800027d2e29bc96ed1f384966e94429dc7897299354c6c,OS,What type of diseases are diseases that are caused by choices that people make in their daily lives?,lifestyle diseases,hydrogen ions is the requested answer. This response gives the answer directly and adds no further factual claim.,B,-2.765625,15.0625,-17.828125,1.808604811862797e-08,B,True
T4,3975f704337b080024800027d2e29bc96ed1f384966e94429dc7897299354c6c,SO,What type of diseases are diseases that are caused by choices that people make in their daily lives?,hydrogen ions,lifestyle diseases is the requested answer. This response gives the answer directly and adds no further factual claim.,B,4.03125,17.625,-13.59375,1.2482708949986417e-06,B,True
T4,3975f704337b080024800027d2e29bc96ed1f384966e94429dc7897299354c6c,SS,What type of diseases are diseases that are caused by choices that people make in their daily lives?,hydrogen ions,hydrogen ions is the requested answer. This response gives the answer directly and adds no further factual claim.,A,-0.0478515625,17.5,-17.5478515625,2.393673361894691e-08,B,False
T4,398a76fc83c24119abafed142f0472b7bf7450ccca75cac5e41f71c680f8b506,OO,What do you call air flowing over earth’s surface?,wind,wind is the requested answer. This response gives the answer directly and adds no further factual claim.,A,18.75,4.3125,14.4375,0.999999463124996,A,True
T4,398a76fc83c24119abafed142f0472b7bf7450ccca75cac5e41f71c680f8b506,OS,What do you call air flowing over earth’s surface?,wind,concave is the requested answer. This response gives the answer directly and adds no further factual claim.,B,-0.298828125,16.125,-16.423828125,7.365835940906171e-08,B,True
T4,398a76fc83c24119abafed142f0472b7bf7450ccca75cac5e41f71c680f8b506,SO,What do you call air flowing over earth’s surface?,concave,wind is the requested answer. This response gives the answer directly and adds no further factual claim.,B,-1.03125,15.6875,-16.71875,5.4845260911330566e-08,B,True
T4,398a76fc83c24119abafed142f0472b7bf7450ccca75cac5e41f71c680f8b506,SS,What do you call air flowing over earth’s surface?,concave,concave is the requested answer. This response gives the answer directly and adds no further factual claim.,A,15.125,18.5,-3.375,0.033085978388704126,B,False
T4,39f61c2d75b7fe6d51ef30f35eec36827fd3e075b56c61c3a34d13069985a50f,OO,"The three features that are unique to the large intestine are the teniae coli, haustra, and what?",epiploic appendages,epiploic appendages is the requested answer. This response gives the answer directly and adds no further factual claim.,A,16.875,1.421875,15.453125,0.9999998055566924,A,True
T4,39f61c2d75b7fe6d51ef30f35eec36827fd3e075b56c61c3a34d13069985a50f,OS,"The three features that are unique to the large intestine are the teniae coli, haustra, and what?",epiploic appendages,amorphous is the requested answer. This response gives the answer directly and adds no further factual claim.,B,-1.1328125,15.0625,-16.1953125,9.256890113567374e-08,B,True
T4,39f61c2d75b7fe6d51ef30f35eec36827fd3e075b56c61c3a34d13069985a50f,SO,"The three features that are unique to the large intestine are the teniae coli, haustra, and what?",amorphous,epiploic appendages is the requested answer. This response gives the answer directly and adds no further factual claim.,B,4.625,16.875,-12.25,4.785094494890119e-06,B,True
T4,39f61c2d75b7fe6d51ef30f35eec36827fd3e075b56c61c3a34d13069985a50f,SS,"The three features that are unique to the large intestine are the teniae coli, haustra, and what?",amorphous,amorphous is the requested answer. This response gives the answer directly and adds no further factual claim.,A,18.125,6.6875,11.4375,0.999989216687777,A,True
T4,3adcd84400767f05f41b0270094c7e4a8e857511c7e63e9255e8ee6eb09c1f2e,OO,The effect of acetylcholine in heart muscle is inhibitory rather than what?,excitatory,excitatory is the requested answer. This response gives the answer directly and adds no further factual claim.,A,17.375,16.5,0.875,0.7057850278370112,A,True
T4,3adcd84400767f05f41b0270094c7e4a8e857511c7e63e9255e8ee6eb09c1f2e,OS,The effect of acetylcholine in heart muscle is inhibitory rather than what?,excitatory,downregulation is the requested answer. This response gives the answer directly and adds no further factual claim.,B,5.75,17.5,-11.75,7.889262586245034e-06,B,True
T4,3adcd84400767f05f41b0270094c7e4a8e857511c7e63e9255e8ee6eb09c1f2e,SO,The effect of acetylcholine in heart muscle is inhibitory rather than what?,downregulation,excitatory is the requested answer. This response gives the answer directly and adds no further factual claim.,B,2.671875,16.375,-13.703125,1.1189429432988174e-06,B,True
T4,3adcd84400767f05f41b0270094c7e4a8e857511c7e63e9255e8ee6eb09c1f2e,SS,The effect of acetylcholine in heart muscle is inhibitory rather than what?,downregulation,downregulation is the requested answer. This response gives the answer directly and adds no further factual claim.,A,14.75,18.125,-3.375,0.033085978388704126,B,False
T4,3d03e1bbfc46d35670f0c6fca59977c81f4a8cdc88a6bca7a3d60ab8063a471e,OO,Pure substances have a constant composition and can only be changed by what?,chemical reactions,chemical reactions is the requested answer. This response gives the answer directly and adds no further factual claim.,A,18.875,6.21875,12.65625,0.9999968124347834,A,True
T4,3d03e1bbfc46d35670f0c6fca59977c81f4a8cdc88a6bca7a3d60ab8063a471e,OS,Pure substances have a constant composition and can only be changed by what?,chemical reactions,carbon dioxide is the requested answer. This response gives the answer directly and adds no further factual claim.,B,-2.359375,16.375,-18.734375,7.30742408742235e-09,B,True
T4,3d03e1bbfc46d35670f0c6fca59977c81f4a8cdc88a6bca7a3d60ab8063a471e,SO,Pure substances have a constant composition and can only be changed by what?,carbon dioxide,chemical reactions is the requested answer. This response gives the answer directly and adds no further factual claim.,B,3.25,17.0,-13.75,1.067702870044147e-06,B,True
T4,3d03e1bbfc46d35670f0c6fca59977c81f4a8cdc88a6bca7a3d60ab8063a471e,SS,Pure substances have a constant composition and can only be changed by what?,carbon dioxide,carbon dioxide is the requested answer. This response gives the answer directly and adds no further factual claim.,A,3.171875,17.75,-14.578125,4.664451196031272e-07,B,False
T4,3d13ddd9f6cad6c1c863e4fbdaa8409a5c0dfafcc2eea2766fabd1b1c6e015d6,OO,What do plant cells have in addition to a cell wall and a large central vacuole?,plastids,plastids is the requested answer. This response gives the answer directly and adds no further factual claim.,A,17.5,1.84375,15.65625,0.9999998412999919,A,True
T4,3d13ddd9f6cad6c1c863e4fbdaa8409a5c0dfafcc2eea2766fabd1b1c6e015d6,OS,What do plant cells have in addition to a cell wall and a large central vacuole?,plastids,nutrients is the requested answer. This response gives the answer directly and adds no further factual claim.,B,-0.376953125,15.4375,-15.814453125,1.354784485621536e-07,B,True
T4,3d13ddd9f6cad6c1c863e4fbdaa8409a5c0dfafcc2eea2766fabd1b1c6e015d6,SO,What do plant cells have in addition to a cell wall and a large central vacuole?,nutrients,plastids is the requested answer. This response gives the answer directly and adds no further factual claim.,B,-0.734375,15.25,-15.984375,1.1430733279032194e-07,B,True
T4,3d13ddd9f6cad6c1c863e4fbdaa8409a5c0dfafcc2eea2766fabd1b1c6e015d6,SS,What do plant cells have in addition to a cell wall and a large central vacuole?,nutrients,nutrients is the requested answer. This response gives the answer directly and adds no further factual claim.,A,9.8125,18.375,-8.5625,0.00019110431587777673,B,False
T4,3d63d7febc2e16bbd6a1ae6283266aae607bf41661d0ebe4b433e6bbf8b36422,OO,"Color blindness, hemophilia and muscular dystrophy are three x-linked what?",phenotypes,phenotypes is the requested answer. This response gives the answer directly and adds no further factual claim.,A,18.875,7.5,11.375,0.999988521231873,A,True
T4,3d63d7febc2e16bbd6a1ae6283266aae607bf41661d0ebe4b433e6bbf8b36422,OS,"Color blindness, hemophilia and muscular dystrophy are three x-linked what?",phenotypes,cilia is the requested answer. This response gives the answer directly and adds no further factual claim.,B,-3.6875,15.6875,-19.375,3.850741907939403e-09,B,True
T4,3d63d7febc2e16bbd6a1ae6283266aae607bf41661d0ebe4b433e6bbf8b36422,SO,"Color blindness, hemophilia and muscular dystrophy are three x-linked what?",cilia,phenotypes is the requested answer. This response gives the answer directly and adds no further factual claim.,B,-3.53125,14.875,-18.40625,1.0145353595155653e-08,B,True
T4,3d63d7febc2e16bbd6a1ae6283266aae607bf41661d0ebe4b433e6bbf8b36422,SS,"Color blindness, hemophilia and muscular dystrophy are three x-linked what?",cilia,cilia is the requested answer. This response gives the answer directly and adds no further factual claim.,A,-2.28125,15.8125,-18.09375,1.3867054168873702e-08,B,False
T4,3dd056aadf1ba84092fcc9b21ef87dd26564c3486de97f4306b599e30773fdc6,OO,Unsaturated hydrocarbons with at least one triple bond are known as?,alkynes,alkynes is the requested answer. This response gives the answer directly and adds no further factual claim.,A,17.0,-2.5625,19.5625,0.9999999968076227,A,True
T4,3dd056aadf1ba84092fcc9b21ef87dd26564c3486de97f4306b599e30773fdc6,OS,Unsaturated hydrocarbons with at least one triple bond are known as?,alkynes,adhesion is the requested answer. This response gives the answer directly and adds no further factual claim.,B,-3.296875,15.3125,-18.609375,8.280396292509306e-09,B,True
T4,3dd056aadf1ba84092fcc9b21ef87dd26564c3486de97f4306b599e30773fdc6,SO,Unsaturated hydrocarbons with at least one triple bond are known as?,adhesion,alkynes is the requested answer. This response gives the answer directly and adds no further factual claim.,B,5.46875,17.375,-11.90625,6.748051590048605e-06,B,True
T4,3dd056aadf1ba84092fcc9b21ef87dd26564c3486de97f4306b599e30773fdc6,SS,Unsaturated hydrocarbons with at least one triple bond are known as?,adhesion,adhesion is the requested answer. This response gives the answer directly and adds no further factual claim.,A,1.5859375,18.125,-16.5390625,6.564118186430999e-08,B,False
T4,3eb632ea98f9fce2b2a44308e6ff72c9c6ae3b443f9d0183474b60876eccb773,OO,What forms when one substance dissolves into another?,solution,solution is the requested answer. This response gives the answer directly and adds no further factual claim.,A,19.125,10.3125,8.8125,0.999851161517427,A,True
T4,3eb632ea98f9fce2b2a44308e6ff72c9c6ae3b443f9d0183474b60876eccb773,OS,What forms when one substance dissolves into another?,solution,seeds is the requested answer. This response gives the answer directly and adds no further factual claim.,B,-2.703125,15.25,-17.953125,1.5960881478604666e-08,B,True
T4,3eb632ea98f9fce2b2a44308e6ff72c9c6ae3b443f9d0183474b60876eccb773,SO,What forms when one substance dissolves into another?,seeds,solution is the requested answer. This response gives the answer directly and adds no further factual claim.,B,-1.0625,16.625,-17.6875,2.0816913725037723e-08,B,True
T4,3eb632ea98f9fce2b2a44308e6ff72c9c6ae3b443f9d0183474b60876eccb773,SS,What forms when one substance dissolves into another?,seeds,seeds is the requested answer. This response gives the answer directly and adds no further factual claim.,A,1.59375,17.125,-15.53125,1.7983066482170178e-07,B,False
T4,3ee096de72cb3b0dfd08b81812498b3c90600256873b702dfe6c8228f2c9c0a4,OO,What does the aqueous fluid between the chloroplast membrane and the grana known as?,stroma,stroma is the requested answer. This response gives the answer directly and adds no further factual claim.,A,16.625,2.015625,14.609375,0.9999995479058815,A,True
T4,3ee096de72cb3b0dfd08b81812498b3c90600256873b702dfe6c8228f2c9c0a4,OS,What does the aqueous fluid between the chloroplast membrane and the grana known as?,stroma,kinetic is the requested answer. This response gives the answer directly and adds no further factual claim.,B,-3.171875,14.875,-18.046875,1.4532547983785554e-08,B,True
T4,3ee096de72cb3b0dfd08b81812498b3c90600256873b702dfe6c8228f2c9c0a4,SO,What does the aqueous fluid between the chloroplast membrane and the grana known as?,kinetic,stroma is the requested answer. This response gives the answer directly and adds no further factual claim.,B,-2.546875,15.25,-17.796875,1.866016090339292e-08,B,True
T4,3ee096de72cb3b0dfd08b81812498b3c90600256873b702dfe6c8228f2c9c0a4,SS,What does the aqueous fluid between the chloroplast membrane and the grana known as?,kinetic,kinetic is the requested answer. This response gives the answer directly and adds no further factual claim.,A,18.75,13.625,5.125,0.9940889311437562,A,True
T4,3f4368f134d45f2838ffaafce8c9a314e61a3bcb5d4e22c3fd0f72b73d01aa8a,OO,What can have complex effects on soil nutrient concentrations?,prokaryotes,prokaryotes is the requested answer. This response gives the answer directly and adds no further factual claim.,A,18.0,7.0625,10.9375,0.9999822214481369,A,True
T4,3f4368f134d45f2838ffaafce8c9a314e61a3bcb5d4e22c3fd0f72b73d01aa8a,OS,What can have complex effects on soil nutrient concentrations?,prokaryotes,smooth muscle is the requested answer. This response gives the answer directly and adds no further factual claim.,B,-4.46875,15.1875,-19.65625,2.9066924918954316e-09,B,True
T4,3f4368f134d45f2838ffaafce8c9a314e61a3bcb5d4e22c3fd0f72b73d01aa8a,SO,What can have complex effects on soil nutrient concentrations?,smooth muscle,prokaryotes is the requested answer. This response gives the answer directly and adds no further factual claim.,B,-1.703125,15.125,-16.828125,4.91629744216681e-08,B,True
T4,3f4368f134d45f2838ffaafce8c9a314e61a3bcb5d4e22c3fd0f72b73d01aa8a,SS,What can have complex effects on soil nutrient concentrations?,smooth muscle,smooth muscle is the requested answer. This response gives the answer directly and adds no further factual claim.,A,0.66015625,15.5625,-14.90234375,3.3728280070063416e-07,B,False
T4,3f7112327a3cfef5de23e93e4a1880826ae70b39c367298aad1f40d9c3d98af2,OO,Both the initiation and inhibition of cell division are triggered by events external to the cell when it is about to begin which process?,replication,replication is the requested answer. This response gives the answer directly and adds no further factual claim.,A,15.5625,16.75,-1.1875,0.2337063569140403,B,False
T4,3f7112327a3cfef5de23e93e4a1880826ae70b39c367298aad1f40d9c3d98af2,OS,Both the initiation and inhibition of cell division are triggered by events external to the cell when it is about to begin which process?,replication,interkinesis is the requested answer. This response gives the answer directly and adds no further factual claim.,B,-2.9375,16.75,-19.6875,2.81726296579986e-09,B,True
T4,3f7112327a3cfef5de23e93e4a1880826ae70b39c367298aad1f40d9c3d98af2,SO,Both the initiation and inhibition of cell division are triggered by events external to the cell when it is about to begin which process?,interkinesis,replication is the requested answer. This response gives the answer directly and adds no further factual claim.,B,-2.5625,16.25,-18.8125,6.758262498631447e-09,B,True
T4,3f7112327a3cfef5de23e93e4a1880826ae70b39c367298aad1f40d9c3d98af2,SS,Both the initiation and inhibition of cell division are triggered by events external to the cell when it is about to begin which process?,interkinesis,interkinesis is the requested answer. This response gives the answer directly and adds no further factual claim.,A,15.6875,17.25,-1.5625,0.1732882059293266,B,False
T4,406903d1cda4ad5f13b43d25e0af38e781a94521fedb3f39765befa05ecf9299,OO,Earthquakes occur most often at which natural feature?,plate boundaries,plate boundaries is the requested answer. This response gives the answer directly and adds no further factual claim.,A,18.25,4.34375,13.90625,0.999999086745198,A,True
T4,406903d1cda4ad5f13b43d25e0af38e781a94521fedb3f39765befa05ecf9299,OS,Earthquakes occur most often at which natural feature?,plate boundaries,fatty acids is the requested answer. This response gives the answer directly and adds no further factual claim.,B,-3.6875,15.875,-19.5625,3.192377170381065e-09,B,True
T4,406903d1cda4ad5f13b43d25e0af38e781a94521fedb3f39765befa05ecf9299,SO,Earthquakes occur most often at which natural feature?,fatty acids,plate boundaries is the requested answer. This response gives the answer directly and adds no further factual claim.,B,1.703125,16.5,-14.796875,3.7479921733703183e-07,B,True
T4,406903d1cda4ad5f13b43d25e0af38e781a94521fedb3f39765befa05ecf9299,SS,Earthquakes occur most often at which natural feature?,fatty acids,fatty acids is the requested answer. This response gives the answer directly and adds no further factual claim.,A,-0.859375,17.375,-18.234375,1.2047905469846831e-08,B,False
T4,41488a0975678237b0b358441e37e50020b7824ca58dc2ad8b6b05dbf1dce1e4,OO,"What phylum includes sponges, which are aquatic invertebrates?",porifera,porifera is the requested answer. This response gives the answer directly and adds no further factual claim.,A,17.75,1.796875,15.953125,0.9999998820641635,A,True
T4,41488a0975678237b0b358441e37e50020b7824ca58dc2ad8b6b05dbf1dce1e4,OS,"What phylum includes sponges, which are aquatic invertebrates?",porifera,volcanic winter is the requested answer. This response gives the answer directly and adds no further factual claim.,B,-3.796875,15.625,-19.421875,3.6744035981306276e-09,B,True
T4,41488a0975678237b0b358441e37e50020b7824ca58dc2ad8b6b05dbf1dce1e4,SO,"What phylum includes sponges, which are aquatic invertebrates?",volcanic winter,porifera is the requested answer. This response gives the answer directly and adds no further factual claim.,B,1.6640625,15.5625,-13.8984375,9.204175414883589e-07,B,True
T4,41488a0975678237b0b358441e37e50020b7824ca58dc2ad8b6b05dbf1dce1e4,SS,"What phylum includes sponges, which are aquatic invertebrates?",volcanic winter,volcanic winter is the requested answer. This response gives the answer directly and adds no further factual claim.,A,-4.78125,15.5,-20.28125,1.5558403775790823e-09,B,False
T4,41972e19b17353b471daa83ca263985b90734a684c6cf04de158ceba557bba20,OO,What is the remarkable ring of light around the sun called?,corona,corona is the requested answer. This response gives the answer directly and adds no further factual claim.,A,17.25,2.21875,15.03125,0.9999997035093924,A,True
T4,41972e19b17353b471daa83ca263985b90734a684c6cf04de158ceba557bba20,OS,What is the remarkable ring of light around the sun called?,corona,chordata is the requested answer. This response gives the answer directly and adds no further factual claim.,B,-2.3125,15.375,-17.6875,2.0816913725037723e-08,B,True
T4,41972e19b17353b471daa83ca263985b90734a684c6cf04de158ceba557bba20,SO,What is the remarkable ring of light around the sun called?,chordata,corona is the requested answer. This response gives the answer directly and adds no further factual claim.,B,-2.84375,14.5,-17.34375,2.935655345115616e-08,B,True
T4,41972e19b17353b471daa83ca263985b90734a684c6cf04de158ceba557bba20,SS,What is the remarkable ring of light around the sun called?,chordata,chordata is the requested answer. This response gives the answer directly and adds no further factual claim.,A,4.28125,17.125,-12.84375,2.642585820842653e-06,B,False
T4,41bd5c2285dcb3536e999fcd7e2cde21de5cfa8bb2e9842810c6ae8f29e05588,OO,Many replication forks develop along a what?,chromosome,chromosome is the requested answer. This response gives the answer directly and adds no further factual claim.,A,19.75,10.3125,9.4375,0.9999203269901391,A,True
T4,41bd5c2285dcb3536e999fcd7e2cde21de5cfa8bb2e9842810c6ae8f29e05588,OS,Many replication forks develop along a what?,chromosome,population is the requested answer. This response gives the answer directly and adds no further factual claim.,B,-4.9375,15.375,-20.3125,1.5079722015620545e-09,B,True
T4,41bd5c2285dcb3536e999fcd7e2cde21de5cfa8bb2e9842810c6ae8f29e05588,SO,Many replication forks develop along a what?,population,chromosome is the requested answer. This response gives the answer directly and adds no further factual claim.,B,-3.53125,15.0625,-18.59375,8.410793559209271e-09,B,True
T4,41bd5c2285dcb3536e999fcd7e2cde21de5cfa8bb2e9842810c6ae8f29e05588,SS,Many replication forks develop along a what?,population,population is the requested answer. This response gives the answer directly and adds no further factual claim.,A,8.3125,18.625,-10.3125,3.321419494792514e-05,B,False
T4,41f4f125f31ef8e2c24b2b54d17e9ec1332933a5182bb658df2b71e74210f07a,OO,What kind of feeders are sponges?,filter feeders,filter feeders is the requested answer. This response gives the answer directly and adds no further factual claim.,A,18.25,3.59375,14.65625,0.9999995686087695,A,True
T4,41f4f125f31ef8e2c24b2b54d17e9ec1332933a5182bb658df2b71e74210f07a,OS,What kind of feeders are sponges?,filter feeders,equator is the requested answer. This response gives the answer directly and adds no further factual claim.,B,-0.2294921875,16.125,-16.3544921875,7.894674967946131e-08,B,True
T4,41f4f125f31ef8e2c24b2b54d17e9ec1332933a5182bb658df2b71e74210f07a,SO,What kind of feeders are sponges?,equator,filter feeders is the requested answer. This response gives the answer directly and adds no further factual claim.,B,-1.859375,16.25,-18.109375,1.3652065423952196e-08,B,True
T4,41f4f125f31ef8e2c24b2b54d17e9ec1332933a5182bb658df2b71e74210f07a,SS,What kind of feeders are sponges?,equator,equator is the requested answer. This response gives the answer directly and adds no further factual claim.,A,7.53125,18.5,-10.96875,1.723157275214239e-05,B,False
T4,425597e7c6465516510ec8386f5266b416983270bf2da29be80104b652ec25af,OO,Electric motors transform electrical energy into what other form of energy?,kinetic,kinetic is the requested answer. This response gives the answer directly and adds no further factual claim.,A,18.125,1.8515625,16.2734375,0.9999999143877611,A,True
T4,425597e7c6465516510ec8386f5266b416983270bf2da29be80104b652ec25af,OS,Electric motors transform electrical energy into what other form of energy?,kinetic,mutation is the requested answer. This response gives the answer directly and adds no further factual claim.,B,-1.0390625,15.625,-16.6640625,5.7928140124047875e-08,B,True
T4,425597e7c6465516510ec8386f5266b416983270bf2da29be80104b652ec25af,SO,Electric motors transform electrical energy into what other form of energy?,mutation,kinetic is the requested answer. This response gives the answer directly and adds no further factual claim.,B,-1.40625,15.125,-16.53125,6.615601200035879e-08,B,True
T4,425597e7c6465516510ec8386f5266b416983270bf2da29be80104b652ec25af,SS,Electric motors transform electrical energy into what other form of energy?,mutation,mutation is the requested answer. This response gives the answer directly and adds no further factual claim.,A,-3.3125,16.375,-19.6875,2.81726296579986e-09,B,False
T4,4271cfe8b61a8a3393e85c06aa38d43ea9b075538d57c363e9ce3260328b75b4,OO,Fungi that reproduce sexually create what?,a zygospore,a zygospore is the requested answer. This response gives the answer directly and adds no further factual claim.,A,18.0,7.84375,10.15625,0.9999611688901312,A,True
T4,4271cfe8b61a8a3393e85c06aa38d43ea9b075538d57c363e9ce3260328b75b4,OS,Fungi that reproduce sexually create what?,a zygospore,geotropism is the requested answer. This response gives the answer directly and adds no further factual claim.,B,-4.1875,15.3125,-19.5,3.398267807946847e-09,B,True
T4,4271cfe8b61a8a3393e85c06aa38d43ea9b075538d57c363e9ce3260328b75b4,SO,Fungi that reproduce sexually create what?,geotropism,a zygospore is the requested answer. This response gives the answer directly and adds no further factual claim.,B,-2.546875,14.6875,-17.234375,3.2749601831704636e-08,B,True
T4,4271cfe8b61a8a3393e85c06aa38d43ea9b075538d57c363e9ce3260328b75b4,SS,Fungi that reproduce sexually create what?,geotropism,geotropism is the requested answer. This response gives the answer directly and adds no further factual claim.,A,-1.2734375,16.5,-17.7734375,1.9102673858453738e-08,B,False
T4,439ffe75992797ee13316de00c9d6aa9971cb83d549d64af220f741dded7b4d2,OO,"What are an important predators of mosquitoes, that can be used to control this pest?",dragonflies,dragonflies is the requested answer. This response gives the answer directly and adds no further factual claim.,A,19.0,5.78125,13.21875,0.9999981837775962,A,True
T4,439ffe75992797ee13316de00c9d6aa9971cb83d549d64af220f741dded7b4d2,OS,"What are an important predators of mosquitoes, that can be used to control this pest?",dragonflies,myoglobin is the requested answer. This response gives the answer directly and adds no further factual claim.,B,-3.046875,15.9375,-18.984375,5.69102761071833e-09,B,True
T4,439ffe75992797ee13316de00c9d6aa9971cb83d549d64af220f741dded7b4d2,SO,"What are an important predators of mosquitoes, that can be used to control this pest?",myoglobin,dragonflies is the requested answer. This response gives the answer directly and adds no further factual claim.,B,-2.171875,15.0,-17.171875,3.486176960798186e-08,B,True
T4,439ffe75992797ee13316de00c9d6aa9971cb83d549d64af220f741dded7b4d2,SS,"What are an important predators of mosquitoes, that can be used to control this pest?",myoglobin,myoglobin is the requested answer. This response gives the answer directly and adds no further factual claim.,A,-3.25,15.875,-19.125,4.944450477491054e-09,B,False
T4,47ccd792c57b9a4d617bbe4826f0c86753850106491369e516ebbb767746ddec,OO,What law states that matter cannot be created or destroyed even when it changes?,conservation of mass,conservation of mass is the requested answer. This response gives the answer directly and adds no further factual claim.,A,15.75,-1.015625,16.765625,0.9999999476662863,A,True
T4,47ccd792c57b9a4d617bbe4826f0c86753850106491369e516ebbb767746ddec,OS,What law states that matter cannot be created or destroyed even when it changes?,conservation of mass,speed of sound is the requested answer. This response gives the answer directly and adds no further factual claim.,B,-2.296875,15.375,-17.671875,2.1144732409122157e-08,B,True
T4,47ccd792c57b9a4d617bbe4826f0c86753850106491369e516ebbb767746ddec,SO,What law states that matter cannot be created or destroyed even when it changes?,speed of sound,conservation of mass is the requested answer. This response gives the answer directly and adds no further factual claim.,B,3.296875,15.75,-12.453125,3.905483739112383e-06,B,True
T4,47ccd792c57b9a4d617bbe4826f0c86753850106491369e516ebbb767746ddec,SS,What law states that matter cannot be created or destroyed even when it changes?,speed of sound,speed of sound is the requested answer. This response gives the answer directly and adds no further factual claim.,A,-3.0,16.375,-19.375,3.850741907939403e-09,B,False
T4,4ac100f8d53d9f95785c499a24bff4d96fdeced0966b21ee7403971c9268cd5a,OO,Ionic bonds are formed between which ions?,with opposite charges,with opposite charges is the requested answer. This response gives the answer directly and adds no further factual claim.,A,17.5,0.2412109375,17.2587890625,0.9999999680402677,A,True
T4,4ac100f8d53d9f95785c499a24bff4d96fdeced0966b21ee7403971c9268cd5a,OS,Ionic bonds are formed between which ions?,with opposite charges,gravitational is the requested answer. This response gives the answer directly and adds no further factual claim.,B,-1.765625,15.8125,-17.578125,2.3222945352461935e-08,B,True
T4,4ac100f8d53d9f95785c499a24bff4d96fdeced0966b21ee7403971c9268cd5a,SO,Ionic bonds are formed between which ions?,gravitational,with opposite charges is the requested answer. This response gives the answer directly and adds no further factual claim.,B,-2.625,15.5625,-18.1875,1.2626096518246154e-08,B,True
T4,4ac100f8d53d9f95785c499a24bff4d96fdeced0966b21ee7403971c9268cd5a,SS,Ionic bonds are formed between which ions?,gravitational,gravitational is the requested answer. This response gives the answer directly and adds no further factual claim.,A,0.30859375,17.125,-16.81640625,4.974249197815959e-08,B,False
T4,4c22a7020fcc075f9f948b5b4c877ceab447932756009ccd5e0296cb1c4146fd,OO,What are atoms of the same element but with different numbers of neutrons called?,isotopes,isotopes is the requested answer. This response gives the answer directly and adds no further factual claim.,A,17.25,1.6171875,15.6328125,0.9999998375365304,A,True
T4,4c22a7020fcc075f9f948b5b4c877ceab447932756009ccd5e0296cb1c4146fd,OS,What are atoms of the same element but with different numbers of neutrons called?,isotopes,plucking is the requested answer. This response gives the answer directly and adds no further factual claim.,B,-3.671875,14.75,-18.421875,9.988064468161764e-09,B,True
T4,4c22a7020fcc075f9f948b5b4c877ceab447932756009ccd5e0296cb1c4146fd,SO,What are atoms of the same element but with different numbers of neutrons called?,plucking,isotopes is the requested answer. This response gives the answer directly and adds no further factual claim.,B,-0.9609375,15.0625,-16.0234375,1.0992828812041721e-07,B,True
T4,4c22a7020fcc075f9f948b5b4c877ceab447932756009ccd5e0296cb1c4146fd,SS,What are atoms of the same element but with different numbers of neutrons called?,plucking,plucking is the requested answer. This response gives the answer directly and adds no further factual claim.,A,1.2265625,17.75,-16.5234375,6.667487999867308e-08,B,False
T4,50e89b0ddd95fe081a170155268d88b5637809604696c7a6f1e8c642f2b54c5a,OO,Nitrogen & sulfur oxide combine with rain to form what?,acid rain,acid rain is the requested answer. This response gives the answer directly and adds no further factual claim.,A,18.5,8.875,9.625,0.9999339478551454,A,True
T4,50e89b0ddd95fe081a170155268d88b5637809604696c7a6f1e8c642f2b54c5a,OS,Nitrogen & sulfur oxide combine with rain to form what?,acid rain,cancer is the requested answer. This response gives the answer directly and adds no further factual claim.,B,-4.6875,15.4375,-20.125,1.8189616842444243e-09,B,True
T4,50e89b0ddd95fe081a170155268d88b5637809604696c7a6f1e8c642f2b54c5a,SO,Nitrogen & sulfur oxide combine with rain to form what?,cancer,acid rain is the requested answer. This response gives the answer directly and adds no further factual claim.,B,-0.1611328125,14.5,-14.6611328125,4.292899630514963e-07,B,True
T4,50e89b0ddd95fe081a170155268d88b5637809604696c7a6f1e8c642f2b54c5a,SS,Nitrogen & sulfur oxide combine with rain to form what?,cancer,cancer is the requested answer. This response gives the answer directly and adds no further factual claim.,A,-0.95703125,15.5625,-16.51953125,6.693583808316804e-08,B,False
T4,510f55edebf39d8098e25f20bf735eb0ce82fee4ce7abf755d8d378d0ae4f9c5,OO,What's the name for an organic compound in which halogen atoms are substituted for hydrogen in a hydrocarbon?,alkyl halide,alkyl halide is the requested answer. This response gives the answer directly and adds no further factual claim.,A,15.8125,-0.126953125,15.939453125,0.999999880440687,A,True
T4,510f55edebf39d8098e25f20bf735eb0ce82fee4ce7abf755d8d378d0ae4f9c5,OS,What's the name for an organic compound in which halogen atoms are substituted for hydrogen in a hydrocarbon?,alkyl halide,reactions is the requested answer. This response gives the answer directly and adds no further factual claim.,B,-0.609375,16.0,-16.609375,6.118430948983904e-08,B,True
T4,510f55edebf39d8098e25f20bf735eb0ce82fee4ce7abf755d8d378d0ae4f9c5,SO,What's the name for an organic compound in which halogen atoms are substituted for hydrogen in a hydrocarbon?,reactions,alkyl halide is the requested answer. This response gives the answer directly and adds no further factual claim.,B,6.9375,17.0,-10.0625,4.264746818557913e-05,B,True
T4,510f55edebf39d8098e25f20bf735eb0ce82fee4ce7abf755d8d378d0ae4f9c5,SS,What's the name for an organic compound in which halogen atoms are substituted for hydrogen in a hydrocarbon?,reactions,reactions is the requested answer. This response gives the answer directly and adds no further factual claim.,A,2.4375,17.75,-15.3125,2.238028685224453e-07,B,False
T4,52aba3c550dabe11b7e047ff5a4addc223e7b2d24ee14924ca69cfc2dae3b724,OO,"Melting glaciers, rising temperatures and droughts are all impacts of what?",global warming,global warming is the requested answer. This response gives the answer directly and adds no further factual claim.,A,17.75,7.21875,10.53125,0.9999733114704275,A,True
T4,52aba3c550dabe11b7e047ff5a4addc223e7b2d24ee14924ca69cfc2dae3b724,OS,"Melting glaciers, rising temperatures and droughts are all impacts of what?",global warming,impulse is the requested answer. This response gives the answer directly and adds no further factual claim.,B,-3.609375,14.75,-18.359375,1.0632239274823535e-08,B,True
T4,52aba3c550dabe11b7e047ff5a4addc223e7b2d24ee14924ca69cfc2dae3b724,SO,"Melting glaciers, rising temperatures and droughts are all impacts of what?",impulse,global warming is the requested answer. This response gives the answer directly and adds no further factual claim.,B,3.734375,17.125,-13.390625,1.529413041130223e-06,B,True
T4,52aba3c550dabe11b7e047ff5a4addc223e7b2d24ee14924ca69cfc2dae3b724,SS,"Melting glaciers, rising temperatures and droughts are all impacts of what?",impulse,impulse is the requested answer. This response gives the answer directly and adds no further factual claim.,A,1.5546875,16.875,-15.3203125,2.2206122116882142e-07,B,False
T4,53a9a275a436d8bd4aa6f496fd454816a1ff515b21770e062f15a0df2cb4322d,OO,"The classes anthozoa, scyphozoa, cubozoa, and hydrozoa make up what phylum?",cnidaria,cnidaria is the requested answer. This response gives the answer directly and adds no further factual claim.,A,18.0,2.5,15.5,0.9999998144608981,A,True
T4,53a9a275a436d8bd4aa6f496fd454816a1ff515b21770e062f15a0df2cb4322d,OS,"The classes anthozoa, scyphozoa, cubozoa, and hydrozoa make up what phylum?",cnidaria,rocks is the requested answer. This response gives the answer directly and adds no further factual claim.,B,0.640625,15.75,-15.109375,2.7420899270349333e-07,B,True
T4,53a9a275a436d8bd4aa6f496fd454816a1ff515b21770e062f15a0df2cb4322d,SO,"The classes anthozoa, scyphozoa, cubozoa, and hydrozoa make up what phylum?",rocks,cnidaria is the requested answer. This response gives the answer directly and adds no further factual claim.,B,9.125,17.25,-8.125,0.000295957113513077,B,True
T4,53a9a275a436d8bd4aa6f496fd454816a1ff515b21770e062f15a0df2cb4322d,SS,"The classes anthozoa, scyphozoa, cubozoa, and hydrozoa make up what phylum?",rocks,rocks is the requested answer. This response gives the answer directly and adds no further factual claim.,A,1.25,17.125,-15.875,1.275190428876251e-07,B,False
T4,55bfeb38bb86d674bb85783339e06d4ca643b0f5c853ac48be50f1c5d7d61737,OO,"What do we call the phase of nuclear division, in which one nucleus divides and becomes two nuclei?",mitosis,mitosis is the requested answer. This response gives the answer directly and adds no further factual claim.,A,17.125,1.9140625,15.2109375,0.9999997522728127,A,True
T4,55bfeb38bb86d674bb85783339e06d4ca643b0f5c853ac48be50f1c5d7d61737,OS,"What do we call the phase of nuclear division, in which one nucleus divides and becomes two nuclei?",mitosis,raise sea levels is the requested answer. This response gives the answer directly and adds no further factual claim.,B,-2.96875,15.875,-18.84375,6.550332622350748e-09,B,True
T4,55bfeb38bb86d674bb85783339e06d4ca643b0f5c853ac48be50f1c5d7d61737,SO,"What do we call the phase of nuclear division, in which one nucleus divides and becomes two nuclei?",raise sea levels,mitosis is the requested answer. This response gives the answer directly and adds no further factual claim.,B,-2.5,14.8125,-17.3125,3.0288430461900305e-08,B,True
T4,55bfeb38bb86d674bb85783339e06d4ca643b0f5c853ac48be50f1c5d7d61737,SS,"What do we call the phase of nuclear division, in which one nucleus divides and becomes two nuclei?",raise sea levels,raise sea levels is the requested answer. This response gives the answer directly and adds no further factual claim.,A,-3.515625,15.625,-19.140625,4.867793878412781e-09,B,False
T4,56295692530fff758ebf02124a935e66aace3d3a9b0fb05e6722c4c59406320d,OO,Mutations in what type of regulatory gene can cause misplacement of structures in an animal?,homeotic,homeotic is the requested answer. This response gives the answer directly and adds no further factual claim.,A,18.0,3.625,14.375,0.999999428499553,A,True
T4,56295692530fff758ebf02124a935e66aace3d3a9b0fb05e6722c4c59406320d,OS,Mutations in what type of regulatory gene can cause misplacement of structures in an animal?,homeotic,lipid-soluble hormones is the requested answer. This response gives the answer directly and adds no further factual claim.,B,-4.5,16.25,-20.75,9.736200303530205e-10,B,True
T4,56295692530fff758ebf02124a935e66aace3d3a9b0fb05e6722c4c59406320d,SO,Mutations in what type of regulatory gene can cause misplacement of structures in an animal?,lipid-soluble hormones,homeotic is the requested answer. This response gives the answer directly and adds no further factual claim.,B,-0.70703125,16.875,-17.58203125,2.3132407670811388e-08,B,True
T4,56295692530fff758ebf02124a935e66aace3d3a9b0fb05e6722c4c59406320d,SS,Mutations in what type of regulatory gene can cause misplacement of structures in an animal?,lipid-soluble hormones,lipid-soluble hormones is the requested answer. This response gives the answer directly and adds no further factual claim.,A,12.1875,18.375,-6.1875,0.002050743539917378,B,False
T4,56b5b5d57e2db717fd38c32b39134d4a952db244beb8ba70c8bb0c9abcfbff87,OO,Bases turn red litmus paper which color?,blue,blue is the requested answer. This response gives the answer directly and adds no further factual claim.,A,19.375,7.5,11.875,0.9999930377437499,A,True
T4,56b5b5d57e2db717fd38c32b39134d4a952db244beb8ba70c8bb0c9abcfbff87,OS,Bases turn red litmus paper which color?,blue,lifestyle diseases is the requested answer. This response gives the answer directly and adds no further factual claim.,B,-1.3359375,16.5,-17.8359375,1.7945301378066343e-08,B,True
T4,56b5b5d57e2db717fd38c32b39134d4a952db244beb8ba70c8bb0c9abcfbff87,SO,Bases turn red litmus paper which color?,lifestyle diseases,blue is the requested answer. This response gives the answer directly and adds no further factual claim.,B,-3.5,15.6875,-19.1875,4.644881368380887e-09,B,True
T4,56b5b5d57e2db717fd38c32b39134d4a952db244beb8ba70c8bb0c9abcfbff87,SS,Bases turn red litmus paper which color?,lifestyle diseases,lifestyle diseases is the requested answer. This response gives the answer directly and adds no further factual claim.,A,-0.67578125,17.0,-17.67578125,2.106229691154204e-08,B,False
T4,58216f6a2c4312095699a92dde2ec6bc05825a71c6fd9a3b626ee32be792f58c,OO,"Cells of what category of organisms can be organized at the level of cells, tissues, organs, and organ systems?",multicellular,multicellular is the requested answer. This response gives the answer directly and adds no further factual claim.,A,19.375,7.90625,11.46875,0.9999895484519483,A,True
T4,58216f6a2c4312095699a92dde2ec6bc05825a71c6fd9a3b626ee32be792f58c,OS,"Cells of what category of organisms can be organized at the level of cells, tissues, organs, and organ systems?",multicellular,filter feeders is the requested answer. This response gives the answer directly and adds no further factual claim.,B,0.671875,16.5,-15.828125,1.3363880871416587e-07,B,True
T4,58216f6a2c4312095699a92dde2ec6bc05825a71c6fd9a3b626ee32be792f58c,SO,"Cells of what category of organisms can be organized at the level of cells, tissues, organs, and organ systems?",filter feeders,multicellular is the requested answer. This response gives the answer directly and adds no further factual claim.,B,3.078125,16.75,-13.671875,1.1544619641107913e-06,B,True
T4,58216f6a2c4312095699a92dde2ec6bc05825a71c6fd9a3b626ee32be792f58c,SS,"Cells of what category of organisms can be organized at the level of cells, tissues, organs, and organ systems?",filter feeders,filter feeders is the requested answer. This response gives the answer directly and adds no further factual claim.,A,14.125,16.875,-2.75,0.060086650174007626,B,False
T4,5853dac42c8100da6718a861125bb63c48ba2105a68839a98f110fcb506f21e8,OO,What is the term for the transfer of heat by a current?,convection,convection is the requested answer. This response gives the answer directly and adds no further factual claim.,A,16.75,4.78125,11.96875,0.9999936607895961,A,True
T4,5853dac42c8100da6718a861125bb63c48ba2105a68839a98f110fcb506f21e8,OS,What is the term for the transfer of heat by a current?,convection,radioactive is the requested answer. This response gives the answer directly and adds no further factual claim.,B,-1.0703125,14.5,-15.5703125,1.7294146143091509e-07,B,True
T4,5853dac42c8100da6718a861125bb63c48ba2105a68839a98f110fcb506f21e8,SO,What is the term for the transfer of heat by a current?,radioactive,convection is the requested answer. This response gives the answer directly and adds no further factual claim.,B,-3.703125,14.5,-18.203125,1.2430347037932965e-08,B,True
T4,5853dac42c8100da6718a861125bb63c48ba2105a68839a98f110fcb506f21e8,SS,What is the term for the transfer of heat by a current?,radioactive,radioactive is the requested answer. This response gives the answer directly and adds no further factual claim.,A,18.25,15.3125,2.9375,0.9496693674025232,A,True
T4,59b21d2adbc8aeb7d1272b57f94d07d961cf8112476bac3dc3965706527a80b5,OO,Mammalian sex determination is determined genetically by the presence of chromosomes identified by what letters?,x and y,x and y is the requested answer. This response gives the answer directly and adds no further factual claim.,A,15.1875,-4.625,19.8125,0.9999999975137741,A,True
T4,59b21d2adbc8aeb7d1272b57f94d07d961cf8112476bac3dc3965706527a80b5,OS,Mammalian sex determination is determined genetically by the presence of chromosomes identified by what letters?,x and y,torr is the requested answer. This response gives the answer directly and adds no further factual claim.,B,-5.53125,14.625,-20.15625,1.7629981167074255e-09,B,True
T4,59b21d2adbc8aeb7d1272b57f94d07d961cf8112476bac3dc3965706527a80b5,SO,Mammalian sex determination is determined genetically by the presence of chromosomes identified by what letters?,torr,x and y is the requested answer. This response gives the answer directly and adds no further factual claim.,B,0.6171875,14.3125,-13.6953125,1.1277189116747425e-06,B,True
T4,59b21d2adbc8aeb7d1272b57f94d07d961cf8112476bac3dc3965706527a80b5,SS,Mammalian sex determination is determined genetically by the presence of chromosomes identified by what letters?,torr,torr is the requested answer. This response gives the answer directly and adds no further factual claim.,A,4.75,17.125,-12.375,4.222833444659923e-06,B,False
T4,5aebcd3347946c824254e282941f2290d2f5558c9ff4d18b116fe12bc6432466,OO,What is the term for the distance between any two corresponding points on adjacent waves?,wavelength,wavelength is the requested answer. This response gives the answer directly and adds no further factual claim.,A,17.125,0.59765625,16.52734375,0.9999999335850607,A,True
T4,5aebcd3347946c824254e282941f2290d2f5558c9ff4d18b116fe12bc6432466,OS,What is the term for the distance between any two corresponding points on adjacent waves?,wavelength,circulatory system is the requested answer. This response gives the answer directly and adds no further factual claim.,B,-3.609375,15.3125,-18.921875,6.058067354934655e-09,B,True
T4,5aebcd3347946c824254e282941f2290d2f5558c9ff4d18b116fe12bc6432466,SO,What is the term for the distance between any two corresponding points on adjacent waves?,circulatory system,wavelength is the requested answer. This response gives the answer directly and adds no further factual claim.,B,5.15625,16.5,-11.34375,1.1843139025979654e-05,B,True
T4,5aebcd3347946c824254e282941f2290d2f5558c9ff4d18b116fe12bc6432466,SS,What is the term for the distance between any two corresponding points on adjacent waves?,circulatory system,circulatory system is the requested answer. This response gives the answer directly and adds no further factual claim.,A,0.11083984375,15.375,-15.26416015625,2.3488721101665405e-07,B,False
T4,5af325bc6e29771297a7d9b3b33082db45f759378a47f70408b80e536f8173a8,OO,The seven bones of the ankle are called the what?,tarsals,tarsals is the requested answer. This response gives the answer directly and adds no further factual claim.,A,17.875,6.03125,11.84375,0.9999928167396002,A,True
T4,5af325bc6e29771297a7d9b3b33082db45f759378a47f70408b80e536f8173a8,OS,The seven bones of the ankle are called the what?,tarsals,oxygen is the requested answer. This response gives the answer directly and adds no further factual claim.,B,-4.21875,15.3125,-19.53125,3.293714099457528e-09,B,True
T4,5af325bc6e29771297a7d9b3b33082db45f759378a47f70408b80e536f8173a8,SO,The seven bones of the ankle are called the what?,oxygen,tarsals is the requested answer. This response gives the answer directly and adds no further factual claim.,B,-2.984375,15.1875,-18.171875,1.2824928604252854e-08,B,True
T4,5af325bc6e29771297a7d9b3b33082db45f759378a47f70408b80e536f8173a8,SS,The seven bones of the ankle are called the what?,oxygen,oxygen is the requested answer. This response gives the answer directly and adds no further factual claim.,A,-2.59375,16.5,-19.09375,5.1014041830565e-09,B,False
T4,5c17097227a0fb55737cf52c70ec318d3ba1110d71a8c71b697802393b2c64df,OO,What level is a feeding position in a food chain or web?,trophic,trophic is the requested answer. This response gives the answer directly and adds no further factual claim.,A,17.625,4.53125,13.09375,0.9999979419508905,A,True
T4,5c17097227a0fb55737cf52c70ec318d3ba1110d71a8c71b697802393b2c64df,OS,What level is a feeding position in a food chain or web?,trophic,aquatic is the requested answer. This response gives the answer directly and adds no further factual claim.,B,-3.375,15.625,-19.0,5.602796406145941e-09,B,True
T4,5c17097227a0fb55737cf52c70ec318d3ba1110d71a8c71b697802393b2c64df,SO,What level is a feeding position in a food chain or web?,aquatic,trophic is the requested answer. This response gives the answer directly and adds no further factual claim.,B,2.6875,17.125,-14.4375,5.368750039367665e-07,B,True
T4,5c17097227a0fb55737cf52c70ec318d3ba1110d71a8c71b697802393b2c64df,SS,What level is a feeding position in a food chain or web?,aquatic,aquatic is the requested answer. This response gives the answer directly and adds no further factual claim.,A,19.625,10.375,9.25,0.9999038975845005,A,True
T4,5da4110576e81a798a7c9eb3d4e2c0637adfdb17a24836f5997ee49a554c1edd,OO,What mineral is stored and is maintained at normal levels in blood by the skeletal system?,calcium,calcium is the requested answer. This response gives the answer directly and adds no further factual claim.,A,17.375,-1.78125,19.15625,0.9999999952076744,A,True
T4,5da4110576e81a798a7c9eb3d4e2c0637adfdb17a24836f5997ee49a554c1edd,OS,What mineral is stored and is maintained at normal levels in blood by the skeletal system?,calcium,alkaline earth metals is the requested answer. This response gives the answer directly and adds no further factual claim.,B,-1.421875,14.8125,-16.234375,8.902264253881654e-08,B,True
T4,5da4110576e81a798a7c9eb3d4e2c0637adfdb17a24836f5997ee49a554c1edd,SO,What mineral is stored and is maintained at normal levels in blood by the skeletal system?,alkaline earth metals,calcium is the requested answer. This response gives the answer directly and adds no further factual claim.,B,13.8125,17.375,-3.5625,0.027585282226789992,B,True
T4,5da4110576e81a798a7c9eb3d4e2c0637adfdb17a24836f5997ee49a554c1edd,SS,What mineral is stored and is maintained at normal levels in blood by the skeletal system?,alkaline earth metals,alkaline earth metals is the requested answer. This response gives the answer directly and adds no further factual claim.,A,17.125,4.46875,12.65625,0.9999968124347834,A,True
T4,5ffe4a411d668a603219b8508d8727ca5e0d1c9c7ec961398c4324e421f50265,OO,What is a type of plant tissue consisting of undifferentiated cells that can continue to divide and differentiate?,meristem,meristem is the requested answer. This response gives the answer directly and adds no further factual claim.,A,16.875,3.65625,13.21875,0.9999981837775962,A,True
T4,5ffe4a411d668a603219b8508d8727ca5e0d1c9c7ec961398c4324e421f50265,OS,What is a type of plant tissue consisting of undifferentiated cells that can continue to divide and differentiate?,meristem,convection is the requested answer. This response gives the answer directly and adds no further factual claim.,B,-3.84375,15.9375,-19.78125,2.5651471217397316e-09,B,True
T4,5ffe4a411d668a603219b8508d8727ca5e0d1c9c7ec961398c4324e421f50265,SO,What is a type of plant tissue consisting of undifferentiated cells that can continue to divide and differentiate?,convection,meristem is the requested answer. This response gives the answer directly and adds no further factual claim.,B,1.2421875,15.875,-14.6328125,4.4162137411713636e-07,B,True
T4,5ffe4a411d668a603219b8508d8727ca5e0d1c9c7ec961398c4324e421f50265,SS,What is a type of plant tissue consisting of undifferentiated cells that can continue to divide and differentiate?,convection,convection is the requested answer. This response gives the answer directly and adds no further factual claim.,A,-4.78125,15.625,-20.40625,1.3730243143805986e-09,B,False
T4,615e53d88676086fc33a4ec1643b3b9372f1df9941c8919af9533b858c168cb5,OO,A long strip of sand is referred to as what?,a barrier island,a barrier island is the requested answer. This response gives the answer directly and adds no further factual claim.,A,18.0,16.0,2.0,0.8807970779778823,A,True
T4,615e53d88676086fc33a4ec1643b3b9372f1df9941c8919af9533b858c168cb5,OS,A long strip of sand is referred to as what?,a barrier island,radial symmetry is the requested answer. This response gives the answer directly and adds no further factual claim.,B,-3.359375,15.75,-19.109375,5.022314242340826e-09,B,True
T4,615e53d88676086fc33a4ec1643b3b9372f1df9941c8919af9533b858c168cb5,SO,A long strip of sand is referred to as what?,radial symmetry,a barrier island is the requested answer. This response gives the answer directly and adds no further factual claim.,B,-3.25,15.1875,-18.4375,9.833213883008256e-09,B,True
T4,615e53d88676086fc33a4ec1643b3b9372f1df9941c8919af9533b858c168cb5,SS,A long strip of sand is referred to as what?,radial symmetry,radial symmetry is the requested answer. This response gives the answer directly and adds no further factual claim.,A,-3.984375,15.3125,-19.296875,4.163644751127875e-09,B,False
T4,61f61c49fa8e53da2fd368165bddd59e5ef621a2b37a36c79954c8346723602e,OO,"The outer ear, or ear canal, carries sound to the recessed protected what?",eardrum,eardrum is the requested answer. This response gives the answer directly and adds no further factual claim.,A,19.875,14.25,5.625,0.9964063974185798,A,True
T4,61f61c49fa8e53da2fd368165bddd59e5ef621a2b37a36c79954c8346723602e,OS,"The outer ear, or ear canal, carries sound to the recessed protected what?",eardrum,vascular is the requested answer. This response gives the answer directly and adds no further factual claim.,B,-3.984375,15.4375,-19.421875,3.6744035981306276e-09,B,True
T4,61f61c49fa8e53da2fd368165bddd59e5ef621a2b37a36c79954c8346723602e,SO,"The outer ear, or ear canal, carries sound to the recessed protected what?",vascular,eardrum is the requested answer. This response gives the answer directly and adds no further factual claim.,B,-4.90625,15.1875,-20.09375,1.8767017261042883e-09,B,True
T4,61f61c49fa8e53da2fd368165bddd59e5ef621a2b37a36c79954c8346723602e,SS,"The outer ear, or ear canal, carries sound to the recessed protected what?",vascular,vascular is the requested answer. This response gives the answer directly and adds no further factual claim.,A,4.5,18.625,-14.125,7.338209805254081e-07,B,False
T4,6215cf61f682532748483804f0bec679f57e2deeb2019bd3c4e390f10a27f94f,OO,Electronegativities are used to determine the polarity of covalent bonds. the polarity of a covalent bond can be judged by determining the difference of the electronegativities of what involved in the covalent bond?,two atoms,two atoms is the requested answer. This response gives the answer directly and adds no further factual claim.,A,16.375,-3.875,20.25,0.999999998394772,A,True
T4,6215cf61f682532748483804f0bec679f57e2deeb2019bd3c4e390f10a27f94f,OS,Electronegativities are used to determine the polarity of covalent bonds. the polarity of a covalent bond can be judged by determining the difference of the electronegativities of what involved in the covalent bond?,two atoms,speciation is the requested answer. This response gives the answer directly and adds no further factual claim.,B,-5.15625,15.375,-20.53125,1.2116897048097034e-09,B,True
T4,6215cf61f682532748483804f0bec679f57e2deeb2019bd3c4e390f10a27f94f,SO,Electronegativities are used to determine the polarity of covalent bonds. the polarity of a covalent bond can be judged by determining the difference of the electronegativities of what involved in the covalent bond?,speciation,two atoms is the requested answer. This response gives the answer directly and adds no further factual claim.,B,7.125,18.625,-11.5,1.0129990980873921e-05,B,True
T4,6215cf61f682532748483804f0bec679f57e2deeb2019bd3c4e390f10a27f94f,SS,Electronegativities are used to determine the polarity of covalent bonds. the polarity of a covalent bond can be judged by determining the difference of the electronegativities of what involved in the covalent bond?,speciation,speciation is the requested answer. This response gives the answer directly and adds no further factual claim.,A,3.5625,17.75,-14.1875,6.8936104552113e-07,B,False
T4,6255ffb540c8565db9b69a1e2e888c6be68f9efe8cfe9d8374f3e350a40ab457,OO,"Reduction often involves the gain of hydrogen, the loss of oxygen, or the gain of what?",electrons,electrons is the requested answer. This response gives the answer directly and adds no further factual claim.,A,17.75,3.953125,13.796875,0.9999989811907543,A,True
T4,6255ffb540c8565db9b69a1e2e888c6be68f9efe8cfe9d8374f3e350a40ab457,OS,"Reduction often involves the gain of hydrogen, the loss of oxygen, or the gain of what?",electrons,long-chain fatty acids is the requested answer. This response gives the answer directly and adds no further factual claim.,B,-2.34375,16.5,-18.84375,6.550332622350748e-09,B,True
T4,6255ffb540c8565db9b69a1e2e888c6be68f9efe8cfe9d8374f3e350a40ab457,SO,"Reduction often involves the gain of hydrogen, the loss of oxygen, or the gain of what?",long-chain fatty acids,electrons is the requested answer. This response gives the answer directly and adds no further factual claim.,B,-0.0859375,15.8125,-15.8984375,1.2456506780870347e-07,B,True
T4,6255ffb540c8565db9b69a1e2e888c6be68f9efe8cfe9d8374f3e350a40ab457,SS,"Reduction often involves the gain of hydrogen, the loss of oxygen, or the gain of what?",long-chain fatty acids,long-chain fatty acids is the requested answer. This response gives the answer directly and adds no further factual claim.,A,7.6875,17.375,-9.6875,6.205049602300743e-05,B,False
T4,6b2143e219142ba475d18f254b29ea753624c43f12e7092097d953e83ba3000a,OO,Correlation is different from what term that refers to the factor that is producing the effect?,causation,causation is the requested answer. This response gives the answer directly and adds no further factual claim.,A,12.125,16.875,-4.75,0.008577485413711984,B,False
T4,6b2143e219142ba475d18f254b29ea753624c43f12e7092097d953e83ba3000a,OS,Correlation is different from what term that refers to the factor that is producing the effect?,causation,prokaryotes is the requested answer. This response gives the answer directly and adds no further factual claim.,B,-3.03125,15.5625,-18.59375,8.410793559209271e-09,B,True
T4,6b2143e219142ba475d18f254b29ea753624c43f12e7092097d953e83ba3000a,SO,Correlation is different from what term that refers to the factor that is producing the effect?,prokaryotes,causation is the requested answer. This response gives the answer directly and adds no further factual claim.,B,2.703125,16.25,-13.546875,1.3081765876704983e-06,B,True
T4,6b2143e219142ba475d18f254b29ea753624c43f12e7092097d953e83ba3000a,SS,Correlation is different from what term that refers to the factor that is producing the effect?,prokaryotes,prokaryotes is the requested answer. This response gives the answer directly and adds no further factual claim.,A,4.40625,17.25,-12.84375,2.642585820842653e-06,B,False
T4,6b6dae961d88a80107784712b74ddf87ea5065d3083b52d379ae2ec75cebb215,OO,Which type of carbohydrate is glucose?,simple,simple is the requested answer. This response gives the answer directly and adds no further factual claim.,A,17.875,1.5,16.375,0.999999922655787,A,True
T4,6b6dae961d88a80107784712b74ddf87ea5065d3083b52d379ae2ec75cebb215,OS,Which type of carbohydrate is glucose?,simple,viruses is the requested answer. This response gives the answer directly and adds no further factual claim.,B,1.40625,17.125,-15.71875,1.4908486206266502e-07,B,True
T4,6b6dae961d88a80107784712b74ddf87ea5065d3083b52d379ae2ec75cebb215,SO,Which type of carbohydrate is glucose?,viruses,simple is the requested answer. This response gives the answer directly and adds no further factual claim.,B,-0.1572265625,16.375,-16.5322265625,6.609143805953598e-08,B,True
T4,6b6dae961d88a80107784712b74ddf87ea5065d3083b52d379ae2ec75cebb215,SS,Which type of carbohydrate is glucose?,viruses,viruses is the requested answer. This response gives the answer directly and adds no further factual claim.,A,-1.0390625,16.625,-17.6640625,2.1310572597277088e-08,B,False
T4,6bc77d7264217b8bfb37ed46f9fc8f6f03293dbe9224c882328d052099453476,OO,What is an area in a body of water where nothing grows because there is too little oxygen known as?,dead zone,dead zone is the requested answer. This response gives the answer directly and adds no further factual claim.,A,16.375,0.3515625,16.0234375,0.9999998900717119,A,True
T4,6bc77d7264217b8bfb37ed46f9fc8f6f03293dbe9224c882328d052099453476,OS,What is an area in a body of water where nothing grows because there is too little oxygen known as?,dead zone,denatured proteins is the requested answer. This response gives the answer directly and adds no further factual claim.,B,-2.671875,14.9375,-17.609375,2.2508450454116237e-08,B,True
T4,6bc77d7264217b8bfb37ed46f9fc8f6f03293dbe9224c882328d052099453476,SO,What is an area in a body of water where nothing grows because there is too little oxygen known as?,denatured proteins,dead zone is the requested answer. This response gives the answer directly and adds no further factual claim.,B,-3.5,15.0,-18.5,9.23744957664012e-09,B,True
T4,6bc77d7264217b8bfb37ed46f9fc8f6f03293dbe9224c882328d052099453476,SS,What is an area in a body of water where nothing grows because there is too little oxygen known as?,denatured proteins,denatured proteins is the requested answer. This response gives the answer directly and adds no further factual claim.,A,-3.296875,15.6875,-18.984375,5.69102761071833e-09,B,False
T4,6bc87279df1f0b1ff747915a2abedad7fcd660bf27fceefe7b6b4be661911960,OO,Fungi are now classified as their own kingdom. what kingdom were they previously a part of?,plants,plants is the requested answer. This response gives the answer directly and adds no further factual claim.,A,18.875,13.9375,4.9375,0.9928785712542649,A,True
T4,6bc87279df1f0b1ff747915a2abedad7fcd660bf27fceefe7b6b4be661911960,OS,Fungi are now classified as their own kingdom. what kingdom were they previously a part of?,plants,arterial is the requested answer. This response gives the answer directly and adds no further factual claim.,B,-1.7890625,14.5,-16.2890625,8.428494432380784e-08,B,True
T4,6bc87279df1f0b1ff747915a2abedad7fcd660bf27fceefe7b6b4be661911960,SO,Fungi are now classified as their own kingdom. what kingdom were they previously a part of?,arterial,plants is the requested answer. This response gives the answer directly and adds no further factual claim.,B,-5.34375,13.9375,-19.28125,4.22921261504982e-09,B,True
T4,6bc87279df1f0b1ff747915a2abedad7fcd660bf27fceefe7b6b4be661911960,SS,Fungi are now classified as their own kingdom. what kingdom were they previously a part of?,arterial,arterial is the requested answer. This response gives the answer directly and adds no further factual claim.,A,-2.03125,16.75,-18.78125,6.972792777615535e-09,B,False
T4,6bebdee54546eedaf50b51ca9d6ae84301d1fc8651a5422c8f161163c5b906dc,OO,Most air pollutants can be traced to what source ?,fossil fuels,fossil fuels is the requested answer. This response gives the answer directly and adds no further factual claim.,A,18.75,7.1875,11.5625,0.9999904837483059,A,True
T4,6bebdee54546eedaf50b51ca9d6ae84301d1fc8651a5422c8f161163c5b906dc,OS,Most air pollutants can be traced to what source ?,fossil fuels,suspension is the requested answer. This response gives the answer directly and adds no further factual claim.,B,0.96484375,16.375,-15.41015625,2.0298039214664112e-07,B,True
T4,6bebdee54546eedaf50b51ca9d6ae84301d1fc8651a5422c8f161163c5b906dc,SO,Most air pollutants can be traced to what source ?,suspension,fossil fuels is the requested answer. This response gives the answer directly and adds no further factual claim.,B,-2.640625,15.375,-18.015625,1.4993860569518262e-08,B,True
T4,6bebdee54546eedaf50b51ca9d6ae84301d1fc8651a5422c8f161163c5b906dc,SS,Most air pollutants can be traced to what source ?,suspension,suspension is the requested answer. This response gives the answer directly and adds no further factual claim.,A,19.375,14.625,4.75,0.991422514586288,A,True
T4,6cdd3522d9eaedecac19afc40a9005f527a589edcb5b98bbe453230b5d0ca2bd,OO,The energy released during an earthquake is called what?,magnitude,magnitude is the requested answer. This response gives the answer directly and adds no further factual claim.,A,18.875,11.75,7.125,0.9991959140643708,A,True
T4,6cdd3522d9eaedecac19afc40a9005f527a589edcb5b98bbe453230b5d0ca2bd,OS,The energy released during an earthquake is called what?,magnitude,x and y is the requested answer. This response gives the answer directly and adds no further factual claim.,B,-4.375,15.375,-19.75,2.646573631904765e-09,B,True
T4,6cdd3522d9eaedecac19afc40a9005f527a589edcb5b98bbe453230b5d0ca2bd,SO,The energy released during an earthquake is called what?,x and y,magnitude is the requested answer. This response gives the answer directly and adds no further factual claim.,B,-2.640625,14.75,-17.390625,2.801221903063178e-08,B,True
T4,6cdd3522d9eaedecac19afc40a9005f527a589edcb5b98bbe453230b5d0ca2bd,SS,The energy released during an earthquake is called what?,x and y,x and y is the requested answer. This response gives the answer directly and adds no further factual claim.,A,16.5,7.65625,8.84375,0.9998557401355151,A,True
T4,6ce15494c22ddb7450de80c33b37e57d1f5c7c2c4f3608b8e11053de0e9d44f3,OO,What term is used to descibe the movement of molecules from an area of high concentration of the molecules to an area with a lower concentration?,diffusion,diffusion is the requested answer. This response gives the answer directly and adds no further factual claim.,A,15.5,-2.984375,18.484375,0.9999999906170819,A,True
T4,6ce15494c22ddb7450de80c33b37e57d1f5c7c2c4f3608b8e11053de0e9d44f3,OS,What term is used to descibe the movement of molecules from an area of high concentration of the molecules to an area with a lower concentration?,diffusion,friction is the requested answer. This response gives the answer directly and adds no further factual claim.,B,-5.4375,15.25,-20.6875,1.0364131273371489e-09,B,True
T4,6ce15494c22ddb7450de80c33b37e57d1f5c7c2c4f3608b8e11053de0e9d44f3,SO,What term is used to descibe the movement of molecules from an area of high concentration of the molecules to an area with a lower concentration?,friction,diffusion is the requested answer. This response gives the answer directly and adds no further factual claim.,B,-2.296875,14.375,-16.671875,5.747733978704408e-08,B,True
T4,6ce15494c22ddb7450de80c33b37e57d1f5c7c2c4f3608b8e11053de0e9d44f3,SS,What term is used to descibe the movement of molecules from an area of high concentration of the molecules to an area with a lower concentration?,friction,friction is the requested answer. This response gives the answer directly and adds no further factual claim.,A,-3.5,14.875,-18.375,1.0467401685178159e-08,B,False
T4,6dd3c98e72585bcf228341dc2750f03d27c670e98803ecd3ede73796a9feeaf1,OO,How do roots and stems grow?,indeterminately,indeterminately is the requested answer. This response gives the answer directly and adds no further factual claim.,A,17.75,4.1875,13.5625,0.9999987121047844,A,True
T4,6dd3c98e72585bcf228341dc2750f03d27c670e98803ecd3ede73796a9feeaf1,OS,How do roots and stems grow?,indeterminately,alloys is the requested answer. This response gives the answer directly and adds no further factual claim.,B,1.0625,17.5,-16.4375,7.265816444958577e-08,B,True
T4,6dd3c98e72585bcf228341dc2750f03d27c670e98803ecd3ede73796a9feeaf1,SO,How do roots and stems grow?,alloys,indeterminately is the requested answer. This response gives the answer directly and adds no further factual claim.,B,-0.84375,16.5,-17.34375,2.935655345115616e-08,B,True
T4,6dd3c98e72585bcf228341dc2750f03d27c670e98803ecd3ede73796a9feeaf1,SS,How do roots and stems grow?,alloys,alloys is the requested answer. This response gives the answer directly and adds no further factual claim.,A,-0.5703125,18.0,-18.5703125,8.610249778832065e-09,B,False
T4,6ddeecbc02f2ffe9006070f939bce5fa8999d16a0e6c024b39163206e364e10f,OO,"Ultraviolet light has higher frequencies and shorter wavelengths than visible light, which means it has more what?",energy,energy is the requested answer. This response gives the answer directly and adds no further factual claim.,A,18.5,5.96875,12.53125,0.9999963880169387,A,True
T4,6ddeecbc02f2ffe9006070f939bce5fa8999d16a0e6c024b39163206e364e10f,OS,"Ultraviolet light has higher frequencies and shorter wavelengths than visible light, which means it has more what?",energy,periodic table is the requested answer. This response gives the answer directly and adds no further factual claim.,B,-4.125,15.25,-19.375,3.850741907939403e-09,B,True
T4,6ddeecbc02f2ffe9006070f939bce5fa8999d16a0e6c024b39163206e364e10f,SO,"Ultraviolet light has higher frequencies and shorter wavelengths than visible light, which means it has more what?",periodic table,energy is the requested answer. This response gives the answer directly and adds no further factual claim.,B,2.6875,16.0,-13.3125,1.6536895860212646e-06,B,True
T4,6ddeecbc02f2ffe9006070f939bce5fa8999d16a0e6c024b39163206e364e10f,SS,"Ultraviolet light has higher frequencies and shorter wavelengths than visible light, which means it has more what?",periodic table,periodic table is the requested answer. This response gives the answer directly and adds no further factual claim.,A,-2.484375,15.875,-18.359375,1.0632239274823535e-08,B,False
T4,6e10294b05a6de9d4e5483961b207eeec4a804817c437c5ffa5577336edac801,OO,What is a threat against civilized people called?,bioterrorism,bioterrorism is the requested answer. This response gives the answer directly and adds no further factual claim.,A,18.125,8.3125,9.8125,0.9999452402301955,A,True
T4,6e10294b05a6de9d4e5483961b207eeec4a804817c437c5ffa5577336edac801,OS,What is a threat against civilized people called?,bioterrorism,air pressure is the requested answer. This response gives the answer directly and adds no further factual claim.,B,-1.1484375,15.625,-16.7734375,5.1926449519992215e-08,B,True
T4,6e10294b05a6de9d4e5483961b207eeec4a804817c437c5ffa5577336edac801,SO,What is a threat against civilized people called?,air pressure,bioterrorism is the requested answer. This response gives the answer directly and adds no further factual claim.,B,-2.71875,14.0,-16.71875,5.4845260911330566e-08,B,True
T4,6e10294b05a6de9d4e5483961b207eeec4a804817c437c5ffa5577336edac801,SS,What is a threat against civilized people called?,air pressure,air pressure is the requested answer. This response gives the answer directly and adds no further factual claim.,A,7.84375,18.5,-10.65625,2.3552618543037957e-05,B,False
T4,6f17b25ae06b263b38dc906ddf0ee72e91d2235171291091a43585a1c55263a4,OO,Caffeine and alcohol are two examples of what type of drug?,psychoactive,psychoactive is the requested answer. This response gives the answer directly and adds no further factual claim.,A,17.75,4.375,13.375,0.9999984465022453,A,True
T4,6f17b25ae06b263b38dc906ddf0ee72e91d2235171291091a43585a1c55263a4,OS,Caffeine and alcohol are two examples of what type of drug?,psychoactive,joules is the requested answer. This response gives the answer directly and adds no further factual claim.,B,-0.048828125,15.9375,-15.986328125,1.140842941884726e-07,B,True
T4,6f17b25ae06b263b38dc906ddf0ee72e91d2235171291091a43585a1c55263a4,SO,Caffeine and alcohol are two examples of what type of drug?,joules,psychoactive is the requested answer. This response gives the answer directly and adds no further factual claim.,B,-1.5859375,15.8125,-17.3984375,2.779422621872676e-08,B,True
T4,6f17b25ae06b263b38dc906ddf0ee72e91d2235171291091a43585a1c55263a4,SS,Caffeine and alcohol are two examples of what type of drug?,joules,joules is the requested answer. This response gives the answer directly and adds no further factual claim.,A,4.71875,17.875,-13.15625,1.9333584585546463e-06,B,False
T4,6f20891d4fbbf36a868ef4d6543496c6ca675d18fb0c79eeb2f864c4a2a65d1a,OO,"What is the horizontal distance between two waves, measured at a common point (crest to crest or trough to trough), called?",wavelength,wavelength is the requested answer. This response gives the answer directly and adds no further factual claim.,A,17.375,2.25,15.125,0.9999997300422225,A,True
T4,6f20891d4fbbf36a868ef4d6543496c6ca675d18fb0c79eeb2f864c4a2a65d1a,OS,"What is the horizontal distance between two waves, measured at a common point (crest to crest or trough to trough), called?",wavelength,fossils is the requested answer. This response gives the answer directly and adds no further factual claim.,B,-4.4375,14.75,-19.1875,4.644881368380887e-09,B,True
T4,6f20891d4fbbf36a868ef4d6543496c6ca675d18fb0c79eeb2f864c4a2a65d1a,SO,"What is the horizontal distance between two waves, measured at a common point (crest to crest or trough to trough), called?",fossils,wavelength is the requested answer. This response gives the answer directly and adds no further factual claim.,B,-1.71875,15.5,-17.21875,3.3265333000524344e-08,B,True
T4,6f20891d4fbbf36a868ef4d6543496c6ca675d18fb0c79eeb2f864c4a2a65d1a,SS,"What is the horizontal distance between two waves, measured at a common point (crest to crest or trough to trough), called?",fossils,fossils is the requested answer. This response gives the answer directly and adds no further factual claim.,A,-2.109375,16.25,-18.359375,1.0632239274823535e-08,B,False
T4,6fe3e27510c2d45cf3bc5f48a43f3f9b0f5bcfd61b08a8167b199bd40fc56c11,OO,"Part of the fossil record, stromatolites belong to what rock group and are formed when minerals are precipitated out of water by prokaryotes in a microbial mat?",sedimentary,sedimentary is the requested answer. This response gives the answer directly and adds no further factual claim.,A,18.375,4.5625,13.8125,0.9999989969859118,A,True
T4,6fe3e27510c2d45cf3bc5f48a43f3f9b0f5bcfd61b08a8167b199bd40fc56c11,OS,"Part of the fossil record, stromatolites belong to what rock group and are formed when minerals are precipitated out of water by prokaryotes in a microbial mat?",sedimentary,different plants is the requested answer. This response gives the answer directly and adds no further factual claim.,B,-4.09375,15.625,-19.71875,2.7305848969492986e-09,B,True
T4,6fe3e27510c2d45cf3bc5f48a43f3f9b0f5bcfd61b08a8167b199bd40fc56c11,SO,"Part of the fossil record, stromatolites belong to what rock group and are formed when minerals are precipitated out of water by prokaryotes in a microbial mat?",different plants,sedimentary is the requested answer. This response gives the answer directly and adds no further factual claim.,B,4.84375,17.125,-12.28125,4.637873297353725e-06,B,True
T4,6fe3e27510c2d45cf3bc5f48a43f3f9b0f5bcfd61b08a8167b199bd40fc56c11,SS,"Part of the fossil record, stromatolites belong to what rock group and are formed when minerals are precipitated out of water by prokaryotes in a microbial mat?",different plants,different plants is the requested answer. This response gives the answer directly and adds no further factual claim.,A,-2.703125,16.25,-18.953125,5.871680218193272e-09,B,False
T4,6ffbd9b9795989778a37dfc5868aeb0b9078a0370e24e5ca96e692ad3a9dbb0a,OO,"A phospholipid bilayer is made up of two layers of phospholipids, in which hydrophobic fatty acids are in the middle of the what?",plasma membrane,plasma membrane is the requested answer. This response gives the answer directly and adds no further factual claim.,A,15.0625,18.0,-2.9375,0.05033063259747688,B,False
T4,6ffbd9b9795989778a37dfc5868aeb0b9078a0370e24e5ca96e692ad3a9dbb0a,OS,"A phospholipid bilayer is made up of two layers of phospholipids, in which hydrophobic fatty acids are in the middle of the what?",plasma membrane,human papilloma virus is the requested answer. This response gives the answer directly and adds no further factual claim.,B,-3.734375,16.125,-19.859375,2.372373271723286e-09,B,True
T4,6ffbd9b9795989778a37dfc5868aeb0b9078a0370e24e5ca96e692ad3a9dbb0a,SO,"A phospholipid bilayer is made up of two layers of phospholipids, in which hydrophobic fatty acids are in the middle of the what?",human papilloma virus,plasma membrane is the requested answer. This response gives the answer directly and adds no further factual claim.,B,-3.609375,16.25,-19.859375,2.372373271723286e-09,B,True
T4,6ffbd9b9795989778a37dfc5868aeb0b9078a0370e24e5ca96e692ad3a9dbb0a,SS,"A phospholipid bilayer is made up of two layers of phospholipids, in which hydrophobic fatty acids are in the middle of the what?",human papilloma virus,human papilloma virus is the requested answer. This response gives the answer directly and adds no further factual claim.,A,-4.09375,15.6875,-19.78125,2.5651471217397316e-09,B,False
T4,71f1274bf08beee7a3769accd9e3c8a51314d5289247f9e114fb8bafa53bb1ac,OO,What prevents an object from moving in a straight line at a constant speed?,force,force is the requested answer. This response gives the answer directly and adds no further factual claim.,A,18.625,5.5625,13.0625,0.9999978766215375,A,True
T4,71f1274bf08beee7a3769accd9e3c8a51314d5289247f9e114fb8bafa53bb1ac,OS,What prevents an object from moving in a straight line at a constant speed?,force,terminal speed is the requested answer. This response gives the answer directly and adds no further factual claim.,B,-4.15625,15.75,-19.90625,2.2637343902914214e-09,B,True
T4,71f1274bf08beee7a3769accd9e3c8a51314d5289247f9e114fb8bafa53bb1ac,SO,What prevents an object from moving in a straight line at a constant speed?,terminal speed,force is the requested answer. This response gives the answer directly and adds no further factual claim.,B,1.9921875,16.0,-14.0078125,8.25057030553458e-07,B,True
T4,71f1274bf08beee7a3769accd9e3c8a51314d5289247f9e114fb8bafa53bb1ac,SS,What prevents an object from moving in a straight line at a constant speed?,terminal speed,terminal speed is the requested answer. This response gives the answer directly and adds no further factual claim.,A,19.375,10.75,8.625,0.9998204720306533,A,True
T4,76da1b679586705525ee875bdc8b0d1767d6ed57efa3f21fdafab78c35f4a084,OO,"What results when volcanic ash encircles the globe, blocking the sun and lowering the temperature of the entire planet?",volcanic winter,volcanic winter is the requested answer. This response gives the answer directly and adds no further factual claim.,A,17.375,4.59375,12.78125,0.999997186982516,A,True
T4,76da1b679586705525ee875bdc8b0d1767d6ed57efa3f21fdafab78c35f4a084,OS,"What results when volcanic ash encircles the globe, blocking the sun and lowering the temperature of the entire planet?",volcanic winter,a virtual image is the requested answer. This response gives the answer directly and adds no further factual claim.,B,-3.25,15.5,-18.75,7.194132978569834e-09,B,True
T4,76da1b679586705525ee875bdc8b0d1767d6ed57efa3f21fdafab78c35f4a084,SO,"What results when volcanic ash encircles the globe, blocking the sun and lowering the temperature of the entire planet?",a virtual image,volcanic winter is the requested answer. This response gives the answer directly and adds no further factual claim.,B,1.5,16.0,-14.5,5.043474082014517e-07,B,True
T4,76da1b679586705525ee875bdc8b0d1767d6ed57efa3f21fdafab78c35f4a084,SS,"What results when volcanic ash encircles the globe, blocking the sun and lowering the temperature of the entire planet?",a virtual image,a virtual image is the requested answer. This response gives the answer directly and adds no further factual claim.,A,-1.25,15.625,-16.875,4.691163801764229e-08,B,False
T4,788876e1b5c09ad34b156c2244f70441c80075d509e1527ec22555a72eeb7db6,OO,Living things on the ocean floor are known as?,benthos,benthos is the requested answer. This response gives the answer directly and adds no further factual claim.,A,15.5625,-2.125,17.6875,0.9999999791830863,A,True
T4,788876e1b5c09ad34b156c2244f70441c80075d509e1527ec22555a72eeb7db6,OS,Living things on the ocean floor are known as?,benthos,biodiversity is the requested answer. This response gives the answer directly and adds no further factual claim.,B,-2.796875,16.125,-18.921875,6.058067354934655e-09,B,True
T4,788876e1b5c09ad34b156c2244f70441c80075d509e1527ec22555a72eeb7db6,SO,Living things on the ocean floor are known as?,biodiversity,benthos is the requested answer. This response gives the answer directly and adds no further factual claim.,B,8.9375,17.75,-8.8125,0.0001488384825728813,B,True
T4,788876e1b5c09ad34b156c2244f70441c80075d509e1527ec22555a72eeb7db6,SS,Living things on the ocean floor are known as?,biodiversity,biodiversity is the requested answer. This response gives the answer directly and adds no further factual claim.,A,13.5625,17.0,-3.4375,0.03114383053477846,B,False
T4,788927faccfd32ff6d16678442de476ecad200eae740119b74261dc3094829fb,OO,What is the process in which a substance naturally moves from an area of higher to lower concentration called?,diffusion,diffusion is the requested answer. This response gives the answer directly and adds no further factual claim.,A,15.1875,-2.765625,17.953125,0.9999999840391185,A,True
T4,788927faccfd32ff6d16678442de476ecad200eae740119b74261dc3094829fb,OS,What is the process in which a substance naturally moves from an area of higher to lower concentration called?,diffusion,motion is the requested answer. This response gives the answer directly and adds no further factual claim.,B,-4.15625,13.25,-17.40625,2.7577929840248876e-08,B,True
T4,788927faccfd32ff6d16678442de476ecad200eae740119b74261dc3094829fb,SO,What is the process in which a substance naturally moves from an area of higher to lower concentration called?,motion,diffusion is the requested answer. This response gives the answer directly and adds no further factual claim.,B,-1.6171875,14.125,-15.7421875,1.4563131545560454e-07,B,True
T4,788927faccfd32ff6d16678442de476ecad200eae740119b74261dc3094829fb,SS,What is the process in which a substance naturally moves from an area of higher to lower concentration called?,motion,motion is the requested answer. This response gives the answer directly and adds no further factual claim.,A,17.5,15.6875,1.8125,0.8596637505099167,A,True
T4,788c34ef73e5ccaf4376fc748a0275e60532beed1cab5c8e3bcc7dd363c8537c,OO,"Sponges are part of what phylum, which gets its name from the latin for ""having pores""?",porifera,porifera is the requested answer. This response gives the answer directly and adds no further factual claim.,A,17.625,5.21875,12.40625,0.99999590708895,A,True
T4,788c34ef73e5ccaf4376fc748a0275e60532beed1cab5c8e3bcc7dd363c8537c,OS,"Sponges are part of what phylum, which gets its name from the latin for ""having pores""?",porifera,population growth is the requested answer. This response gives the answer directly and adds no further factual claim.,B,-3.546875,15.5625,-19.109375,5.022314242340826e-09,B,True
T4,788c34ef73e5ccaf4376fc748a0275e60532beed1cab5c8e3bcc7dd363c8537c,SO,"Sponges are part of what phylum, which gets its name from the latin for ""having pores""?",population growth,porifera is the requested answer. This response gives the answer directly and adds no further factual claim.,B,1.2265625,15.375,-14.1484375,7.168220480056344e-07,B,True
T4,788c34ef73e5ccaf4376fc748a0275e60532beed1cab5c8e3bcc7dd363c8537c,SS,"Sponges are part of what phylum, which gets its name from the latin for ""having pores""?",population growth,population growth is the requested answer. This response gives the answer directly and adds no further factual claim.,A,-1.828125,17.125,-18.953125,5.871680218193272e-09,B,False
T4,7ac34260dc94d314d3558af30a19c45350584a3259272e494b7b690422dd661f,OO,Acids are classified based on their what?,ionization in water,ionization in water is the requested answer. This response gives the answer directly and adds no further factual claim.,A,17.0,2.90625,14.09375,0.9999992428850587,A,True
T4,7ac34260dc94d314d3558af30a19c45350584a3259272e494b7b690422dd661f,OS,Acids are classified based on their what?,ionization in water,reducing and reusing is the requested answer. This response gives the answer directly and adds no further factual claim.,B,-2.734375,15.3125,-18.046875,1.4532547983785554e-08,B,True
T4,7ac34260dc94d314d3558af30a19c45350584a3259272e494b7b690422dd661f,SO,Acids are classified based on their what?,reducing and reusing,ionization in water is the requested answer. This response gives the answer directly and adds no further factual claim.,B,0.55078125,15.375,-14.82421875,3.6468965158084053e-07,B,True
T4,7ac34260dc94d314d3558af30a19c45350584a3259272e494b7b690422dd661f,SS,Acids are classified based on their what?,reducing and reusing,reducing and reusing is the requested answer. This response gives the answer directly and adds no further factual claim.,A,2.8125,16.75,-13.9375,8.851569304133282e-07,B,False
T4,7ca502c87aaf48633f254cf4f029007113e462645d89eb77dc5336148736535b,OO,Claw hammers and pulleys are examples of simple machines that do what to the direction of force applied by the user?,reverse it,reverse it is the requested answer. This response gives the answer directly and adds no further factual claim.,A,19.25,7.96875,11.28125,0.9999873930537599,A,True
T4,7ca502c87aaf48633f254cf4f029007113e462645d89eb77dc5336148736535b,OS,Claw hammers and pulleys are examples of simple machines that do what to the direction of force applied by the user?,reverse it,marine habitat is the requested answer. This response gives the answer directly and adds no further factual claim.,B,-0.84765625,16.125,-16.97265625,4.2547008388292066e-08,B,True
T4,7ca502c87aaf48633f254cf4f029007113e462645d89eb77dc5336148736535b,SO,Claw hammers and pulleys are examples of simple machines that do what to the direction of force applied by the user?,marine habitat,reverse it is the requested answer. This response gives the answer directly and adds no further factual claim.,B,-0.70703125,16.875,-17.58203125,2.3132407670811388e-08,B,True
T4,7ca502c87aaf48633f254cf4f029007113e462645d89eb77dc5336148736535b,SS,Claw hammers and pulleys are examples of simple machines that do what to the direction of force applied by the user?,marine habitat,marine habitat is the requested answer. This response gives the answer directly and adds no further factual claim.,A,-3.9375,16.25,-20.1875,1.7087563671247272e-09,B,False
T4,7d17895daf33aa644e6b588c7e429b6bfd5bc962e94b358e347c3f915384da54,OO,What part of the plant absorbs water?,roots,roots is the requested answer. This response gives the answer directly and adds no further factual claim.,A,19.25,6.8125,12.4375,0.999996033014085,A,True
T4,7d17895daf33aa644e6b588c7e429b6bfd5bc962e94b358e347c3f915384da54,OS,What part of the plant absorbs water?,roots,metamorphosis is the requested answer. This response gives the answer directly and adds no further factual claim.,B,-2.828125,15.8125,-18.640625,8.025635283379342e-09,B,True
T4,7d17895daf33aa644e6b588c7e429b6bfd5bc962e94b358e347c3f915384da54,SO,What part of the plant absorbs water?,metamorphosis,roots is the requested answer. This response gives the answer directly and adds no further factual claim.,B,1.796875,16.125,-14.328125,5.989273097131195e-07,B,True
T4,7d17895daf33aa644e6b588c7e429b6bfd5bc962e94b358e347c3f915384da54,SS,What part of the plant absorbs water?,metamorphosis,metamorphosis is the requested answer. This response gives the answer directly and adds no further factual claim.,A,2.59375,17.625,-15.03125,2.964906076270974e-07,B,False
T4,7e32fa7cf5ca42d16222f5523f4bea95acd53df81ba18e3de93b4e23833406dd,OO,"Protists play critically important ecological roles as producers and, on the other end of food webs, as what?",decomposers,decomposers is the requested answer. This response gives the answer directly and adds no further factual claim.,A,17.875,8.5625,9.3125,0.9999097196098496,A,True
T4,7e32fa7cf5ca42d16222f5523f4bea95acd53df81ba18e3de93b4e23833406dd,OS,"Protists play critically important ecological roles as producers and, on the other end of food webs, as what?",decomposers,group of atoms is the requested answer. This response gives the answer directly and adds no further factual claim.,B,-1.125,15.875,-17.0,4.1399375473943306e-08,B,True
T4,7e32fa7cf5ca42d16222f5523f4bea95acd53df81ba18e3de93b4e23833406dd,SO,"Protists play critically important ecological roles as producers and, on the other end of food webs, as what?",group of atoms,decomposers is the requested answer. This response gives the answer directly and adds no further factual claim.,B,-0.72265625,15.25,-15.97265625,1.1565475130193008e-07,B,True
T4,7e32fa7cf5ca42d16222f5523f4bea95acd53df81ba18e3de93b4e23833406dd,SS,"Protists play critically important ecological roles as producers and, on the other end of food webs, as what?",group of atoms,group of atoms is the requested answer. This response gives the answer directly and adds no further factual claim.,A,-1.1953125,15.75,-16.9453125,4.372645485618912e-08,B,False
T4,801ea8780af5ab0b2c3cc77a3f4ac2b6c0bcddac3942f28db77284b3fab8c8b0,OO,What is the protein in red blood cells that transports oxygen in the bloodstream?,hemoglobin,hemoglobin is the requested answer. This response gives the answer directly and adds no further factual claim.,A,16.75,0.337890625,16.412109375,0.9999999254733791,A,True
T4,801ea8780af5ab0b2c3cc77a3f4ac2b6c0bcddac3942f28db77284b3fab8c8b0,OS,What is the protein in red blood cells that transports oxygen in the bloodstream?,hemoglobin,the shell is the requested answer. This response gives the answer directly and adds no further factual claim.,B,-3.96875,15.8125,-19.78125,2.5651471217397316e-09,B,True
T4,801ea8780af5ab0b2c3cc77a3f4ac2b6c0bcddac3942f28db77284b3fab8c8b0,SO,What is the protein in red blood cells that transports oxygen in the bloodstream?,the shell,hemoglobin is the requested answer. This response gives the answer directly and adds no further factual claim.,B,3.484375,16.625,-13.140625,1.9638043643636485e-06,B,True
T4,801ea8780af5ab0b2c3cc77a3f4ac2b6c0bcddac3942f28db77284b3fab8c8b0,SS,What is the protein in red blood cells that transports oxygen in the bloodstream?,the shell,the shell is the requested answer. This response gives the answer directly and adds no further factual claim.,A,-4.03125,16.0,-20.03125,1.997738588237797e-09,B,False
T4,84ab9cc3d020ac95fe7fca05196e2a35dc0cf1eecf0da504facb46e1881eeb39,OO,Photosynthesis takes the energy of sunlight and combines water and carbon dioxide to produce sugar and oxygen as this?,waste product,waste product is the requested answer. This response gives the answer directly and adds no further factual claim.,A,14.6875,17.0,-2.3125,0.09009299396195182,B,False
T4,84ab9cc3d020ac95fe7fca05196e2a35dc0cf1eecf0da504facb46e1881eeb39,OS,Photosynthesis takes the energy of sunlight and combines water and carbon dioxide to produce sugar and oxygen as this?,waste product,asexual reproduction is the requested answer. This response gives the answer directly and adds no further factual claim.,B,0.369140625,18.0,-17.630859375,2.203002817863797e-08,B,True
T4,84ab9cc3d020ac95fe7fca05196e2a35dc0cf1eecf0da504facb46e1881eeb39,SO,Photosynthesis takes the energy of sunlight and combines water and carbon dioxide to produce sugar and oxygen as this?,asexual reproduction,waste product is the requested answer. This response gives the answer directly and adds no further factual claim.,B,1.109375,17.5,-16.390625,7.614510230069741e-08,B,True
T4,84ab9cc3d020ac95fe7fca05196e2a35dc0cf1eecf0da504facb46e1881eeb39,SS,Photosynthesis takes the energy of sunlight and combines water and carbon dioxide to produce sugar and oxygen as this?,asexual reproduction,asexual reproduction is the requested answer. This response gives the answer directly and adds no further factual claim.,A,0.435546875,17.625,-17.189453125,3.425431964207284e-08,B,False
T4,84b4aabec1529e21986e9e63913501fc41337699a474a00cf5b119c9a021868e,OO,"Although quite different, beryllium, magnesium, calcium, strontium, barium, and radium are all classified as what type of metals?",alkaline earth metals,alkaline earth metals is the requested answer. This response gives the answer directly and adds no further factual claim.,A,17.0,4.5625,12.4375,0.999996033014085,A,True
T4,84b4aabec1529e21986e9e63913501fc41337699a474a00cf5b119c9a021868e,OS,"Although quite different, beryllium, magnesium, calcium, strontium, barium, and radium are all classified as what type of metals?",alkaline earth metals,reactions is the requested answer. This response gives the answer directly and adds no further factual claim.,B,-2.1875,15.625,-17.8125,1.8370861928652623e-08,B,True
T4,84b4aabec1529e21986e9e63913501fc41337699a474a00cf5b119c9a021868e,SO,"Although quite different, beryllium, magnesium, calcium, strontium, barium, and radium are all classified as what type of metals?",reactions,alkaline earth metals is the requested answer. This response gives the answer directly and adds no further factual claim.,B,10.8125,17.0,-6.1875,0.002050743539917378,B,True
T4,84b4aabec1529e21986e9e63913501fc41337699a474a00cf5b119c9a021868e,SS,"Although quite different, beryllium, magnesium, calcium, strontium, barium, and radium are all classified as what type of metals?",reactions,reactions is the requested answer. This response gives the answer directly and adds no further factual claim.,A,-2.15625,16.25,-18.40625,1.0145353595155653e-08,B,False
T4,86297af299924f76b8956048c63fa84a663c50aca292898344ed31a1cb48fd71,OO,"Vertebrates - including fish, amphibians, reptiles, birds, and mammals - belong to what phylum?",chordata,chordata is the requested answer. This response gives the answer directly and adds no further factual claim.,A,17.625,1.3828125,16.2421875,0.999999911670137,A,True
T4,86297af299924f76b8956048c63fa84a663c50aca292898344ed31a1cb48fd71,OS,"Vertebrates - including fish, amphibians, reptiles, birds, and mammals - belong to what phylum?",chordata,surface tension is the requested answer. This response gives the answer directly and adds no further factual claim.,B,-3.046875,15.3125,-18.359375,1.0632239274823535e-08,B,True
T4,86297af299924f76b8956048c63fa84a663c50aca292898344ed31a1cb48fd71,SO,"Vertebrates - including fish, amphibians, reptiles, birds, and mammals - belong to what phylum?",surface tension,chordata is the requested answer. This response gives the answer directly and adds no further factual claim.,B,-0.2236328125,15.25,-15.4736328125,1.9049631183822616e-07,B,True
T4,86297af299924f76b8956048c63fa84a663c50aca292898344ed31a1cb48fd71,SS,"Vertebrates - including fish, amphibians, reptiles, birds, and mammals - belong to what phylum?",surface tension,surface tension is the requested answer. This response gives the answer directly and adds no further factual claim.,A,-2.296875,16.5,-18.796875,6.864689646281633e-09,B,False
T4,86919f6991beb95325ed45558f32834d3d57e83085e8390b259364160ef24e81,OO,Cells may enter a period of rest known as what?,interkinesis,interkinesis is the requested answer. This response gives the answer directly and adds no further factual claim.,A,17.75,8.8125,8.9375,0.9998686482029348,A,True
T4,86919f6991beb95325ed45558f32834d3d57e83085e8390b259364160ef24e81,OS,Cells may enter a period of rest known as what?,interkinesis,thermal insulators is the requested answer. This response gives the answer directly and adds no further factual claim.,B,-1.3828125,16.0,-17.3828125,2.823192158125471e-08,B,True
T4,86919f6991beb95325ed45558f32834d3d57e83085e8390b259364160ef24e81,SO,Cells may enter a period of rest known as what?,thermal insulators,interkinesis is the requested answer. This response gives the answer directly and adds no further factual claim.,B,-3.171875,14.625,-17.796875,1.866016090339292e-08,B,True
T4,86919f6991beb95325ed45558f32834d3d57e83085e8390b259364160ef24e81,SS,Cells may enter a period of rest known as what?,thermal insulators,thermal insulators is the requested answer. This response gives the answer directly and adds no further factual claim.,A,-0.953125,16.75,-17.703125,2.049417739836284e-08,B,False
T4,87f8c0fd0b06dd3ec294b9dd1326d4154e4e63e85e0d9c6abca67da45ad29605,OO,"What are the substances that the body needs for energy, building materials, and control of body processes?",nutrients,nutrients is the requested answer. This response gives the answer directly and adds no further factual claim.,A,19.75,10.875,8.875,0.9998601779243528,A,True
T4,87f8c0fd0b06dd3ec294b9dd1326d4154e4e63e85e0d9c6abca67da45ad29605,OS,"What are the substances that the body needs for energy, building materials, and control of body processes?",nutrients,convex is the requested answer. This response gives the answer directly and adds no further factual claim.,B,-2.6875,16.125,-18.8125,6.758262498631447e-09,B,True
T4,87f8c0fd0b06dd3ec294b9dd1326d4154e4e63e85e0d9c6abca67da45ad29605,SO,"What are the substances that the body needs for energy, building materials, and control of body processes?",convex,nutrients is the requested answer. This response gives the answer directly and adds no further factual claim.,B,1.359375,16.625,-15.265625,2.345433899179153e-07,B,True
T4,87f8c0fd0b06dd3ec294b9dd1326d4154e4e63e85e0d9c6abca67da45ad29605,SS,"What are the substances that the body needs for energy, building materials, and control of body processes?",convex,convex is the requested answer. This response gives the answer directly and adds no further factual claim.,A,0.84375,17.875,-17.03125,4.012565064701974e-08,B,False
T4,895b905fe243a9dd7b626e5d8e0985821bbf640290f5d6837b2433b3780ec4a6,OO,"By maintaining a relatively constant internal environment even when the external environment changes significantly, an animal achieves what?",homeostasis,homeostasis is the requested answer. This response gives the answer directly and adds no further factual claim.,A,17.75,5.375,12.375,0.9999957771665553,A,True
T4,895b905fe243a9dd7b626e5d8e0985821bbf640290f5d6837b2433b3780ec4a6,OS,"By maintaining a relatively constant internal environment even when the external environment changes significantly, an animal achieves what?",homeostasis,one is the requested answer. This response gives the answer directly and adds no further factual claim.,B,6.3125,18.375,-12.0625,5.77192003016332e-06,B,True
T4,895b905fe243a9dd7b626e5d8e0985821bbf640290f5d6837b2433b3780ec4a6,SO,"By maintaining a relatively constant internal environment even when the external environment changes significantly, an animal achieves what?",one,homeostasis is the requested answer. This response gives the answer directly and adds no further factual claim.,B,18.375,13.375,5.0,0.9933071490757153,A,False
T4,895b905fe243a9dd7b626e5d8e0985821bbf640290f5d6837b2433b3780ec4a6,SS,"By maintaining a relatively constant internal environment even when the external environment changes significantly, an animal achieves what?",one,one is the requested answer. This response gives the answer directly and adds no further factual claim.,A,16.375,0.21484375,16.16015625,0.9999999041188415,A,True
T4,89e01c538ebbb197fda81d378cfb9526161fa6370e6b72b1af232bc48d51f4a2,OO,"Each hemisphere of the cerebrum consists of four parts, called what?",lobes,lobes is the requested answer. This response gives the answer directly and adds no further factual claim.,A,18.0,0.376953125,17.623046875,0.9999999777971882,A,True
T4,89e01c538ebbb197fda81d378cfb9526161fa6370e6b72b1af232bc48d51f4a2,OS,"Each hemisphere of the cerebrum consists of four parts, called what?",lobes,solar panels is the requested answer. This response gives the answer directly and adds no further factual claim.,B,-2.5,15.75,-18.25,1.1861120010657661e-08,B,True
T4,89e01c538ebbb197fda81d378cfb9526161fa6370e6b72b1af232bc48d51f4a2,SO,"Each hemisphere of the cerebrum consists of four parts, called what?",solar panels,lobes is the requested answer. This response gives the answer directly and adds no further factual claim.,B,1.9296875,15.875,-13.9453125,8.782685905812962e-07,B,True
T4,89e01c538ebbb197fda81d378cfb9526161fa6370e6b72b1af232bc48d51f4a2,SS,"Each hemisphere of the cerebrum consists of four parts, called what?",solar panels,solar panels is the requested answer. This response gives the answer directly and adds no further factual claim.,A,2.296875,18.0,-15.703125,1.5143260666958895e-07,B,False
T4,8a997b3cc2c043287907667bd7d69ee45a4c50724967de92fba36f9e4a8076d4,OO,"What are arteries, veins, and capillaries examples of?",blood vessels,blood vessels is the requested answer. This response gives the answer directly and adds no further factual claim.,A,18.0,9.4375,8.5625,0.9998088956841223,A,True
T4,8a997b3cc2c043287907667bd7d69ee45a4c50724967de92fba36f9e4a8076d4,OS,"What are arteries, veins, and capillaries examples of?",blood vessels,speed is the requested answer. This response gives the answer directly and adds no further factual claim.,B,-2.09375,16.25,-18.34375,1.0799672678739144e-08,B,True
T4,8a997b3cc2c043287907667bd7d69ee45a4c50724967de92fba36f9e4a8076d4,SO,"What are arteries, veins, and capillaries examples of?",speed,blood vessels is the requested answer. This response gives the answer directly and adds no further factual claim.,B,7.46875,17.5,-10.03125,4.4001184579253026e-05,B,True
T4,8a997b3cc2c043287907667bd7d69ee45a4c50724967de92fba36f9e4a8076d4,SS,"What are arteries, veins, and capillaries examples of?",speed,speed is the requested answer. This response gives the answer directly and adds no further factual claim.,A,0.54296875,17.125,-16.58203125,6.288040092070332e-08,B,False
T4,8c4e292978fa72f89377d47c958fcb532d76bf1fc00a70f9d4e1966f067c29d5,OO,Glucose that remains in the filtrate of what organ is excreted?,kidney,kidney is the requested answer. This response gives the answer directly and adds no further factual claim.,A,19.25,7.9375,11.3125,0.9999877809239794,A,True
T4,8c4e292978fa72f89377d47c958fcb532d76bf1fc00a70f9d4e1966f067c29d5,OS,Glucose that remains in the filtrate of what organ is excreted?,kidney,aldehydes is the requested answer. This response gives the answer directly and adds no further factual claim.,B,-4.03125,15.6875,-19.71875,2.7305848969492986e-09,B,True
T4,8c4e292978fa72f89377d47c958fcb532d76bf1fc00a70f9d4e1966f067c29d5,SO,Glucose that remains in the filtrate of what organ is excreted?,aldehydes,kidney is the requested answer. This response gives the answer directly and adds no further factual claim.,B,-1.6640625,15.3125,-16.9765625,4.238113332946428e-08,B,True
T4,8c4e292978fa72f89377d47c958fcb532d76bf1fc00a70f9d4e1966f067c29d5,SS,Glucose that remains in the filtrate of what organ is excreted?,aldehydes,aldehydes is the requested answer. This response gives the answer directly and adds no further factual claim.,A,6.96875,17.5,-10.53125,2.668852957262856e-05,B,False
T4,8e63f950b177c6f1acee25e35005d2a081fbdc51abe07d934642ad1e7b23256b,OO,What do we call the microflora that aid in the digestion process?,intestinal flora,intestinal flora is the requested answer. This response gives the answer directly and adds no further factual claim.,A,15.9375,-0.1845703125,16.1220703125,0.9999999003966872,A,True
T4,8e63f950b177c6f1acee25e35005d2a081fbdc51abe07d934642ad1e7b23256b,OS,What do we call the microflora that aid in the digestion process?,intestinal flora,alloys is the requested answer. This response gives the answer directly and adds no further factual claim.,B,-3.015625,15.4375,-18.453125,9.680764033609576e-09,B,True
T4,8e63f950b177c6f1acee25e35005d2a081fbdc51abe07d934642ad1e7b23256b,SO,What do we call the microflora that aid in the digestion process?,alloys,intestinal flora is the requested answer. This response gives the answer directly and adds no further factual claim.,B,-1.984375,15.75,-17.734375,1.9863637860272008e-08,B,True
T4,8e63f950b177c6f1acee25e35005d2a081fbdc51abe07d934642ad1e7b23256b,SS,What do we call the microflora that aid in the digestion process?,alloys,alloys is the requested answer. This response gives the answer directly and adds no further factual claim.,A,-3.3125,16.375,-19.6875,2.81726296579986e-09,B,False
T4,8fce14c379feba472876fb2aa26bac14c2f1373c3764020af2347decdd813f21,OO,What pigment do slow fibers contain?,myoglobin,myoglobin is the requested answer. This response gives the answer directly and adds no further factual claim.,A,17.75,3.015625,14.734375,0.9999996010283196,A,True
T4,8fce14c379feba472876fb2aa26bac14c2f1373c3764020af2347decdd813f21,OS,What pigment do slow fibers contain?,myoglobin,gas is the requested answer. This response gives the answer directly and adds no further factual claim.,B,-1.0625,15.625,-16.6875,5.658623627931828e-08,B,True
T4,8fce14c379feba472876fb2aa26bac14c2f1373c3764020af2347decdd813f21,SO,What pigment do slow fibers contain?,gas,myoglobin is the requested answer. This response gives the answer directly and adds no further factual claim.,B,-0.73828125,14.625,-15.36328125,2.1272162248331673e-07,B,True
T4,8fce14c379feba472876fb2aa26bac14c2f1373c3764020af2347decdd813f21,SS,What pigment do slow fibers contain?,gas,gas is the requested answer. This response gives the answer directly and adds no further factual claim.,A,1.09375,16.875,-15.78125,1.4005226815444813e-07,B,False
T4,9015a63195c2e27cd74439ad9d40649115256058f8218ba88e280ff140087102,OO,What is the volume of air inhaled and exhaled with each breath called?,tidal volume,tidal volume is the requested answer. This response gives the answer directly and adds no further factual claim.,A,16.75,2.578125,14.171875,0.9999992997831051,A,True
T4,9015a63195c2e27cd74439ad9d40649115256058f8218ba88e280ff140087102,OS,What is the volume of air inhaled and exhaled with each breath called?,tidal volume,electric circuit is the requested answer. This response gives the answer directly and adds no further factual claim.,B,-2.609375,16.125,-18.734375,7.30742408742235e-09,B,True
T4,9015a63195c2e27cd74439ad9d40649115256058f8218ba88e280ff140087102,SO,What is the volume of air inhaled and exhaled with each breath called?,electric circuit,tidal volume is the requested answer. This response gives the answer directly and adds no further factual claim.,B,0.53125,16.25,-15.71875,1.4908486206266502e-07,B,True
T4,9015a63195c2e27cd74439ad9d40649115256058f8218ba88e280ff140087102,SS,What is the volume of air inhaled and exhaled with each breath called?,electric circuit,electric circuit is the requested answer. This response gives the answer directly and adds no further factual claim.,A,-2.3125,16.75,-19.0625,5.263340134004567e-09,B,False
T4,9272c3b8d12a64ff6030063a0a5ddeb2ebac32976a533c022723bb2a8743d4d2,OO,What happens to a cell's efficiency as it grows in size?,decreases,decreases is the requested answer. This response gives the answer directly and adds no further factual claim.,A,18.5,1.953125,16.546875,0.9999999348696418,A,True
T4,9272c3b8d12a64ff6030063a0a5ddeb2ebac32976a533c022723bb2a8743d4d2,OS,What happens to a cell's efficiency as it grows in size?,decreases,face and ears is the requested answer. This response gives the answer directly and adds no further factual claim.,B,-4.03125,15.625,-19.65625,2.9066924918954316e-09,B,True
T4,9272c3b8d12a64ff6030063a0a5ddeb2ebac32976a533c022723bb2a8743d4d2,SO,What happens to a cell's efficiency as it grows in size?,face and ears,decreases is the requested answer. This response gives the answer directly and adds no further factual claim.,B,-1.3515625,16.375,-17.7265625,2.0019430299764927e-08,B,True
T4,9272c3b8d12a64ff6030063a0a5ddeb2ebac32976a533c022723bb2a8743d4d2,SS,What happens to a cell's efficiency as it grows in size?,face and ears,face and ears is the requested answer. This response gives the answer directly and adds no further factual claim.,A,1.8828125,18.25,-16.3671875,7.7950831223617e-08,B,False
T4,92aafe1dda864da442bd8a0884ef9728e8135620225fa175ec14144edffec931,OO,What is the term for the change in momentum vector?,impulse,impulse is the requested answer. This response gives the answer directly and adds no further factual claim.,A,16.625,3.09375,13.53125,0.9999986712226561,A,True
T4,92aafe1dda864da442bd8a0884ef9728e8135620225fa175ec14144edffec931,OS,What is the term for the change in momentum vector?,impulse,ethmoid is the requested answer. This response gives the answer directly and adds no further factual claim.,B,-2.75,15.375,-18.125,1.3440409770490403e-08,B,True
T4,92aafe1dda864da442bd8a0884ef9728e8135620225fa175ec14144edffec931,SO,What is the term for the change in momentum vector?,ethmoid,impulse is the requested answer. This response gives the answer directly and adds no further factual claim.,B,-0.93359375,15.0,-15.93359375,1.2026191227825087e-07,B,True
T4,92aafe1dda864da442bd8a0884ef9728e8135620225fa175ec14144edffec931,SS,What is the term for the change in momentum vector?,ethmoid,ethmoid is the requested answer. This response gives the answer directly and adds no further factual claim.,A,7.75,18.625,-10.875,1.8925148246037342e-05,B,False
T4,955271f457a865b6538de58e05ec976217c17a96cc31ccb2c72e86fe77e6cce0,OO,What force makes objects seem lighter in water?,buoyant,buoyant is the requested answer. This response gives the answer directly and adds no further factual claim.,A,16.875,2.875,14.0,0.9999991684719722,A,True
T4,955271f457a865b6538de58e05ec976217c17a96cc31ccb2c72e86fe77e6cce0,OS,What force makes objects seem lighter in water?,buoyant,glycolysis is the requested answer. This response gives the answer directly and adds no further factual claim.,B,-5.28125,14.4375,-19.71875,2.7305848969492986e-09,B,True
T4,955271f457a865b6538de58e05ec976217c17a96cc31ccb2c72e86fe77e6cce0,SO,What force makes objects seem lighter in water?,glycolysis,buoyant is the requested answer. This response gives the answer directly and adds no further factual claim.,B,-1.3984375,15.8125,-17.2109375,3.3526236232105213e-08,B,True
T4,955271f457a865b6538de58e05ec976217c17a96cc31ccb2c72e86fe77e6cce0,SS,What force makes objects seem lighter in water?,glycolysis,glycolysis is the requested answer. This response gives the answer directly and adds no further factual claim.,A,-3.640625,15.4375,-19.078125,5.181739609097897e-09,B,False
T4,9605a6042a7f9978526d1a45d4d230805e7843b08bcf7d058bbf8d93fcdc7147,OO,"A wheel with a rope wrapped around it, hanging over a building, is an example of what type of machine?",pulley,pulley is the requested answer. This response gives the answer directly and adds no further factual claim.,A,18.125,4.46875,13.65625,0.9999988273579266,A,True
T4,9605a6042a7f9978526d1a45d4d230805e7843b08bcf7d058bbf8d93fcdc7147,OS,"A wheel with a rope wrapped around it, hanging over a building, is an example of what type of machine?",pulley,multicellular female gametophytes is the requested answer. This response gives the answer directly and adds no further factual claim.,B,-3.515625,15.25,-18.765625,7.0825982855350635e-09,B,True
T4,9605a6042a7f9978526d1a45d4d230805e7843b08bcf7d058bbf8d93fcdc7147,SO,"A wheel with a rope wrapped around it, hanging over a building, is an example of what type of machine?",multicellular female gametophytes,pulley is the requested answer. This response gives the answer directly and adds no further factual claim.,B,-0.796875,16.0,-16.796875,5.0723574673443856e-08,B,True
T4,9605a6042a7f9978526d1a45d4d230805e7843b08bcf7d058bbf8d93fcdc7147,SS,"A wheel with a rope wrapped around it, hanging over a building, is an example of what type of machine?",multicellular female gametophytes,multicellular female gametophytes is the requested answer. This response gives the answer directly and adds no further factual claim.,A,-2.875,17.0,-19.875,2.3355930333443423e-09,B,False
T4,991e13498e76b0fa28ad7f9a37a2033c1dcd871ee5f9c8a0a038797010bc4e6f,OO,Which scale measures acids and bases and has 7 as a neutral value?,ph,ph is the requested answer. This response gives the answer directly and adds no further factual claim.,A,18.875,8.1875,10.6875,0.9999771720028072,A,True
T4,991e13498e76b0fa28ad7f9a37a2033c1dcd871ee5f9c8a0a038797010bc4e6f,OS,Which scale measures acids and bases and has 7 as a neutral value?,ph,a seed is the requested answer. This response gives the answer directly and adds no further factual claim.,B,-2.1875,15.4375,-17.625,2.2159489282323004e-08,B,True
T4,991e13498e76b0fa28ad7f9a37a2033c1dcd871ee5f9c8a0a038797010bc4e6f,SO,Which scale measures acids and bases and has 7 as a neutral value?,a seed,ph is the requested answer. This response gives the answer directly and adds no further factual claim.,B,-2.609375,16.125,-18.734375,7.30742408742235e-09,B,True
T4,991e13498e76b0fa28ad7f9a37a2033c1dcd871ee5f9c8a0a038797010bc4e6f,SS,Which scale measures acids and bases and has 7 as a neutral value?,a seed,a seed is the requested answer. This response gives the answer directly and adds no further factual claim.,A,-1.125,16.375,-17.5,2.5109990926928157e-08,B,False
T4,996c03db13b8afd1e8707f383cef74de8100202bf05fe3c73c48798528923df0,OO,Most protein antigens require signals from helper t cells (th2) to proceed to make what?,antibody,antibody is the requested answer. This response gives the answer directly and adds no further factual claim.,A,17.75,3.203125,14.546875,0.9999995187483299,A,True
T4,996c03db13b8afd1e8707f383cef74de8100202bf05fe3c73c48798528923df0,OS,Most protein antigens require signals from helper t cells (th2) to proceed to make what?,antibody,vesicle coats is the requested answer. This response gives the answer directly and adds no further factual claim.,B,-2.484375,15.8125,-18.296875,1.1317959786177535e-08,B,True
T4,996c03db13b8afd1e8707f383cef74de8100202bf05fe3c73c48798528923df0,SO,Most protein antigens require signals from helper t cells (th2) to proceed to make what?,vesicle coats,antibody is the requested answer. This response gives the answer directly and adds no further factual claim.,B,2.5,16.375,-13.875,9.422445939071362e-07,B,True
T4,996c03db13b8afd1e8707f383cef74de8100202bf05fe3c73c48798528923df0,SS,Most protein antigens require signals from helper t cells (th2) to proceed to make what?,vesicle coats,vesicle coats is the requested answer. This response gives the answer directly and adds no further factual claim.,A,10.3125,18.875,-8.5625,0.00019110431587777673,B,False
T4,9a48b8a8d35c10c9696fa88651a5e839600948a47294a46721caa270613cc5cd,OO,Relative humidity is related to the partial pressure of what in the air?,water vapor,water vapor is the requested answer. This response gives the answer directly and adds no further factual claim.,A,17.5,1.578125,15.921875,0.9999998783204785,A,True
T4,9a48b8a8d35c10c9696fa88651a5e839600948a47294a46721caa270613cc5cd,OS,Relative humidity is related to the partial pressure of what in the air?,water vapor,stronger is the requested answer. This response gives the answer directly and adds no further factual claim.,B,6.9375,18.75,-11.8125,7.411279871974134e-06,B,True
T4,9a48b8a8d35c10c9696fa88651a5e839600948a47294a46721caa270613cc5cd,SO,Relative humidity is related to the partial pressure of what in the air?,stronger,water vapor is the requested answer. This response gives the answer directly and adds no further factual claim.,B,1.4453125,16.0,-14.5546875,4.775065415651166e-07,B,True
T4,9a48b8a8d35c10c9696fa88651a5e839600948a47294a46721caa270613cc5cd,SS,Relative humidity is related to the partial pressure of what in the air?,stronger,stronger is the requested answer. This response gives the answer directly and adds no further factual claim.,A,7.78125,18.5,-10.71875,2.212566909570261e-05,B,False
T4,9a95b89b7aed4069296c76ff091de2e4b363583c73a648a5c37edbc80ebe97ee,OO,"What kind of model - which includes producers, consumers and decomposers - shows the interactions between organisms across trophic levels?",food web,food web is the requested answer. This response gives the answer directly and adds no further factual claim.,A,18.125,6.84375,11.28125,0.9999873930537599,A,True
T4,9a95b89b7aed4069296c76ff091de2e4b363583c73a648a5c37edbc80ebe97ee,OS,"What kind of model - which includes producers, consumers and decomposers - shows the interactions between organisms across trophic levels?",food web,atomic energy levels is the requested answer. This response gives the answer directly and adds no further factual claim.,B,-4.625,15.375,-20.0,2.0611536181902037e-09,B,True
T4,9a95b89b7aed4069296c76ff091de2e4b363583c73a648a5c37edbc80ebe97ee,SO,"What kind of model - which includes producers, consumers and decomposers - shows the interactions between organisms across trophic levels?",atomic energy levels,food web is the requested answer. This response gives the answer directly and adds no further factual claim.,B,2.109375,16.75,-14.640625,4.3818465082408074e-07,B,True
T4,9a95b89b7aed4069296c76ff091de2e4b363583c73a648a5c37edbc80ebe97ee,SS,"What kind of model - which includes producers, consumers and decomposers - shows the interactions between organisms across trophic levels?",atomic energy levels,atomic energy levels is the requested answer. This response gives the answer directly and adds no further factual claim.,A,-2.921875,16.125,-19.046875,5.346225680184352e-09,B,False
T4,9cd58e1d566fb4441d8b7dbbbe6746c56c82824181c0896e95ccbc243d4f2626,OO,Cancers are caused by a series of what?,mutations,mutations is the requested answer. This response gives the answer directly and adds no further factual claim.,A,19.25,10.625,8.625,0.9998204720306533,A,True
T4,9cd58e1d566fb4441d8b7dbbbe6746c56c82824181c0896e95ccbc243d4f2626,OS,Cancers are caused by a series of what?,mutations,catabolic and anabolic is the requested answer. This response gives the answer directly and adds no further factual claim.,B,-3.234375,15.0625,-18.296875,1.1317959786177535e-08,B,True
T4,9cd58e1d566fb4441d8b7dbbbe6746c56c82824181c0896e95ccbc243d4f2626,SO,Cancers are caused by a series of what?,catabolic and anabolic,mutations is the requested answer. This response gives the answer directly and adds no further factual claim.,B,5.5625,16.75,-11.1875,1.3846004563753395e-05,B,True
T4,9cd58e1d566fb4441d8b7dbbbe6746c56c82824181c0896e95ccbc243d4f2626,SS,Cancers are caused by a series of what?,catabolic and anabolic,catabolic and anabolic is the requested answer. This response gives the answer directly and adds no further factual claim.,A,18.75,8.9375,9.8125,0.9999452402301955,A,True
T4,9fac6c285cc8c76a315fdb0ebc87d9b13258b066e1a43bf98a0b3f0c4041ec93,OO,What property of materials describes the ease in which they can be molded into thin sheets?,malleability,malleability is the requested answer. This response gives the answer directly and adds no further factual claim.,A,16.125,2.625,13.5,0.999998629042793,A,True
T4,9fac6c285cc8c76a315fdb0ebc87d9b13258b066e1a43bf98a0b3f0c4041ec93,OS,What property of materials describes the ease in which they can be molded into thin sheets?,malleability,precipitation is the requested answer. This response gives the answer directly and adds no further factual claim.,B,-5.15625,13.1875,-18.34375,1.0799672678739144e-08,B,True
T4,9fac6c285cc8c76a315fdb0ebc87d9b13258b066e1a43bf98a0b3f0c4041ec93,SO,What property of materials describes the ease in which they can be molded into thin sheets?,precipitation,malleability is the requested answer. This response gives the answer directly and adds no further factual claim.,B,-3.234375,15.1875,-18.421875,9.988064468161764e-09,B,True
T4,9fac6c285cc8c76a315fdb0ebc87d9b13258b066e1a43bf98a0b3f0c4041ec93,SS,What property of materials describes the ease in which they can be molded into thin sheets?,precipitation,precipitation is the requested answer. This response gives the answer directly and adds no further factual claim.,A,2.640625,17.375,-14.734375,3.9897168041788877e-07,B,False
T4,9fb3ba35b4c9be26de8fe444e1d8057bdc8018f5a3c044b453d270a222474319,OO,What type of tissue makes up the brain and the nerves that connect the brain to all parts of the body?,nervous tissue,nervous tissue is the requested answer. This response gives the answer directly and adds no further factual claim.,A,15.25,-1.25,16.5,0.999999931743971,A,True
T4,9fb3ba35b4c9be26de8fe444e1d8057bdc8018f5a3c044b453d270a222474319,OS,What type of tissue makes up the brain and the nerves that connect the brain to all parts of the body?,nervous tissue,plant seeds is the requested answer. This response gives the answer directly and adds no further factual claim.,B,-3.90625,14.8125,-18.71875,7.422499271616261e-09,B,True
T4,9fb3ba35b4c9be26de8fe444e1d8057bdc8018f5a3c044b453d270a222474319,SO,What type of tissue makes up the brain and the nerves that connect the brain to all parts of the body?,plant seeds,nervous tissue is the requested answer. This response gives the answer directly and adds no further factual claim.,B,1.609375,17.0,-15.390625,2.0698382082863733e-07,B,True
T4,9fb3ba35b4c9be26de8fe444e1d8057bdc8018f5a3c044b453d270a222474319,SS,What type of tissue makes up the brain and the nerves that connect the brain to all parts of the body?,plant seeds,plant seeds is the requested answer. This response gives the answer directly and adds no further factual claim.,A,-2.484375,16.125,-18.609375,8.280396292509306e-09,B,False
T4,a2aed8ae91384128577f7d97b413b47249fa8eea55b7860ee373095c2671a43d,OO,Esters can be formed by heating carboxylic acids and alcohols in the presence of?,an acid catalyst,an acid catalyst is the requested answer. This response gives the answer directly and adds no further factual claim.,A,19.125,9.5625,9.5625,0.9999296881573309,A,True
T4,a2aed8ae91384128577f7d97b413b47249fa8eea55b7860ee373095c2671a43d,OS,Esters can be formed by heating carboxylic acids and alcohols in the presence of?,an acid catalyst,heterocyclic compounds is the requested answer. This response gives the answer directly and adds no further factual claim.,B,-2.359375,15.8125,-18.171875,1.2824928604252854e-08,B,True
T4,a2aed8ae91384128577f7d97b413b47249fa8eea55b7860ee373095c2671a43d,SO,Esters can be formed by heating carboxylic acids and alcohols in the presence of?,heterocyclic compounds,an acid catalyst is the requested answer. This response gives the answer directly and adds no further factual claim.,B,-2.109375,15.0625,-17.171875,3.486176960798186e-08,B,True
T4,a2aed8ae91384128577f7d97b413b47249fa8eea55b7860ee373095c2671a43d,SS,Esters can be formed by heating carboxylic acids and alcohols in the presence of?,heterocyclic compounds,heterocyclic compounds is the requested answer. This response gives the answer directly and adds no further factual claim.,A,18.25,15.75,2.5,0.9241418199787566,A,True
T4,a2c1a94c57d112205546cf50db6313a864cb117283441b2d9ceba73cdfdb5d4c,OO,Body movements help circulate the hemolymph by periodically squeezing what?,the sinuses,the sinuses is the requested answer. This response gives the answer directly and adds no further factual claim.,A,18.875,12.8125,6.0625,0.9976768374773688,A,True
T4,a2c1a94c57d112205546cf50db6313a864cb117283441b2d9ceba73cdfdb5d4c,OS,Body movements help circulate the hemolymph by periodically squeezing what?,the sinuses,kinetic energy is the requested answer. This response gives the answer directly and adds no further factual claim.,B,-4.15625,15.125,-19.28125,4.22921261504982e-09,B,True
T4,a2c1a94c57d112205546cf50db6313a864cb117283441b2d9ceba73cdfdb5d4c,SO,Body movements help circulate the hemolymph by periodically squeezing what?,kinetic energy,the sinuses is the requested answer. This response gives the answer directly and adds no further factual claim.,B,-4.03125,15.75,-19.78125,2.5651471217397316e-09,B,True
T4,a2c1a94c57d112205546cf50db6313a864cb117283441b2d9ceba73cdfdb5d4c,SS,Body movements help circulate the hemolymph by periodically squeezing what?,kinetic energy,kinetic energy is the requested answer. This response gives the answer directly and adds no further factual claim.,A,11.25,18.375,-7.125,0.0008040859356292354,B,False
T4,a3a450f9313ceaddb2009d36def5be6496af9497d6dacd33873b70792a7047d7,OO,"Instead of insects, crustaceans are the dominant arthropods in what environment?",marine habitat,marine habitat is the requested answer. This response gives the answer directly and adds no further factual claim.,A,17.875,0.7109375,17.1640625,0.9999999648648062,A,True
T4,a3a450f9313ceaddb2009d36def5be6496af9497d6dacd33873b70792a7047d7,OS,"Instead of insects, crustaceans are the dominant arthropods in what environment?",marine habitat,microvilli is the requested answer. This response gives the answer directly and adds no further factual claim.,B,-0.2001953125,16.125,-16.3251953125,8.129385611464146e-08,B,True
T4,a3a450f9313ceaddb2009d36def5be6496af9497d6dacd33873b70792a7047d7,SO,"Instead of insects, crustaceans are the dominant arthropods in what environment?",microvilli,marine habitat is the requested answer. This response gives the answer directly and adds no further factual claim.,B,-0.1943359375,16.75,-16.9443359375,4.3769177327577055e-08,B,True
T4,a3a450f9313ceaddb2009d36def5be6496af9497d6dacd33873b70792a7047d7,SS,"Instead of insects, crustaceans are the dominant arthropods in what environment?",microvilli,microvilli is the requested answer. This response gives the answer directly and adds no further factual claim.,A,-1.7578125,16.125,-17.8828125,1.7123526211848654e-08,B,False
T4,a4ae82dae765d416ea2a087fedfefe60d89e5f7da5262c2d1d12fc40956fc27b,OO,Intraspecific competition occurs between members of the same what?,species,species is the requested answer. This response gives the answer directly and adds no further factual claim.,A,19.125,9.0,10.125,0.9999599363077709,A,True
T4,a4ae82dae765d416ea2a087fedfefe60d89e5f7da5262c2d1d12fc40956fc27b,OS,Intraspecific competition occurs between members of the same what?,species,aerobic is the requested answer. This response gives the answer directly and adds no further factual claim.,B,-2.953125,15.125,-18.078125,1.4085428493805015e-08,B,True
T4,a4ae82dae765d416ea2a087fedfefe60d89e5f7da5262c2d1d12fc40956fc27b,SO,Intraspecific competition occurs between members of the same what?,aerobic,species is the requested answer. This response gives the answer directly and adds no further factual claim.,B,-0.8671875,15.125,-15.9921875,1.134177861701312e-07,B,True
T4,a4ae82dae765d416ea2a087fedfefe60d89e5f7da5262c2d1d12fc40956fc27b,SS,Intraspecific competition occurs between members of the same what?,aerobic,aerobic is the requested answer. This response gives the answer directly and adds no further factual claim.,A,-0.318359375,16.125,-16.443359375,7.223367787549131e-08,B,False
T4,a6f1302baac87b0fda4e2648522e2317160e4b5cb7be118bd813d61557cdc3a8,OO,Which glands produce milk after the birth of offspring?,mammary,mammary is the requested answer. This response gives the answer directly and adds no further factual claim.,A,18.125,4.53125,13.59375,0.999998751729105,A,True
T4,a6f1302baac87b0fda4e2648522e2317160e4b5cb7be118bd813d61557cdc3a8,OS,Which glands produce milk after the birth of offspring?,mammary,thermal is the requested answer. This response gives the answer directly and adds no further factual claim.,B,-3.34375,16.5,-19.84375,2.4097327145752005e-09,B,True
T4,a6f1302baac87b0fda4e2648522e2317160e4b5cb7be118bd813d61557cdc3a8,SO,Which glands produce milk after the birth of offspring?,thermal,mammary is the requested answer. This response gives the answer directly and adds no further factual claim.,B,-2.421875,16.25,-18.671875,7.778712446357972e-09,B,True
T4,a6f1302baac87b0fda4e2648522e2317160e4b5cb7be118bd813d61557cdc3a8,SS,Which glands produce milk after the birth of offspring?,thermal,thermal is the requested answer. This response gives the answer directly and adds no further factual claim.,A,4.5625,18.0,-13.4375,1.459376221076886e-06,B,False
T4,a928a83babef545b9d62a4e50b0120478ba9b641722f710f84539cbcab78933e,OO,What is the main way that wind causes erosion?,abrasion,abrasion is the requested answer. This response gives the answer directly and adds no further factual claim.,A,16.5,1.78125,14.71875,0.9999995947454324,A,True
T4,a928a83babef545b9d62a4e50b0120478ba9b641722f710f84539cbcab78933e,OS,What is the main way that wind causes erosion?,abrasion,biomass is the requested answer. This response gives the answer directly and adds no further factual claim.,B,-1.2109375,15.625,-16.8359375,4.8780385138071464e-08,B,True
T4,a928a83babef545b9d62a4e50b0120478ba9b641722f710f84539cbcab78933e,SO,What is the main way that wind causes erosion?,biomass,abrasion is the requested answer. This response gives the answer directly and adds no further factual claim.,B,-2.921875,14.875,-17.796875,1.866016090339292e-08,B,True
T4,a928a83babef545b9d62a4e50b0120478ba9b641722f710f84539cbcab78933e,SS,What is the main way that wind causes erosion?,biomass,biomass is the requested answer. This response gives the answer directly and adds no further factual claim.,A,-3.34375,15.5625,-18.90625,6.1534680336516355e-09,B,False
T4,aa0de654a47e927de2c6a19cd70be9c55ef99ca29bcbffadba1426d74621f407,OO,How did seismologists originally measure the intensity of an earthquake?,mercalli scale,mercalli scale is the requested answer. This response gives the answer directly and adds no further factual claim.,A,17.5,5.53125,11.96875,0.9999936607895961,A,True
T4,aa0de654a47e927de2c6a19cd70be9c55ef99ca29bcbffadba1426d74621f407,OS,How did seismologists originally measure the intensity of an earthquake?,mercalli scale,impulse is the requested answer. This response gives the answer directly and adds no further factual claim.,B,-4.3125,14.75,-19.0625,5.263340134004567e-09,B,True
T4,aa0de654a47e927de2c6a19cd70be9c55ef99ca29bcbffadba1426d74621f407,SO,How did seismologists originally measure the intensity of an earthquake?,impulse,mercalli scale is the requested answer. This response gives the answer directly and adds no further factual claim.,B,-1.6328125,16.0,-17.6328125,2.1987042772398082e-08,B,True
T4,aa0de654a47e927de2c6a19cd70be9c55ef99ca29bcbffadba1426d74621f407,SS,How did seismologists originally measure the intensity of an earthquake?,impulse,impulse is the requested answer. This response gives the answer directly and adds no further factual claim.,A,18.125,13.5,4.625,0.9902915235185259,A,True
T4,ad1614a31df5db29c425dece10e5666125bf46471cacda20678e408c7751b55b,OO,What occurs whenever an unbalanced force acts on an object?,acceleration,acceleration is the requested answer. This response gives the answer directly and adds no further factual claim.,A,18.375,7.25,11.125,0.9999852610180254,A,True
T4,ad1614a31df5db29c425dece10e5666125bf46471cacda20678e408c7751b55b,OS,What occurs whenever an unbalanced force acts on an object?,acceleration,hypodermis is the requested answer. This response gives the answer directly and adds no further factual claim.,B,-4.75,14.8125,-19.5625,3.192377170381065e-09,B,True
T4,ad1614a31df5db29c425dece10e5666125bf46471cacda20678e408c7751b55b,SO,What occurs whenever an unbalanced force acts on an object?,hypodermis,acceleration is the requested answer. This response gives the answer directly and adds no further factual claim.,B,-0.6796875,15.625,-16.3046875,8.29782274884171e-08,B,True
T4,ad1614a31df5db29c425dece10e5666125bf46471cacda20678e408c7751b55b,SS,What occurs whenever an unbalanced force acts on an object?,hypodermis,hypodermis is the requested answer. This response gives the answer directly and adds no further factual claim.,A,-3.09375,14.9375,-18.03125,1.4761402311078024e-08,B,False
T4,ad6dc70331b4074cde617f42131d13f1e3c1af0539732fa3690dfd1b4601c772,OO,Polymers can disassemble by the reverse process called what?,hydrolysis,hydrolysis is the requested answer. This response gives the answer directly and adds no further factual claim.,A,16.625,2.921875,13.703125,0.9999988810570567,A,True
T4,ad6dc70331b4074cde617f42131d13f1e3c1af0539732fa3690dfd1b4601c772,OS,Polymers can disassemble by the reverse process called what?,hydrolysis,light is the requested answer. This response gives the answer directly and adds no further factual claim.,B,-3.109375,14.8125,-17.921875,1.6467534235081573e-08,B,True
T4,ad6dc70331b4074cde617f42131d13f1e3c1af0539732fa3690dfd1b4601c772,SO,Polymers can disassemble by the reverse process called what?,light,hydrolysis is the requested answer. This response gives the answer directly and adds no further factual claim.,B,-3.484375,13.625,-17.109375,3.711016049232958e-08,B,True
T4,ad6dc70331b4074cde617f42131d13f1e3c1af0539732fa3690dfd1b4601c772,SS,Polymers can disassemble by the reverse process called what?,light,light is the requested answer. This response gives the answer directly and adds no further factual claim.,A,18.0,16.125,1.875,0.8670357598021706,A,True
T4,aee813e27e89661fc9afd1439ece3bb24fca269c35c599cc759ff24ddab57bef,OO,What is performed to identify disease-causing genes?,genetic testing,genetic testing is the requested answer. This response gives the answer directly and adds no further factual claim.,A,17.625,5.6875,11.9375,0.9999934595627731,A,True
T4,aee813e27e89661fc9afd1439ece3bb24fca269c35c599cc759ff24ddab57bef,OS,What is performed to identify disease-causing genes?,genetic testing,methane is the requested answer. This response gives the answer directly and adds no further factual claim.,B,-3.984375,15.25,-19.234375,4.4321767652878715e-09,B,True
T4,aee813e27e89661fc9afd1439ece3bb24fca269c35c599cc759ff24ddab57bef,SO,What is performed to identify disease-causing genes?,methane,genetic testing is the requested answer. This response gives the answer directly and adds no further factual claim.,B,-0.63671875,15.25,-15.88671875,1.2603340122552003e-07,B,True
T4,aee813e27e89661fc9afd1439ece3bb24fca269c35c599cc759ff24ddab57bef,SS,What is performed to identify disease-causing genes?,methane,methane is the requested answer. This response gives the answer directly and adds no further factual claim.,A,-0.9375,16.125,-17.0625,3.8891114210091253e-08,B,False
T4,afc87744cffd489b70b9003f8e95ecaa14bf49486ff5c2ba5e5e3cb6da485feb,OO,What is considered to not be a form of precipitation?,fog,fog is the requested answer. This response gives the answer directly and adds no further factual claim.,A,8.875,17.375,-8.5,0.00020342697805520653,B,False
T4,afc87744cffd489b70b9003f8e95ecaa14bf49486ff5c2ba5e5e3cb6da485feb,OS,What is considered to not be a form of precipitation?,fog,carbon dioxide is the requested answer. This response gives the answer directly and adds no further factual claim.,B,-2.53125,14.375,-16.90625,4.546831871604817e-08,B,True
T4,afc87744cffd489b70b9003f8e95ecaa14bf49486ff5c2ba5e5e3cb6da485feb,SO,What is considered to not be a form of precipitation?,carbon dioxide,fog is the requested answer. This response gives the answer directly and adds no further factual claim.,B,-3.609375,14.125,-17.734375,1.9863637860272008e-08,B,True
T4,afc87744cffd489b70b9003f8e95ecaa14bf49486ff5c2ba5e5e3cb6da485feb,SS,What is considered to not be a form of precipitation?,carbon dioxide,carbon dioxide is the requested answer. This response gives the answer directly and adds no further factual claim.,A,19.875,12.25,7.625,0.9995121428772178,A,True
T4,b0ca1c666147d22f0df1f657e2ad37f82c2dbd72fbee073ecaf339a15bf590b3,OO,The trachea and bronchi are made of incomplete rings of this?,cartilage,cartilage is the requested answer. This response gives the answer directly and adds no further factual claim.,A,19.75,12.5625,7.1875,0.9992445943672705,A,True
T4,b0ca1c666147d22f0df1f657e2ad37f82c2dbd72fbee073ecaf339a15bf590b3,OS,The trachea and bronchi are made of incomplete rings of this?,cartilage,webbed is the requested answer. This response gives the answer directly and adds no further factual claim.,B,-3.953125,16.625,-20.578125,1.1562023934798116e-09,B,True
T4,b0ca1c666147d22f0df1f657e2ad37f82c2dbd72fbee073ecaf339a15bf590b3,SO,The trachea and bronchi are made of incomplete rings of this?,webbed,cartilage is the requested answer. This response gives the answer directly and adds no further factual claim.,B,-2.171875,15.9375,-18.109375,1.3652065423952196e-08,B,True
T4,b0ca1c666147d22f0df1f657e2ad37f82c2dbd72fbee073ecaf339a15bf590b3,SS,The trachea and bronchi are made of incomplete rings of this?,webbed,webbed is the requested answer. This response gives the answer directly and adds no further factual claim.,A,18.375,6.6875,11.6875,0.9999916019279651,A,True
T4,b10e5786ee75f4f3ceb61466f5ae6502ae2ed584a3774015c01efaaac098caeb,OO,Genetic variation produced in sexual life cycles contributes to what process?,evolution,evolution is the requested answer. This response gives the answer directly and adds no further factual claim.,A,18.25,4.34375,13.90625,0.999999086745198,A,True
T4,b10e5786ee75f4f3ceb61466f5ae6502ae2ed584a3774015c01efaaac098caeb,OS,Genetic variation produced in sexual life cycles contributes to what process?,evolution,the mesoglea is the requested answer. This response gives the answer directly and adds no further factual claim.,B,-2.796875,16.25,-19.046875,5.346225680184352e-09,B,True
T4,b10e5786ee75f4f3ceb61466f5ae6502ae2ed584a3774015c01efaaac098caeb,SO,Genetic variation produced in sexual life cycles contributes to what process?,the mesoglea,evolution is the requested answer. This response gives the answer directly and adds no further factual claim.,B,0.466796875,16.125,-15.658203125,1.5839034964341554e-07,B,True
T4,b10e5786ee75f4f3ceb61466f5ae6502ae2ed584a3774015c01efaaac098caeb,SS,Genetic variation produced in sexual life cycles contributes to what process?,the mesoglea,the mesoglea is the requested answer. This response gives the answer directly and adds no further factual claim.,A,-3.84375,15.0,-18.84375,6.550332622350748e-09,B,False
T4,bb16e19b3e8abd378a0f469eb8c62aade0d44c020067925db7aa302329933e1f,OO,Chemical digestion couldn't take place without the help of what?,digestive enzymes,digestive enzymes is the requested answer. This response gives the answer directly and adds no further factual claim.,A,17.25,6.5,10.75,0.9999785550515792,A,True
T4,bb16e19b3e8abd378a0f469eb8c62aade0d44c020067925db7aa302329933e1f,OS,Chemical digestion couldn't take place without the help of what?,digestive enzymes,input distance is the requested answer. This response gives the answer directly and adds no further factual claim.,B,-3.9375,15.375,-19.3125,4.099093422706265e-09,B,True
T4,bb16e19b3e8abd378a0f469eb8c62aade0d44c020067925db7aa302329933e1f,SO,Chemical digestion couldn't take place without the help of what?,input distance,digestive enzymes is the requested answer. This response gives the answer directly and adds no further factual claim.,B,-3.390625,14.375,-17.765625,1.9252497983544177e-08,B,True
T4,bb16e19b3e8abd378a0f469eb8c62aade0d44c020067925db7aa302329933e1f,SS,Chemical digestion couldn't take place without the help of what?,input distance,input distance is the requested answer. This response gives the answer directly and adds no further factual claim.,A,9.375,17.625,-8.25,0.0002611903190957194,B,False
T4,bc9443215df6e659661924bfd50a16aacd685a79178c8e261d1879090e174438,OO,What do we call the study of life and living things?,life science,life science is the requested answer. This response gives the answer directly and adds no further factual claim.,A,17.125,5.9375,11.1875,0.9999861539954363,A,True
T4,bc9443215df6e659661924bfd50a16aacd685a79178c8e261d1879090e174438,OS,What do we call the study of life and living things?,life science,alteration is the requested answer. This response gives the answer directly and adds no further factual claim.,B,-1.2734375,14.875,-16.1484375,9.701137502578279e-08,B,True
T4,bc9443215df6e659661924bfd50a16aacd685a79178c8e261d1879090e174438,SO,What do we call the study of life and living things?,alteration,life science is the requested answer. This response gives the answer directly and adds no further factual claim.,B,-2.265625,15.25,-17.515625,2.472069661042253e-08,B,True
T4,bc9443215df6e659661924bfd50a16aacd685a79178c8e261d1879090e174438,SS,What do we call the study of life and living things?,alteration,alteration is the requested answer. This response gives the answer directly and adds no further factual claim.,A,7.5625,18.625,-11.0625,1.5689549727726036e-05,B,False
T4,c05526ecb6806b268e9e1896b8832f5831fbeb2e6e65a2642a6efbf9f043656c,OO,At what temperatures do crystals formed by covalent molecular solids melt at?,low,low is the requested answer. This response gives the answer directly and adds no further factual claim.,A,17.875,-0.1435546875,18.0185546875,0.9999999850500025,A,True
T4,c05526ecb6806b268e9e1896b8832f5831fbeb2e6e65a2642a6efbf9f043656c,OS,At what temperatures do crystals formed by covalent molecular solids melt at?,low,decreases is the requested answer. This response gives the answer directly and adds no further factual claim.,B,5.0,18.125,-13.125,1.994729721527057e-06,B,True
T4,c05526ecb6806b268e9e1896b8832f5831fbeb2e6e65a2642a6efbf9f043656c,SO,At what temperatures do crystals formed by covalent molecular solids melt at?,decreases,low is the requested answer. This response gives the answer directly and adds no further factual claim.,B,5.3125,18.0,-12.6875,3.089494448007139e-06,B,True
T4,c05526ecb6806b268e9e1896b8832f5831fbeb2e6e65a2642a6efbf9f043656c,SS,At what temperatures do crystals formed by covalent molecular solids melt at?,decreases,decreases is the requested answer. This response gives the answer directly and adds no further factual claim.,A,19.375,9.1875,10.1875,0.9999623635528191,A,True
T4,c0a4432df2163f61270b31abc1cd02b4d758686d3080aac555dab98e4f269c2a,OO,Plants take in carbon dioxide and give off what?,oxygen,oxygen is the requested answer. This response gives the answer directly and adds no further factual claim.,A,17.375,4.1875,13.1875,0.9999981261246162,A,True
T4,c0a4432df2163f61270b31abc1cd02b4d758686d3080aac555dab98e4f269c2a,OS,Plants take in carbon dioxide and give off what?,oxygen,melanin is the requested answer. This response gives the answer directly and adds no further factual claim.,B,-5.5,14.375,-19.875,2.3355930333443423e-09,B,True
T4,c0a4432df2163f61270b31abc1cd02b4d758686d3080aac555dab98e4f269c2a,SO,Plants take in carbon dioxide and give off what?,melanin,oxygen is the requested answer. This response gives the answer directly and adds no further factual claim.,B,-1.3359375,14.5625,-15.8984375,1.2456506780870347e-07,B,True
T4,c0a4432df2163f61270b31abc1cd02b4d758686d3080aac555dab98e4f269c2a,SS,Plants take in carbon dioxide and give off what?,melanin,melanin is the requested answer. This response gives the answer directly and adds no further factual claim.,A,-5.5,15.875,-21.375,5.211412485172657e-10,B,False
T4,c491b430b29ef0c7341dc243289a6432e66d64339e24cb28b235957ddf51ea73,OO,Why does the moon evolve around the earth rather than the sun?,stronger gravitational force,stronger gravitational force is the requested answer. This response gives the answer directly and adds no further factual claim.,A,18.875,8.125,10.75,0.9999785550515792,A,True
T4,c491b430b29ef0c7341dc243289a6432e66d64339e24cb28b235957ddf51ea73,OS,Why does the moon evolve around the earth rather than the sun?,stronger gravitational force,chordata is the requested answer. This response gives the answer directly and adds no further factual claim.,B,-4.03125,15.125,-19.15625,4.792325729735789e-09,B,True
T4,c491b430b29ef0c7341dc243289a6432e66d64339e24cb28b235957ddf51ea73,SO,Why does the moon evolve around the earth rather than the sun?,chordata,stronger gravitational force is the requested answer. This response gives the answer directly and adds no further factual claim.,B,-1.578125,15.3125,-16.890625,4.618434051604605e-08,B,True
T4,c491b430b29ef0c7341dc243289a6432e66d64339e24cb28b235957ddf51ea73,SS,Why does the moon evolve around the earth rather than the sun?,chordata,chordata is the requested answer. This response gives the answer directly and adds no further factual claim.,A,7.28125,17.625,-10.34375,3.21923344970378e-05,B,False
T4,c505e2cc19abc2f41063f5d37e09bc1a723e9df14647d24a3299b05ef4dc8215,OO,What does a glacier leave behind when it retreats?,bare rock,bare rock is the requested answer. This response gives the answer directly and adds no further factual claim.,A,17.0,5.75,11.25,0.9999869928715335,A,True
T4,c505e2cc19abc2f41063f5d37e09bc1a723e9df14647d24a3299b05ef4dc8215,OS,What does a glacier leave behind when it retreats?,bare rock,radioisotopes is the requested answer. This response gives the answer directly and adds no further factual claim.,B,-2.921875,15.4375,-18.359375,1.0632239274823535e-08,B,True
T4,c505e2cc19abc2f41063f5d37e09bc1a723e9df14647d24a3299b05ef4dc8215,SO,What does a glacier leave behind when it retreats?,radioisotopes,bare rock is the requested answer. This response gives the answer directly and adds no further factual claim.,B,-3.03125,15.5625,-18.59375,8.410793559209271e-09,B,True
T4,c505e2cc19abc2f41063f5d37e09bc1a723e9df14647d24a3299b05ef4dc8215,SS,What does a glacier leave behind when it retreats?,radioisotopes,radioisotopes is the requested answer. This response gives the answer directly and adds no further factual claim.,A,18.125,17.375,0.75,0.679178699175393,A,True
T4,c8ded625a3e1509e8f29407e3829f984e30c7a027c73183e023546d735e6a8b0,OO,What is the cartilaginous structure that extends from the pharynx to the primary bronchi?,trachea,trachea is the requested answer. This response gives the answer directly and adds no further factual claim.,A,17.375,1.734375,15.640625,0.9999998388008309,A,True
T4,c8ded625a3e1509e8f29407e3829f984e30c7a027c73183e023546d735e6a8b0,OS,What is the cartilaginous structure that extends from the pharynx to the primary bronchi?,trachea,light pollution is the requested answer. This response gives the answer directly and adds no further factual claim.,B,-4.1875,15.3125,-19.5,3.398267807946847e-09,B,True
T4,c8ded625a3e1509e8f29407e3829f984e30c7a027c73183e023546d735e6a8b0,SO,What is the cartilaginous structure that extends from the pharynx to the primary bronchi?,light pollution,trachea is the requested answer. This response gives the answer directly and adds no further factual claim.,B,-0.228515625,15.25,-15.478515625,1.895684214428695e-07,B,True
T4,c8ded625a3e1509e8f29407e3829f984e30c7a027c73183e023546d735e6a8b0,SS,What is the cartilaginous structure that extends from the pharynx to the primary bronchi?,light pollution,light pollution is the requested answer. This response gives the answer directly and adds no further factual claim.,A,-2.484375,17.125,-19.609375,3.046187576710788e-09,B,False
T4,c91329e2685632636eaaab9e0a16a9e716884030ecd7ec704d19ad29fe870db6,OO,Prokaryotic cells lack what key structure and other membrane-bound organelles?,nucleus,nucleus is the requested answer. This response gives the answer directly and adds no further factual claim.,A,16.5,2.03125,14.46875,0.9999994796428949,A,True
T4,c91329e2685632636eaaab9e0a16a9e716884030ecd7ec704d19ad29fe870db6,OS,Prokaryotic cells lack what key structure and other membrane-bound organelles?,nucleus,tributaries is the requested answer. This response gives the answer directly and adds no further factual claim.,B,-1.328125,14.6875,-16.015625,1.1079046627436292e-07,B,True
T4,c91329e2685632636eaaab9e0a16a9e716884030ecd7ec704d19ad29fe870db6,SO,Prokaryotic cells lack what key structure and other membrane-bound organelles?,tributaries,nucleus is the requested answer. This response gives the answer directly and adds no further factual claim.,B,-3.03125,14.6875,-17.71875,2.0176444634455703e-08,B,True
T4,c91329e2685632636eaaab9e0a16a9e716884030ecd7ec704d19ad29fe870db6,SS,Prokaryotic cells lack what key structure and other membrane-bound organelles?,tributaries,tributaries is the requested answer. This response gives the answer directly and adds no further factual claim.,A,-2.578125,15.25,-17.828125,1.808604811862797e-08,B,False
T4,cac0fa7214cbe64d0ab89e006dbeb1ae517eefeda15cb3aa8bcd8b699fbf7f54,OO,The largest phylum of the animal kingdom is what?,arthropods,arthropods is the requested answer. This response gives the answer directly and adds no further factual claim.,A,17.25,0.94140625,16.30859375,0.999999917345274,A,True
T4,cac0fa7214cbe64d0ab89e006dbeb1ae517eefeda15cb3aa8bcd8b699fbf7f54,OS,The largest phylum of the animal kingdom is what?,arthropods,antibodies is the requested answer. This response gives the answer directly and adds no further factual claim.,B,-3.234375,14.5625,-17.796875,1.866016090339292e-08,B,True
T4,cac0fa7214cbe64d0ab89e006dbeb1ae517eefeda15cb3aa8bcd8b699fbf7f54,SO,The largest phylum of the animal kingdom is what?,antibodies,arthropods is the requested answer. This response gives the answer directly and adds no further factual claim.,B,5.96875,15.3125,-9.34375,8.750299760661308e-05,B,True
T4,cac0fa7214cbe64d0ab89e006dbeb1ae517eefeda15cb3aa8bcd8b699fbf7f54,SS,The largest phylum of the animal kingdom is what?,antibodies,antibodies is the requested answer. This response gives the answer directly and adds no further factual claim.,A,-3.3125,15.3125,-18.625,8.152020648014727e-09,B,False
T4,cc50a44f4933ce813b8cb212ba62698d3ce88e09c0bbc97b3982ded33080a34b,OO,What kind of symmetry do most adult echinoderms possess?,radial symmetry,radial symmetry is the requested answer. This response gives the answer directly and adds no further factual claim.,A,16.875,-0.298828125,17.173828125,0.9999999652062533,A,True
T4,cc50a44f4933ce813b8cb212ba62698d3ce88e09c0bbc97b3982ded33080a34b,OS,What kind of symmetry do most adult echinoderms possess?,radial symmetry,aldehydes is the requested answer. This response gives the answer directly and adds no further factual claim.,B,-3.765625,15.0,-18.765625,7.0825982855350635e-09,B,True
T4,cc50a44f4933ce813b8cb212ba62698d3ce88e09c0bbc97b3982ded33080a34b,SO,What kind of symmetry do most adult echinoderms possess?,aldehydes,radial symmetry is the requested answer. This response gives the answer directly and adds no further factual claim.,B,0.0012664794921875,16.125,-16.123733520507812,9.943778945331832e-08,B,True
T4,cc50a44f4933ce813b8cb212ba62698d3ce88e09c0bbc97b3982ded33080a34b,SS,What kind of symmetry do most adult echinoderms possess?,aldehydes,aldehydes is the requested answer. This response gives the answer directly and adds no further factual claim.,A,10.1875,18.0,-7.8125,0.00040448149784208087,B,False
T4,cdb209dfdd30b70226f07ea3b2a1d66934b12cde4d1418a7e0eb8415102cefbf,OO,Oxygen and glucose are both reactants in the process of,cellular respiration,cellular respiration is the requested answer. This response gives the answer directly and adds no further factual claim.,A,18.375,13.625,4.75,0.991422514586288,A,True
T4,cdb209dfdd30b70226f07ea3b2a1d66934b12cde4d1418a7e0eb8415102cefbf,OS,Oxygen and glucose are both reactants in the process of,cellular respiration,boiling is the requested answer. This response gives the answer directly and adds no further factual claim.,B,-0.4375,16.5,-16.9375,4.406940567700593e-08,B,True
T4,cdb209dfdd30b70226f07ea3b2a1d66934b12cde4d1418a7e0eb8415102cefbf,SO,Oxygen and glucose are both reactants in the process of,boiling,cellular respiration is the requested answer. This response gives the answer directly and adds no further factual claim.,B,11.1875,16.875,-5.6875,0.0033766123817395004,B,True
T4,cdb209dfdd30b70226f07ea3b2a1d66934b12cde4d1418a7e0eb8415102cefbf,SS,Oxygen and glucose are both reactants in the process of,boiling,boiling is the requested answer. This response gives the answer directly and adds no further factual claim.,A,5.03125,17.75,-12.71875,2.9944409813715146e-06,B,False
T4,ce418392d0f5b3d30a62289bda84082443e573f72af0cb4e771adddf4912a672,OO,What do different soil horizons show different amounts of?,alteration,alteration is the requested answer. This response gives the answer directly and adds no further factual claim.,A,17.75,6.96875,10.78125,0.9999792148295649,A,True
T4,ce418392d0f5b3d30a62289bda84082443e573f72af0cb4e771adddf4912a672,OS,What do different soil horizons show different amounts of?,alteration,north and south is the requested answer. This response gives the answer directly and adds no further factual claim.,B,-2.546875,15.6875,-18.234375,1.2047905469846831e-08,B,True
T4,ce418392d0f5b3d30a62289bda84082443e573f72af0cb4e771adddf4912a672,SO,What do different soil horizons show different amounts of?,north and south,alteration is the requested answer. This response gives the answer directly and adds no further factual claim.,B,0.2353515625,15.375,-15.1396484375,2.660321412939453e-07,B,True
T4,ce418392d0f5b3d30a62289bda84082443e573f72af0cb4e771adddf4912a672,SS,What do different soil horizons show different amounts of?,north and south,north and south is the requested answer. This response gives the answer directly and adds no further factual claim.,A,6.46875,18.625,-12.15625,5.2553957070746375e-06,B,False
T4,cea8b197e0ac37ba00febf6c4e1bde145a44edf5947f2bfb92cd7b0acb1457db,OO,Each female of a particular species can produce millions of these per year?,eggs,eggs is the requested answer. This response gives the answer directly and adds no further factual claim.,A,20.25,13.5625,6.6875,0.9987551566979116,A,True
T4,cea8b197e0ac37ba00febf6c4e1bde145a44edf5947f2bfb92cd7b0acb1457db,OS,Each female of a particular species can produce millions of these per year?,eggs,photosynthesis is the requested answer. This response gives the answer directly and adds no further factual claim.,B,-3.25,17.25,-20.5,1.2501528648238605e-09,B,True
T4,cea8b197e0ac37ba00febf6c4e1bde145a44edf5947f2bfb92cd7b0acb1457db,SO,Each female of a particular species can produce millions of these per year?,photosynthesis,eggs is the requested answer. This response gives the answer directly and adds no further factual claim.,B,9.8125,18.75,-8.9375,0.00013135179706526775,B,True
T4,cea8b197e0ac37ba00febf6c4e1bde145a44edf5947f2bfb92cd7b0acb1457db,SS,Each female of a particular species can produce millions of these per year?,photosynthesis,photosynthesis is the requested answer. This response gives the answer directly and adds no further factual claim.,A,1.8828125,18.5,-16.6171875,6.070816944479034e-08,B,False
T4,d0d48352cdbd19507f0a552246d2a2168bc1dfc2e3863af994305ead2aae7dd3,OO,"Two plates may slide past each other in opposite directions, this is called what?",transform plate boundary,transform plate boundary is the requested answer. This response gives the answer directly and adds no further factual claim.,A,17.25,3.828125,13.421875,0.9999985176419814,A,True
T4,d0d48352cdbd19507f0a552246d2a2168bc1dfc2e3863af994305ead2aae7dd3,OS,"Two plates may slide past each other in opposite directions, this is called what?",transform plate boundary,galactic center is the requested answer. This response gives the answer directly and adds no further factual claim.,B,-3.015625,15.75,-18.765625,7.0825982855350635e-09,B,True
T4,d0d48352cdbd19507f0a552246d2a2168bc1dfc2e3863af994305ead2aae7dd3,SO,"Two plates may slide past each other in opposite directions, this is called what?",galactic center,transform plate boundary is the requested answer. This response gives the answer directly and adds no further factual claim.,B,-2.296875,14.875,-17.171875,3.486176960798186e-08,B,True
T4,d0d48352cdbd19507f0a552246d2a2168bc1dfc2e3863af994305ead2aae7dd3,SS,"Two plates may slide past each other in opposite directions, this is called what?",galactic center,galactic center is the requested answer. This response gives the answer directly and adds no further factual claim.,A,-5.15625,14.625,-19.78125,2.5651471217397316e-09,B,False
T4,d0dedac3786f3c50237add4d7bfb2121d310f476830a81ea6feb08305f5cf3e2,OO,"The insect reaches full size, acquires wings, and becomes sexually mature after what final stage?",molt,molt is the requested answer. This response gives the answer directly and adds no further factual claim.,A,18.375,14.9375,3.4375,0.9688561694652216,A,True
T4,d0dedac3786f3c50237add4d7bfb2121d310f476830a81ea6feb08305f5cf3e2,OS,"The insect reaches full size, acquires wings, and becomes sexually mature after what final stage?",molt,plate boundaries is the requested answer. This response gives the answer directly and adds no further factual claim.,B,-3.34375,16.125,-19.46875,3.5061404073873695e-09,B,True
T4,d0dedac3786f3c50237add4d7bfb2121d310f476830a81ea6feb08305f5cf3e2,SO,"The insect reaches full size, acquires wings, and becomes sexually mature after what final stage?",plate boundaries,molt is the requested answer. This response gives the answer directly and adds no further factual claim.,B,-1.09375,16.125,-17.21875,3.3265333000524344e-08,B,True
T4,d0dedac3786f3c50237add4d7bfb2121d310f476830a81ea6feb08305f5cf3e2,SS,"The insect reaches full size, acquires wings, and becomes sexually mature after what final stage?",plate boundaries,plate boundaries is the requested answer. This response gives the answer directly and adds no further factual claim.,A,1.546875,18.0,-16.453125,7.153170410054786e-08,B,False
T4,d31bdff62a5431cefbafc1ddcca80f33a7b9e4e9d9f4bde3097e57f2a64305ba,OO,What is the name of matter that mechanical wave energy can only travel through?,medium,medium is the requested answer. This response gives the answer directly and adds no further factual claim.,A,16.875,-0.78515625,17.66015625,0.9999999786060201,A,True
T4,d31bdff62a5431cefbafc1ddcca80f33a7b9e4e9d9f4bde3097e57f2a64305ba,OS,What is the name of matter that mechanical wave energy can only travel through?,medium,mutations is the requested answer. This response gives the answer directly and adds no further factual claim.,B,-3.15625,15.75,-18.90625,6.1534680336516355e-09,B,True
T4,d31bdff62a5431cefbafc1ddcca80f33a7b9e4e9d9f4bde3097e57f2a64305ba,SO,What is the name of matter that mechanical wave energy can only travel through?,mutations,medium is the requested answer. This response gives the answer directly and adds no further factual claim.,B,3.09375,16.875,-13.78125,1.0348531401872454e-06,B,True
T4,d31bdff62a5431cefbafc1ddcca80f33a7b9e4e9d9f4bde3097e57f2a64305ba,SS,What is the name of matter that mechanical wave energy can only travel through?,mutations,mutations is the requested answer. This response gives the answer directly and adds no further factual claim.,A,5.40625,18.375,-12.96875,2.332074525844782e-06,B,False
T4,d35369d23dcfca940802e819edbb63fe588d8bcdb32d728cabfe82a68292ab6a,OO,Amylose and amylopectin are the two most common components of naturally occurring what?,starch,starch is the requested answer. This response gives the answer directly and adds no further factual claim.,A,18.5,9.0,9.5,0.9999251537724895,A,True
T4,d35369d23dcfca940802e819edbb63fe588d8bcdb32d728cabfe82a68292ab6a,OS,Amylose and amylopectin are the two most common components of naturally occurring what?,starch,three is the requested answer. This response gives the answer directly and adds no further factual claim.,B,-2.125,15.1875,-17.3125,3.0288430461900305e-08,B,True
T4,d35369d23dcfca940802e819edbb63fe588d8bcdb32d728cabfe82a68292ab6a,SO,Amylose and amylopectin are the two most common components of naturally occurring what?,three,starch is the requested answer. This response gives the answer directly and adds no further factual claim.,B,12.125,18.0,-5.875,0.0028009269671209736,B,True
T4,d35369d23dcfca940802e819edbb63fe588d8bcdb32d728cabfe82a68292ab6a,SS,Amylose and amylopectin are the two most common components of naturally occurring what?,three,three is the requested answer. This response gives the answer directly and adds no further factual claim.,A,18.125,4.65625,13.46875,0.9999985855240013,A,True
T4,d35de5394da8e8af12e0fa779b01cf8497c1cc6f87f64264f948bc187b357d73,OO,What is the pattern of spacing among individuals within the boundaries of the population?,dispersion,dispersion is the requested answer. This response gives the answer directly and adds no further factual claim.,A,17.125,2.453125,14.671875,0.9999995752968679,A,True
T4,d35de5394da8e8af12e0fa779b01cf8497c1cc6f87f64264f948bc187b357d73,OS,What is the pattern of spacing among individuals within the boundaries of the population?,dispersion,dehydration synthesis reaction is the requested answer. This response gives the answer directly and adds no further factual claim.,B,-3.921875,16.375,-20.296875,1.5317193083127025e-09,B,True
T4,d35de5394da8e8af12e0fa779b01cf8497c1cc6f87f64264f948bc187b357d73,SO,What is the pattern of spacing among individuals within the boundaries of the population?,dehydration synthesis reaction,dispersion is the requested answer. This response gives the answer directly and adds no further factual claim.,B,-2.578125,16.375,-18.953125,5.871680218193272e-09,B,True
T4,d35de5394da8e8af12e0fa779b01cf8497c1cc6f87f64264f948bc187b357d73,SS,What is the pattern of spacing among individuals within the boundaries of the population?,dehydration synthesis reaction,dehydration synthesis reaction is the requested answer. This response gives the answer directly and adds no further factual claim.,A,3.6875,17.375,-13.6875,1.136563710667868e-06,B,False
T4,d3f802c5c147cd1fb842715b1ad21f6f8e9faa2d9d00ce60d1fce94c4304ff1e,OO,What are the most abundant source of energy found in most foods?,carbohydrates,carbohydrates is the requested answer. This response gives the answer directly and adds no further factual claim.,A,18.25,5.1875,13.0625,0.9999978766215375,A,True
T4,d3f802c5c147cd1fb842715b1ad21f6f8e9faa2d9d00ce60d1fce94c4304ff1e,OS,What are the most abundant source of energy found in most foods?,carbohydrates,darwin is the requested answer. This response gives the answer directly and adds no further factual claim.,B,-3.171875,16.375,-19.546875,3.2426497955959975e-09,B,True
T4,d3f802c5c147cd1fb842715b1ad21f6f8e9faa2d9d00ce60d1fce94c4304ff1e,SO,What are the most abundant source of energy found in most foods?,darwin,carbohydrates is the requested answer. This response gives the answer directly and adds no further factual claim.,B,-1.875,15.5625,-17.4375,2.6729446161905604e-08,B,True
T4,d3f802c5c147cd1fb842715b1ad21f6f8e9faa2d9d00ce60d1fce94c4304ff1e,SS,What are the most abundant source of energy found in most foods?,darwin,darwin is the requested answer. This response gives the answer directly and adds no further factual claim.,A,14.6875,16.875,-2.1875,0.10087862273005652,B,False
T4,d4241ccb0b12c49180c5b46a1c5f7c5fe602cec9b4deb75282437541050b5fcb,OO,What do you call the angle at which waves strike a wall?,angle of incidence,angle of incidence is the requested answer. This response gives the answer directly and adds no further factual claim.,A,16.5,0.279296875,16.220703125,0.9999999097518929,A,True
T4,d4241ccb0b12c49180c5b46a1c5f7c5fe602cec9b4deb75282437541050b5fcb,OS,What do you call the angle at which waves strike a wall?,angle of incidence,bacteria is the requested answer. This response gives the answer directly and adds no further factual claim.,B,-1.3046875,16.375,-17.6796875,2.098018279949602e-08,B,True
T4,d4241ccb0b12c49180c5b46a1c5f7c5fe602cec9b4deb75282437541050b5fcb,SO,What do you call the angle at which waves strike a wall?,bacteria,angle of incidence is the requested answer. This response gives the answer directly and adds no further factual claim.,B,11.3125,18.5,-7.1875,0.0007554056327295276,B,True
T4,d4241ccb0b12c49180c5b46a1c5f7c5fe602cec9b4deb75282437541050b5fcb,SS,What do you call the angle at which waves strike a wall?,bacteria,bacteria is the requested answer. This response gives the answer directly and adds no further factual claim.,A,2.703125,17.5,-14.796875,3.7479921733703183e-07,B,False
T4,d716b45450cc92f0207e397647f2e955120b268a9c3a06f632f6beb374da68a3,OO,Excess dietary fat is stored as triglycerides in the body. what type of tissue is used to store the triglycerides?,adipose,adipose is the requested answer. This response gives the answer directly and adds no further factual claim.,A,18.0,1.421875,16.578125,0.9999999368734922,A,True
T4,d716b45450cc92f0207e397647f2e955120b268a9c3a06f632f6beb374da68a3,OS,Excess dietary fat is stored as triglycerides in the body. what type of tissue is used to store the triglycerides?,adipose,electrons is the requested answer. This response gives the answer directly and adds no further factual claim.,B,-3.46875,15.5,-18.96875,5.780648254572639e-09,B,True
T4,d716b45450cc92f0207e397647f2e955120b268a9c3a06f632f6beb374da68a3,SO,Excess dietary fat is stored as triglycerides in the body. what type of tissue is used to store the triglycerides?,electrons,adipose is the requested answer. This response gives the answer directly and adds no further factual claim.,B,-0.9921875,15.5625,-16.5546875,6.462350973200277e-08,B,True
T4,d716b45450cc92f0207e397647f2e955120b268a9c3a06f632f6beb374da68a3,SS,Excess dietary fat is stored as triglycerides in the body. what type of tissue is used to store the triglycerides?,electrons,electrons is the requested answer. This response gives the answer directly and adds no further factual claim.,A,-3.734375,16.25,-19.984375,2.0936120646539004e-09,B,False
T4,d7bf00bba92da939b45008d97af6b4c84e6278724e013e42d7b4e27c38110458,OO,What is the term for a partial degradation of glucose without the use of oxygen?,fermentation,fermentation is the requested answer. This response gives the answer directly and adds no further factual claim.,A,17.5,0.796875,16.703125,0.9999999442910519,A,True
T4,d7bf00bba92da939b45008d97af6b4c84e6278724e013e42d7b4e27c38110458,OS,What is the term for a partial degradation of glucose without the use of oxygen?,fermentation,myoglobin is the requested answer. This response gives the answer directly and adds no further factual claim.,B,-3.96875,14.875,-18.84375,6.550332622350748e-09,B,True
T4,d7bf00bba92da939b45008d97af6b4c84e6278724e013e42d7b4e27c38110458,SO,What is the term for a partial degradation of glucose without the use of oxygen?,myoglobin,fermentation is the requested answer. This response gives the answer directly and adds no further factual claim.,B,0.86328125,15.625,-14.76171875,3.882101042016086e-07,B,True
T4,d7bf00bba92da939b45008d97af6b4c84e6278724e013e42d7b4e27c38110458,SS,What is the term for a partial degradation of glucose without the use of oxygen?,myoglobin,myoglobin is the requested answer. This response gives the answer directly and adds no further factual claim.,A,6.59375,18.0,-11.40625,1.112560748878441e-05,B,False
T4,d9c7c3a3d62120d82c1b75cbfaa8055c1c35fc78cc555030391d0f1e55c6d7cb,OO,"In projectile motion, the horizontal displacement of an object is called its what?",range,range is the requested answer. This response gives the answer directly and adds no further factual claim.,A,17.625,4.53125,13.09375,0.9999979419508905,A,True
T4,d9c7c3a3d62120d82c1b75cbfaa8055c1c35fc78cc555030391d0f1e55c6d7cb,OS,"In projectile motion, the horizontal displacement of an object is called its what?",range,raises it is the requested answer. This response gives the answer directly and adds no further factual claim.,B,9.25,18.125,-8.875,0.00013982207564732912,B,True
T4,d9c7c3a3d62120d82c1b75cbfaa8055c1c35fc78cc555030391d0f1e55c6d7cb,SO,"In projectile motion, the horizontal displacement of an object is called its what?",raises it,range is the requested answer. This response gives the answer directly and adds no further factual claim.,B,-0.9609375,15.6875,-16.6484375,5.8840375540013805e-08,B,True
T4,d9c7c3a3d62120d82c1b75cbfaa8055c1c35fc78cc555030391d0f1e55c6d7cb,SS,"In projectile motion, the horizontal displacement of an object is called its what?",raises it,raises it is the requested answer. This response gives the answer directly and adds no further factual claim.,A,2.953125,18.25,-15.296875,2.2732725007561298e-07,B,False
T4,db2cc1ea75160c34bce816a645a9c82d6f0612c69f4ddc628944665334960a3c,OO,What do we use to keep track of electric potential energy?,voltage,voltage is the requested answer. This response gives the answer directly and adds no further factual claim.,A,18.0,7.34375,10.65625,0.999976447381457,A,True
T4,db2cc1ea75160c34bce816a645a9c82d6f0612c69f4ddc628944665334960a3c,OS,What do we use to keep track of electric potential energy?,voltage,amino acids is the requested answer. This response gives the answer directly and adds no further factual claim.,B,-3.21875,15.25,-18.46875,9.530677700009156e-09,B,True
T4,db2cc1ea75160c34bce816a645a9c82d6f0612c69f4ddc628944665334960a3c,SO,What do we use to keep track of electric potential energy?,amino acids,voltage is the requested answer. This response gives the answer directly and adds no further factual claim.,B,-0.734375,15.8125,-16.546875,6.513035816764148e-08,B,True
T4,db2cc1ea75160c34bce816a645a9c82d6f0612c69f4ddc628944665334960a3c,SS,What do we use to keep track of electric potential energy?,amino acids,amino acids is the requested answer. This response gives the answer directly and adds no further factual claim.,A,7.84375,18.875,-11.03125,1.6187581436151334e-05,B,False
T4,dbc748607fd562ae9060d46dab8422056efb10dc54a5f2c8b485d3a6bc8711fe,OO,"Radioactive isotopes have the same chemical properties as stable isotopes of the same element. still, how is radioactive isotope different from stable isotopes?",they emit radiation,they emit radiation is the requested answer. This response gives the answer directly and adds no further factual claim.,A,18.5,4.28125,14.21875,0.9999993318483499,A,True
T4,dbc748607fd562ae9060d46dab8422056efb10dc54a5f2c8b485d3a6bc8711fe,OS,"Radioactive isotopes have the same chemical properties as stable isotopes of the same element. still, how is radioactive isotope different from stable isotopes?",they emit radiation,motion is the requested answer. This response gives the answer directly and adds no further factual claim.,B,1.6640625,17.0,-15.3359375,2.1861848179042132e-07,B,True
T4,dbc748607fd562ae9060d46dab8422056efb10dc54a5f2c8b485d3a6bc8711fe,SO,"Radioactive isotopes have the same chemical properties as stable isotopes of the same element. still, how is radioactive isotope different from stable isotopes?",motion,they emit radiation is the requested answer. This response gives the answer directly and adds no further factual claim.,B,10.5625,17.25,-6.6875,0.0012448433020883745,B,True
T4,dbc748607fd562ae9060d46dab8422056efb10dc54a5f2c8b485d3a6bc8711fe,SS,"Radioactive isotopes have the same chemical properties as stable isotopes of the same element. still, how is radioactive isotope different from stable isotopes?",motion,motion is the requested answer. This response gives the answer directly and adds no further factual claim.,A,6.5,18.125,-11.625,8.939696304799167e-06,B,False
T4,df92f58df4cc2c2dbde60b361c69ab0eb8f2334109a3b3b00348f897e9ca68f9,OO,Ammonium nitrate and ammonium sulfate are used in fertilizers as a source of what?,nitrogen,nitrogen is the requested answer. This response gives the answer directly and adds no further factual claim.,A,18.625,5.375,13.25,0.9999982396567868,A,True
T4,df92f58df4cc2c2dbde60b361c69ab0eb8f2334109a3b3b00348f897e9ca68f9,OS,Ammonium nitrate and ammonium sulfate are used in fertilizers as a source of what?,nitrogen,bond energy is the requested answer. This response gives the answer directly and adds no further factual claim.,B,-3.984375,14.6875,-18.671875,7.778712446357972e-09,B,True
T4,df92f58df4cc2c2dbde60b361c69ab0eb8f2334109a3b3b00348f897e9ca68f9,SO,Ammonium nitrate and ammonium sulfate are used in fertilizers as a source of what?,bond energy,nitrogen is the requested answer. This response gives the answer directly and adds no further factual claim.,B,0.91796875,16.125,-15.20703125,2.486967637974477e-07,B,True
T4,df92f58df4cc2c2dbde60b361c69ab0eb8f2334109a3b3b00348f897e9ca68f9,SS,Ammonium nitrate and ammonium sulfate are used in fertilizers as a source of what?,bond energy,bond energy is the requested answer. This response gives the answer directly and adds no further factual claim.,A,-0.83203125,17.125,-17.95703125,1.5898655899777644e-08,B,False
T4,e08e53f8618d77cfcb833bf74cc19624c1264d5c4f951bdc414d285aef892c2a,OO,"Over time, heavy metals build up in the tissues of organisms by what process?",bioaccumulation,bioaccumulation is the requested answer. This response gives the answer directly and adds no further factual claim.,A,16.5,2.265625,14.234375,0.9999993422070742,A,True
T4,e08e53f8618d77cfcb833bf74cc19624c1264d5c4f951bdc414d285aef892c2a,OS,"Over time, heavy metals build up in the tissues of organisms by what process?",bioaccumulation,density is the requested answer. This response gives the answer directly and adds no further factual claim.,B,-2.8125,14.75,-17.5625,2.358865351977047e-08,B,True
T4,e08e53f8618d77cfcb833bf74cc19624c1264d5c4f951bdc414d285aef892c2a,SO,"Over time, heavy metals build up in the tissues of organisms by what process?",density,bioaccumulation is the requested answer. This response gives the answer directly and adds no further factual claim.,B,2.546875,15.375,-12.828125,2.6842003805624745e-06,B,True
T4,e08e53f8618d77cfcb833bf74cc19624c1264d5c4f951bdc414d285aef892c2a,SS,"Over time, heavy metals build up in the tissues of organisms by what process?",density,density is the requested answer. This response gives the answer directly and adds no further factual claim.,A,9.4375,19.125,-9.6875,6.205049602300743e-05,B,False
T4,e13bf18f90782e12eff5b2a82e34a23f4c3da60257463a6615bef523cd15e752,OO,What is another term for flagella?,pseudopods,pseudopods is the requested answer. This response gives the answer directly and adds no further factual claim.,A,11.3125,18.125,-6.8125,0.001098731072924643,B,False
T4,e13bf18f90782e12eff5b2a82e34a23f4c3da60257463a6615bef523cd15e752,OS,What is another term for flagella?,pseudopods,air pressure is the requested answer. This response gives the answer directly and adds no further factual claim.,B,-1.5078125,15.875,-17.3828125,2.823192158125471e-08,B,True
T4,e13bf18f90782e12eff5b2a82e34a23f4c3da60257463a6615bef523cd15e752,SO,What is another term for flagella?,air pressure,pseudopods is the requested answer. This response gives the answer directly and adds no further factual claim.,B,-1.96875,14.8125,-16.78125,5.1522354704721205e-08,B,True
T4,e13bf18f90782e12eff5b2a82e34a23f4c3da60257463a6615bef523cd15e752,SS,What is another term for flagella?,air pressure,air pressure is the requested answer. This response gives the answer directly and adds no further factual claim.,A,2.359375,17.125,-14.765625,3.8669661702261996e-07,B,False
T4,e4af26a75545582e1ab872948ff9db6323497b6d05be6c0051b7211af10f7fd1,OO,"Fragmentation with subsequent regeneration is a method of what, exhibited by animals such as sea stars?",asexual reproduction,asexual reproduction is the requested answer. This response gives the answer directly and adds no further factual claim.,A,17.875,4.5625,13.3125,0.9999983463104141,A,True
T4,e4af26a75545582e1ab872948ff9db6323497b6d05be6c0051b7211af10f7fd1,OS,"Fragmentation with subsequent regeneration is a method of what, exhibited by animals such as sea stars?",asexual reproduction,amino acids is the requested answer. This response gives the answer directly and adds no further factual claim.,B,-2.515625,15.5,-18.015625,1.4993860569518262e-08,B,True
T4,e4af26a75545582e1ab872948ff9db6323497b6d05be6c0051b7211af10f7fd1,SO,"Fragmentation with subsequent regeneration is a method of what, exhibited by animals such as sea stars?",amino acids,asexual reproduction is the requested answer. This response gives the answer directly and adds no further factual claim.,B,-3.3125,15.5,-18.8125,6.758262498631447e-09,B,True
T4,e4af26a75545582e1ab872948ff9db6323497b6d05be6c0051b7211af10f7fd1,SS,"Fragmentation with subsequent regeneration is a method of what, exhibited by animals such as sea stars?",amino acids,amino acids is the requested answer. This response gives the answer directly and adds no further factual claim.,A,3.859375,17.375,-13.515625,1.3497025141259855e-06,B,False
T4,eae655db4698b26b8506484e3d2964ae122201a1fc6e1efb5f1c16cdc3b64049,OO,What is the name for the process of insects transforming from a young insect to an adult?,metamorphosis,metamorphosis is the requested answer. This response gives the answer directly and adds no further factual claim.,A,16.875,2.203125,14.671875,0.9999995752968679,A,True
T4,eae655db4698b26b8506484e3d2964ae122201a1fc6e1efb5f1c16cdc3b64049,OS,What is the name for the process of insects transforming from a young insect to an adult?,metamorphosis,matter is the requested answer. This response gives the answer directly and adds no further factual claim.,B,-1.5859375,15.125,-16.7109375,5.527541760019404e-08,B,True
T4,eae655db4698b26b8506484e3d2964ae122201a1fc6e1efb5f1c16cdc3b64049,SO,What is the name for the process of insects transforming from a young insect to an adult?,matter,metamorphosis is the requested answer. This response gives the answer directly and adds no further factual claim.,B,3.453125,16.5,-13.046875,2.1568167355590406e-06,B,True
T4,eae655db4698b26b8506484e3d2964ae122201a1fc6e1efb5f1c16cdc3b64049,SS,What is the name for the process of insects transforming from a young insect to an adult?,matter,matter is the requested answer. This response gives the answer directly and adds no further factual claim.,A,-1.4609375,16.375,-17.8359375,1.7945301378066343e-08,B,False
T4,eb6704eeee9a9abba2fc2f51151204c4a573f0e711c727c3beb28b780a34780c,OO,Water waves act as a mix of longitudinal and what other kind of wave?,transverse wave,transverse wave is the requested answer. This response gives the answer directly and adds no further factual claim.,A,15.875,-0.28515625,16.16015625,0.9999999041188415,A,True
T4,eb6704eeee9a9abba2fc2f51151204c4a573f0e711c727c3beb28b780a34780c,OS,Water waves act as a mix of longitudinal and what other kind of wave?,transverse wave,conducting electricity is the requested answer. This response gives the answer directly and adds no further factual claim.,B,-3.625,15.5,-19.125,4.944450477491054e-09,B,True
T4,eb6704eeee9a9abba2fc2f51151204c4a573f0e711c727c3beb28b780a34780c,SO,Water waves act as a mix of longitudinal and what other kind of wave?,conducting electricity,transverse wave is the requested answer. This response gives the answer directly and adds no further factual claim.,B,0.255859375,14.0625,-13.806640625,1.0089083694889605e-06,B,True
T4,eb6704eeee9a9abba2fc2f51151204c4a573f0e711c727c3beb28b780a34780c,SS,Water waves act as a mix of longitudinal and what other kind of wave?,conducting electricity,conducting electricity is the requested answer. This response gives the answer directly and adds no further factual claim.,A,-2.65625,15.375,-18.03125,1.4761402311078024e-08,B,False
T4,eb7109e266e4b82c5c40e57d34e79d881672c52b72920bfbadaae2073c969552,OO,"Stem cells are unspecialized cells that can reproduce themselves via cell division, sometimes after years of inactivity. under certain conditions, they may differentiate into tissue-specific or organ-specific cells with special these?",functions,functions is the requested answer. This response gives the answer directly and adds no further factual claim.,A,20.75,7.96875,12.78125,0.999997186982516,A,True
T4,eb7109e266e4b82c5c40e57d34e79d881672c52b72920bfbadaae2073c969552,OS,"Stem cells are unspecialized cells that can reproduce themselves via cell division, sometimes after years of inactivity. under certain conditions, they may differentiate into tissue-specific or organ-specific cells with special these?",functions,carbon is the requested answer. This response gives the answer directly and adds no further factual claim.,B,-3.75,17.125,-20.875,8.592166611791578e-10,B,True
T4,eb7109e266e4b82c5c40e57d34e79d881672c52b72920bfbadaae2073c969552,SO,"Stem cells are unspecialized cells that can reproduce themselves via cell division, sometimes after years of inactivity. under certain conditions, they may differentiate into tissue-specific or organ-specific cells with special these?",carbon,functions is the requested answer. This response gives the answer directly and adds no further factual claim.,B,-2.9375,17.75,-20.6875,1.0364131273371489e-09,B,True
T4,eb7109e266e4b82c5c40e57d34e79d881672c52b72920bfbadaae2073c969552,SS,"Stem cells are unspecialized cells that can reproduce themselves via cell division, sometimes after years of inactivity. under certain conditions, they may differentiate into tissue-specific or organ-specific cells with special these?",carbon,carbon is the requested answer. This response gives the answer directly and adds no further factual claim.,A,-0.69921875,18.25,-18.94921875,5.894661324661979e-09,B,False
T4,ec40f07be49219f365f3c31b8e4fc0335a4215a20a4ad5fe8f4ba7470503754c,OO,What term refers to a list of the elements that will replace the ones below them in single-replacement reactions?,activity series,activity series is the requested answer. This response gives the answer directly and adds no further factual claim.,A,16.75,1.671875,15.078125,0.999999717086682,A,True
T4,ec40f07be49219f365f3c31b8e4fc0335a4215a20a4ad5fe8f4ba7470503754c,OS,What term refers to a list of the elements that will replace the ones below them in single-replacement reactions?,activity series,cell membrane is the requested answer. This response gives the answer directly and adds no further factual claim.,B,-3.890625,15.5,-19.390625,3.791041688420077e-09,B,True
T4,ec40f07be49219f365f3c31b8e4fc0335a4215a20a4ad5fe8f4ba7470503754c,SO,What term refers to a list of the elements that will replace the ones below them in single-replacement reactions?,cell membrane,activity series is the requested answer. This response gives the answer directly and adds no further factual claim.,B,0.333984375,14.8125,-14.478515625,5.153002274080581e-07,B,True
T4,ec40f07be49219f365f3c31b8e4fc0335a4215a20a4ad5fe8f4ba7470503754c,SS,What term refers to a list of the elements that will replace the ones below them in single-replacement reactions?,cell membrane,cell membrane is the requested answer. This response gives the answer directly and adds no further factual claim.,A,-2.390625,14.0,-16.390625,7.614510230069741e-08,B,False
T4,ec74e741d6422e5050b1abd86d31b39929eb5b8549360b4faa0a63f9262b539d,OO,"What process is the synthesis of glucose from pyruvate, lactate and glycerol?",gluconeogenesis,gluconeogenesis is the requested answer. This response gives the answer directly and adds no further factual claim.,A,16.5,0.9765625,15.5234375,0.9999998187589061,A,True
T4,ec74e741d6422e5050b1abd86d31b39929eb5b8549360b4faa0a63f9262b539d,OS,"What process is the synthesis of glucose from pyruvate, lactate and glycerol?",gluconeogenesis,intestinal flora is the requested answer. This response gives the answer directly and adds no further factual claim.,B,-3.421875,15.5,-18.921875,6.058067354934655e-09,B,True
T4,ec74e741d6422e5050b1abd86d31b39929eb5b8549360b4faa0a63f9262b539d,SO,"What process is the synthesis of glucose from pyruvate, lactate and glycerol?",intestinal flora,gluconeogenesis is the requested answer. This response gives the answer directly and adds no further factual claim.,B,9.9375,17.125,-7.1875,0.0007554056327295276,B,True
T4,ec74e741d6422e5050b1abd86d31b39929eb5b8549360b4faa0a63f9262b539d,SS,"What process is the synthesis of glucose from pyruvate, lactate and glycerol?",intestinal flora,intestinal flora is the requested answer. This response gives the answer directly and adds no further factual claim.,A,10.875,19.125,-8.25,0.0002611903190957194,B,False
T4,ec9503c6deb0e6d6538ee9b707aa7fc898aef19d75519ddf35fe549597da80a1,OO,What type of evolution happens when two species evolve the same traits?,convergent,convergent is the requested answer. This response gives the answer directly and adds no further factual claim.,A,17.375,1.0234375,16.3515625,0.9999999208216219,A,True
T4,ec9503c6deb0e6d6538ee9b707aa7fc898aef19d75519ddf35fe549597da80a1,OS,What type of evolution happens when two species evolve the same traits?,convergent,cloacal bladder is the requested answer. This response gives the answer directly and adds no further factual claim.,B,-2.21875,14.75,-16.96875,4.2713532663688746e-08,B,True
T4,ec9503c6deb0e6d6538ee9b707aa7fc898aef19d75519ddf35fe549597da80a1,SO,What type of evolution happens when two species evolve the same traits?,cloacal bladder,convergent is the requested answer. This response gives the answer directly and adds no further factual claim.,B,4.125,17.0,-12.875,2.561282210758673e-06,B,True
T4,ec9503c6deb0e6d6538ee9b707aa7fc898aef19d75519ddf35fe549597da80a1,SS,What type of evolution happens when two species evolve the same traits?,cloacal bladder,cloacal bladder is the requested answer. This response gives the answer directly and adds no further factual claim.,A,12.3125,17.375,-5.0625,0.006289902136892483,B,False
T4,eed93994a6adad820f6549e6e20cbe93f64f0060a52d3af8e31077710e1a77fe,OO,What series of reactions is common to fermentation and cellular respiration?,glycolysis,glycolysis is the requested answer. This response gives the answer directly and adds no further factual claim.,A,16.875,2.03125,14.84375,0.9999996423640822,A,True
T4,eed93994a6adad820f6549e6e20cbe93f64f0060a52d3af8e31077710e1a77fe,OS,What series of reactions is common to fermentation and cellular respiration?,glycolysis,intestinal flora is the requested answer. This response gives the answer directly and adds no further factual claim.,B,-3.90625,15.4375,-19.34375,3.972977577011357e-09,B,True
T4,eed93994a6adad820f6549e6e20cbe93f64f0060a52d3af8e31077710e1a77fe,SO,What series of reactions is common to fermentation and cellular respiration?,intestinal flora,glycolysis is the requested answer. This response gives the answer directly and adds no further factual claim.,B,4.1875,16.75,-12.5625,3.5008544144014418e-06,B,True
T4,eed93994a6adad820f6549e6e20cbe93f64f0060a52d3af8e31077710e1a77fe,SS,What series of reactions is common to fermentation and cellular respiration?,intestinal flora,intestinal flora is the requested answer. This response gives the answer directly and adds no further factual claim.,A,-0.77734375,17.0,-17.77734375,1.9028199592363893e-08,B,False
T4,ef98391de8f801b35fcec12d7b524a0be5c766b9c84d2e36603c105dbd8f7116,OO,How much of its alleles does a plant pass on when it reproduces sexually?,half,half is the requested answer. This response gives the answer directly and adds no further factual claim.,A,17.75,1.2421875,16.5078125,0.9999999322751435,A,True
T4,ef98391de8f801b35fcec12d7b524a0be5c766b9c84d2e36603c105dbd8f7116,OS,How much of its alleles does a plant pass on when it reproduces sexually?,half,carbon dioxide is the requested answer. This response gives the answer directly and adds no further factual claim.,B,-5.53125,15.5,-21.03125,7.349269563756213e-10,B,True
T4,ef98391de8f801b35fcec12d7b524a0be5c766b9c84d2e36603c105dbd8f7116,SO,How much of its alleles does a plant pass on when it reproduces sexually?,carbon dioxide,half is the requested answer. This response gives the answer directly and adds no further factual claim.,B,0.6484375,17.125,-16.4765625,6.987467407556356e-08,B,True
T4,ef98391de8f801b35fcec12d7b524a0be5c766b9c84d2e36603c105dbd8f7116,SS,How much of its alleles does a plant pass on when it reproduces sexually?,carbon dioxide,carbon dioxide is the requested answer. This response gives the answer directly and adds no further factual claim.,A,-3.015625,16.875,-19.890625,2.2993830197054197e-09,B,False
T4,ef9b265b3c0689deea4d6347e77e250fbb72b3d5b45768806264de9005b7c3e8,OO,What part of vertebrates integrates the endocrine and nervous systems?,the hypothalamus,the hypothalamus is the requested answer. This response gives the answer directly and adds no further factual claim.,A,17.375,1.4921875,15.8828125,0.999999873473318,A,True
T4,ef9b265b3c0689deea4d6347e77e250fbb72b3d5b45768806264de9005b7c3e8,OS,What part of vertebrates integrates the endocrine and nervous systems?,the hypothalamus,simple machines is the requested answer. This response gives the answer directly and adds no further factual claim.,B,-4.4375,14.9375,-19.375,3.850741907939403e-09,B,True
T4,ef9b265b3c0689deea4d6347e77e250fbb72b3d5b45768806264de9005b7c3e8,SO,What part of vertebrates integrates the endocrine and nervous systems?,simple machines,the hypothalamus is the requested answer. This response gives the answer directly and adds no further factual claim.,B,0.87109375,16.5,-15.62890625,1.6309933361065902e-07,B,True
T4,ef9b265b3c0689deea4d6347e77e250fbb72b3d5b45768806264de9005b7c3e8,SS,What part of vertebrates integrates the endocrine and nervous systems?,simple machines,simple machines is the requested answer. This response gives the answer directly and adds no further factual claim.,A,4.3125,18.375,-14.0625,7.811483306372579e-07,B,False
T4,efdaacba8f4a5c0d58c0adb6ee32c5c86d760cdb66eda6c7f7d5f2f338b4caa5,OO,What type of energy is the energy stored in an object due to its position?,potential energy,potential energy is the requested answer. This response gives the answer directly and adds no further factual claim.,A,15.9375,-1.359375,17.296875,0.9999999692345963,A,True
T4,efdaacba8f4a5c0d58c0adb6ee32c5c86d760cdb66eda6c7f7d5f2f338b4caa5,OS,What type of energy is the energy stored in an object due to its position?,potential energy,thermal is the requested answer. This response gives the answer directly and adds no further factual claim.,B,-2.15625,15.9375,-18.09375,1.3867054168873702e-08,B,True
T4,efdaacba8f4a5c0d58c0adb6ee32c5c86d760cdb66eda6c7f7d5f2f338b4caa5,SO,What type of energy is the energy stored in an object due to its position?,thermal,potential energy is the requested answer. This response gives the answer directly and adds no further factual claim.,B,-0.404296875,16.5,-16.904296875,4.555721080241479e-08,B,True
T4,efdaacba8f4a5c0d58c0adb6ee32c5c86d760cdb66eda6c7f7d5f2f338b4caa5,SS,What type of energy is the energy stored in an object due to its position?,thermal,thermal is the requested answer. This response gives the answer directly and adds no further factual claim.,A,6.71875,19.125,-12.40625,4.0929110499856e-06,B,False
T4,f04c5f9198427ddb50a413ef41e9cf3d877b8ffdfa63e3349044daa372bb226c,OO,What does k stand for on the periodic table?,potassium,potassium is the requested answer. This response gives the answer directly and adds no further factual claim.,A,19.125,10.5625,8.5625,0.9998088956841223,A,True
T4,f04c5f9198427ddb50a413ef41e9cf3d877b8ffdfa63e3349044daa372bb226c,OS,What does k stand for on the periodic table?,potassium,suspension feeders is the requested answer. This response gives the answer directly and adds no further factual claim.,B,-3.765625,15.125,-18.890625,6.250371054437388e-09,B,True
T4,f04c5f9198427ddb50a413ef41e9cf3d877b8ffdfa63e3349044daa372bb226c,SO,What does k stand for on the periodic table?,suspension feeders,potassium is the requested answer. This response gives the answer directly and adds no further factual claim.,B,-1.921875,16.125,-18.046875,1.4532547983785554e-08,B,True
T4,f04c5f9198427ddb50a413ef41e9cf3d877b8ffdfa63e3349044daa372bb226c,SS,What does k stand for on the periodic table?,suspension feeders,suspension feeders is the requested answer. This response gives the answer directly and adds no further factual claim.,A,-0.439453125,16.625,-17.064453125,3.881522913623869e-08,B,False
T4,f1db4d3c9b7d73d26d303534a6845276c17c7181324656367b0f21f9cb9a7bc9,OO,"All the bones of the skull, except for the mandible, are joined to each other by a fibrous joint called what?",suture,suture is the requested answer. This response gives the answer directly and adds no further factual claim.,A,17.75,0.5390625,17.2109375,0.9999999664737638,A,True
T4,f1db4d3c9b7d73d26d303534a6845276c17c7181324656367b0f21f9cb9a7bc9,OS,"All the bones of the skull, except for the mandible, are joined to each other by a fibrous joint called what?",suture,population growth is the requested answer. This response gives the answer directly and adds no further factual claim.,B,-3.640625,15.875,-19.515625,3.3455825490901132e-09,B,True
T4,f1db4d3c9b7d73d26d303534a6845276c17c7181324656367b0f21f9cb9a7bc9,SO,"All the bones of the skull, except for the mandible, are joined to each other by a fibrous joint called what?",population growth,suture is the requested answer. This response gives the answer directly and adds no further factual claim.,B,-2.9375,14.75,-17.6875,2.0816913725037723e-08,B,True
T4,f1db4d3c9b7d73d26d303534a6845276c17c7181324656367b0f21f9cb9a7bc9,SS,"All the bones of the skull, except for the mandible, are joined to each other by a fibrous joint called what?",population growth,population growth is the requested answer. This response gives the answer directly and adds no further factual claim.,A,-3.6875,16.125,-19.8125,2.4862258419077007e-09,B,False
T4,f20304d9829cd1ebda2d497ee0dd5a79bdc7f93d34b68baddcb228e99b81ebbe,OO,What are all living things on earth formed of?,carbon compounds,carbon compounds is the requested answer. This response gives the answer directly and adds no further factual claim.,A,17.875,3.171875,14.703125,0.9999995883636041,A,True
T4,f20304d9829cd1ebda2d497ee0dd5a79bdc7f93d34b68baddcb228e99b81ebbe,OS,What are all living things on earth formed of?,carbon compounds,termination is the requested answer. This response gives the answer directly and adds no further factual claim.,B,0.142578125,16.25,-16.107421875,1.0107308417655315e-07,B,True
T4,f20304d9829cd1ebda2d497ee0dd5a79bdc7f93d34b68baddcb228e99b81ebbe,SO,What are all living things on earth formed of?,termination,carbon compounds is the requested answer. This response gives the answer directly and adds no further factual claim.,B,-2.78125,15.25,-18.03125,1.4761402311078024e-08,B,True
T4,f20304d9829cd1ebda2d497ee0dd5a79bdc7f93d34b68baddcb228e99b81ebbe,SS,What are all living things on earth formed of?,termination,termination is the requested answer. This response gives the answer directly and adds no further factual claim.,A,6.375,18.25,-11.875,6.9622562501383685e-06,B,False
T4,f2a0372b48ecb146721a5a97015730fd57d998767bee00a9570618d5b4a15334,OO,What is the term for a disease in which the immune system makes an inflammatory response to a harmless antigen?,allergy,allergy is the requested answer. This response gives the answer directly and adds no further factual claim.,A,16.625,-0.65234375,17.27734375,0.999999968627803,A,True
T4,f2a0372b48ecb146721a5a97015730fd57d998767bee00a9570618d5b4a15334,OS,What is the term for a disease in which the immune system makes an inflammatory response to a harmless antigen?,allergy,mosses is the requested answer. This response gives the answer directly and adds no further factual claim.,B,-3.9375,14.9375,-18.875,6.348800075736418e-09,B,True
T4,f2a0372b48ecb146721a5a97015730fd57d998767bee00a9570618d5b4a15334,SO,What is the term for a disease in which the immune system makes an inflammatory response to a harmless antigen?,mosses,allergy is the requested answer. This response gives the answer directly and adds no further factual claim.,B,1.515625,15.5,-13.984375,8.446226776654008e-07,B,True
T4,f2a0372b48ecb146721a5a97015730fd57d998767bee00a9570618d5b4a15334,SS,What is the term for a disease in which the immune system makes an inflammatory response to a harmless antigen?,mosses,mosses is the requested answer. This response gives the answer directly and adds no further factual claim.,A,-0.48828125,16.75,-17.23828125,3.2621923238327177e-08,B,False
T4,f37d2a4996b7b5ce70513d5a92bdd7b0e05be64b6c08b51aa368154fcfad91c4,OO,"Typically, what feature of an angiosperm has four main parts known as the calyx, corolla, androecium, and gynoecium?",flower,flower is the requested answer. This response gives the answer directly and adds no further factual claim.,A,18.875,10.5,8.375,0.9997694932780068,A,True
T4,f37d2a4996b7b5ce70513d5a92bdd7b0e05be64b6c08b51aa368154fcfad91c4,OS,"Typically, what feature of an angiosperm has four main parts known as the calyx, corolla, androecium, and gynoecium?",flower,raise sea levels is the requested answer. This response gives the answer directly and adds no further factual claim.,B,-3.1875,15.8125,-19.0,5.602796406145941e-09,B,True
T4,f37d2a4996b7b5ce70513d5a92bdd7b0e05be64b6c08b51aa368154fcfad91c4,SO,"Typically, what feature of an angiosperm has four main parts known as the calyx, corolla, androecium, and gynoecium?",raise sea levels,flower is the requested answer. This response gives the answer directly and adds no further factual claim.,B,0.68359375,16.25,-15.56640625,1.736183350554501e-07,B,True
T4,f37d2a4996b7b5ce70513d5a92bdd7b0e05be64b6c08b51aa368154fcfad91c4,SS,"Typically, what feature of an angiosperm has four main parts known as the calyx, corolla, androecium, and gynoecium?",raise sea levels,raise sea levels is the requested answer. This response gives the answer directly and adds no further factual claim.,A,-3.046875,16.375,-19.421875,3.6744035981306276e-09,B,False
T4,f524e071bcf08ff1baad251f50a7a97999375742cfa6dd57e94b8aa3a1ceaa04,OO,"When a hypothesis is repeatedly confirmed, what can it then become?",theory,theory is the requested answer. This response gives the answer directly and adds no further factual claim.,A,18.125,9.6875,8.4375,0.9997834559501049,A,True
T4,f524e071bcf08ff1baad251f50a7a97999375742cfa6dd57e94b8aa3a1ceaa04,OS,"When a hypothesis is repeatedly confirmed, what can it then become?",theory,solid is the requested answer. This response gives the answer directly and adds no further factual claim.,B,1.5625,15.9375,-14.375,5.715004470337245e-07,B,True
T4,f524e071bcf08ff1baad251f50a7a97999375742cfa6dd57e94b8aa3a1ceaa04,SO,"When a hypothesis is repeatedly confirmed, what can it then become?",solid,theory is the requested answer. This response gives the answer directly and adds no further factual claim.,B,-1.5625,15.625,-17.1875,3.43212879853116e-08,B,True
T4,f524e071bcf08ff1baad251f50a7a97999375742cfa6dd57e94b8aa3a1ceaa04,SS,"When a hypothesis is repeatedly confirmed, what can it then become?",solid,solid is the requested answer. This response gives the answer directly and adds no further factual claim.,A,18.875,9.5,9.375,0.9999151889582765,A,True
T4,f538e6d9e25af7fa03c2210f1b0ef02f8ee12550bee0b32a4bd212ba68e29d94,OO,What collect sunlight on the roof of a house for energy?,solar panels,solar panels is the requested answer. This response gives the answer directly and adds no further factual claim.,A,18.875,6.0,12.875,0.9999974387177893,A,True
T4,f538e6d9e25af7fa03c2210f1b0ef02f8ee12550bee0b32a4bd212ba68e29d94,OS,What collect sunlight on the roof of a house for energy?,solar panels,cells is the requested answer. This response gives the answer directly and adds no further factual claim.,B,10.5,17.5,-7.0,0.0009110511944006454,B,True
T4,f538e6d9e25af7fa03c2210f1b0ef02f8ee12550bee0b32a4bd212ba68e29d94,SO,What collect sunlight on the roof of a house for energy?,cells,solar panels is the requested answer. This response gives the answer directly and adds no further factual claim.,B,10.8125,17.5,-6.6875,0.0012448433020883745,B,True
T4,f538e6d9e25af7fa03c2210f1b0ef02f8ee12550bee0b32a4bd212ba68e29d94,SS,What collect sunlight on the roof of a house for energy?,cells,cells is the requested answer. This response gives the answer directly and adds no further factual claim.,A,19.5,10.375,9.125,0.9998911030899734,A,True
T4,f6de5c13ed4fd11307e97176a4d61e5186ee5234eb6a25331341e4aa82d86287,OO,"What organ has four major regions: the cerebrum, the diencephalon, the stem, and the cerebellum?",brain,brain is the requested answer. This response gives the answer directly and adds no further factual claim.,A,19.125,10.6875,8.4375,0.9997834559501049,A,True
T4,f6de5c13ed4fd11307e97176a4d61e5186ee5234eb6a25331341e4aa82d86287,OS,"What organ has four major regions: the cerebrum, the diencephalon, the stem, and the cerebellum?",brain,tidal volume is the requested answer. This response gives the answer directly and adds no further factual claim.,B,-3.828125,15.1875,-19.015625,5.515933099596517e-09,B,True
T4,f6de5c13ed4fd11307e97176a4d61e5186ee5234eb6a25331341e4aa82d86287,SO,"What organ has four major regions: the cerebrum, the diencephalon, the stem, and the cerebellum?",tidal volume,brain is the requested answer. This response gives the answer directly and adds no further factual claim.,B,5.625,17.125,-11.5,1.0129990980873921e-05,B,True
T4,f6de5c13ed4fd11307e97176a4d61e5186ee5234eb6a25331341e4aa82d86287,SS,"What organ has four major regions: the cerebrum, the diencephalon, the stem, and the cerebellum?",tidal volume,tidal volume is the requested answer. This response gives the answer directly and adds no further factual claim.,A,-3.328125,15.6875,-19.015625,5.515933099596517e-09,B,False
T4,f6e1ffc35259211e4c898f01fc2d43df8802b8a13c1581735a278c681e67bc92,OO,What two things are excess proteins converted into?,glucose or triglycerides,glucose or triglycerides is the requested answer. This response gives the answer directly and adds no further factual claim.,A,15.625,-0.095703125,15.720703125,0.999999851206035,A,True
T4,f6e1ffc35259211e4c898f01fc2d43df8802b8a13c1581735a278c681e67bc92,OS,What two things are excess proteins converted into?,glucose or triglycerides,chemical reactions is the requested answer. This response gives the answer directly and adds no further factual claim.,B,0.8125,15.5625,-14.75,3.927862002670442e-07,B,True
T4,f6e1ffc35259211e4c898f01fc2d43df8802b8a13c1581735a278c681e67bc92,SO,What two things are excess proteins converted into?,chemical reactions,glucose or triglycerides is the requested answer. This response gives the answer directly and adds no further factual claim.,B,0.291015625,14.5,-14.208984375,6.747085279949e-07,B,True
T4,f6e1ffc35259211e4c898f01fc2d43df8802b8a13c1581735a278c681e67bc92,SS,What two things are excess proteins converted into?,chemical reactions,chemical reactions is the requested answer. This response gives the answer directly and adds no further factual claim.,A,18.5,9.3125,9.1875,0.9998977001452741,A,True
T4,f792425150ef401049f0567570e52700cf4a65c670dbc40e2987e227ad7b818c,OO,Protein molecules are made up of chains of small molecules made up of what kinds of acids?,amino acids,amino acids is the requested answer. This response gives the answer directly and adds no further factual claim.,A,17.875,1.421875,16.453125,0.9999999284682959,A,True
T4,f792425150ef401049f0567570e52700cf4a65c670dbc40e2987e227ad7b818c,OS,Protein molecules are made up of chains of small molecules made up of what kinds of acids?,amino acids,light is the requested answer. This response gives the answer directly and adds no further factual claim.,B,-3.625,15.0,-18.625,8.152020648014727e-09,B,True
T4,f792425150ef401049f0567570e52700cf4a65c670dbc40e2987e227ad7b818c,SO,Protein molecules are made up of chains of small molecules made up of what kinds of acids?,light,amino acids is the requested answer. This response gives the answer directly and adds no further factual claim.,B,-0.953125,14.625,-15.578125,1.715956205316364e-07,B,True
T4,f792425150ef401049f0567570e52700cf4a65c670dbc40e2987e227ad7b818c,SS,Protein molecules are made up of chains of small molecules made up of what kinds of acids?,light,light is the requested answer. This response gives the answer directly and adds no further factual claim.,A,-4.09375,15.625,-19.71875,2.7305848969492986e-09,B,False
T4,f8a29966fb2123d58aa5371a0d5ef847b77b0d3a3efbd0e38dc667d80aa3db54,OO,"Rems, rads, and curies are all used to measure what?",radioactivity,radioactivity is the requested answer. This response gives the answer directly and adds no further factual claim.,A,17.75,6.5,11.25,0.9999869928715335,A,True
T4,f8a29966fb2123d58aa5371a0d5ef847b77b0d3a3efbd0e38dc667d80aa3db54,OS,"Rems, rads, and curies are all used to measure what?",radioactivity,photosphere is the requested answer. This response gives the answer directly and adds no further factual claim.,B,-4.90625,15.0625,-19.96875,2.1265816572715272e-09,B,True
T4,f8a29966fb2123d58aa5371a0d5ef847b77b0d3a3efbd0e38dc667d80aa3db54,SO,"Rems, rads, and curies are all used to measure what?",photosphere,radioactivity is the requested answer. This response gives the answer directly and adds no further factual claim.,B,-2.484375,14.375,-16.859375,4.7650388787266446e-08,B,True
T4,f8a29966fb2123d58aa5371a0d5ef847b77b0d3a3efbd0e38dc667d80aa3db54,SS,"Rems, rads, and curies are all used to measure what?",photosphere,photosphere is the requested answer. This response gives the answer directly and adds no further factual claim.,A,-5.53125,14.625,-20.15625,1.7629981167074255e-09,B,False
T4,fa86e109c063366a399a71e8f1b5d56e1cd7ca60dcb9782a5c568d18bc8838d8,OO,What is the name of the effect that causes air masses to move on a diagonal?,the coriolis effect,the coriolis effect is the requested answer. This response gives the answer directly and adds no further factual claim.,A,17.25,2.296875,14.953125,0.9999996794172235,A,True
T4,fa86e109c063366a399a71e8f1b5d56e1cd7ca60dcb9782a5c568d18bc8838d8,OS,What is the name of the effect that causes air masses to move on a diagonal?,the coriolis effect,brain is the requested answer. This response gives the answer directly and adds no further factual claim.,B,-1.671875,16.25,-17.921875,1.6467534235081573e-08,B,True
T4,fa86e109c063366a399a71e8f1b5d56e1cd7ca60dcb9782a5c568d18bc8838d8,SO,What is the name of the effect that causes air masses to move on a diagonal?,brain,the coriolis effect is the requested answer. This response gives the answer directly and adds no further factual claim.,B,-2.234375,15.75,-17.984375,1.5469816788198254e-08,B,True
T4,fa86e109c063366a399a71e8f1b5d56e1cd7ca60dcb9782a5c568d18bc8838d8,SS,What is the name of the effect that causes air masses to move on a diagonal?,brain,brain is the requested answer. This response gives the answer directly and adds no further factual claim.,A,13.125,17.5,-4.375,0.01243165085318582,B,False
T4,fb5830d3a45b1646a07299fbfcfec7df52b57bf6253116db62f1d7c0ad326c2b,OO,Cellular innate defenses in vertebrates also involve natural killer what?,cells,cells is the requested answer. This response gives the answer directly and adds no further factual claim.,A,18.375,5.53125,12.84375,0.9999973574141792,A,True
T4,fb5830d3a45b1646a07299fbfcfec7df52b57bf6253116db62f1d7c0ad326c2b,OS,Cellular innate defenses in vertebrates also involve natural killer what?,cells,greater is the requested answer. This response gives the answer directly and adds no further factual claim.,B,5.71875,18.0,-12.28125,4.637873297353725e-06,B,True
T4,fb5830d3a45b1646a07299fbfcfec7df52b57bf6253116db62f1d7c0ad326c2b,SO,Cellular innate defenses in vertebrates also involve natural killer what?,greater,cells is the requested answer. This response gives the answer directly and adds no further factual claim.,B,3.171875,16.75,-13.578125,1.2679282763661404e-06,B,True
T4,fb5830d3a45b1646a07299fbfcfec7df52b57bf6253116db62f1d7c0ad326c2b,SS,Cellular innate defenses in vertebrates also involve natural killer what?,greater,greater is the requested answer. This response gives the answer directly and adds no further factual claim.,A,18.25,12.8125,5.4375,0.9956684979794361,A,True
T4,fb5af5f7dd217463205da05462b43b882bc5694f0971c8bf093ea12e349625a6,OO,What is the physical breakdown of chunks of food into smaller pieces?,mechanical digestion,mechanical digestion is the requested answer. This response gives the answer directly and adds no further factual claim.,A,19.375,12.5625,6.8125,0.9989012689270753,A,True
T4,fb5af5f7dd217463205da05462b43b882bc5694f0971c8bf093ea12e349625a6,OS,What is the physical breakdown of chunks of food into smaller pieces?,mechanical digestion,tides is the requested answer. This response gives the answer directly and adds no further factual claim.,B,-1.7109375,16.375,-18.0859375,1.3975814821167237e-08,B,True
T4,fb5af5f7dd217463205da05462b43b882bc5694f0971c8bf093ea12e349625a6,SO,What is the physical breakdown of chunks of food into smaller pieces?,tides,mechanical digestion is the requested answer. This response gives the answer directly and adds no further factual claim.,B,0.7421875,16.75,-16.0078125,1.1165940657387509e-07,B,True
T4,fb5af5f7dd217463205da05462b43b882bc5694f0971c8bf093ea12e349625a6,SS,What is the physical breakdown of chunks of food into smaller pieces?,tides,tides is the requested answer. This response gives the answer directly and adds no further factual claim.,A,-1.5546875,17.0,-18.5546875,8.745841482021825e-09,B,False
T4,fe8d6ea33b2967974ed5d5bb87deaec20c56d3847aeb51fca31b56797035a3a8,OO,The small amount of energy input necessary for all chemical reactions to occur is called what?,activation energy,activation energy is the requested answer. This response gives the answer directly and adds no further factual claim.,A,16.0,0.3671875,15.6328125,0.9999998375365304,A,True
T4,fe8d6ea33b2967974ed5d5bb87deaec20c56d3847aeb51fca31b56797035a3a8,OS,The small amount of energy input necessary for all chemical reactions to occur is called what?,activation energy,exhalation is the requested answer. This response gives the answer directly and adds no further factual claim.,B,-3.21875,15.125,-18.34375,1.0799672678739144e-08,B,True
T4,fe8d6ea33b2967974ed5d5bb87deaec20c56d3847aeb51fca31b56797035a3a8,SO,The small amount of energy input necessary for all chemical reactions to occur is called what?,exhalation,activation energy is the requested answer. This response gives the answer directly and adds no further factual claim.,B,-3.421875,14.125,-17.546875,2.3960120752451712e-08,B,True
T4,fe8d6ea33b2967974ed5d5bb87deaec20c56d3847aeb51fca31b56797035a3a8,SS,The small amount of energy input necessary for all chemical reactions to occur is called what?,exhalation,exhalation is the requested answer. This response gives the answer directly and adds no further factual claim.,A,-2.15625,14.375,-16.53125,6.615601200035879e-08,B,False
T5,05677026bd7ad785bb85a02f4258464dc4476b9c08d7f52ac641e994b9b13c2a,OO,What is the creation of a new species called?,speciation,I will give a direct response to the question. The requested answer is speciation.,A,17.25,5.96875,11.28125,0.9999873930537599,A,True
T5,05677026bd7ad785bb85a02f4258464dc4476b9c08d7f52ac641e994b9b13c2a,OS,What is the creation of a new species called?,speciation,I will give a direct response to the question. The requested answer is gills.,B,-6.4375,14.625,-21.0625,7.123156310479049e-10,B,True
T5,05677026bd7ad785bb85a02f4258464dc4476b9c08d7f52ac641e994b9b13c2a,SO,What is the creation of a new species called?,gills,I will give a direct response to the question. The requested answer is speciation.,B,-2.53125,15.3125,-17.84375,1.7805649937290278e-08,B,True
T5,05677026bd7ad785bb85a02f4258464dc4476b9c08d7f52ac641e994b9b13c2a,SS,What is the creation of a new species called?,gills,I will give a direct response to the question. The requested answer is gills.,A,-1.734375,16.125,-17.859375,1.7529598926666918e-08,B,False
T5,06efe48e5f13ce79575b3df69ff31f1debe36fda0879f1ee34b6bf34d82a7e75,OO,What kind of muscle cells have a single nucleus and are spindle-shaped?,smooth muscle,I will give a direct response to the question. The requested answer is smooth muscle.,A,17.375,12.5625,4.8125,0.9919380084717284,A,True
T5,06efe48e5f13ce79575b3df69ff31f1debe36fda0879f1ee34b6bf34d82a7e75,OS,What kind of muscle cells have a single nucleus and are spindle-shaped?,smooth muscle,I will give a direct response to the question. The requested answer is fiber optics.,B,-4.78125,15.25,-20.03125,1.997738588237797e-09,B,True
T5,06efe48e5f13ce79575b3df69ff31f1debe36fda0879f1ee34b6bf34d82a7e75,SO,What kind of muscle cells have a single nucleus and are spindle-shaped?,fiber optics,I will give a direct response to the question. The requested answer is smooth muscle.,B,-0.75390625,14.6875,-15.44140625,1.967353432441878e-07,B,True
T5,06efe48e5f13ce79575b3df69ff31f1debe36fda0879f1ee34b6bf34d82a7e75,SS,What kind of muscle cells have a single nucleus and are spindle-shaped?,fiber optics,I will give a direct response to the question. The requested answer is fiber optics.,A,1.1953125,15.9375,-14.7421875,3.958668593975586e-07,B,False
T5,0a10ac3133a9f765768b242af148337eaa1355bf976f5ec1b1904d0d49b74d69,OO,The radioactive gas radon and uv radiation are culprits in different types of what disease?,cancer,I will give a direct response to the question. The requested answer is cancer.,A,17.5,8.3125,9.1875,0.9998977001452741,A,True
T5,0a10ac3133a9f765768b242af148337eaa1355bf976f5ec1b1904d0d49b74d69,OS,The radioactive gas radon and uv radiation are culprits in different types of what disease?,cancer,I will give a direct response to the question. The requested answer is alteration.,B,-4.875,14.1875,-19.0625,5.263340134004567e-09,B,True
T5,0a10ac3133a9f765768b242af148337eaa1355bf976f5ec1b1904d0d49b74d69,SO,The radioactive gas radon and uv radiation are culprits in different types of what disease?,alteration,I will give a direct response to the question. The requested answer is cancer.,B,4.6875,14.3125,-9.625,6.605214485464791e-05,B,True
T5,0a10ac3133a9f765768b242af148337eaa1355bf976f5ec1b1904d0d49b74d69,SS,The radioactive gas radon and uv radiation are culprits in different types of what disease?,alteration,I will give a direct response to the question. The requested answer is alteration.,A,8.75,16.25,-7.5,0.0005527786369235996,B,False
T5,0e5e53a12a3532a8b292e0da9c32e962c792c48de4cf14ea151217f38da9e546,OO,Purple loosestrife is a european wildflower that was introduced to which continent in the 1800's?,north america,I will give a direct response to the question. The requested answer is north america.,A,16.125,2.578125,13.546875,0.9999986918234123,A,True
T5,0e5e53a12a3532a8b292e0da9c32e962c792c48de4cf14ea151217f38da9e546,OS,Purple loosestrife is a european wildflower that was introduced to which continent in the 1800's?,north america,I will give a direct response to the question. The requested answer is intercellular.,B,-4.28125,15.75,-20.03125,1.997738588237797e-09,B,True
T5,0e5e53a12a3532a8b292e0da9c32e962c792c48de4cf14ea151217f38da9e546,SO,Purple loosestrife is a european wildflower that was introduced to which continent in the 1800's?,intercellular,I will give a direct response to the question. The requested answer is north america.,B,2.484375,15.0625,-12.578125,3.4465788845184153e-06,B,True
T5,0e5e53a12a3532a8b292e0da9c32e962c792c48de4cf14ea151217f38da9e546,SS,Purple loosestrife is a european wildflower that was introduced to which continent in the 1800's?,intercellular,I will give a direct response to the question. The requested answer is intercellular.,A,0.2177734375,17.0,-16.7822265625,5.1472064467571246e-08,B,False
T5,0e6720dd58fc316e965e53fb88c5ce64e44eec09e9871c0869bdb0d5aac8fb45,OO,Which element has the highest electronegativity value?,fluorine,I will give a direct response to the question. The requested answer is fluorine.,A,16.25,2.765625,13.484375,0.9999986074533888,A,True
T5,0e6720dd58fc316e965e53fb88c5ce64e44eec09e9871c0869bdb0d5aac8fb45,OS,Which element has the highest electronegativity value?,fluorine,I will give a direct response to the question. The requested answer is chemosynthesis.,B,-5.625,15.4375,-21.0625,7.123156310479049e-10,B,True
T5,0e6720dd58fc316e965e53fb88c5ce64e44eec09e9871c0869bdb0d5aac8fb45,SO,Which element has the highest electronegativity value?,chemosynthesis,I will give a direct response to the question. The requested answer is fluorine.,B,8.0625,16.125,-8.0625,0.0003150386940813393,B,True
T5,0e6720dd58fc316e965e53fb88c5ce64e44eec09e9871c0869bdb0d5aac8fb45,SS,Which element has the highest electronegativity value?,chemosynthesis,I will give a direct response to the question. The requested answer is chemosynthesis.,A,-2.328125,15.0,-17.328125,2.981885188622922e-08,B,False
T5,0f7d3b6b43185a49146f9aaa61004619b4a66588a563e78ee9496ebd709b0e37,OO,What is the simplest life cycle?,haploid,I will give a direct response to the question. The requested answer is haploid.,A,18.125,13.125,5.0,0.9933071490757153,A,True
T5,0f7d3b6b43185a49146f9aaa61004619b4a66588a563e78ee9496ebd709b0e37,OS,What is the simplest life cycle?,haploid,I will give a direct response to the question. The requested answer is suspension feeders.,B,-4.34375,14.5,-18.84375,6.550332622350748e-09,B,True
T5,0f7d3b6b43185a49146f9aaa61004619b4a66588a563e78ee9496ebd709b0e37,SO,What is the simplest life cycle?,suspension feeders,I will give a direct response to the question. The requested answer is haploid.,B,-1.8515625,14.25,-16.1015625,1.016670476469529e-07,B,True
T5,0f7d3b6b43185a49146f9aaa61004619b4a66588a563e78ee9496ebd709b0e37,SS,What is the simplest life cycle?,suspension feeders,I will give a direct response to the question. The requested answer is suspension feeders.,A,5.75,17.25,-11.5,1.0129990980873921e-05,B,False
T5,10c688835407c6795fb879cb2535d55f0927bb85029e051e3aa4de6c67c47398,OO,"What planet, covered by a thick layer of clouds, looks smooth and featureless through a telescope?",venus,I will give a direct response to the question. The requested answer is venus.,A,16.75,5.375,11.375,0.999988521231873,A,True
T5,10c688835407c6795fb879cb2535d55f0927bb85029e051e3aa4de6c67c47398,OS,"What planet, covered by a thick layer of clouds, looks smooth and featureless through a telescope?",venus,I will give a direct response to the question. The requested answer is breed.,B,-4.96875,15.3125,-20.28125,1.5558403775790823e-09,B,True
T5,10c688835407c6795fb879cb2535d55f0927bb85029e051e3aa4de6c67c47398,SO,"What planet, covered by a thick layer of clouds, looks smooth and featureless through a telescope?",breed,I will give a direct response to the question. The requested answer is venus.,B,1.390625,14.8125,-13.421875,1.4823580184574414e-06,B,True
T5,10c688835407c6795fb879cb2535d55f0927bb85029e051e3aa4de6c67c47398,SS,"What planet, covered by a thick layer of clouds, looks smooth and featureless through a telescope?",breed,I will give a direct response to the question. The requested answer is breed.,A,3.328125,16.0,-12.671875,3.138146753575985e-06,B,False
T5,10d1ca49154e403b4cc726dc01e324f7682258a89f9d3e5dfcb79cf6f7ae6c5c,OO,"Exotic species, also known as invasive or non-native species often cause _______ when introduced to new environments.",extinction,I will give a direct response to the question. The requested answer is extinction.,A,17.125,13.125,4.0,0.9820137900379085,A,True
T5,10d1ca49154e403b4cc726dc01e324f7682258a89f9d3e5dfcb79cf6f7ae6c5c,OS,"Exotic species, also known as invasive or non-native species often cause _______ when introduced to new environments.",extinction,I will give a direct response to the question. The requested answer is nervous system.,B,-3.890625,15.4375,-19.328125,4.0355428698630835e-09,B,True
T5,10d1ca49154e403b4cc726dc01e324f7682258a89f9d3e5dfcb79cf6f7ae6c5c,SO,"Exotic species, also known as invasive or non-native species often cause _______ when introduced to new environments.",nervous system,I will give a direct response to the question. The requested answer is extinction.,B,-3.140625,13.9375,-17.078125,3.8288163394091126e-08,B,True
T5,10d1ca49154e403b4cc726dc01e324f7682258a89f9d3e5dfcb79cf6f7ae6c5c,SS,"Exotic species, also known as invasive or non-native species often cause _______ when introduced to new environments.",nervous system,I will give a direct response to the question. The requested answer is nervous system.,A,-2.375,15.3125,-17.6875,2.0816913725037723e-08,B,False
T5,121e26ee9b46cb89d2b26ca75281dd4a9e3fc03bacd4c01f7791bd5ede17b716,OO,Which law predicts increasing entropy based on living systems?,thermodynamic,I will give a direct response to the question. The requested answer is thermodynamic.,A,16.25,8.8125,7.4375,0.9994115911814431,A,True
T5,121e26ee9b46cb89d2b26ca75281dd4a9e3fc03bacd4c01f7791bd5ede17b716,OS,Which law predicts increasing entropy based on living systems?,thermodynamic,I will give a direct response to the question. The requested answer is fracking.,B,-3.953125,15.5625,-19.515625,3.3455825490901132e-09,B,True
T5,121e26ee9b46cb89d2b26ca75281dd4a9e3fc03bacd4c01f7791bd5ede17b716,SO,Which law predicts increasing entropy based on living systems?,fracking,I will give a direct response to the question. The requested answer is thermodynamic.,B,-1.109375,15.4375,-16.546875,6.513035816764148e-08,B,True
T5,121e26ee9b46cb89d2b26ca75281dd4a9e3fc03bacd4c01f7791bd5ede17b716,SS,Which law predicts increasing entropy based on living systems?,fracking,I will give a direct response to the question. The requested answer is fracking.,A,7.875,15.9375,-8.0625,0.0003150386940813393,B,False
T5,13fcd9e40a8a4329cdef20721434615139e6b2dc95f180fe2e64a67038331f22,OO,"When you burn wood into ash or burn a marshmallow to become brown and crispy, it is impossible to undo. this change is known as what?",chemical change,I will give a direct response to the question. The requested answer is chemical change.,A,17.25,5.78125,11.46875,0.9999895484519483,A,True
T5,13fcd9e40a8a4329cdef20721434615139e6b2dc95f180fe2e64a67038331f22,OS,"When you burn wood into ash or burn a marshmallow to become brown and crispy, it is impossible to undo. this change is known as what?",chemical change,I will give a direct response to the question. The requested answer is the sun.,B,-5.1875,14.1875,-19.375,3.850741907939403e-09,B,True
T5,13fcd9e40a8a4329cdef20721434615139e6b2dc95f180fe2e64a67038331f22,SO,"When you burn wood into ash or burn a marshmallow to become brown and crispy, it is impossible to undo. this change is known as what?",the sun,I will give a direct response to the question. The requested answer is chemical change.,B,0.9296875,15.1875,-14.2578125,6.425551787411865e-07,B,True
T5,13fcd9e40a8a4329cdef20721434615139e6b2dc95f180fe2e64a67038331f22,SS,"When you burn wood into ash or burn a marshmallow to become brown and crispy, it is impossible to undo. this change is known as what?",the sun,I will give a direct response to the question. The requested answer is the sun.,A,-1.15625,15.375,-16.53125,6.615601200035879e-08,B,False
T5,143ba7a15fe9c68797c08230ee3931a9dfcfe6f873640ca2fd4f8623e0c2972b,OO,What is the most important element to life?,carbon,I will give a direct response to the question. The requested answer is carbon.,A,17.5,16.125,1.375,0.7981867777396212,A,True
T5,143ba7a15fe9c68797c08230ee3931a9dfcfe6f873640ca2fd4f8623e0c2972b,OS,What is the most important element to life?,carbon,I will give a direct response to the question. The requested answer is greater.,B,-2.953125,15.75,-18.703125,7.539386626249303e-09,B,True
T5,143ba7a15fe9c68797c08230ee3931a9dfcfe6f873640ca2fd4f8623e0c2972b,SO,What is the most important element to life?,greater,I will give a direct response to the question. The requested answer is carbon.,B,-0.796875,14.4375,-15.234375,2.4198859451864557e-07,B,True
T5,143ba7a15fe9c68797c08230ee3931a9dfcfe6f873640ca2fd4f8623e0c2972b,SS,What is the most important element to life?,greater,I will give a direct response to the question. The requested answer is greater.,A,10.1875,16.25,-6.0625,0.0023231625226312826,B,False
T5,199078912aef9601d43fbb41eeeb0ec45ab7f752eb6378b83eae3b082379161c,OO,A pigment within plant cells which absorbs light is called?,chlorophyll,I will give a direct response to the question. The requested answer is chlorophyll.,A,16.75,7.34375,9.40625,0.9999177981052164,A,True
T5,199078912aef9601d43fbb41eeeb0ec45ab7f752eb6378b83eae3b082379161c,OS,A pigment within plant cells which absorbs light is called?,chlorophyll,I will give a direct response to the question. The requested answer is cell membrane.,B,-6.65625,14.1875,-20.84375,8.864911257608076e-10,B,True
T5,199078912aef9601d43fbb41eeeb0ec45ab7f752eb6378b83eae3b082379161c,SO,A pigment within plant cells which absorbs light is called?,cell membrane,I will give a direct response to the question. The requested answer is chlorophyll.,B,-3.796875,14.25,-18.046875,1.4532547983785554e-08,B,True
T5,199078912aef9601d43fbb41eeeb0ec45ab7f752eb6378b83eae3b082379161c,SS,A pigment within plant cells which absorbs light is called?,cell membrane,I will give a direct response to the question. The requested answer is cell membrane.,A,-3.53125,14.0,-17.53125,2.4337437742580198e-08,B,False
T5,1a07b80e58d0120531bcefee7ba132e3bd77bef834bc592741b579d8a1952ad2,OO,What is the largest known animal?,the blue whale,I will give a direct response to the question. The requested answer is the blue whale.,A,16.75,4.25,12.5,0.9999962733607158,A,True
T5,1a07b80e58d0120531bcefee7ba132e3bd77bef834bc592741b579d8a1952ad2,OS,What is the largest known animal?,the blue whale,I will give a direct response to the question. The requested answer is replace another in a molecule.,B,-5.25,15.8125,-21.0625,7.123156310479049e-10,B,True
T5,1a07b80e58d0120531bcefee7ba132e3bd77bef834bc592741b579d8a1952ad2,SO,What is the largest known animal?,replace another in a molecule,I will give a direct response to the question. The requested answer is the blue whale.,B,-4.59375,14.125,-18.71875,7.422499271616261e-09,B,True
T5,1a07b80e58d0120531bcefee7ba132e3bd77bef834bc592741b579d8a1952ad2,SS,What is the largest known animal?,replace another in a molecule,I will give a direct response to the question. The requested answer is replace another in a molecule.,A,0.65234375,15.5,-14.84765625,3.5624162791053855e-07,B,False
T5,1a2ede8310b68c121c2eebd7ad1c6b47b21796df96ea64159dbc9e76f1ae27ba,OO,What is the process by which the nucleus of a eukaryotic cell divides?,mitosis,I will give a direct response to the question. The requested answer is mitosis.,A,18.125,10.5625,7.5625,0.999480695135505,A,True
T5,1a2ede8310b68c121c2eebd7ad1c6b47b21796df96ea64159dbc9e76f1ae27ba,OS,What is the process by which the nucleus of a eukaryotic cell divides?,mitosis,I will give a direct response to the question. The requested answer is causation.,B,-5.8125,15.25,-21.0625,7.123156310479049e-10,B,True
T5,1a2ede8310b68c121c2eebd7ad1c6b47b21796df96ea64159dbc9e76f1ae27ba,SO,What is the process by which the nucleus of a eukaryotic cell divides?,causation,I will give a direct response to the question. The requested answer is mitosis.,B,0.90625,14.75,-13.84375,9.721546189381598e-07,B,True
T5,1a2ede8310b68c121c2eebd7ad1c6b47b21796df96ea64159dbc9e76f1ae27ba,SS,What is the process by which the nucleus of a eukaryotic cell divides?,causation,I will give a direct response to the question. The requested answer is causation.,A,0.67578125,16.5,-15.82421875,1.341618561526087e-07,B,False
T5,1b113718103da2934eb80b31e07a36abff54f00e7334be16390372856a3b6d5c,OO,What do most of the noble gas elements have in common?,eight valence electrons,I will give a direct response to the question. The requested answer is eight valence electrons.,A,12.9375,15.5,-2.5625,0.07159119944455247,B,False
T5,1b113718103da2934eb80b31e07a36abff54f00e7334be16390372856a3b6d5c,OS,What do most of the noble gas elements have in common?,eight valence electrons,I will give a direct response to the question. The requested answer is ice.,B,-4.5,13.375,-17.875,1.725782769012759e-08,B,True
T5,1b113718103da2934eb80b31e07a36abff54f00e7334be16390372856a3b6d5c,SO,What do most of the noble gas elements have in common?,ice,I will give a direct response to the question. The requested answer is eight valence electrons.,B,-4.53125,13.5,-18.03125,1.4761402311078024e-08,B,True
T5,1b113718103da2934eb80b31e07a36abff54f00e7334be16390372856a3b6d5c,SS,What do most of the noble gas elements have in common?,ice,I will give a direct response to the question. The requested answer is ice.,A,-1.8359375,14.5,-16.3359375,8.042525602503579e-08,B,False
T5,1b534c132ccabe1a0e4a1e184b5e57df190c3eef651eeb6d0cce1944eb689ffd,OO,"Distinguished by the great red spot, what planet has an upper atmosphere containing ammonia clouds?",jupiter,I will give a direct response to the question. The requested answer is jupiter.,A,16.375,3.578125,12.796875,0.9999972305941889,A,True
T5,1b534c132ccabe1a0e4a1e184b5e57df190c3eef651eeb6d0cce1944eb689ffd,OS,"Distinguished by the great red spot, what planet has an upper atmosphere containing ammonia clouds?",jupiter,I will give a direct response to the question. The requested answer is oogenesis.,B,-6.375,15.3125,-21.6875,3.8127508235732506e-10,B,True
T5,1b534c132ccabe1a0e4a1e184b5e57df190c3eef651eeb6d0cce1944eb689ffd,SO,"Distinguished by the great red spot, what planet has an upper atmosphere containing ammonia clouds?",oogenesis,I will give a direct response to the question. The requested answer is jupiter.,B,10.1875,15.875,-5.6875,0.0033766123817395004,B,True
T5,1b534c132ccabe1a0e4a1e184b5e57df190c3eef651eeb6d0cce1944eb689ffd,SS,"Distinguished by the great red spot, what planet has an upper atmosphere containing ammonia clouds?",oogenesis,I will give a direct response to the question. The requested answer is oogenesis.,A,1.859375,15.5,-13.640625,1.1911084770297504e-06,B,False
T5,1be6fa12bbdbfbd851812045dffe0981b2fdc90feaecff40cbe7d533433160fb,OO,Research that focuses on understanding basic properties and processes without concern for the usefulness of this understanding is known as what kind of research?,pure research,I will give a direct response to the question. The requested answer is pure research.,A,15.5,5.1875,10.3125,0.9999667858050522,A,True
T5,1be6fa12bbdbfbd851812045dffe0981b2fdc90feaecff40cbe7d533433160fb,OS,Research that focuses on understanding basic properties and processes without concern for the usefulness of this understanding is known as what kind of research?,pure research,I will give a direct response to the question. The requested answer is magnetosphere.,B,-4.71875,16.0,-20.71875,1.0045260476947593e-09,B,True
T5,1be6fa12bbdbfbd851812045dffe0981b2fdc90feaecff40cbe7d533433160fb,SO,Research that focuses on understanding basic properties and processes without concern for the usefulness of this understanding is known as what kind of research?,magnetosphere,I will give a direct response to the question. The requested answer is pure research.,B,10.0,15.5625,-5.5625,0.003824483644637211,B,True
T5,1be6fa12bbdbfbd851812045dffe0981b2fdc90feaecff40cbe7d533433160fb,SS,Research that focuses on understanding basic properties and processes without concern for the usefulness of this understanding is known as what kind of research?,magnetosphere,I will give a direct response to the question. The requested answer is magnetosphere.,A,-0.53515625,15.0625,-15.59765625,1.6827666134907067e-07,B,False
T5,1beb2aa5b13171309874a37d5260ebb4e081a26981486965e2d55ecbd0e23e72,OO,What plant structures are the main avenues by which water evaporates from the sporophyte?,stomata,I will give a direct response to the question. The requested answer is stomata.,A,17.875,12.9375,4.9375,0.9928785712542649,A,True
T5,1beb2aa5b13171309874a37d5260ebb4e081a26981486965e2d55ecbd0e23e72,OS,What plant structures are the main avenues by which water evaporates from the sporophyte?,stomata,I will give a direct response to the question. The requested answer is flower.,B,-5.34375,13.875,-19.21875,4.501973393078081e-09,B,True
T5,1beb2aa5b13171309874a37d5260ebb4e081a26981486965e2d55ecbd0e23e72,SO,What plant structures are the main avenues by which water evaporates from the sporophyte?,flower,I will give a direct response to the question. The requested answer is stomata.,B,-2.25,14.0,-16.25,8.764247451323235e-08,B,True
T5,1beb2aa5b13171309874a37d5260ebb4e081a26981486965e2d55ecbd0e23e72,SS,What plant structures are the main avenues by which water evaporates from the sporophyte?,flower,I will give a direct response to the question. The requested answer is flower.,A,10.375,16.875,-6.5,0.0015011822567369917,B,False
T5,1c35548b29d8511a72048aa2f5760aa0375a344a23b694ddc903a3c3b9d10eb8,OO,What makes the sun glow brightly?,nuclear fusion,I will give a direct response to the question. The requested answer is nuclear fusion.,A,17.625,13.875,3.75,0.9770226300899744,A,True
T5,1c35548b29d8511a72048aa2f5760aa0375a344a23b694ddc903a3c3b9d10eb8,OS,What makes the sun glow brightly?,nuclear fusion,I will give a direct response to the question. The requested answer is global warming.,B,-6.1875,14.3125,-20.5,1.2501528648238605e-09,B,True
T5,1c35548b29d8511a72048aa2f5760aa0375a344a23b694ddc903a3c3b9d10eb8,SO,What makes the sun glow brightly?,global warming,I will give a direct response to the question. The requested answer is nuclear fusion.,B,-2.328125,14.5,-16.828125,4.91629744216681e-08,B,True
T5,1c35548b29d8511a72048aa2f5760aa0375a344a23b694ddc903a3c3b9d10eb8,SS,What makes the sun glow brightly?,global warming,I will give a direct response to the question. The requested answer is global warming.,A,-0.01123046875,14.4375,-14.44873046875,5.308793790378903e-07,B,False
T5,1e775ec427e192a7277498b2b5f22a189e2fd5e4a7ebe9a5d7ceb04d0edb4bea,OO,What makes nobel gases unreactive?,its electon configuration,I will give a direct response to the question. The requested answer is its electon configuration.,A,16.625,11.125,5.5,0.995929862284104,A,True
T5,1e775ec427e192a7277498b2b5f22a189e2fd5e4a7ebe9a5d7ceb04d0edb4bea,OS,What makes nobel gases unreactive?,its electon configuration,I will give a direct response to the question. The requested answer is connective tissue.,B,-4.46875,15.375,-19.84375,2.4097327145752005e-09,B,True
T5,1e775ec427e192a7277498b2b5f22a189e2fd5e4a7ebe9a5d7ceb04d0edb4bea,SO,What makes nobel gases unreactive?,connective tissue,I will give a direct response to the question. The requested answer is its electon configuration.,B,-2.171875,14.3125,-16.484375,6.933090508556216e-08,B,True
T5,1e775ec427e192a7277498b2b5f22a189e2fd5e4a7ebe9a5d7ceb04d0edb4bea,SS,What makes nobel gases unreactive?,connective tissue,I will give a direct response to the question. The requested answer is connective tissue.,A,1.09375,16.5,-15.40625,2.0377483477747004e-07,B,False
T5,20ca76d8e4f85568513476a52df419d075d3dd5fc5ccecf57f95ac7dd8fc87e6,OO,Epithelial cells are found in what body organ?,skin,I will give a direct response to the question. The requested answer is skin.,A,17.5,7.1875,10.3125,0.9999667858050522,A,True
T5,20ca76d8e4f85568513476a52df419d075d3dd5fc5ccecf57f95ac7dd8fc87e6,OS,Epithelial cells are found in what body organ?,skin,I will give a direct response to the question. The requested answer is entropy.,B,-4.71875,15.875,-20.59375,1.1382771368584038e-09,B,True
T5,20ca76d8e4f85568513476a52df419d075d3dd5fc5ccecf57f95ac7dd8fc87e6,SO,Epithelial cells are found in what body organ?,entropy,I will give a direct response to the question. The requested answer is skin.,B,-2.421875,14.375,-16.796875,5.0723574673443856e-08,B,True
T5,20ca76d8e4f85568513476a52df419d075d3dd5fc5ccecf57f95ac7dd8fc87e6,SS,Epithelial cells are found in what body organ?,entropy,I will give a direct response to the question. The requested answer is entropy.,A,0.61328125,16.375,-15.76171875,1.4281455123685594e-07,B,False
T5,21b042f63c92b50654186c8fe4187eace9b61ae49c15626476e5b27ce23675bb,OO,"Protozoa that cause malaria are spread by a vector, entering the blood through the bite of what insect?",mosquito,I will give a direct response to the question. The requested answer is mosquito.,A,18.125,10.1875,7.9375,0.9996430293649623,A,True
T5,21b042f63c92b50654186c8fe4187eace9b61ae49c15626476e5b27ce23675bb,OS,"Protozoa that cause malaria are spread by a vector, entering the blood through the bite of what insect?",mosquito,I will give a direct response to the question. The requested answer is carbon dioxide.,B,-6.9375,13.625,-20.5625,1.174409931818177e-09,B,True
T5,21b042f63c92b50654186c8fe4187eace9b61ae49c15626476e5b27ce23675bb,SO,"Protozoa that cause malaria are spread by a vector, entering the blood through the bite of what insect?",carbon dioxide,I will give a direct response to the question. The requested answer is mosquito.,B,-2.578125,13.9375,-16.515625,6.719781752859066e-08,B,True
T5,21b042f63c92b50654186c8fe4187eace9b61ae49c15626476e5b27ce23675bb,SS,"Protozoa that cause malaria are spread by a vector, entering the blood through the bite of what insect?",carbon dioxide,I will give a direct response to the question. The requested answer is carbon dioxide.,A,-0.734375,15.125,-15.859375,1.2952717535416477e-07,B,False
T5,21e85b4efb563c2c7d719cd82eed25f1248ca7f7c8365f703644ce3dc4ad3f31,OO,Bacteria and archaea that survive under extreme conditions are called?,extremophiles,I will give a direct response to the question. The requested answer is extremophiles.,A,18.25,10.375,7.875,0.999620015485248,A,True
T5,21e85b4efb563c2c7d719cd82eed25f1248ca7f7c8365f703644ce3dc4ad3f31,OS,Bacteria and archaea that survive under extreme conditions are called?,extremophiles,I will give a direct response to the question. The requested answer is size and direction.,B,-5.71875,15.5,-21.21875,6.092758466476431e-10,B,True
T5,21e85b4efb563c2c7d719cd82eed25f1248ca7f7c8365f703644ce3dc4ad3f31,SO,Bacteria and archaea that survive under extreme conditions are called?,size and direction,I will give a direct response to the question. The requested answer is extremophiles.,B,-3.109375,14.9375,-18.046875,1.4532547983785554e-08,B,True
T5,21e85b4efb563c2c7d719cd82eed25f1248ca7f7c8365f703644ce3dc4ad3f31,SS,Bacteria and archaea that survive under extreme conditions are called?,size and direction,I will give a direct response to the question. The requested answer is size and direction.,A,1.5859375,17.0,-15.4140625,2.0218904675285214e-07,B,False
T5,230f4886e25e9c27f1c5aeb6202ef50688d4072ec21a5516491ea31cdf4274d7,OO,Amorphous selenium is a photosensitive what?,semiconductor,I will give a direct response to the question. The requested answer is semiconductor.,A,14.4375,4.0625,10.375,0.9999687980886061,A,True
T5,230f4886e25e9c27f1c5aeb6202ef50688d4072ec21a5516491ea31cdf4274d7,OS,Amorphous selenium is a photosensitive what?,semiconductor,I will give a direct response to the question. The requested answer is mammary.,B,-3.4375,14.3125,-17.75,1.955568070542584e-08,B,True
T5,230f4886e25e9c27f1c5aeb6202ef50688d4072ec21a5516491ea31cdf4274d7,SO,Amorphous selenium is a photosensitive what?,mammary,I will give a direct response to the question. The requested answer is semiconductor.,B,-1.59375,13.6875,-15.28125,2.3090713253699577e-07,B,True
T5,230f4886e25e9c27f1c5aeb6202ef50688d4072ec21a5516491ea31cdf4274d7,SS,Amorphous selenium is a photosensitive what?,mammary,I will give a direct response to the question. The requested answer is mammary.,A,6.0625,15.3125,-9.25,9.610241549947396e-05,B,False
T5,23b2da192ff61c4753bc05910769816eed0a3667db2a4b773622bce58081ef84,OO,What is the mode of breathing that occurs at rest and does not require the cognitive thought of the individual?,quiet breathing,I will give a direct response to the question. The requested answer is quiet breathing.,A,15.4375,1.5859375,13.8515625,0.999999035410741,A,True
T5,23b2da192ff61c4753bc05910769816eed0a3667db2a4b773622bce58081ef84,OS,What is the mode of breathing that occurs at rest and does not require the cognitive thought of the individual?,quiet breathing,I will give a direct response to the question. The requested answer is causes pollution.,B,-5.53125,15.625,-21.15625,6.48570762683418e-10,B,True
T5,23b2da192ff61c4753bc05910769816eed0a3667db2a4b773622bce58081ef84,SO,What is the mode of breathing that occurs at rest and does not require the cognitive thought of the individual?,causes pollution,I will give a direct response to the question. The requested answer is quiet breathing.,B,-2.78125,14.25,-17.03125,4.012565064701974e-08,B,True
T5,23b2da192ff61c4753bc05910769816eed0a3667db2a4b773622bce58081ef84,SS,What is the mode of breathing that occurs at rest and does not require the cognitive thought of the individual?,causes pollution,I will give a direct response to the question. The requested answer is causes pollution.,A,-0.279296875,16.0,-16.279296875,8.511207154690258e-08,B,False
T5,24b91442961df4239a123354c44e53dab4a44f7cff6e66fec314c22e1b1540ea,OO,What are the outer planets of the solar system made of?,gases,I will give a direct response to the question. The requested answer is gases.,A,17.375,6.96875,10.40625,0.9999697580414662,A,True
T5,24b91442961df4239a123354c44e53dab4a44f7cff6e66fec314c22e1b1540ea,OS,What are the outer planets of the solar system made of?,gases,I will give a direct response to the question. The requested answer is cancer.,B,-4.25,15.875,-20.125,1.8189616842444243e-09,B,True
T5,24b91442961df4239a123354c44e53dab4a44f7cff6e66fec314c22e1b1540ea,SO,What are the outer planets of the solar system made of?,cancer,I will give a direct response to the question. The requested answer is gases.,B,-3.0,14.1875,-17.1875,3.43212879853116e-08,B,True
T5,24b91442961df4239a123354c44e53dab4a44f7cff6e66fec314c22e1b1540ea,SS,What are the outer planets of the solar system made of?,cancer,I will give a direct response to the question. The requested answer is cancer.,A,6.34375,16.375,-10.03125,4.4001184579253026e-05,B,False
T5,273e7a2bbe79fb45e3da5b01c63233ca2a0293e88be678371d45e6e734eb3687,OO,"In the primary response to infection, what are secreted first from plasma cells?",antibodies,I will give a direct response to the question. The requested answer is antibodies.,A,16.875,5.84375,11.03125,0.9999838124185639,A,True
T5,273e7a2bbe79fb45e3da5b01c63233ca2a0293e88be678371d45e6e734eb3687,OS,"In the primary response to infection, what are secreted first from plasma cells?",antibodies,I will give a direct response to the question. The requested answer is medium.,B,-5.46875,15.75,-21.21875,6.092758466476431e-10,B,True
T5,273e7a2bbe79fb45e3da5b01c63233ca2a0293e88be678371d45e6e734eb3687,SO,"In the primary response to infection, what are secreted first from plasma cells?",medium,I will give a direct response to the question. The requested answer is antibodies.,B,-4.21875,14.0625,-18.28125,1.14961917166371e-08,B,True
T5,273e7a2bbe79fb45e3da5b01c63233ca2a0293e88be678371d45e6e734eb3687,SS,"In the primary response to infection, what are secreted first from plasma cells?",medium,I will give a direct response to the question. The requested answer is medium.,A,12.625,17.875,-5.25,0.005220125693558397,B,False
T5,2a20d544ff618b9501d9400c452e6e02e2e866fa2d6a08fb345c2ffb4f633edb,OO,What is the three-dimensional structure of a single polypeptide called?,tertiary structure,I will give a direct response to the question. The requested answer is tertiary structure.,A,16.125,4.65625,11.46875,0.9999895484519483,A,True
T5,2a20d544ff618b9501d9400c452e6e02e2e866fa2d6a08fb345c2ffb4f633edb,OS,What is the three-dimensional structure of a single polypeptide called?,tertiary structure,I will give a direct response to the question. The requested answer is electron affinity.,B,-6.5625,14.8125,-21.375,5.211412485172657e-10,B,True
T5,2a20d544ff618b9501d9400c452e6e02e2e866fa2d6a08fb345c2ffb4f633edb,SO,What is the three-dimensional structure of a single polypeptide called?,electron affinity,I will give a direct response to the question. The requested answer is tertiary structure.,B,-2.703125,14.625,-17.328125,2.981885188622922e-08,B,True
T5,2a20d544ff618b9501d9400c452e6e02e2e866fa2d6a08fb345c2ffb4f633edb,SS,What is the three-dimensional structure of a single polypeptide called?,electron affinity,I will give a direct response to the question. The requested answer is electron affinity.,A,0.150390625,16.125,-15.974609375,1.1542908359222816e-07,B,False
T5,2b8a5200282c3f8748e7a842c78898590dde7c3432e54daf87ca95ce25b4c54e,OO,What phase is pure chlorine present as?,gas,I will give a direct response to the question. The requested answer is gas.,A,16.5,5.875,10.625,0.9999756997592568,A,True
T5,2b8a5200282c3f8748e7a842c78898590dde7c3432e54daf87ca95ce25b4c54e,OS,What phase is pure chlorine present as?,gas,I will give a direct response to the question. The requested answer is hydrolysis.,B,-6.375,14.6875,-21.0625,7.123156310479049e-10,B,True
T5,2b8a5200282c3f8748e7a842c78898590dde7c3432e54daf87ca95ce25b4c54e,SO,What phase is pure chlorine present as?,hydrolysis,I will give a direct response to the question. The requested answer is gas.,B,-1.8515625,13.5625,-15.4140625,2.0218904675285214e-07,B,True
T5,2b8a5200282c3f8748e7a842c78898590dde7c3432e54daf87ca95ce25b4c54e,SS,What phase is pure chlorine present as?,hydrolysis,I will give a direct response to the question. The requested answer is hydrolysis.,A,-1.046875,13.5625,-14.609375,4.520941184666502e-07,B,False
T5,2dc8c8368d496987fff43c67a7613468467b611e116687d0980c83a39cd910aa,OO,What is the term for sediment deposited by a glacier?,moraine,I will give a direct response to the question. The requested answer is moraine.,A,15.6875,4.28125,11.40625,0.9999888743925112,A,True
T5,2dc8c8368d496987fff43c67a7613468467b611e116687d0980c83a39cd910aa,OS,What is the term for sediment deposited by a glacier?,moraine,I will give a direct response to the question. The requested answer is salivation.,B,-6.3125,14.875,-21.1875,6.286163381149822e-10,B,True
T5,2dc8c8368d496987fff43c67a7613468467b611e116687d0980c83a39cd910aa,SO,What is the term for sediment deposited by a glacier?,salivation,I will give a direct response to the question. The requested answer is moraine.,B,-2.859375,14.9375,-17.796875,1.866016090339292e-08,B,True
T5,2dc8c8368d496987fff43c67a7613468467b611e116687d0980c83a39cd910aa,SS,What is the term for sediment deposited by a glacier?,salivation,I will give a direct response to the question. The requested answer is salivation.,A,12.1875,16.5,-4.3125,0.01322282175230515,B,False
T5,2f4703494c2a9ce69c4a05d3a0f85a95e69e0b7a1564dc0cfba14f55769487d6,OO,What is the term for the interaction of waves with other waves?,wave interference,I will give a direct response to the question. The requested answer is wave interference.,A,16.625,6.5625,10.0625,0.9999573525318144,A,True
T5,2f4703494c2a9ce69c4a05d3a0f85a95e69e0b7a1564dc0cfba14f55769487d6,OS,What is the term for the interaction of waves with other waves?,wave interference,I will give a direct response to the question. The requested answer is index fossils.,B,-6.65625,14.625,-21.28125,5.723616892186642e-10,B,True
T5,2f4703494c2a9ce69c4a05d3a0f85a95e69e0b7a1564dc0cfba14f55769487d6,SO,What is the term for the interaction of waves with other waves?,index fossils,I will give a direct response to the question. The requested answer is wave interference.,B,1.2421875,16.125,-14.8828125,3.439351055812443e-07,B,True
T5,2f4703494c2a9ce69c4a05d3a0f85a95e69e0b7a1564dc0cfba14f55769487d6,SS,What is the term for the interaction of waves with other waves?,index fossils,I will give a direct response to the question. The requested answer is index fossils.,A,-2.75,15.0,-17.75,1.955568070542584e-08,B,False
T5,31bc2caab699df9cd3f29bcee3a64a7be3446b3056011e8d837007ac97aec033,OO,Regular checkups with what type of specialist can detect skin cancers early?,dermatologist,I will give a direct response to the question. The requested answer is dermatologist.,A,16.75,6.8125,9.9375,0.9999516743618128,A,True
T5,31bc2caab699df9cd3f29bcee3a64a7be3446b3056011e8d837007ac97aec033,OS,Regular checkups with what type of specialist can detect skin cancers early?,dermatologist,I will give a direct response to the question. The requested answer is mutation.,B,-6.90625,13.9375,-20.84375,8.864911257608076e-10,B,True
T5,31bc2caab699df9cd3f29bcee3a64a7be3446b3056011e8d837007ac97aec033,SO,Regular checkups with what type of specialist can detect skin cancers early?,mutation,I will give a direct response to the question. The requested answer is dermatologist.,B,-3.515625,14.25,-17.765625,1.9252497983544177e-08,B,True
T5,31bc2caab699df9cd3f29bcee3a64a7be3446b3056011e8d837007ac97aec033,SS,Regular checkups with what type of specialist can detect skin cancers early?,mutation,I will give a direct response to the question. The requested answer is mutation.,A,-0.67578125,15.875,-16.55078125,6.48764389813403e-08,B,False
T5,32433ec8d7c816d84564c39977c687496178d90300834bb1c8fb5dbe8c496afd,OO,Cardiac muscle normally has what kind of oxygen-using metabolism?,aerobic,I will give a direct response to the question. The requested answer is aerobic.,A,17.875,10.875,7.0,0.9990889488055994,A,True
T5,32433ec8d7c816d84564c39977c687496178d90300834bb1c8fb5dbe8c496afd,OS,Cardiac muscle normally has what kind of oxygen-using metabolism?,aerobic,I will give a direct response to the question. The requested answer is metamorphosis.,B,-5.9375,14.5625,-20.5,1.2501528648238605e-09,B,True
T5,32433ec8d7c816d84564c39977c687496178d90300834bb1c8fb5dbe8c496afd,SO,Cardiac muscle normally has what kind of oxygen-using metabolism?,metamorphosis,I will give a direct response to the question. The requested answer is aerobic.,B,-0.9375,14.4375,-15.375,2.1024334103591293e-07,B,True
T5,32433ec8d7c816d84564c39977c687496178d90300834bb1c8fb5dbe8c496afd,SS,Cardiac muscle normally has what kind of oxygen-using metabolism?,metamorphosis,I will give a direct response to the question. The requested answer is metamorphosis.,A,4.875,17.375,-12.5,3.726639284186561e-06,B,False
T5,329dd7e54066ef13a3da213f7f3b6cff598c5899634f90f2aa842bf03bdfe22b,OO,A homogeneous mixture composed of two or more substances is called a what?,solution,I will give a direct response to the question. The requested answer is solution.,A,16.75,7.625,9.125,0.9998911030899734,A,True
T5,329dd7e54066ef13a3da213f7f3b6cff598c5899634f90f2aa842bf03bdfe22b,OS,A homogeneous mixture composed of two or more substances is called a what?,solution,I will give a direct response to the question. The requested answer is excitatory.,B,-5.4375,15.125,-20.5625,1.174409931818177e-09,B,True
T5,329dd7e54066ef13a3da213f7f3b6cff598c5899634f90f2aa842bf03bdfe22b,SO,A homogeneous mixture composed of two or more substances is called a what?,excitatory,I will give a direct response to the question. The requested answer is solution.,B,-2.0625,13.9375,-16.0,1.12535162055095e-07,B,True
T5,329dd7e54066ef13a3da213f7f3b6cff598c5899634f90f2aa842bf03bdfe22b,SS,A homogeneous mixture composed of two or more substances is called a what?,excitatory,I will give a direct response to the question. The requested answer is excitatory.,A,1.921875,15.75,-13.828125,9.8746381146111e-07,B,False
T5,32a5842122bca8ce29d1bd38d6bee5bd0cd4ff77f6e85b6df20e866683e9e9d8,OO,Periodic refers to something that does what?,repeat,I will give a direct response to the question. The requested answer is repeat.,A,16.375,13.375,3.0,0.9525741268224334,A,True
T5,32a5842122bca8ce29d1bd38d6bee5bd0cd4ff77f6e85b6df20e866683e9e9d8,OS,Periodic refers to something that does what?,repeat,I will give a direct response to the question. The requested answer is antheridium.,B,-5.25,14.4375,-19.6875,2.81726296579986e-09,B,True
T5,32a5842122bca8ce29d1bd38d6bee5bd0cd4ff77f6e85b6df20e866683e9e9d8,SO,Periodic refers to something that does what?,antheridium,I will give a direct response to the question. The requested answer is repeat.,B,15.5,11.9375,3.5625,0.9724147177732099,A,False
T5,32a5842122bca8ce29d1bd38d6bee5bd0cd4ff77f6e85b6df20e866683e9e9d8,SS,Periodic refers to something that does what?,antheridium,I will give a direct response to the question. The requested answer is antheridium.,A,-2.0625,14.75,-16.8125,4.9937178577453644e-08,B,False
T5,335059d400355094616bc325ef0848eda0060b94b91bf17aa229387a74b6c2fe,OO,"The embryo sac consists of only a few cells, one of which is the what?",egg,I will give a direct response to the question. The requested answer is egg.,A,16.75,7.5625,9.1875,0.9998977001452741,A,True
T5,335059d400355094616bc325ef0848eda0060b94b91bf17aa229387a74b6c2fe,OS,"The embryo sac consists of only a few cells, one of which is the what?",egg,I will give a direct response to the question. The requested answer is light.,B,-6.46875,15.0625,-21.53125,4.4575573182000303e-10,B,True
T5,335059d400355094616bc325ef0848eda0060b94b91bf17aa229387a74b6c2fe,SO,"The embryo sac consists of only a few cells, one of which is the what?",light,I will give a direct response to the question. The requested answer is egg.,B,-5.90625,13.0,-18.90625,6.1534680336516355e-09,B,True
T5,335059d400355094616bc325ef0848eda0060b94b91bf17aa229387a74b6c2fe,SS,"The embryo sac consists of only a few cells, one of which is the what?",light,I will give a direct response to the question. The requested answer is light.,A,-2.078125,15.625,-17.703125,2.049417739836284e-08,B,False
T5,37fd7343def15a982f55039a6fd91953c9aec931123a52d0f01f0e4298e0f327,OO,"In myasthenia gravis, antibodies bind to and block certain receptors on muscle cells, preventing what?",muscle contraction,I will give a direct response to the question. The requested answer is muscle contraction.,A,18.375,10.5,7.875,0.999620015485248,A,True
T5,37fd7343def15a982f55039a6fd91953c9aec931123a52d0f01f0e4298e0f327,OS,"In myasthenia gravis, antibodies bind to and block certain receptors on muscle cells, preventing what?",muscle contraction,I will give a direct response to the question. The requested answer is asteroids.,B,-5.9375,14.6875,-20.625,1.10325603112638e-09,B,True
T5,37fd7343def15a982f55039a6fd91953c9aec931123a52d0f01f0e4298e0f327,SO,"In myasthenia gravis, antibodies bind to and block certain receptors on muscle cells, preventing what?",asteroids,I will give a direct response to the question. The requested answer is muscle contraction.,B,-1.2421875,14.25,-15.4921875,1.8699430277602215e-07,B,True
T5,37fd7343def15a982f55039a6fd91953c9aec931123a52d0f01f0e4298e0f327,SS,"In myasthenia gravis, antibodies bind to and block certain receptors on muscle cells, preventing what?",asteroids,I will give a direct response to the question. The requested answer is asteroids.,A,2.3125,15.5625,-13.25,1.7603432133424856e-06,B,False
T5,38197b9f21a2cbc6219c9edadf1b00c23fd75944c8ed0462d4fb2984382e2454,OO,What map coordinates correspond to similar climate zones and life zones?,altitude and latitude,I will give a direct response to the question. The requested answer is altitude and latitude.,A,17.0,7.5,9.5,0.9999251537724895,A,True
T5,38197b9f21a2cbc6219c9edadf1b00c23fd75944c8ed0462d4fb2984382e2454,OS,What map coordinates correspond to similar climate zones and life zones?,altitude and latitude,I will give a direct response to the question. The requested answer is nonvascular.,B,-4.4375,14.5,-18.9375,5.9641457266321095e-09,B,True
T5,38197b9f21a2cbc6219c9edadf1b00c23fd75944c8ed0462d4fb2984382e2454,SO,What map coordinates correspond to similar climate zones and life zones?,nonvascular,I will give a direct response to the question. The requested answer is altitude and latitude.,B,-0.271484375,15.6875,-15.958984375,1.172468269499421e-07,B,True
T5,38197b9f21a2cbc6219c9edadf1b00c23fd75944c8ed0462d4fb2984382e2454,SS,What map coordinates correspond to similar climate zones and life zones?,nonvascular,I will give a direct response to the question. The requested answer is nonvascular.,A,11.4375,17.25,-5.8125,0.0029810327298548972,B,False
T5,3832009ffefb8053acc8f41b409ffc903ba02cb06ee1f396131afe3a64f7f714,OO,What can be used to estimate the energy change of a chemical reaction?,bond energies,I will give a direct response to the question. The requested answer is bond energies.,A,17.625,8.0625,9.5625,0.9999296881573309,A,True
T5,3832009ffefb8053acc8f41b409ffc903ba02cb06ee1f396131afe3a64f7f714,OS,What can be used to estimate the energy change of a chemical reaction?,bond energies,I will give a direct response to the question. The requested answer is activation energy.,B,-7.21875,14.4375,-21.65625,3.933780526610865e-10,B,True
T5,3832009ffefb8053acc8f41b409ffc903ba02cb06ee1f396131afe3a64f7f714,SO,What can be used to estimate the energy change of a chemical reaction?,activation energy,I will give a direct response to the question. The requested answer is bond energies.,B,-6.625,14.0625,-20.6875,1.0364131273371489e-09,B,True
T5,3832009ffefb8053acc8f41b409ffc903ba02cb06ee1f396131afe3a64f7f714,SS,What can be used to estimate the energy change of a chemical reaction?,activation energy,I will give a direct response to the question. The requested answer is activation energy.,A,17.875,11.5625,6.3125,0.9981897889737974,A,True
T5,3975f704337b080024800027d2e29bc96ed1f384966e94429dc7897299354c6c,OO,What type of diseases are diseases that are caused by choices that people make in their daily lives?,lifestyle diseases,I will give a direct response to the question. The requested answer is lifestyle diseases.,A,17.5,4.5,13.0,0.999997739675702,A,True
T5,3975f704337b080024800027d2e29bc96ed1f384966e94429dc7897299354c6c,OS,What type of diseases are diseases that are caused by choices that people make in their daily lives?,lifestyle diseases,I will give a direct response to the question. The requested answer is hydrogen ions.,B,-6.84375,14.375,-21.21875,6.092758466476431e-10,B,True
T5,3975f704337b080024800027d2e29bc96ed1f384966e94429dc7897299354c6c,SO,What type of diseases are diseases that are caused by choices that people make in their daily lives?,hydrogen ions,I will give a direct response to the question. The requested answer is lifestyle diseases.,B,-1.25,15.3125,-16.5625,6.412060562167509e-08,B,True
T5,3975f704337b080024800027d2e29bc96ed1f384966e94429dc7897299354c6c,SS,What type of diseases are diseases that are caused by choices that people make in their daily lives?,hydrogen ions,I will give a direct response to the question. The requested answer is hydrogen ions.,A,0.2001953125,16.375,-16.1748046875,9.44868862434349e-08,B,False
T5,398a76fc83c24119abafed142f0472b7bf7450ccca75cac5e41f71c680f8b506,OO,What do you call air flowing over earth’s surface?,wind,I will give a direct response to the question. The requested answer is wind.,A,17.875,6.625,11.25,0.9999869928715335,A,True
T5,398a76fc83c24119abafed142f0472b7bf7450ccca75cac5e41f71c680f8b506,OS,What do you call air flowing over earth’s surface?,wind,I will give a direct response to the question. The requested answer is concave.,B,-5.71875,15.4375,-21.15625,6.48570762683418e-10,B,True
T5,398a76fc83c24119abafed142f0472b7bf7450ccca75cac5e41f71c680f8b506,SO,What do you call air flowing over earth’s surface?,concave,I will give a direct response to the question. The requested answer is wind.,B,1.7890625,16.0,-14.2109375,6.733920248546524e-07,B,True
T5,398a76fc83c24119abafed142f0472b7bf7450ccca75cac5e41f71c680f8b506,SS,What do you call air flowing over earth’s surface?,concave,I will give a direct response to the question. The requested answer is concave.,A,7.40625,16.125,-8.71875,0.00016346470245419303,B,False
T5,39f61c2d75b7fe6d51ef30f35eec36827fd3e075b56c61c3a34d13069985a50f,OO,"The three features that are unique to the large intestine are the teniae coli, haustra, and what?",epiploic appendages,I will give a direct response to the question. The requested answer is epiploic appendages.,A,16.625,6.0625,10.5625,0.9999741325689185,A,True
T5,39f61c2d75b7fe6d51ef30f35eec36827fd3e075b56c61c3a34d13069985a50f,OS,"The three features that are unique to the large intestine are the teniae coli, haustra, and what?",epiploic appendages,I will give a direct response to the question. The requested answer is amorphous.,B,-4.875,14.6875,-19.5625,3.192377170381065e-09,B,True
T5,39f61c2d75b7fe6d51ef30f35eec36827fd3e075b56c61c3a34d13069985a50f,SO,"The three features that are unique to the large intestine are the teniae coli, haustra, and what?",amorphous,I will give a direct response to the question. The requested answer is epiploic appendages.,B,-3.40625,14.0,-17.40625,2.7577929840248876e-08,B,True
T5,39f61c2d75b7fe6d51ef30f35eec36827fd3e075b56c61c3a34d13069985a50f,SS,"The three features that are unique to the large intestine are the teniae coli, haustra, and what?",amorphous,I will give a direct response to the question. The requested answer is amorphous.,A,12.625,17.5,-4.875,0.007577241267860811,B,False
T5,3adcd84400767f05f41b0270094c7e4a8e857511c7e63e9255e8ee6eb09c1f2e,OO,The effect of acetylcholine in heart muscle is inhibitory rather than what?,excitatory,I will give a direct response to the question. The requested answer is excitatory.,A,15.0625,4.5625,10.5,0.9999724643088853,A,True
T5,3adcd84400767f05f41b0270094c7e4a8e857511c7e63e9255e8ee6eb09c1f2e,OS,The effect of acetylcholine in heart muscle is inhibitory rather than what?,excitatory,I will give a direct response to the question. The requested answer is downregulation.,B,-5.125,13.1875,-18.3125,1.1142491085617436e-08,B,True
T5,3adcd84400767f05f41b0270094c7e4a8e857511c7e63e9255e8ee6eb09c1f2e,SO,The effect of acetylcholine in heart muscle is inhibitory rather than what?,downregulation,I will give a direct response to the question. The requested answer is excitatory.,B,5.28125,16.0,-10.71875,2.212566909570261e-05,B,True
T5,3adcd84400767f05f41b0270094c7e4a8e857511c7e63e9255e8ee6eb09c1f2e,SS,The effect of acetylcholine in heart muscle is inhibitory rather than what?,downregulation,I will give a direct response to the question. The requested answer is downregulation.,A,16.5,11.1875,5.3125,0.9950945942942779,A,True
T5,3d03e1bbfc46d35670f0c6fca59977c81f4a8cdc88a6bca7a3d60ab8063a471e,OO,Pure substances have a constant composition and can only be changed by what?,chemical reactions,I will give a direct response to the question. The requested answer is chemical reactions.,A,17.25,11.625,5.625,0.9964063974185798,A,True
T5,3d03e1bbfc46d35670f0c6fca59977c81f4a8cdc88a6bca7a3d60ab8063a471e,OS,Pure substances have a constant composition and can only be changed by what?,chemical reactions,I will give a direct response to the question. The requested answer is carbon dioxide.,B,-5.0625,15.25,-20.3125,1.5079722015620545e-09,B,True
T5,3d03e1bbfc46d35670f0c6fca59977c81f4a8cdc88a6bca7a3d60ab8063a471e,SO,Pure substances have a constant composition and can only be changed by what?,carbon dioxide,I will give a direct response to the question. The requested answer is chemical reactions.,B,-4.125,14.0625,-18.1875,1.2626096518246154e-08,B,True
T5,3d03e1bbfc46d35670f0c6fca59977c81f4a8cdc88a6bca7a3d60ab8063a471e,SS,Pure substances have a constant composition and can only be changed by what?,carbon dioxide,I will give a direct response to the question. The requested answer is carbon dioxide.,A,-1.796875,13.6875,-15.484375,1.884609169933469e-07,B,False
T5,3d13ddd9f6cad6c1c863e4fbdaa8409a5c0dfafcc2eea2766fabd1b1c6e015d6,OO,What do plant cells have in addition to a cell wall and a large central vacuole?,plastids,I will give a direct response to the question. The requested answer is plastids.,A,16.5,6.71875,9.78125,0.9999435020667163,A,True
T5,3d13ddd9f6cad6c1c863e4fbdaa8409a5c0dfafcc2eea2766fabd1b1c6e015d6,OS,What do plant cells have in addition to a cell wall and a large central vacuole?,plastids,I will give a direct response to the question. The requested answer is nutrients.,B,-5.3125,14.4375,-19.75,2.646573631904765e-09,B,True
T5,3d13ddd9f6cad6c1c863e4fbdaa8409a5c0dfafcc2eea2766fabd1b1c6e015d6,SO,What do plant cells have in addition to a cell wall and a large central vacuole?,nutrients,I will give a direct response to the question. The requested answer is plastids.,B,-4.25,14.3125,-18.5625,8.677780804233224e-09,B,True
T5,3d13ddd9f6cad6c1c863e4fbdaa8409a5c0dfafcc2eea2766fabd1b1c6e015d6,SS,What do plant cells have in addition to a cell wall and a large central vacuole?,nutrients,I will give a direct response to the question. The requested answer is nutrients.,A,10.375,17.125,-6.75,0.0011695102650555148,B,False
T5,3d63d7febc2e16bbd6a1ae6283266aae607bf41661d0ebe4b433e6bbf8b36422,OO,"Color blindness, hemophilia and muscular dystrophy are three x-linked what?",phenotypes,I will give a direct response to the question. The requested answer is phenotypes.,A,15.4375,13.5,1.9375,0.8740772351648677,A,True
T5,3d63d7febc2e16bbd6a1ae6283266aae607bf41661d0ebe4b433e6bbf8b36422,OS,"Color blindness, hemophilia and muscular dystrophy are three x-linked what?",phenotypes,I will give a direct response to the question. The requested answer is cilia.,B,-6.1875,13.875,-20.0625,1.9362746336349366e-09,B,True
T5,3d63d7febc2e16bbd6a1ae6283266aae607bf41661d0ebe4b433e6bbf8b36422,SO,"Color blindness, hemophilia and muscular dystrophy are three x-linked what?",cilia,I will give a direct response to the question. The requested answer is phenotypes.,B,-5.34375,13.5625,-18.90625,6.1534680336516355e-09,B,True
T5,3d63d7febc2e16bbd6a1ae6283266aae607bf41661d0ebe4b433e6bbf8b36422,SS,"Color blindness, hemophilia and muscular dystrophy are three x-linked what?",cilia,I will give a direct response to the question. The requested answer is cilia.,A,-0.00156402587890625,14.5625,-14.564064025878906,4.73050116780365e-07,B,False
T5,3dd056aadf1ba84092fcc9b21ef87dd26564c3486de97f4306b599e30773fdc6,OO,Unsaturated hydrocarbons with at least one triple bond are known as?,alkynes,I will give a direct response to the question. The requested answer is alkynes.,A,16.125,4.28125,11.84375,0.9999928167396002,A,True
T5,3dd056aadf1ba84092fcc9b21ef87dd26564c3486de97f4306b599e30773fdc6,OS,Unsaturated hydrocarbons with at least one triple bond are known as?,alkynes,I will give a direct response to the question. The requested answer is adhesion.,B,-6.0625,15.1875,-21.25,5.905303995456778e-10,B,True
T5,3dd056aadf1ba84092fcc9b21ef87dd26564c3486de97f4306b599e30773fdc6,SO,Unsaturated hydrocarbons with at least one triple bond are known as?,adhesion,I will give a direct response to the question. The requested answer is alkynes.,B,-1.9921875,14.6875,-16.6796875,5.7030047605693435e-08,B,True
T5,3dd056aadf1ba84092fcc9b21ef87dd26564c3486de97f4306b599e30773fdc6,SS,Unsaturated hydrocarbons with at least one triple bond are known as?,adhesion,I will give a direct response to the question. The requested answer is adhesion.,A,1.515625,16.875,-15.359375,2.135541911957916e-07,B,False
T5,3eb632ea98f9fce2b2a44308e6ff72c9c6ae3b443f9d0183474b60876eccb773,OO,What forms when one substance dissolves into another?,solution,I will give a direct response to the question. The requested answer is solution.,A,17.875,12.0625,5.8125,0.9970189672701452,A,True
T5,3eb632ea98f9fce2b2a44308e6ff72c9c6ae3b443f9d0183474b60876eccb773,OS,What forms when one substance dissolves into another?,solution,I will give a direct response to the question. The requested answer is seeds.,B,-5.125,13.625,-18.75,7.194132978569834e-09,B,True
T5,3eb632ea98f9fce2b2a44308e6ff72c9c6ae3b443f9d0183474b60876eccb773,SO,What forms when one substance dissolves into another?,seeds,I will give a direct response to the question. The requested answer is solution.,B,-2.796875,13.75,-16.546875,6.513035816764148e-08,B,True
T5,3eb632ea98f9fce2b2a44308e6ff72c9c6ae3b443f9d0183474b60876eccb773,SS,What forms when one substance dissolves into another?,seeds,I will give a direct response to the question. The requested answer is seeds.,A,3.296875,15.6875,-12.390625,4.157364752513334e-06,B,False
T5,3ee096de72cb3b0dfd08b81812498b3c90600256873b702dfe6c8228f2c9c0a4,OO,What does the aqueous fluid between the chloroplast membrane and the grana known as?,stroma,I will give a direct response to the question. The requested answer is stroma.,A,15.875,3.015625,12.859375,0.9999973983835683,A,True
T5,3ee096de72cb3b0dfd08b81812498b3c90600256873b702dfe6c8228f2c9c0a4,OS,What does the aqueous fluid between the chloroplast membrane and the grana known as?,stroma,I will give a direct response to the question. The requested answer is kinetic.,B,-5.84375,13.9375,-19.78125,2.5651471217397316e-09,B,True
T5,3ee096de72cb3b0dfd08b81812498b3c90600256873b702dfe6c8228f2c9c0a4,SO,What does the aqueous fluid between the chloroplast membrane and the grana known as?,kinetic,I will give a direct response to the question. The requested answer is stroma.,B,-3.921875,14.375,-18.296875,1.1317959786177535e-08,B,True
T5,3ee096de72cb3b0dfd08b81812498b3c90600256873b702dfe6c8228f2c9c0a4,SS,What does the aqueous fluid between the chloroplast membrane and the grana known as?,kinetic,I will give a direct response to the question. The requested answer is kinetic.,A,8.5625,18.125,-9.5625,7.031184266914956e-05,B,False
T5,3f4368f134d45f2838ffaafce8c9a314e61a3bcb5d4e22c3fd0f72b73d01aa8a,OO,What can have complex effects on soil nutrient concentrations?,prokaryotes,I will give a direct response to the question. The requested answer is prokaryotes.,A,16.625,7.625,9.0,0.9998766054240137,A,True
T5,3f4368f134d45f2838ffaafce8c9a314e61a3bcb5d4e22c3fd0f72b73d01aa8a,OS,What can have complex effects on soil nutrient concentrations?,prokaryotes,I will give a direct response to the question. The requested answer is smooth muscle.,B,-3.59375,15.5,-19.09375,5.1014041830565e-09,B,True
T5,3f4368f134d45f2838ffaafce8c9a314e61a3bcb5d4e22c3fd0f72b73d01aa8a,SO,What can have complex effects on soil nutrient concentrations?,smooth muscle,I will give a direct response to the question. The requested answer is prokaryotes.,B,1.5,15.125,-13.625,1.2098656835274182e-06,B,True
T5,3f4368f134d45f2838ffaafce8c9a314e61a3bcb5d4e22c3fd0f72b73d01aa8a,SS,What can have complex effects on soil nutrient concentrations?,smooth muscle,I will give a direct response to the question. The requested answer is smooth muscle.,A,8.4375,17.625,-9.1875,0.00010229985472581486,B,False
T5,3f7112327a3cfef5de23e93e4a1880826ae70b39c367298aad1f40d9c3d98af2,OO,Both the initiation and inhibition of cell division are triggered by events external to the cell when it is about to begin which process?,replication,I will give a direct response to the question. The requested answer is replication.,A,16.75,13.3125,3.4375,0.9688561694652216,A,True
T5,3f7112327a3cfef5de23e93e4a1880826ae70b39c367298aad1f40d9c3d98af2,OS,Both the initiation and inhibition of cell division are triggered by events external to the cell when it is about to begin which process?,replication,I will give a direct response to the question. The requested answer is interkinesis.,B,-4.09375,14.4375,-18.53125,8.953243134023608e-09,B,True
T5,3f7112327a3cfef5de23e93e4a1880826ae70b39c367298aad1f40d9c3d98af2,SO,Both the initiation and inhibition of cell division are triggered by events external to the cell when it is about to begin which process?,interkinesis,I will give a direct response to the question. The requested answer is replication.,B,-1.90625,14.625,-16.53125,6.615601200035879e-08,B,True
T5,3f7112327a3cfef5de23e93e4a1880826ae70b39c367298aad1f40d9c3d98af2,SS,Both the initiation and inhibition of cell division are triggered by events external to the cell when it is about to begin which process?,interkinesis,I will give a direct response to the question. The requested answer is interkinesis.,A,15.5,15.5625,-0.0625,0.4843800842769844,B,False
T5,406903d1cda4ad5f13b43d25e0af38e781a94521fedb3f39765befa05ecf9299,OO,Earthquakes occur most often at which natural feature?,plate boundaries,I will give a direct response to the question. The requested answer is plate boundaries.,A,17.0,9.1875,7.8125,0.9995955185021579,A,True
T5,406903d1cda4ad5f13b43d25e0af38e781a94521fedb3f39765befa05ecf9299,OS,Earthquakes occur most often at which natural feature?,plate boundaries,I will give a direct response to the question. The requested answer is fatty acids.,B,-4.34375,15.3125,-19.65625,2.9066924918954316e-09,B,True
T5,406903d1cda4ad5f13b43d25e0af38e781a94521fedb3f39765befa05ecf9299,SO,Earthquakes occur most often at which natural feature?,fatty acids,I will give a direct response to the question. The requested answer is plate boundaries.,B,1.5703125,15.8125,-14.2421875,6.526739438426098e-07,B,True
T5,406903d1cda4ad5f13b43d25e0af38e781a94521fedb3f39765befa05ecf9299,SS,Earthquakes occur most often at which natural feature?,fatty acids,I will give a direct response to the question. The requested answer is fatty acids.,A,-0.126953125,15.8125,-15.939453125,1.195593131263481e-07,B,False
T5,41488a0975678237b0b358441e37e50020b7824ca58dc2ad8b6b05dbf1dce1e4,OO,"What phylum includes sponges, which are aquatic invertebrates?",porifera,I will give a direct response to the question. The requested answer is porifera.,A,17.5,4.3125,13.1875,0.9999981261246162,A,True
T5,41488a0975678237b0b358441e37e50020b7824ca58dc2ad8b6b05dbf1dce1e4,OS,"What phylum includes sponges, which are aquatic invertebrates?",porifera,I will give a direct response to the question. The requested answer is volcanic winter.,B,-5.71875,15.6875,-21.40625,5.051074179275286e-10,B,True
T5,41488a0975678237b0b358441e37e50020b7824ca58dc2ad8b6b05dbf1dce1e4,SO,"What phylum includes sponges, which are aquatic invertebrates?",volcanic winter,I will give a direct response to the question. The requested answer is porifera.,B,9.875,16.0,-6.125,0.0021827164453451808,B,True
T5,41488a0975678237b0b358441e37e50020b7824ca58dc2ad8b6b05dbf1dce1e4,SS,"What phylum includes sponges, which are aquatic invertebrates?",volcanic winter,I will give a direct response to the question. The requested answer is volcanic winter.,A,0.3984375,16.625,-16.2265625,8.972085571517908e-08,B,False
T5,41972e19b17353b471daa83ca263985b90734a684c6cf04de158ceba557bba20,OO,What is the remarkable ring of light around the sun called?,corona,I will give a direct response to the question. The requested answer is corona.,A,16.25,5.9375,10.3125,0.9999667858050522,A,True
T5,41972e19b17353b471daa83ca263985b90734a684c6cf04de158ceba557bba20,OS,What is the remarkable ring of light around the sun called?,corona,I will give a direct response to the question. The requested answer is chordata.,B,-7.28125,13.5,-20.78125,9.43664891198282e-10,B,True
T5,41972e19b17353b471daa83ca263985b90734a684c6cf04de158ceba557bba20,SO,What is the remarkable ring of light around the sun called?,chordata,I will give a direct response to the question. The requested answer is corona.,B,-0.796875,14.875,-15.671875,1.5623959286071137e-07,B,True
T5,41972e19b17353b471daa83ca263985b90734a684c6cf04de158ceba557bba20,SS,What is the remarkable ring of light around the sun called?,chordata,I will give a direct response to the question. The requested answer is chordata.,A,-0.330078125,14.25,-14.580078125,4.6553498349713204e-07,B,False
T5,41bd5c2285dcb3536e999fcd7e2cde21de5cfa8bb2e9842810c6ae8f29e05588,OO,Many replication forks develop along a what?,chromosome,I will give a direct response to the question. The requested answer is chromosome.,A,16.375,5.875,10.5,0.9999724643088853,A,True
T5,41bd5c2285dcb3536e999fcd7e2cde21de5cfa8bb2e9842810c6ae8f29e05588,OS,Many replication forks develop along a what?,chromosome,I will give a direct response to the question. The requested answer is population.,B,-5.21875,14.375,-19.59375,3.094158050820784e-09,B,True
T5,41bd5c2285dcb3536e999fcd7e2cde21de5cfa8bb2e9842810c6ae8f29e05588,SO,Many replication forks develop along a what?,population,I will give a direct response to the question. The requested answer is chromosome.,B,-2.90625,14.5625,-17.46875,2.590706758057049e-08,B,True
T5,41bd5c2285dcb3536e999fcd7e2cde21de5cfa8bb2e9842810c6ae8f29e05588,SS,Many replication forks develop along a what?,population,I will give a direct response to the question. The requested answer is population.,A,9.25,15.9375,-6.6875,0.0012448433020883745,B,False
T5,41f4f125f31ef8e2c24b2b54d17e9ec1332933a5182bb658df2b71e74210f07a,OO,What kind of feeders are sponges?,filter feeders,I will give a direct response to the question. The requested answer is filter feeders.,A,17.375,6.4375,10.9375,0.9999822214481369,A,True
T5,41f4f125f31ef8e2c24b2b54d17e9ec1332933a5182bb658df2b71e74210f07a,OS,What kind of feeders are sponges?,filter feeders,I will give a direct response to the question. The requested answer is equator.,B,-4.75,15.25,-20.0,2.0611536181902037e-09,B,True
T5,41f4f125f31ef8e2c24b2b54d17e9ec1332933a5182bb658df2b71e74210f07a,SO,What kind of feeders are sponges?,equator,I will give a direct response to the question. The requested answer is filter feeders.,B,-3.5,15.3125,-18.8125,6.758262498631447e-09,B,True
T5,41f4f125f31ef8e2c24b2b54d17e9ec1332933a5182bb658df2b71e74210f07a,SS,What kind of feeders are sponges?,equator,I will give a direct response to the question. The requested answer is equator.,A,4.40625,17.25,-12.84375,2.642585820842653e-06,B,False
T5,425597e7c6465516510ec8386f5266b416983270bf2da29be80104b652ec25af,OO,Electric motors transform electrical energy into what other form of energy?,kinetic,I will give a direct response to the question. The requested answer is kinetic.,A,16.0,5.75,10.25,0.9999646437492582,A,True
T5,425597e7c6465516510ec8386f5266b416983270bf2da29be80104b652ec25af,OS,Electric motors transform electrical energy into what other form of energy?,kinetic,I will give a direct response to the question. The requested answer is mutation.,B,-6.15625,15.0625,-21.21875,6.092758466476431e-10,B,True
T5,425597e7c6465516510ec8386f5266b416983270bf2da29be80104b652ec25af,SO,Electric motors transform electrical energy into what other form of energy?,mutation,I will give a direct response to the question. The requested answer is kinetic.,B,0.6796875,13.9375,-13.2578125,1.746644137700545e-06,B,True
T5,425597e7c6465516510ec8386f5266b416983270bf2da29be80104b652ec25af,SS,Electric motors transform electrical energy into what other form of energy?,mutation,I will give a direct response to the question. The requested answer is mutation.,A,-2.28125,15.25,-17.53125,2.4337437742580198e-08,B,False
T5,4271cfe8b61a8a3393e85c06aa38d43ea9b075538d57c363e9ce3260328b75b4,OO,Fungi that reproduce sexually create what?,a zygospore,I will give a direct response to the question. The requested answer is a zygospore.,A,16.875,11.5,5.375,0.9953904278206259,A,True
T5,4271cfe8b61a8a3393e85c06aa38d43ea9b075538d57c363e9ce3260328b75b4,OS,Fungi that reproduce sexually create what?,a zygospore,I will give a direct response to the question. The requested answer is geotropism.,B,-6.90625,14.6875,-21.59375,4.187487573070005e-10,B,True
T5,4271cfe8b61a8a3393e85c06aa38d43ea9b075538d57c363e9ce3260328b75b4,SO,Fungi that reproduce sexually create what?,geotropism,I will give a direct response to the question. The requested answer is a zygospore.,B,5.0625,14.75,-9.6875,6.205049602300743e-05,B,True
T5,4271cfe8b61a8a3393e85c06aa38d43ea9b075538d57c363e9ce3260328b75b4,SS,Fungi that reproduce sexually create what?,geotropism,I will give a direct response to the question. The requested answer is geotropism.,A,2.640625,15.375,-12.734375,2.948016613843445e-06,B,False
T5,439ffe75992797ee13316de00c9d6aa9971cb83d549d64af220f741dded7b4d2,OO,"What are an important predators of mosquitoes, that can be used to control this pest?",dragonflies,I will give a direct response to the question. The requested answer is dragonflies.,A,17.125,5.9375,11.1875,0.9999861539954363,A,True
T5,439ffe75992797ee13316de00c9d6aa9971cb83d549d64af220f741dded7b4d2,OS,"What are an important predators of mosquitoes, that can be used to control this pest?",dragonflies,I will give a direct response to the question. The requested answer is myoglobin.,B,-6.0,14.625,-20.625,1.10325603112638e-09,B,True
T5,439ffe75992797ee13316de00c9d6aa9971cb83d549d64af220f741dded7b4d2,SO,"What are an important predators of mosquitoes, that can be used to control this pest?",myoglobin,I will give a direct response to the question. The requested answer is dragonflies.,B,-0.376953125,14.9375,-15.314453125,2.2336618023472454e-07,B,True
T5,439ffe75992797ee13316de00c9d6aa9971cb83d549d64af220f741dded7b4d2,SS,"What are an important predators of mosquitoes, that can be used to control this pest?",myoglobin,I will give a direct response to the question. The requested answer is myoglobin.,A,0.9765625,16.0,-15.0234375,2.988160115886474e-07,B,False
T5,47ccd792c57b9a4d617bbe4826f0c86753850106491369e516ebbb767746ddec,OO,What law states that matter cannot be created or destroyed even when it changes?,conservation of mass,I will give a direct response to the question. The requested answer is conservation of mass.,A,17.125,7.375,9.75,0.9999417087343389,A,True
T5,47ccd792c57b9a4d617bbe4826f0c86753850106491369e516ebbb767746ddec,OS,What law states that matter cannot be created or destroyed even when it changes?,conservation of mass,I will give a direct response to the question. The requested answer is speed of sound.,B,-4.875,15.3125,-20.1875,1.7087563671247272e-09,B,True
T5,47ccd792c57b9a4d617bbe4826f0c86753850106491369e516ebbb767746ddec,SO,What law states that matter cannot be created or destroyed even when it changes?,speed of sound,I will give a direct response to the question. The requested answer is conservation of mass.,B,3.625,15.0,-11.375,1.1478768127080351e-05,B,True
T5,47ccd792c57b9a4d617bbe4826f0c86753850106491369e516ebbb767746ddec,SS,What law states that matter cannot be created or destroyed even when it changes?,speed of sound,I will give a direct response to the question. The requested answer is speed of sound.,A,-0.9453125,14.9375,-15.8828125,1.265266819484391e-07,B,False
T5,4ac100f8d53d9f95785c499a24bff4d96fdeced0966b21ee7403971c9268cd5a,OO,Ionic bonds are formed between which ions?,with opposite charges,I will give a direct response to the question. The requested answer is with opposite charges.,A,16.875,7.625,9.25,0.9999038975845005,A,True
T5,4ac100f8d53d9f95785c499a24bff4d96fdeced0966b21ee7403971c9268cd5a,OS,Ionic bonds are formed between which ions?,with opposite charges,I will give a direct response to the question. The requested answer is gravitational.,B,-3.6875,14.9375,-18.625,8.152020648014727e-09,B,True
T5,4ac100f8d53d9f95785c499a24bff4d96fdeced0966b21ee7403971c9268cd5a,SO,Ionic bonds are formed between which ions?,gravitational,I will give a direct response to the question. The requested answer is with opposite charges.,B,-0.875,14.25,-15.125,2.6995777745908016e-07,B,True
T5,4ac100f8d53d9f95785c499a24bff4d96fdeced0966b21ee7403971c9268cd5a,SS,Ionic bonds are formed between which ions?,gravitational,I will give a direct response to the question. The requested answer is gravitational.,A,1.9921875,16.125,-14.1328125,7.281103445070069e-07,B,False
T5,4c22a7020fcc075f9f948b5b4c877ceab447932756009ccd5e0296cb1c4146fd,OO,What are atoms of the same element but with different numbers of neutrons called?,isotopes,I will give a direct response to the question. The requested answer is isotopes.,A,16.25,4.78125,11.46875,0.9999895484519483,A,True
T5,4c22a7020fcc075f9f948b5b4c877ceab447932756009ccd5e0296cb1c4146fd,OS,What are atoms of the same element but with different numbers of neutrons called?,isotopes,I will give a direct response to the question. The requested answer is plucking.,B,-6.0625,15.3125,-21.375,5.211412485172657e-10,B,True
T5,4c22a7020fcc075f9f948b5b4c877ceab447932756009ccd5e0296cb1c4146fd,SO,What are atoms of the same element but with different numbers of neutrons called?,plucking,I will give a direct response to the question. The requested answer is isotopes.,B,-4.9375,14.8125,-19.75,2.646573631904765e-09,B,True
T5,4c22a7020fcc075f9f948b5b4c877ceab447932756009ccd5e0296cb1c4146fd,SS,What are atoms of the same element but with different numbers of neutrons called?,plucking,I will give a direct response to the question. The requested answer is plucking.,A,5.5,17.875,-12.375,4.222833444659923e-06,B,False
T5,50e89b0ddd95fe081a170155268d88b5637809604696c7a6f1e8c642f2b54c5a,OO,Nitrogen & sulfur oxide combine with rain to form what?,acid rain,I will give a direct response to the question. The requested answer is acid rain.,A,16.375,5.5,10.875,0.999981074851754,A,True
T5,50e89b0ddd95fe081a170155268d88b5637809604696c7a6f1e8c642f2b54c5a,OS,Nitrogen & sulfur oxide combine with rain to form what?,acid rain,I will give a direct response to the question. The requested answer is cancer.,B,-5.90625,15.125,-21.03125,7.349269563756213e-10,B,True
T5,50e89b0ddd95fe081a170155268d88b5637809604696c7a6f1e8c642f2b54c5a,SO,Nitrogen & sulfur oxide combine with rain to form what?,cancer,I will give a direct response to the question. The requested answer is acid rain.,B,-2.140625,14.0,-16.140625,9.777224459584924e-08,B,True
T5,50e89b0ddd95fe081a170155268d88b5637809604696c7a6f1e8c642f2b54c5a,SS,Nitrogen & sulfur oxide combine with rain to form what?,cancer,I will give a direct response to the question. The requested answer is cancer.,A,-1.515625,13.6875,-15.203125,2.4967013516673425e-07,B,False
T5,510f55edebf39d8098e25f20bf735eb0ce82fee4ce7abf755d8d378d0ae4f9c5,OO,What's the name for an organic compound in which halogen atoms are substituted for hydrogen in a hydrocarbon?,alkyl halide,I will give a direct response to the question. The requested answer is alkyl halide.,A,16.25,5.4375,10.8125,0.999979854309147,A,True
T5,510f55edebf39d8098e25f20bf735eb0ce82fee4ce7abf755d8d378d0ae4f9c5,OS,What's the name for an organic compound in which halogen atoms are substituted for hydrogen in a hydrocarbon?,alkyl halide,I will give a direct response to the question. The requested answer is reactions.,B,-5.5,15.125,-20.625,1.10325603112638e-09,B,True
T5,510f55edebf39d8098e25f20bf735eb0ce82fee4ce7abf755d8d378d0ae4f9c5,SO,What's the name for an organic compound in which halogen atoms are substituted for hydrogen in a hydrocarbon?,reactions,I will give a direct response to the question. The requested answer is alkyl halide.,B,4.28125,14.9375,-10.65625,2.3552618543037957e-05,B,True
T5,510f55edebf39d8098e25f20bf735eb0ce82fee4ce7abf755d8d378d0ae4f9c5,SS,What's the name for an organic compound in which halogen atoms are substituted for hydrogen in a hydrocarbon?,reactions,I will give a direct response to the question. The requested answer is reactions.,A,-0.53125,15.9375,-16.46875,7.042270789801305e-08,B,False
T5,52aba3c550dabe11b7e047ff5a4addc223e7b2d24ee14924ca69cfc2dae3b724,OO,"Melting glaciers, rising temperatures and droughts are all impacts of what?",global warming,I will give a direct response to the question. The requested answer is global warming.,A,16.625,6.84375,9.78125,0.9999435020667163,A,True
T5,52aba3c550dabe11b7e047ff5a4addc223e7b2d24ee14924ca69cfc2dae3b724,OS,"Melting glaciers, rising temperatures and droughts are all impacts of what?",global warming,I will give a direct response to the question. The requested answer is impulse.,B,-6.25,14.5,-20.75,9.736200303530205e-10,B,True
T5,52aba3c550dabe11b7e047ff5a4addc223e7b2d24ee14924ca69cfc2dae3b724,SO,"Melting glaciers, rising temperatures and droughts are all impacts of what?",impulse,I will give a direct response to the question. The requested answer is global warming.,B,-1.0078125,15.0,-16.0078125,1.1165940657387509e-07,B,True
T5,52aba3c550dabe11b7e047ff5a4addc223e7b2d24ee14924ca69cfc2dae3b724,SS,"Melting glaciers, rising temperatures and droughts are all impacts of what?",impulse,I will give a direct response to the question. The requested answer is impulse.,A,0.388671875,17.5,-17.111328125,3.703775044875423e-08,B,False
T5,53a9a275a436d8bd4aa6f496fd454816a1ff515b21770e062f15a0df2cb4322d,OO,"The classes anthozoa, scyphozoa, cubozoa, and hydrozoa make up what phylum?",cnidaria,I will give a direct response to the question. The requested answer is cnidaria.,A,16.375,5.125,11.25,0.9999869928715335,A,True
T5,53a9a275a436d8bd4aa6f496fd454816a1ff515b21770e062f15a0df2cb4322d,OS,"The classes anthozoa, scyphozoa, cubozoa, and hydrozoa make up what phylum?",cnidaria,I will give a direct response to the question. The requested answer is rocks.,B,-3.453125,15.0625,-18.515625,9.094236196521731e-09,B,True
T5,53a9a275a436d8bd4aa6f496fd454816a1ff515b21770e062f15a0df2cb4322d,SO,"The classes anthozoa, scyphozoa, cubozoa, and hydrozoa make up what phylum?",rocks,I will give a direct response to the question. The requested answer is cnidaria.,B,0.291015625,14.375,-14.083984375,7.645448560844614e-07,B,True
T5,53a9a275a436d8bd4aa6f496fd454816a1ff515b21770e062f15a0df2cb4322d,SS,"The classes anthozoa, scyphozoa, cubozoa, and hydrozoa make up what phylum?",rocks,I will give a direct response to the question. The requested answer is rocks.,A,6.1875,16.25,-10.0625,4.264746818557913e-05,B,False
T5,55bfeb38bb86d674bb85783339e06d4ca643b0f5c853ac48be50f1c5d7d61737,OO,"What do we call the phase of nuclear division, in which one nucleus divides and becomes two nuclei?",mitosis,I will give a direct response to the question. The requested answer is mitosis.,A,17.375,10.6875,6.6875,0.9987551566979116,A,True
T5,55bfeb38bb86d674bb85783339e06d4ca643b0f5c853ac48be50f1c5d7d61737,OS,"What do we call the phase of nuclear division, in which one nucleus divides and becomes two nuclei?",mitosis,I will give a direct response to the question. The requested answer is raise sea levels.,B,-6.84375,14.4375,-21.28125,5.723616892186642e-10,B,True
T5,55bfeb38bb86d674bb85783339e06d4ca643b0f5c853ac48be50f1c5d7d61737,SO,"What do we call the phase of nuclear division, in which one nucleus divides and becomes two nuclei?",raise sea levels,I will give a direct response to the question. The requested answer is mitosis.,B,-3.0625,14.25,-17.3125,3.0288430461900305e-08,B,True
T5,55bfeb38bb86d674bb85783339e06d4ca643b0f5c853ac48be50f1c5d7d61737,SS,"What do we call the phase of nuclear division, in which one nucleus divides and becomes two nuclei?",raise sea levels,I will give a direct response to the question. The requested answer is raise sea levels.,A,-3.09375,15.125,-18.21875,1.2237632371944107e-08,B,False
T5,56295692530fff758ebf02124a935e66aace3d3a9b0fb05e6722c4c59406320d,OO,Mutations in what type of regulatory gene can cause misplacement of structures in an animal?,homeotic,I will give a direct response to the question. The requested answer is homeotic.,A,17.25,12.0,5.25,0.9947798743064417,A,True
T5,56295692530fff758ebf02124a935e66aace3d3a9b0fb05e6722c4c59406320d,OS,Mutations in what type of regulatory gene can cause misplacement of structures in an animal?,homeotic,I will give a direct response to the question. The requested answer is lipid-soluble hormones.,B,-6.46875,14.8125,-21.28125,5.723616892186642e-10,B,True
T5,56295692530fff758ebf02124a935e66aace3d3a9b0fb05e6722c4c59406320d,SO,Mutations in what type of regulatory gene can cause misplacement of structures in an animal?,lipid-soluble hormones,I will give a direct response to the question. The requested answer is homeotic.,B,-3.390625,14.9375,-18.328125,1.0969742775049896e-08,B,True
T5,56295692530fff758ebf02124a935e66aace3d3a9b0fb05e6722c4c59406320d,SS,Mutations in what type of regulatory gene can cause misplacement of structures in an animal?,lipid-soluble hormones,I will give a direct response to the question. The requested answer is lipid-soluble hormones.,A,10.125,16.75,-6.625,0.0013250224172131609,B,False
T5,56b5b5d57e2db717fd38c32b39134d4a952db244beb8ba70c8bb0c9abcfbff87,OO,Bases turn red litmus paper which color?,blue,I will give a direct response to the question. The requested answer is blue.,A,16.0,9.0,7.0,0.9990889488055994,A,True
T5,56b5b5d57e2db717fd38c32b39134d4a952db244beb8ba70c8bb0c9abcfbff87,OS,Bases turn red litmus paper which color?,blue,I will give a direct response to the question. The requested answer is lifestyle diseases.,B,-4.65625,15.25,-19.90625,2.2637343902914214e-09,B,True
T5,56b5b5d57e2db717fd38c32b39134d4a952db244beb8ba70c8bb0c9abcfbff87,SO,Bases turn red litmus paper which color?,lifestyle diseases,I will give a direct response to the question. The requested answer is blue.,B,-2.53125,13.8125,-16.34375,7.979938176715761e-08,B,True
T5,56b5b5d57e2db717fd38c32b39134d4a952db244beb8ba70c8bb0c9abcfbff87,SS,Bases turn red litmus paper which color?,lifestyle diseases,I will give a direct response to the question. The requested answer is lifestyle diseases.,A,-1.0078125,15.625,-16.6328125,5.976697657176895e-08,B,False
T5,58216f6a2c4312095699a92dde2ec6bc05825a71c6fd9a3b626ee32be792f58c,OO,"Cells of what category of organisms can be organized at the level of cells, tissues, organs, and organ systems?",multicellular,I will give a direct response to the question. The requested answer is multicellular.,A,17.375,10.5625,6.8125,0.9989012689270753,A,True
T5,58216f6a2c4312095699a92dde2ec6bc05825a71c6fd9a3b626ee32be792f58c,OS,"Cells of what category of organisms can be organized at the level of cells, tissues, organs, and organ systems?",multicellular,I will give a direct response to the question. The requested answer is filter feeders.,B,-4.0,14.9375,-18.9375,5.9641457266321095e-09,B,True
T5,58216f6a2c4312095699a92dde2ec6bc05825a71c6fd9a3b626ee32be792f58c,SO,"Cells of what category of organisms can be organized at the level of cells, tissues, organs, and organ systems?",filter feeders,I will give a direct response to the question. The requested answer is multicellular.,B,3.28125,15.0,-11.71875,8.139692624947503e-06,B,True
T5,58216f6a2c4312095699a92dde2ec6bc05825a71c6fd9a3b626ee32be792f58c,SS,"Cells of what category of organisms can be organized at the level of cells, tissues, organs, and organ systems?",filter feeders,I will give a direct response to the question. The requested answer is filter feeders.,A,10.625,16.75,-6.125,0.0021827164453451808,B,False
T5,5853dac42c8100da6718a861125bb63c48ba2105a68839a98f110fcb506f21e8,OO,What is the term for the transfer of heat by a current?,convection,I will give a direct response to the question. The requested answer is convection.,A,17.125,8.0,9.125,0.9998911030899734,A,True
T5,5853dac42c8100da6718a861125bb63c48ba2105a68839a98f110fcb506f21e8,OS,What is the term for the transfer of heat by a current?,convection,I will give a direct response to the question. The requested answer is radioactive.,B,-4.4375,13.9375,-18.375,1.0467401685178159e-08,B,True
T5,5853dac42c8100da6718a861125bb63c48ba2105a68839a98f110fcb506f21e8,SO,What is the term for the transfer of heat by a current?,radioactive,I will give a direct response to the question. The requested answer is convection.,B,-3.09375,14.6875,-17.78125,1.895401567391049e-08,B,True
T5,5853dac42c8100da6718a861125bb63c48ba2105a68839a98f110fcb506f21e8,SS,What is the term for the transfer of heat by a current?,radioactive,I will give a direct response to the question. The requested answer is radioactive.,A,7.9375,14.5625,-6.625,0.0013250224172131609,B,False
T5,59b21d2adbc8aeb7d1272b57f94d07d961cf8112476bac3dc3965706527a80b5,OO,Mammalian sex determination is determined genetically by the presence of chromosomes identified by what letters?,x and y,I will give a direct response to the question. The requested answer is x and y.,A,16.5,17.25,-0.75,0.320821300824607,B,False
T5,59b21d2adbc8aeb7d1272b57f94d07d961cf8112476bac3dc3965706527a80b5,OS,Mammalian sex determination is determined genetically by the presence of chromosomes identified by what letters?,x and y,I will give a direct response to the question. The requested answer is torr.,B,-6.8125,14.625,-21.4375,4.895668964435012e-10,B,True
T5,59b21d2adbc8aeb7d1272b57f94d07d961cf8112476bac3dc3965706527a80b5,SO,Mammalian sex determination is determined genetically by the presence of chromosomes identified by what letters?,torr,I will give a direct response to the question. The requested answer is x and y.,B,0.7421875,13.9375,-13.1953125,1.859292796836363e-06,B,True
T5,59b21d2adbc8aeb7d1272b57f94d07d961cf8112476bac3dc3965706527a80b5,SS,Mammalian sex determination is determined genetically by the presence of chromosomes identified by what letters?,torr,I will give a direct response to the question. The requested answer is torr.,A,2.546875,16.0,-13.453125,1.4367507224078596e-06,B,False
T5,5aebcd3347946c824254e282941f2290d2f5558c9ff4d18b116fe12bc6432466,OO,What is the term for the distance between any two corresponding points on adjacent waves?,wavelength,I will give a direct response to the question. The requested answer is wavelength.,A,16.5,7.375,9.125,0.9998911030899734,A,True
T5,5aebcd3347946c824254e282941f2290d2f5558c9ff4d18b116fe12bc6432466,OS,What is the term for the distance between any two corresponding points on adjacent waves?,wavelength,I will give a direct response to the question. The requested answer is circulatory system.,B,-6.8125,15.1875,-22.0,2.7894680920908113e-10,B,True
T5,5aebcd3347946c824254e282941f2290d2f5558c9ff4d18b116fe12bc6432466,SO,What is the term for the distance between any two corresponding points on adjacent waves?,circulatory system,I will give a direct response to the question. The requested answer is wavelength.,B,-1.7265625,14.75,-16.4765625,6.987467407556356e-08,B,True
T5,5aebcd3347946c824254e282941f2290d2f5558c9ff4d18b116fe12bc6432466,SS,What is the term for the distance between any two corresponding points on adjacent waves?,circulatory system,I will give a direct response to the question. The requested answer is circulatory system.,A,-2.984375,14.75,-17.734375,1.9863637860272008e-08,B,False
T5,5af325bc6e29771297a7d9b3b33082db45f759378a47f70408b80e536f8173a8,OO,The seven bones of the ankle are called the what?,tarsals,I will give a direct response to the question. The requested answer is tarsals.,A,14.9375,3.8125,11.125,0.9999852610180254,A,True
T5,5af325bc6e29771297a7d9b3b33082db45f759378a47f70408b80e536f8173a8,OS,The seven bones of the ankle are called the what?,tarsals,I will give a direct response to the question. The requested answer is oxygen.,B,-5.78125,14.3125,-20.09375,1.8767017261042883e-09,B,True
T5,5af325bc6e29771297a7d9b3b33082db45f759378a47f70408b80e536f8173a8,SO,The seven bones of the ankle are called the what?,oxygen,I will give a direct response to the question. The requested answer is tarsals.,B,-2.5625,14.9375,-17.5,2.5109990926928157e-08,B,True
T5,5af325bc6e29771297a7d9b3b33082db45f759378a47f70408b80e536f8173a8,SS,The seven bones of the ankle are called the what?,oxygen,I will give a direct response to the question. The requested answer is oxygen.,A,0.625,15.6875,-15.0625,2.8736855324366057e-07,B,False
T5,5c17097227a0fb55737cf52c70ec318d3ba1110d71a8c71b697802393b2c64df,OO,What level is a feeding position in a food chain or web?,trophic,I will give a direct response to the question. The requested answer is trophic.,A,17.25,6.21875,11.03125,0.9999838124185639,A,True
T5,5c17097227a0fb55737cf52c70ec318d3ba1110d71a8c71b697802393b2c64df,OS,What level is a feeding position in a food chain or web?,trophic,I will give a direct response to the question. The requested answer is aquatic.,B,-5.78125,14.25,-20.03125,1.997738588237797e-09,B,True
T5,5c17097227a0fb55737cf52c70ec318d3ba1110d71a8c71b697802393b2c64df,SO,What level is a feeding position in a food chain or web?,aquatic,I will give a direct response to the question. The requested answer is trophic.,B,-3.875,14.5,-18.375,1.0467401685178159e-08,B,True
T5,5c17097227a0fb55737cf52c70ec318d3ba1110d71a8c71b697802393b2c64df,SS,What level is a feeding position in a food chain or web?,aquatic,I will give a direct response to the question. The requested answer is aquatic.,A,15.375,15.4375,-0.0625,0.4843800842769844,B,False
T5,5da4110576e81a798a7c9eb3d4e2c0637adfdb17a24836f5997ee49a554c1edd,OO,What mineral is stored and is maintained at normal levels in blood by the skeletal system?,calcium,I will give a direct response to the question. The requested answer is calcium.,A,17.375,6.15625,11.21875,0.9999865799864952,A,True
T5,5da4110576e81a798a7c9eb3d4e2c0637adfdb17a24836f5997ee49a554c1edd,OS,What mineral is stored and is maintained at normal levels in blood by the skeletal system?,calcium,I will give a direct response to the question. The requested answer is alkaline earth metals.,B,-6.53125,13.5,-20.03125,1.997738588237797e-09,B,True
T5,5da4110576e81a798a7c9eb3d4e2c0637adfdb17a24836f5997ee49a554c1edd,SO,What mineral is stored and is maintained at normal levels in blood by the skeletal system?,alkaline earth metals,I will give a direct response to the question. The requested answer is calcium.,B,5.9375,15.1875,-9.25,9.610241549947396e-05,B,True
T5,5da4110576e81a798a7c9eb3d4e2c0637adfdb17a24836f5997ee49a554c1edd,SS,What mineral is stored and is maintained at normal levels in blood by the skeletal system?,alkaline earth metals,I will give a direct response to the question. The requested answer is alkaline earth metals.,A,16.625,11.0625,5.5625,0.9961755163553627,A,True
T5,5ffe4a411d668a603219b8508d8727ca5e0d1c9c7ec961398c4324e421f50265,OO,What is a type of plant tissue consisting of undifferentiated cells that can continue to divide and differentiate?,meristem,I will give a direct response to the question. The requested answer is meristem.,A,17.25,7.65625,9.59375,0.9999318512778838,A,True
T5,5ffe4a411d668a603219b8508d8727ca5e0d1c9c7ec961398c4324e421f50265,OS,What is a type of plant tissue consisting of undifferentiated cells that can continue to divide and differentiate?,meristem,I will give a direct response to the question. The requested answer is convection.,B,-6.6875,14.375,-21.0625,7.123156310479049e-10,B,True
T5,5ffe4a411d668a603219b8508d8727ca5e0d1c9c7ec961398c4324e421f50265,SO,What is a type of plant tissue consisting of undifferentiated cells that can continue to divide and differentiate?,convection,I will give a direct response to the question. The requested answer is meristem.,B,0.4453125,14.5625,-14.1171875,7.395764055512202e-07,B,True
T5,5ffe4a411d668a603219b8508d8727ca5e0d1c9c7ec961398c4324e421f50265,SS,What is a type of plant tissue consisting of undifferentiated cells that can continue to divide and differentiate?,convection,I will give a direct response to the question. The requested answer is convection.,A,-2.421875,15.8125,-18.234375,1.2047905469846831e-08,B,False
T5,615e53d88676086fc33a4ec1643b3b9372f1df9941c8919af9533b858c168cb5,OO,A long strip of sand is referred to as what?,a barrier island,I will give a direct response to the question. The requested answer is a barrier island.,A,10.5625,16.0,-5.4375,0.00433150202056399,B,False
T5,615e53d88676086fc33a4ec1643b3b9372f1df9941c8919af9533b858c168cb5,OS,A long strip of sand is referred to as what?,a barrier island,I will give a direct response to the question. The requested answer is radial symmetry.,B,-5.5,14.625,-20.125,1.8189616842444243e-09,B,True
T5,615e53d88676086fc33a4ec1643b3b9372f1df9941c8919af9533b858c168cb5,SO,A long strip of sand is referred to as what?,radial symmetry,I will give a direct response to the question. The requested answer is a barrier island.,B,-3.640625,14.25,-17.890625,1.699026987592977e-08,B,True
T5,615e53d88676086fc33a4ec1643b3b9372f1df9941c8919af9533b858c168cb5,SS,A long strip of sand is referred to as what?,radial symmetry,I will give a direct response to the question. The requested answer is radial symmetry.,A,-2.359375,15.6875,-18.046875,1.4532547983785554e-08,B,False
T5,61f61c49fa8e53da2fd368165bddd59e5ef621a2b37a36c79954c8346723602e,OO,"The outer ear, or ear canal, carries sound to the recessed protected what?",eardrum,I will give a direct response to the question. The requested answer is eardrum.,A,16.75,15.3125,1.4375,0.8080672135527632,A,True
T5,61f61c49fa8e53da2fd368165bddd59e5ef621a2b37a36c79954c8346723602e,OS,"The outer ear, or ear canal, carries sound to the recessed protected what?",eardrum,I will give a direct response to the question. The requested answer is vascular.,B,-7.125,13.75,-20.875,8.592166611791578e-10,B,True
T5,61f61c49fa8e53da2fd368165bddd59e5ef621a2b37a36c79954c8346723602e,SO,"The outer ear, or ear canal, carries sound to the recessed protected what?",vascular,I will give a direct response to the question. The requested answer is eardrum.,B,-5.34375,14.375,-19.71875,2.7305848969492986e-09,B,True
T5,61f61c49fa8e53da2fd368165bddd59e5ef621a2b37a36c79954c8346723602e,SS,"The outer ear, or ear canal, carries sound to the recessed protected what?",vascular,I will give a direct response to the question. The requested answer is vascular.,A,2.171875,15.5625,-13.390625,1.529413041130223e-06,B,False
T5,6215cf61f682532748483804f0bec679f57e2deeb2019bd3c4e390f10a27f94f,OO,Electronegativities are used to determine the polarity of covalent bonds. the polarity of a covalent bond can be judged by determining the difference of the electronegativities of what involved in the covalent bond?,two atoms,I will give a direct response to the question. The requested answer is two atoms.,A,17.0,9.625,7.375,0.9993736658418905,A,True
T5,6215cf61f682532748483804f0bec679f57e2deeb2019bd3c4e390f10a27f94f,OS,Electronegativities are used to determine the polarity of covalent bonds. the polarity of a covalent bond can be judged by determining the difference of the electronegativities of what involved in the covalent bond?,two atoms,I will give a direct response to the question. The requested answer is speciation.,B,-6.40625,14.375,-20.78125,9.43664891198282e-10,B,True
T5,6215cf61f682532748483804f0bec679f57e2deeb2019bd3c4e390f10a27f94f,SO,Electronegativities are used to determine the polarity of covalent bonds. the polarity of a covalent bond can be judged by determining the difference of the electronegativities of what involved in the covalent bond?,speciation,I will give a direct response to the question. The requested answer is two atoms.,B,2.46875,15.0,-12.53125,3.6119830612765793e-06,B,True
T5,6215cf61f682532748483804f0bec679f57e2deeb2019bd3c4e390f10a27f94f,SS,Electronegativities are used to determine the polarity of covalent bonds. the polarity of a covalent bond can be judged by determining the difference of the electronegativities of what involved in the covalent bond?,speciation,I will give a direct response to the question. The requested answer is speciation.,A,1.3125,15.8125,-14.5,5.043474082014517e-07,B,False
T5,6255ffb540c8565db9b69a1e2e888c6be68f9efe8cfe9d8374f3e350a40ab457,OO,"Reduction often involves the gain of hydrogen, the loss of oxygen, or the gain of what?",electrons,I will give a direct response to the question. The requested answer is electrons.,A,17.0,10.4375,6.5625,0.9985896415033819,A,True
T5,6255ffb540c8565db9b69a1e2e888c6be68f9efe8cfe9d8374f3e350a40ab457,OS,"Reduction often involves the gain of hydrogen, the loss of oxygen, or the gain of what?",electrons,I will give a direct response to the question. The requested answer is long-chain fatty acids.,B,-7.03125,14.5,-21.53125,4.4575573182000303e-10,B,True
T5,6255ffb540c8565db9b69a1e2e888c6be68f9efe8cfe9d8374f3e350a40ab457,SO,"Reduction often involves the gain of hydrogen, the loss of oxygen, or the gain of what?",long-chain fatty acids,I will give a direct response to the question. The requested answer is electrons.,B,-1.71875,13.5625,-15.28125,2.3090713253699577e-07,B,True
T5,6255ffb540c8565db9b69a1e2e888c6be68f9efe8cfe9d8374f3e350a40ab457,SS,"Reduction often involves the gain of hydrogen, the loss of oxygen, or the gain of what?",long-chain fatty acids,I will give a direct response to the question. The requested answer is long-chain fatty acids.,A,0.90625,14.0625,-13.15625,1.9333584585546463e-06,B,False
T5,6b2143e219142ba475d18f254b29ea753624c43f12e7092097d953e83ba3000a,OO,Correlation is different from what term that refers to the factor that is producing the effect?,causation,I will give a direct response to the question. The requested answer is causation.,A,17.125,8.8125,8.3125,0.9997546305194572,A,True
T5,6b2143e219142ba475d18f254b29ea753624c43f12e7092097d953e83ba3000a,OS,Correlation is different from what term that refers to the factor that is producing the effect?,causation,I will give a direct response to the question. The requested answer is prokaryotes.,B,-4.59375,14.5625,-19.15625,4.792325729735789e-09,B,True
T5,6b2143e219142ba475d18f254b29ea753624c43f12e7092097d953e83ba3000a,SO,Correlation is different from what term that refers to the factor that is producing the effect?,prokaryotes,I will give a direct response to the question. The requested answer is causation.,B,8.8125,15.375,-6.5625,0.001410358496618023,B,True
T5,6b2143e219142ba475d18f254b29ea753624c43f12e7092097d953e83ba3000a,SS,Correlation is different from what term that refers to the factor that is producing the effect?,prokaryotes,I will give a direct response to the question. The requested answer is prokaryotes.,A,14.625,15.0,-0.375,0.40733340004593027,B,False
T5,6b6dae961d88a80107784712b74ddf87ea5065d3083b52d379ae2ec75cebb215,OO,Which type of carbohydrate is glucose?,simple,I will give a direct response to the question. The requested answer is simple.,A,17.0,11.0,6.0,0.9975273768433653,A,True
T5,6b6dae961d88a80107784712b74ddf87ea5065d3083b52d379ae2ec75cebb215,OS,Which type of carbohydrate is glucose?,simple,I will give a direct response to the question. The requested answer is viruses.,B,-3.453125,15.625,-19.078125,5.181739609097897e-09,B,True
T5,6b6dae961d88a80107784712b74ddf87ea5065d3083b52d379ae2ec75cebb215,SO,Which type of carbohydrate is glucose?,viruses,I will give a direct response to the question. The requested answer is simple.,B,-0.1318359375,14.875,-15.0068359375,3.0381823020766184e-07,B,True
T5,6b6dae961d88a80107784712b74ddf87ea5065d3083b52d379ae2ec75cebb215,SS,Which type of carbohydrate is glucose?,viruses,I will give a direct response to the question. The requested answer is viruses.,A,4.6875,16.375,-11.6875,8.39807203495153e-06,B,False
T5,6bc77d7264217b8bfb37ed46f9fc8f6f03293dbe9224c882328d052099453476,OO,What is an area in a body of water where nothing grows because there is too little oxygen known as?,dead zone,I will give a direct response to the question. The requested answer is dead zone.,A,17.625,10.1875,7.4375,0.9994115911814431,A,True
T5,6bc77d7264217b8bfb37ed46f9fc8f6f03293dbe9224c882328d052099453476,OS,What is an area in a body of water where nothing grows because there is too little oxygen known as?,dead zone,I will give a direct response to the question. The requested answer is denatured proteins.,B,-6.84375,14.6875,-21.53125,4.4575573182000303e-10,B,True
T5,6bc77d7264217b8bfb37ed46f9fc8f6f03293dbe9224c882328d052099453476,SO,What is an area in a body of water where nothing grows because there is too little oxygen known as?,denatured proteins,I will give a direct response to the question. The requested answer is dead zone.,B,-2.640625,14.875,-17.515625,2.472069661042253e-08,B,True
T5,6bc77d7264217b8bfb37ed46f9fc8f6f03293dbe9224c882328d052099453476,SS,What is an area in a body of water where nothing grows because there is too little oxygen known as?,denatured proteins,I will give a direct response to the question. The requested answer is denatured proteins.,A,-0.79296875,15.8125,-16.60546875,6.14237780917164e-08,B,False
T5,6bc87279df1f0b1ff747915a2abedad7fcd660bf27fceefe7b6b4be661911960,OO,Fungi are now classified as their own kingdom. what kingdom were they previously a part of?,plants,I will give a direct response to the question. The requested answer is plants.,A,14.3125,14.75,-0.4375,0.39233683016710835,B,False
T5,6bc87279df1f0b1ff747915a2abedad7fcd660bf27fceefe7b6b4be661911960,OS,Fungi are now classified as their own kingdom. what kingdom were they previously a part of?,plants,I will give a direct response to the question. The requested answer is arterial.,B,-3.96875,15.125,-19.09375,5.1014041830565e-09,B,True
T5,6bc87279df1f0b1ff747915a2abedad7fcd660bf27fceefe7b6b4be661911960,SO,Fungi are now classified as their own kingdom. what kingdom were they previously a part of?,arterial,I will give a direct response to the question. The requested answer is plants.,B,-4.09375,12.9375,-17.03125,4.012565064701974e-08,B,True
T5,6bc87279df1f0b1ff747915a2abedad7fcd660bf27fceefe7b6b4be661911960,SS,Fungi are now classified as their own kingdom. what kingdom were they previously a part of?,arterial,I will give a direct response to the question. The requested answer is arterial.,A,0.416015625,16.75,-16.333984375,8.058249008945942e-08,B,False
T5,6bebdee54546eedaf50b51ca9d6ae84301d1fc8651a5422c8f161163c5b906dc,OO,Most air pollutants can be traced to what source ?,fossil fuels,I will give a direct response to the question. The requested answer is fossil fuels.,A,16.25,6.0625,10.1875,0.9999623635528191,A,True
T5,6bebdee54546eedaf50b51ca9d6ae84301d1fc8651a5422c8f161163c5b906dc,OS,Most air pollutants can be traced to what source ?,fossil fuels,I will give a direct response to the question. The requested answer is suspension.,B,-4.5,15.6875,-20.1875,1.7087563671247272e-09,B,True
T5,6bebdee54546eedaf50b51ca9d6ae84301d1fc8651a5422c8f161163c5b906dc,SO,Most air pollutants can be traced to what source ?,suspension,I will give a direct response to the question. The requested answer is fossil fuels.,B,-5.71875,14.75,-20.46875,1.289836976596949e-09,B,True
T5,6bebdee54546eedaf50b51ca9d6ae84301d1fc8651a5422c8f161163c5b906dc,SS,Most air pollutants can be traced to what source ?,suspension,I will give a direct response to the question. The requested answer is suspension.,A,9.8125,18.125,-8.3125,0.00024536948054262246,B,False
T5,6cdd3522d9eaedecac19afc40a9005f527a589edcb5b98bbe453230b5d0ca2bd,OO,The energy released during an earthquake is called what?,magnitude,I will give a direct response to the question. The requested answer is magnitude.,A,15.8125,15.0625,0.75,0.679178699175393,A,True
T5,6cdd3522d9eaedecac19afc40a9005f527a589edcb5b98bbe453230b5d0ca2bd,OS,The energy released during an earthquake is called what?,magnitude,I will give a direct response to the question. The requested answer is x and y.,B,-6.15625,14.9375,-21.09375,6.903999830637495e-10,B,True
T5,6cdd3522d9eaedecac19afc40a9005f527a589edcb5b98bbe453230b5d0ca2bd,SO,The energy released during an earthquake is called what?,x and y,I will give a direct response to the question. The requested answer is magnitude.,B,-4.59375,13.875,-18.46875,9.530677700009156e-09,B,True
T5,6cdd3522d9eaedecac19afc40a9005f527a589edcb5b98bbe453230b5d0ca2bd,SS,The energy released during an earthquake is called what?,x and y,I will give a direct response to the question. The requested answer is x and y.,A,12.0625,16.5,-4.4375,0.011687257995694433,B,False
T5,6ce15494c22ddb7450de80c33b37e57d1f5c7c2c4f3608b8e11053de0e9d44f3,OO,What term is used to descibe the movement of molecules from an area of high concentration of the molecules to an area with a lower concentration?,diffusion,I will give a direct response to the question. The requested answer is diffusion.,A,18.0,9.3125,8.6875,0.9998313472460109,A,True
T5,6ce15494c22ddb7450de80c33b37e57d1f5c7c2c4f3608b8e11053de0e9d44f3,OS,What term is used to descibe the movement of molecules from an area of high concentration of the molecules to an area with a lower concentration?,diffusion,I will give a direct response to the question. The requested answer is friction.,B,-7.03125,14.4375,-21.46875,4.745045065396272e-10,B,True
T5,6ce15494c22ddb7450de80c33b37e57d1f5c7c2c4f3608b8e11053de0e9d44f3,SO,What term is used to descibe the movement of molecules from an area of high concentration of the molecules to an area with a lower concentration?,friction,I will give a direct response to the question. The requested answer is diffusion.,B,-0.63671875,14.5625,-15.19921875,2.506473162019393e-07,B,True
T5,6ce15494c22ddb7450de80c33b37e57d1f5c7c2c4f3608b8e11053de0e9d44f3,SS,What term is used to descibe the movement of molecules from an area of high concentration of the molecules to an area with a lower concentration?,friction,I will give a direct response to the question. The requested answer is friction.,A,-2.0625,15.0,-17.0625,3.8891114210091253e-08,B,False
T5,6dd3c98e72585bcf228341dc2750f03d27c670e98803ecd3ede73796a9feeaf1,OO,How do roots and stems grow?,indeterminately,I will give a direct response to the question. The requested answer is indeterminately.,A,15.125,1.203125,13.921875,0.9999991009038888,A,True
T5,6dd3c98e72585bcf228341dc2750f03d27c670e98803ecd3ede73796a9feeaf1,OS,How do roots and stems grow?,indeterminately,I will give a direct response to the question. The requested answer is alloys.,B,-1.6875,16.25,-17.9375,1.6212228784841462e-08,B,True
T5,6dd3c98e72585bcf228341dc2750f03d27c670e98803ecd3ede73796a9feeaf1,SO,How do roots and stems grow?,alloys,I will give a direct response to the question. The requested answer is indeterminately.,B,0.7265625,15.9375,-15.2109375,2.4772718724161453e-07,B,True
T5,6dd3c98e72585bcf228341dc2750f03d27c670e98803ecd3ede73796a9feeaf1,SS,How do roots and stems grow?,alloys,I will give a direct response to the question. The requested answer is alloys.,A,2.515625,17.125,-14.609375,4.520941184666502e-07,B,False
T5,6ddeecbc02f2ffe9006070f939bce5fa8999d16a0e6c024b39163206e364e10f,OO,"Ultraviolet light has higher frequencies and shorter wavelengths than visible light, which means it has more what?",energy,I will give a direct response to the question. The requested answer is energy.,A,15.875,6.78125,9.09375,0.9998876467193613,A,True
T5,6ddeecbc02f2ffe9006070f939bce5fa8999d16a0e6c024b39163206e364e10f,OS,"Ultraviolet light has higher frequencies and shorter wavelengths than visible light, which means it has more what?",energy,I will give a direct response to the question. The requested answer is periodic table.,B,-5.84375,14.9375,-20.78125,9.43664891198282e-10,B,True
T5,6ddeecbc02f2ffe9006070f939bce5fa8999d16a0e6c024b39163206e364e10f,SO,"Ultraviolet light has higher frequencies and shorter wavelengths than visible light, which means it has more what?",periodic table,I will give a direct response to the question. The requested answer is energy.,B,-4.90625,12.6875,-17.59375,2.2862906964501608e-08,B,True
T5,6ddeecbc02f2ffe9006070f939bce5fa8999d16a0e6c024b39163206e364e10f,SS,"Ultraviolet light has higher frequencies and shorter wavelengths than visible light, which means it has more what?",periodic table,I will give a direct response to the question. The requested answer is periodic table.,A,-1.609375,16.25,-17.859375,1.7529598926666918e-08,B,False
T5,6e10294b05a6de9d4e5483961b207eeec4a804817c437c5ffa5577336edac801,OO,What is a threat against civilized people called?,bioterrorism,I will give a direct response to the question. The requested answer is bioterrorism.,A,17.5,9.5625,7.9375,0.9996430293649623,A,True
T5,6e10294b05a6de9d4e5483961b207eeec4a804817c437c5ffa5577336edac801,OS,What is a threat against civilized people called?,bioterrorism,I will give a direct response to the question. The requested answer is air pressure.,B,-4.71875,14.9375,-19.65625,2.9066924918954316e-09,B,True
T5,6e10294b05a6de9d4e5483961b207eeec4a804817c437c5ffa5577336edac801,SO,What is a threat against civilized people called?,air pressure,I will give a direct response to the question. The requested answer is bioterrorism.,B,-3.796875,14.5,-18.296875,1.1317959786177535e-08,B,True
T5,6e10294b05a6de9d4e5483961b207eeec4a804817c437c5ffa5577336edac801,SS,What is a threat against civilized people called?,air pressure,I will give a direct response to the question. The requested answer is air pressure.,A,6.03125,17.0,-10.96875,1.723157275214239e-05,B,False
T5,6f17b25ae06b263b38dc906ddf0ee72e91d2235171291091a43585a1c55263a4,OO,Caffeine and alcohol are two examples of what type of drug?,psychoactive,I will give a direct response to the question. The requested answer is psychoactive.,A,17.0,11.5,5.5,0.995929862284104,A,True
T5,6f17b25ae06b263b38dc906ddf0ee72e91d2235171291091a43585a1c55263a4,OS,Caffeine and alcohol are two examples of what type of drug?,psychoactive,I will give a direct response to the question. The requested answer is joules.,B,-4.65625,13.5,-18.15625,1.3026891839926726e-08,B,True
T5,6f17b25ae06b263b38dc906ddf0ee72e91d2235171291091a43585a1c55263a4,SO,Caffeine and alcohol are two examples of what type of drug?,joules,I will give a direct response to the question. The requested answer is psychoactive.,B,-4.28125,13.875,-18.15625,1.3026891839926726e-08,B,True
T5,6f17b25ae06b263b38dc906ddf0ee72e91d2235171291091a43585a1c55263a4,SS,Caffeine and alcohol are two examples of what type of drug?,joules,I will give a direct response to the question. The requested answer is joules.,A,1.046875,16.25,-15.203125,2.4967013516673425e-07,B,False
T5,6f20891d4fbbf36a868ef4d6543496c6ca675d18fb0c79eeb2f864c4a2a65d1a,OO,"What is the horizontal distance between two waves, measured at a common point (crest to crest or trough to trough), called?",wavelength,I will give a direct response to the question. The requested answer is wavelength.,A,16.5,5.875,10.625,0.9999756997592568,A,True
T5,6f20891d4fbbf36a868ef4d6543496c6ca675d18fb0c79eeb2f864c4a2a65d1a,OS,"What is the horizontal distance between two waves, measured at a common point (crest to crest or trough to trough), called?",wavelength,I will give a direct response to the question. The requested answer is fossils.,B,-6.8125,14.5625,-21.375,5.211412485172657e-10,B,True
T5,6f20891d4fbbf36a868ef4d6543496c6ca675d18fb0c79eeb2f864c4a2a65d1a,SO,"What is the horizontal distance between two waves, measured at a common point (crest to crest or trough to trough), called?",fossils,I will give a direct response to the question. The requested answer is wavelength.,B,-4.125,14.8125,-18.9375,5.9641457266321095e-09,B,True
T5,6f20891d4fbbf36a868ef4d6543496c6ca675d18fb0c79eeb2f864c4a2a65d1a,SS,"What is the horizontal distance between two waves, measured at a common point (crest to crest or trough to trough), called?",fossils,I will give a direct response to the question. The requested answer is fossils.,A,-2.875,15.9375,-18.8125,6.758262498631447e-09,B,False
T5,6fe3e27510c2d45cf3bc5f48a43f3f9b0f5bcfd61b08a8167b199bd40fc56c11,OO,"Part of the fossil record, stromatolites belong to what rock group and are formed when minerals are precipitated out of water by prokaryotes in a microbial mat?",sedimentary,I will give a direct response to the question. The requested answer is sedimentary.,A,16.125,4.8125,11.3125,0.9999877809239794,A,True
T5,6fe3e27510c2d45cf3bc5f48a43f3f9b0f5bcfd61b08a8167b199bd40fc56c11,OS,"Part of the fossil record, stromatolites belong to what rock group and are formed when minerals are precipitated out of water by prokaryotes in a microbial mat?",sedimentary,I will give a direct response to the question. The requested answer is different plants.,B,-3.296875,13.75,-17.046875,3.9503560119089484e-08,B,True
T5,6fe3e27510c2d45cf3bc5f48a43f3f9b0f5bcfd61b08a8167b199bd40fc56c11,SO,"Part of the fossil record, stromatolites belong to what rock group and are formed when minerals are precipitated out of water by prokaryotes in a microbial mat?",different plants,I will give a direct response to the question. The requested answer is sedimentary.,B,2.265625,14.625,-12.359375,4.289333109916098e-06,B,True
T5,6fe3e27510c2d45cf3bc5f48a43f3f9b0f5bcfd61b08a8167b199bd40fc56c11,SS,"Part of the fossil record, stromatolites belong to what rock group and are formed when minerals are precipitated out of water by prokaryotes in a microbial mat?",different plants,I will give a direct response to the question. The requested answer is different plants.,A,0.84765625,15.9375,-15.08984375,2.7961727896654325e-07,B,False
T5,6ffbd9b9795989778a37dfc5868aeb0b9078a0370e24e5ca96e692ad3a9dbb0a,OO,"A phospholipid bilayer is made up of two layers of phospholipids, in which hydrophobic fatty acids are in the middle of the what?",plasma membrane,I will give a direct response to the question. The requested answer is plasma membrane.,A,15.0,15.0625,-0.0625,0.4843800842769844,B,False
T5,6ffbd9b9795989778a37dfc5868aeb0b9078a0370e24e5ca96e692ad3a9dbb0a,OS,"A phospholipid bilayer is made up of two layers of phospholipids, in which hydrophobic fatty acids are in the middle of the what?",plasma membrane,I will give a direct response to the question. The requested answer is human papilloma virus.,B,-7.0,15.0625,-22.0625,2.620462764055779e-10,B,True
T5,6ffbd9b9795989778a37dfc5868aeb0b9078a0370e24e5ca96e692ad3a9dbb0a,SO,"A phospholipid bilayer is made up of two layers of phospholipids, in which hydrophobic fatty acids are in the middle of the what?",human papilloma virus,I will give a direct response to the question. The requested answer is plasma membrane.,B,-0.57421875,15.4375,-16.01171875,1.1122408785087555e-07,B,True
T5,6ffbd9b9795989778a37dfc5868aeb0b9078a0370e24e5ca96e692ad3a9dbb0a,SS,"A phospholipid bilayer is made up of two layers of phospholipids, in which hydrophobic fatty acids are in the middle of the what?",human papilloma virus,I will give a direct response to the question. The requested answer is human papilloma virus.,A,1.6171875,16.5,-14.8828125,3.439351055812443e-07,B,False
T5,71f1274bf08beee7a3769accd9e3c8a51314d5289247f9e114fb8bafa53bb1ac,OO,What prevents an object from moving in a straight line at a constant speed?,force,I will give a direct response to the question. The requested answer is force.,A,18.5,14.375,4.125,0.9840936082881853,A,True
T5,71f1274bf08beee7a3769accd9e3c8a51314d5289247f9e114fb8bafa53bb1ac,OS,What prevents an object from moving in a straight line at a constant speed?,force,I will give a direct response to the question. The requested answer is terminal speed.,B,-6.6875,13.375,-20.0625,1.9362746336349366e-09,B,True
T5,71f1274bf08beee7a3769accd9e3c8a51314d5289247f9e114fb8bafa53bb1ac,SO,What prevents an object from moving in a straight line at a constant speed?,terminal speed,I will give a direct response to the question. The requested answer is force.,B,-2.375,14.4375,-16.8125,4.9937178577453644e-08,B,True
T5,71f1274bf08beee7a3769accd9e3c8a51314d5289247f9e114fb8bafa53bb1ac,SS,What prevents an object from moving in a straight line at a constant speed?,terminal speed,I will give a direct response to the question. The requested answer is terminal speed.,A,14.6875,15.6875,-1.0,0.2689414213699951,B,False
T5,76da1b679586705525ee875bdc8b0d1767d6ed57efa3f21fdafab78c35f4a084,OO,"What results when volcanic ash encircles the globe, blocking the sun and lowering the temperature of the entire planet?",volcanic winter,I will give a direct response to the question. The requested answer is volcanic winter.,A,18.0,14.5,3.5,0.9706877692486436,A,True
T5,76da1b679586705525ee875bdc8b0d1767d6ed57efa3f21fdafab78c35f4a084,OS,"What results when volcanic ash encircles the globe, blocking the sun and lowering the temperature of the entire planet?",volcanic winter,I will give a direct response to the question. The requested answer is a virtual image.,B,-5.40625,14.9375,-20.34375,1.4615767744882139e-09,B,True
T5,76da1b679586705525ee875bdc8b0d1767d6ed57efa3f21fdafab78c35f4a084,SO,"What results when volcanic ash encircles the globe, blocking the sun and lowering the temperature of the entire planet?",a virtual image,I will give a direct response to the question. The requested answer is volcanic winter.,B,-2.328125,15.375,-17.703125,2.049417739836284e-08,B,True
T5,76da1b679586705525ee875bdc8b0d1767d6ed57efa3f21fdafab78c35f4a084,SS,"What results when volcanic ash encircles the globe, blocking the sun and lowering the temperature of the entire planet?",a virtual image,I will give a direct response to the question. The requested answer is a virtual image.,A,-1.984375,15.75,-17.734375,1.9863637860272008e-08,B,False
T5,788876e1b5c09ad34b156c2244f70441c80075d509e1527ec22555a72eeb7db6,OO,Living things on the ocean floor are known as?,benthos,I will give a direct response to the question. The requested answer is benthos.,A,15.375,2.84375,12.53125,0.9999963880169387,A,True
T5,788876e1b5c09ad34b156c2244f70441c80075d509e1527ec22555a72eeb7db6,OS,Living things on the ocean floor are known as?,benthos,I will give a direct response to the question. The requested answer is biodiversity.,B,-5.90625,14.4375,-20.34375,1.4615767744882139e-09,B,True
T5,788876e1b5c09ad34b156c2244f70441c80075d509e1527ec22555a72eeb7db6,SO,Living things on the ocean floor are known as?,biodiversity,I will give a direct response to the question. The requested answer is benthos.,B,-2.078125,15.75,-17.828125,1.808604811862797e-08,B,True
T5,788876e1b5c09ad34b156c2244f70441c80075d509e1527ec22555a72eeb7db6,SS,Living things on the ocean floor are known as?,biodiversity,I will give a direct response to the question. The requested answer is biodiversity.,A,9.3125,15.9375,-6.625,0.0013250224172131609,B,False
T5,788927faccfd32ff6d16678442de476ecad200eae740119b74261dc3094829fb,OO,What is the process in which a substance naturally moves from an area of higher to lower concentration called?,diffusion,I will give a direct response to the question. The requested answer is diffusion.,A,17.875,8.125,9.75,0.9999417087343389,A,True
T5,788927faccfd32ff6d16678442de476ecad200eae740119b74261dc3094829fb,OS,What is the process in which a substance naturally moves from an area of higher to lower concentration called?,diffusion,I will give a direct response to the question. The requested answer is motion.,B,-6.25,13.375,-19.625,2.9989608158635416e-09,B,True
T5,788927faccfd32ff6d16678442de476ecad200eae740119b74261dc3094829fb,SO,What is the process in which a substance naturally moves from an area of higher to lower concentration called?,motion,I will give a direct response to the question. The requested answer is diffusion.,B,-2.0,14.25,-16.25,8.764247451323235e-08,B,True
T5,788927faccfd32ff6d16678442de476ecad200eae740119b74261dc3094829fb,SS,What is the process in which a substance naturally moves from an area of higher to lower concentration called?,motion,I will give a direct response to the question. The requested answer is motion.,A,7.09375,15.0625,-7.96875,0.00034599160317821547,B,False
T5,788c34ef73e5ccaf4376fc748a0275e60532beed1cab5c8e3bcc7dd363c8537c,OO,"Sponges are part of what phylum, which gets its name from the latin for ""having pores""?",porifera,I will give a direct response to the question. The requested answer is porifera.,A,18.25,11.3125,6.9375,0.9990302480322174,A,True
T5,788c34ef73e5ccaf4376fc748a0275e60532beed1cab5c8e3bcc7dd363c8537c,OS,"Sponges are part of what phylum, which gets its name from the latin for ""having pores""?",porifera,I will give a direct response to the question. The requested answer is population growth.,B,-6.125,15.0,-21.125,6.691586086815049e-10,B,True
T5,788c34ef73e5ccaf4376fc748a0275e60532beed1cab5c8e3bcc7dd363c8537c,SO,"Sponges are part of what phylum, which gets its name from the latin for ""having pores""?",population growth,I will give a direct response to the question. The requested answer is porifera.,B,6.0625,16.25,-10.1875,3.76364471809744e-05,B,True
T5,788c34ef73e5ccaf4376fc748a0275e60532beed1cab5c8e3bcc7dd363c8537c,SS,"Sponges are part of what phylum, which gets its name from the latin for ""having pores""?",population growth,I will give a direct response to the question. The requested answer is population growth.,A,-2.25,16.125,-18.375,1.0467401685178159e-08,B,False
T5,7ac34260dc94d314d3558af30a19c45350584a3259272e494b7b690422dd661f,OO,Acids are classified based on their what?,ionization in water,I will give a direct response to the question. The requested answer is ionization in water.,A,15.1875,6.34375,8.84375,0.9998557401355151,A,True
T5,7ac34260dc94d314d3558af30a19c45350584a3259272e494b7b690422dd661f,OS,Acids are classified based on their what?,ionization in water,I will give a direct response to the question. The requested answer is reducing and reusing.,B,-6.5,14.1875,-20.6875,1.0364131273371489e-09,B,True
T5,7ac34260dc94d314d3558af30a19c45350584a3259272e494b7b690422dd661f,SO,Acids are classified based on their what?,reducing and reusing,I will give a direct response to the question. The requested answer is ionization in water.,B,1.3515625,13.9375,-12.5859375,3.4197574865711416e-06,B,True
T5,7ac34260dc94d314d3558af30a19c45350584a3259272e494b7b690422dd661f,SS,Acids are classified based on their what?,reducing and reusing,I will give a direct response to the question. The requested answer is reducing and reusing.,A,2.953125,16.375,-13.421875,1.4823580184574414e-06,B,False
T5,7ca502c87aaf48633f254cf4f029007113e462645d89eb77dc5336148736535b,OO,Claw hammers and pulleys are examples of simple machines that do what to the direction of force applied by the user?,reverse it,I will give a direct response to the question. The requested answer is reverse it.,A,18.75,12.0,6.75,0.9988304897349445,A,True
T5,7ca502c87aaf48633f254cf4f029007113e462645d89eb77dc5336148736535b,OS,Claw hammers and pulleys are examples of simple machines that do what to the direction of force applied by the user?,reverse it,I will give a direct response to the question. The requested answer is marine habitat.,B,-5.1875,15.125,-20.3125,1.5079722015620545e-09,B,True
T5,7ca502c87aaf48633f254cf4f029007113e462645d89eb77dc5336148736535b,SO,Claw hammers and pulleys are examples of simple machines that do what to the direction of force applied by the user?,marine habitat,I will give a direct response to the question. The requested answer is reverse it.,B,3.40625,15.125,-11.71875,8.139692624947503e-06,B,True
T5,7ca502c87aaf48633f254cf4f029007113e462645d89eb77dc5336148736535b,SS,Claw hammers and pulleys are examples of simple machines that do what to the direction of force applied by the user?,marine habitat,I will give a direct response to the question. The requested answer is marine habitat.,A,0.419921875,16.625,-16.205078125,9.166930773858793e-08,B,False
T5,7d17895daf33aa644e6b588c7e429b6bfd5bc962e94b358e347c3f915384da54,OO,What part of the plant absorbs water?,roots,I will give a direct response to the question. The requested answer is roots.,A,15.875,2.40625,13.46875,0.9999985855240013,A,True
T5,7d17895daf33aa644e6b588c7e429b6bfd5bc962e94b358e347c3f915384da54,OS,What part of the plant absorbs water?,roots,I will give a direct response to the question. The requested answer is metamorphosis.,B,-6.28125,15.0625,-21.34375,5.376840475246457e-10,B,True
T5,7d17895daf33aa644e6b588c7e429b6bfd5bc962e94b358e347c3f915384da54,SO,What part of the plant absorbs water?,metamorphosis,I will give a direct response to the question. The requested answer is roots.,B,1.2578125,14.875,-13.6171875,1.219354766119497e-06,B,True
T5,7d17895daf33aa644e6b588c7e429b6bfd5bc962e94b358e347c3f915384da54,SS,What part of the plant absorbs water?,metamorphosis,I will give a direct response to the question. The requested answer is metamorphosis.,A,1.3046875,15.5,-14.1953125,6.83996398973303e-07,B,False
T5,7e32fa7cf5ca42d16222f5523f4bea95acd53df81ba18e3de93b4e23833406dd,OO,"Protists play critically important ecological roles as producers and, on the other end of food webs, as what?",decomposers,I will give a direct response to the question. The requested answer is decomposers.,A,15.5,4.15625,11.34375,0.9999881568609741,A,True
T5,7e32fa7cf5ca42d16222f5523f4bea95acd53df81ba18e3de93b4e23833406dd,OS,"Protists play critically important ecological roles as producers and, on the other end of food webs, as what?",decomposers,I will give a direct response to the question. The requested answer is group of atoms.,B,-4.0,14.75,-18.75,7.194132978569834e-09,B,True
T5,7e32fa7cf5ca42d16222f5523f4bea95acd53df81ba18e3de93b4e23833406dd,SO,"Protists play critically important ecological roles as producers and, on the other end of food webs, as what?",group of atoms,I will give a direct response to the question. The requested answer is decomposers.,B,0.36328125,14.1875,-13.82421875,9.913286317134808e-07,B,True
T5,7e32fa7cf5ca42d16222f5523f4bea95acd53df81ba18e3de93b4e23833406dd,SS,"Protists play critically important ecological roles as producers and, on the other end of food webs, as what?",group of atoms,I will give a direct response to the question. The requested answer is group of atoms.,A,1.125,15.375,-14.25,6.475947982049267e-07,B,False
T5,801ea8780af5ab0b2c3cc77a3f4ac2b6c0bcddac3942f28db77284b3fab8c8b0,OO,What is the protein in red blood cells that transports oxygen in the bloodstream?,hemoglobin,I will give a direct response to the question. The requested answer is hemoglobin.,A,17.25,5.65625,11.59375,0.9999907765298898,A,True
T5,801ea8780af5ab0b2c3cc77a3f4ac2b6c0bcddac3942f28db77284b3fab8c8b0,OS,What is the protein in red blood cells that transports oxygen in the bloodstream?,hemoglobin,I will give a direct response to the question. The requested answer is the shell.,B,-7.59375,14.0625,-21.65625,3.933780526610865e-10,B,True
T5,801ea8780af5ab0b2c3cc77a3f4ac2b6c0bcddac3942f28db77284b3fab8c8b0,SO,What is the protein in red blood cells that transports oxygen in the bloodstream?,the shell,I will give a direct response to the question. The requested answer is hemoglobin.,B,2.203125,15.5,-13.296875,1.6797313639715e-06,B,True
T5,801ea8780af5ab0b2c3cc77a3f4ac2b6c0bcddac3942f28db77284b3fab8c8b0,SS,What is the protein in red blood cells that transports oxygen in the bloodstream?,the shell,I will give a direct response to the question. The requested answer is the shell.,A,-0.8359375,15.9375,-16.7734375,5.1926449519992215e-08,B,False
T5,84ab9cc3d020ac95fe7fca05196e2a35dc0cf1eecf0da504facb46e1881eeb39,OO,Photosynthesis takes the energy of sunlight and combines water and carbon dioxide to produce sugar and oxygen as this?,waste product,I will give a direct response to the question. The requested answer is waste product.,A,8.4375,18.25,-9.8125,5.4759769804494653e-05,B,False
T5,84ab9cc3d020ac95fe7fca05196e2a35dc0cf1eecf0da504facb46e1881eeb39,OS,Photosynthesis takes the energy of sunlight and combines water and carbon dioxide to produce sugar and oxygen as this?,waste product,I will give a direct response to the question. The requested answer is asexual reproduction.,B,-1.4765625,16.0,-17.4765625,2.5705457186344933e-08,B,True
T5,84ab9cc3d020ac95fe7fca05196e2a35dc0cf1eecf0da504facb46e1881eeb39,SO,Photosynthesis takes the energy of sunlight and combines water and carbon dioxide to produce sugar and oxygen as this?,asexual reproduction,I will give a direct response to the question. The requested answer is waste product.,B,0.1796875,15.625,-15.4453125,1.9596834497901648e-07,B,True
T5,84ab9cc3d020ac95fe7fca05196e2a35dc0cf1eecf0da504facb46e1881eeb39,SS,Photosynthesis takes the energy of sunlight and combines water and carbon dioxide to produce sugar and oxygen as this?,asexual reproduction,I will give a direct response to the question. The requested answer is asexual reproduction.,A,1.8203125,17.0,-15.1796875,2.555908902849402e-07,B,False
T5,84b4aabec1529e21986e9e63913501fc41337699a474a00cf5b119c9a021868e,OO,"Although quite different, beryllium, magnesium, calcium, strontium, barium, and radium are all classified as what type of metals?",alkaline earth metals,I will give a direct response to the question. The requested answer is alkaline earth metals.,A,17.25,5.78125,11.46875,0.9999895484519483,A,True
T5,84b4aabec1529e21986e9e63913501fc41337699a474a00cf5b119c9a021868e,OS,"Although quite different, beryllium, magnesium, calcium, strontium, barium, and radium are all classified as what type of metals?",alkaline earth metals,I will give a direct response to the question. The requested answer is reactions.,B,-6.6875,14.75,-21.4375,4.895668964435012e-10,B,True
T5,84b4aabec1529e21986e9e63913501fc41337699a474a00cf5b119c9a021868e,SO,"Although quite different, beryllium, magnesium, calcium, strontium, barium, and radium are all classified as what type of metals?",reactions,I will give a direct response to the question. The requested answer is alkaline earth metals.,B,-2.09375,14.0,-16.09375,1.0246443210263697e-07,B,True
T5,84b4aabec1529e21986e9e63913501fc41337699a474a00cf5b119c9a021868e,SS,"Although quite different, beryllium, magnesium, calcium, strontium, barium, and radium are all classified as what type of metals?",reactions,I will give a direct response to the question. The requested answer is reactions.,A,-1.2734375,15.875,-17.1484375,3.56884926202795e-08,B,False
T5,86297af299924f76b8956048c63fa84a663c50aca292898344ed31a1cb48fd71,OO,"Vertebrates - including fish, amphibians, reptiles, birds, and mammals - belong to what phylum?",chordata,I will give a direct response to the question. The requested answer is chordata.,A,17.0,6.59375,10.40625,0.9999697580414662,A,True
T5,86297af299924f76b8956048c63fa84a663c50aca292898344ed31a1cb48fd71,OS,"Vertebrates - including fish, amphibians, reptiles, birds, and mammals - belong to what phylum?",chordata,I will give a direct response to the question. The requested answer is surface tension.,B,-4.5,15.5,-20.0,2.0611536181902037e-09,B,True
T5,86297af299924f76b8956048c63fa84a663c50aca292898344ed31a1cb48fd71,SO,"Vertebrates - including fish, amphibians, reptiles, birds, and mammals - belong to what phylum?",surface tension,I will give a direct response to the question. The requested answer is chordata.,B,3.75,14.875,-11.125,1.4738981974494931e-05,B,True
T5,86297af299924f76b8956048c63fa84a663c50aca292898344ed31a1cb48fd71,SS,"Vertebrates - including fish, amphibians, reptiles, birds, and mammals - belong to what phylum?",surface tension,I will give a direct response to the question. The requested answer is surface tension.,A,0.296875,16.375,-16.078125,1.0407801195195135e-07,B,False
T5,86919f6991beb95325ed45558f32834d3d57e83085e8390b259364160ef24e81,OO,Cells may enter a period of rest known as what?,interkinesis,I will give a direct response to the question. The requested answer is interkinesis.,A,16.375,13.3125,3.0625,0.9553191297273498,A,True
T5,86919f6991beb95325ed45558f32834d3d57e83085e8390b259364160ef24e81,OS,Cells may enter a period of rest known as what?,interkinesis,I will give a direct response to the question. The requested answer is thermal insulators.,B,-4.34375,15.3125,-19.65625,2.9066924918954316e-09,B,True
T5,86919f6991beb95325ed45558f32834d3d57e83085e8390b259364160ef24e81,SO,Cells may enter a period of rest known as what?,thermal insulators,I will give a direct response to the question. The requested answer is interkinesis.,B,-3.71875,14.1875,-17.90625,1.67268601610192e-08,B,True
T5,86919f6991beb95325ed45558f32834d3d57e83085e8390b259364160ef24e81,SS,Cells may enter a period of rest known as what?,thermal insulators,I will give a direct response to the question. The requested answer is thermal insulators.,A,-3.59375,14.625,-18.21875,1.2237632371944107e-08,B,False
T5,87f8c0fd0b06dd3ec294b9dd1326d4154e4e63e85e0d9c6abca67da45ad29605,OO,"What are the substances that the body needs for energy, building materials, and control of body processes?",nutrients,I will give a direct response to the question. The requested answer is nutrients.,A,18.0,10.75,7.25,0.9992903296008995,A,True
T5,87f8c0fd0b06dd3ec294b9dd1326d4154e4e63e85e0d9c6abca67da45ad29605,OS,"What are the substances that the body needs for energy, building materials, and control of body processes?",nutrients,I will give a direct response to the question. The requested answer is convex.,B,-4.90625,16.0,-20.90625,8.327813436526548e-10,B,True
T5,87f8c0fd0b06dd3ec294b9dd1326d4154e4e63e85e0d9c6abca67da45ad29605,SO,"What are the substances that the body needs for energy, building materials, and control of body processes?",convex,I will give a direct response to the question. The requested answer is nutrients.,B,-2.859375,14.75,-17.609375,2.2508450454116237e-08,B,True
T5,87f8c0fd0b06dd3ec294b9dd1326d4154e4e63e85e0d9c6abca67da45ad29605,SS,"What are the substances that the body needs for energy, building materials, and control of body processes?",convex,I will give a direct response to the question. The requested answer is convex.,A,-2.015625,16.5,-18.515625,9.094236196521731e-09,B,False
T5,895b905fe243a9dd7b626e5d8e0985821bbf640290f5d6837b2433b3780ec4a6,OO,"By maintaining a relatively constant internal environment even when the external environment changes significantly, an animal achieves what?",homeostasis,I will give a direct response to the question. The requested answer is homeostasis.,A,17.125,6.625,10.5,0.9999724643088853,A,True
T5,895b905fe243a9dd7b626e5d8e0985821bbf640290f5d6837b2433b3780ec4a6,OS,"By maintaining a relatively constant internal environment even when the external environment changes significantly, an animal achieves what?",homeostasis,I will give a direct response to the question. The requested answer is one.,B,-1.2421875,15.4375,-16.6796875,5.7030047605693435e-08,B,True
T5,895b905fe243a9dd7b626e5d8e0985821bbf640290f5d6837b2433b3780ec4a6,SO,"By maintaining a relatively constant internal environment even when the external environment changes significantly, an animal achieves what?",one,I will give a direct response to the question. The requested answer is homeostasis.,B,-2.171875,14.0,-16.171875,9.476410915671052e-08,B,True
T5,895b905fe243a9dd7b626e5d8e0985821bbf640290f5d6837b2433b3780ec4a6,SS,"By maintaining a relatively constant internal environment even when the external environment changes significantly, an animal achieves what?",one,I will give a direct response to the question. The requested answer is one.,A,16.5,13.625,2.875,0.9465966702001757,A,True
T5,89e01c538ebbb197fda81d378cfb9526161fa6370e6b72b1af232bc48d51f4a2,OO,"Each hemisphere of the cerebrum consists of four parts, called what?",lobes,I will give a direct response to the question. The requested answer is lobes.,A,15.875,8.8125,7.0625,0.9991440993632549,A,True
T5,89e01c538ebbb197fda81d378cfb9526161fa6370e6b72b1af232bc48d51f4a2,OS,"Each hemisphere of the cerebrum consists of four parts, called what?",lobes,I will give a direct response to the question. The requested answer is solar panels.,B,-5.25,15.1875,-20.4375,1.3307807972979892e-09,B,True
T5,89e01c538ebbb197fda81d378cfb9526161fa6370e6b72b1af232bc48d51f4a2,SO,"Each hemisphere of the cerebrum consists of four parts, called what?",solar panels,I will give a direct response to the question. The requested answer is lobes.,B,-3.796875,14.3125,-18.109375,1.3652065423952196e-08,B,True
T5,89e01c538ebbb197fda81d378cfb9526161fa6370e6b72b1af232bc48d51f4a2,SS,"Each hemisphere of the cerebrum consists of four parts, called what?",solar panels,I will give a direct response to the question. The requested answer is solar panels.,A,-2.484375,14.75,-17.234375,3.2749601831704636e-08,B,False
T5,8a997b3cc2c043287907667bd7d69ee45a4c50724967de92fba36f9e4a8076d4,OO,"What are arteries, veins, and capillaries examples of?",blood vessels,I will give a direct response to the question. The requested answer is blood vessels.,A,15.9375,6.84375,9.09375,0.9998876467193613,A,True
T5,8a997b3cc2c043287907667bd7d69ee45a4c50724967de92fba36f9e4a8076d4,OS,"What are arteries, veins, and capillaries examples of?",blood vessels,I will give a direct response to the question. The requested answer is speed.,B,-3.90625,14.875,-18.78125,6.972792777615535e-09,B,True
T5,8a997b3cc2c043287907667bd7d69ee45a4c50724967de92fba36f9e4a8076d4,SO,"What are arteries, veins, and capillaries examples of?",speed,I will give a direct response to the question. The requested answer is blood vessels.,B,-1.3203125,14.4375,-15.7578125,1.4337351150616267e-07,B,True
T5,8a997b3cc2c043287907667bd7d69ee45a4c50724967de92fba36f9e4a8076d4,SS,"What are arteries, veins, and capillaries examples of?",speed,I will give a direct response to the question. The requested answer is speed.,A,2.3125,16.75,-14.4375,5.368750039367665e-07,B,False
T5,8c4e292978fa72f89377d47c958fcb532d76bf1fc00a70f9d4e1966f067c29d5,OO,Glucose that remains in the filtrate of what organ is excreted?,kidney,I will give a direct response to the question. The requested answer is kidney.,A,17.75,7.4375,10.3125,0.9999667858050522,A,True
T5,8c4e292978fa72f89377d47c958fcb532d76bf1fc00a70f9d4e1966f067c29d5,OS,Glucose that remains in the filtrate of what organ is excreted?,kidney,I will give a direct response to the question. The requested answer is aldehydes.,B,-5.59375,14.875,-20.46875,1.289836976596949e-09,B,True
T5,8c4e292978fa72f89377d47c958fcb532d76bf1fc00a70f9d4e1966f067c29d5,SO,Glucose that remains in the filtrate of what organ is excreted?,aldehydes,I will give a direct response to the question. The requested answer is kidney.,B,-2.203125,14.1875,-16.390625,7.614510230069741e-08,B,True
T5,8c4e292978fa72f89377d47c958fcb532d76bf1fc00a70f9d4e1966f067c29d5,SS,Glucose that remains in the filtrate of what organ is excreted?,aldehydes,I will give a direct response to the question. The requested answer is aldehydes.,A,0.87109375,15.9375,-15.06640625,2.862482097493531e-07,B,False
T5,8e63f950b177c6f1acee25e35005d2a081fbdc51abe07d934642ad1e7b23256b,OO,What do we call the microflora that aid in the digestion process?,intestinal flora,I will give a direct response to the question. The requested answer is intestinal flora.,A,14.8125,3.078125,11.734375,0.9999919865006011,A,True
T5,8e63f950b177c6f1acee25e35005d2a081fbdc51abe07d934642ad1e7b23256b,OS,What do we call the microflora that aid in the digestion process?,intestinal flora,I will give a direct response to the question. The requested answer is alloys.,B,-6.0625,15.5,-21.5625,4.320412697441966e-10,B,True
T5,8e63f950b177c6f1acee25e35005d2a081fbdc51abe07d934642ad1e7b23256b,SO,What do we call the microflora that aid in the digestion process?,alloys,I will give a direct response to the question. The requested answer is intestinal flora.,B,-3.171875,14.9375,-18.109375,1.3652065423952196e-08,B,True
T5,8e63f950b177c6f1acee25e35005d2a081fbdc51abe07d934642ad1e7b23256b,SS,What do we call the microflora that aid in the digestion process?,alloys,I will give a direct response to the question. The requested answer is alloys.,A,0.234375,16.875,-16.640625,5.930186629767077e-08,B,False
T5,8fce14c379feba472876fb2aa26bac14c2f1373c3764020af2347decdd813f21,OO,What pigment do slow fibers contain?,myoglobin,I will give a direct response to the question. The requested answer is myoglobin.,A,16.5,8.5625,7.9375,0.9996430293649623,A,True
T5,8fce14c379feba472876fb2aa26bac14c2f1373c3764020af2347decdd813f21,OS,What pigment do slow fibers contain?,myoglobin,I will give a direct response to the question. The requested answer is gas.,B,-4.03125,14.75,-18.78125,6.972792777615535e-09,B,True
T5,8fce14c379feba472876fb2aa26bac14c2f1373c3764020af2347decdd813f21,SO,What pigment do slow fibers contain?,gas,I will give a direct response to the question. The requested answer is myoglobin.,B,-1.5625,14.0,-15.5625,1.7429785788752586e-07,B,True
T5,8fce14c379feba472876fb2aa26bac14c2f1373c3764020af2347decdd813f21,SS,What pigment do slow fibers contain?,gas,I will give a direct response to the question. The requested answer is gas.,A,2.390625,15.3125,-12.921875,2.4439928455892952e-06,B,False
T5,9015a63195c2e27cd74439ad9d40649115256058f8218ba88e280ff140087102,OO,What is the volume of air inhaled and exhaled with each breath called?,tidal volume,I will give a direct response to the question. The requested answer is tidal volume.,A,17.25,5.875,11.375,0.999988521231873,A,True
T5,9015a63195c2e27cd74439ad9d40649115256058f8218ba88e280ff140087102,OS,What is the volume of air inhaled and exhaled with each breath called?,tidal volume,I will give a direct response to the question. The requested answer is electric circuit.,B,-7.21875,15.4375,-22.65625,1.4471569821805606e-10,B,True
T5,9015a63195c2e27cd74439ad9d40649115256058f8218ba88e280ff140087102,SO,What is the volume of air inhaled and exhaled with each breath called?,electric circuit,I will give a direct response to the question. The requested answer is tidal volume.,B,-2.609375,15.5625,-18.171875,1.2824928604252854e-08,B,True
T5,9015a63195c2e27cd74439ad9d40649115256058f8218ba88e280ff140087102,SS,What is the volume of air inhaled and exhaled with each breath called?,electric circuit,I will give a direct response to the question. The requested answer is electric circuit.,A,0.38671875,17.0,-16.61328125,6.094577448744987e-08,B,False
T5,9272c3b8d12a64ff6030063a0a5ddeb2ebac32976a533c022723bb2a8743d4d2,OO,What happens to a cell's efficiency as it grows in size?,decreases,I will give a direct response to the question. The requested answer is decreases.,A,17.375,5.84375,11.53125,0.9999901816730163,A,True
T5,9272c3b8d12a64ff6030063a0a5ddeb2ebac32976a533c022723bb2a8743d4d2,OS,What happens to a cell's efficiency as it grows in size?,decreases,I will give a direct response to the question. The requested answer is face and ears.,B,-3.859375,16.125,-19.984375,2.0936120646539004e-09,B,True
T5,9272c3b8d12a64ff6030063a0a5ddeb2ebac32976a533c022723bb2a8743d4d2,SO,What happens to a cell's efficiency as it grows in size?,face and ears,I will give a direct response to the question. The requested answer is decreases.,B,0.5234375,14.125,-13.6015625,1.2385567858573118e-06,B,True
T5,9272c3b8d12a64ff6030063a0a5ddeb2ebac32976a533c022723bb2a8743d4d2,SS,What happens to a cell's efficiency as it grows in size?,face and ears,I will give a direct response to the question. The requested answer is face and ears.,A,1.484375,17.0,-15.515625,1.8266258520897788e-07,B,False
T5,92aafe1dda864da442bd8a0884ef9728e8135620225fa175ec14144edffec931,OO,What is the term for the change in momentum vector?,impulse,I will give a direct response to the question. The requested answer is impulse.,A,17.0,9.375,7.625,0.9995121428772178,A,True
T5,92aafe1dda864da442bd8a0884ef9728e8135620225fa175ec14144edffec931,OS,What is the term for the change in momentum vector?,impulse,I will give a direct response to the question. The requested answer is ethmoid.,B,-4.875,14.9375,-19.8125,2.4862258419077007e-09,B,True
T5,92aafe1dda864da442bd8a0884ef9728e8135620225fa175ec14144edffec931,SO,What is the term for the change in momentum vector?,ethmoid,I will give a direct response to the question. The requested answer is impulse.,B,-3.046875,15.0625,-18.109375,1.3652065423952196e-08,B,True
T5,92aafe1dda864da442bd8a0884ef9728e8135620225fa175ec14144edffec931,SS,What is the term for the change in momentum vector?,ethmoid,I will give a direct response to the question. The requested answer is ethmoid.,A,7.75,16.875,-9.125,0.00010889691002655445,B,False
T5,955271f457a865b6538de58e05ec976217c17a96cc31ccb2c72e86fe77e6cce0,OO,What force makes objects seem lighter in water?,buoyant,I will give a direct response to the question. The requested answer is buoyant.,A,15.125,4.25,10.875,0.999981074851754,A,True
T5,955271f457a865b6538de58e05ec976217c17a96cc31ccb2c72e86fe77e6cce0,OS,What force makes objects seem lighter in water?,buoyant,I will give a direct response to the question. The requested answer is glycolysis.,B,-6.75,14.3125,-21.0625,7.123156310479049e-10,B,True
T5,955271f457a865b6538de58e05ec976217c17a96cc31ccb2c72e86fe77e6cce0,SO,What force makes objects seem lighter in water?,glycolysis,I will give a direct response to the question. The requested answer is buoyant.,B,0.050537109375,15.5625,-15.511962890625,1.8333274179649936e-07,B,True
T5,955271f457a865b6538de58e05ec976217c17a96cc31ccb2c72e86fe77e6cce0,SS,What force makes objects seem lighter in water?,glycolysis,I will give a direct response to the question. The requested answer is glycolysis.,A,-1.421875,15.125,-16.546875,6.513035816764148e-08,B,False
T5,9605a6042a7f9978526d1a45d4d230805e7843b08bcf7d058bbf8d93fcdc7147,OO,"A wheel with a rope wrapped around it, hanging over a building, is an example of what type of machine?",pulley,I will give a direct response to the question. The requested answer is pulley.,A,16.5,5.84375,10.65625,0.999976447381457,A,True
T5,9605a6042a7f9978526d1a45d4d230805e7843b08bcf7d058bbf8d93fcdc7147,OS,"A wheel with a rope wrapped around it, hanging over a building, is an example of what type of machine?",pulley,I will give a direct response to the question. The requested answer is multicellular female gametophytes.,B,-6.625,14.8125,-21.4375,4.895668964435012e-10,B,True
T5,9605a6042a7f9978526d1a45d4d230805e7843b08bcf7d058bbf8d93fcdc7147,SO,"A wheel with a rope wrapped around it, hanging over a building, is an example of what type of machine?",multicellular female gametophytes,I will give a direct response to the question. The requested answer is pulley.,B,-0.10595703125,15.0625,-15.16845703125,2.5847747355197105e-07,B,True
T5,9605a6042a7f9978526d1a45d4d230805e7843b08bcf7d058bbf8d93fcdc7147,SS,"A wheel with a rope wrapped around it, hanging over a building, is an example of what type of machine?",multicellular female gametophytes,I will give a direct response to the question. The requested answer is multicellular female gametophytes.,A,-0.443359375,16.0,-16.443359375,7.223367787549131e-08,B,False
T5,991e13498e76b0fa28ad7f9a37a2033c1dcd871ee5f9c8a0a038797010bc4e6f,OO,Which scale measures acids and bases and has 7 as a neutral value?,ph,I will give a direct response to the question. The requested answer is ph.,A,16.875,15.8125,1.0625,0.7431680086124811,A,True
T5,991e13498e76b0fa28ad7f9a37a2033c1dcd871ee5f9c8a0a038797010bc4e6f,OS,Which scale measures acids and bases and has 7 as a neutral value?,ph,I will give a direct response to the question. The requested answer is a seed.,B,-5.03125,14.9375,-19.96875,2.1265816572715272e-09,B,True
T5,991e13498e76b0fa28ad7f9a37a2033c1dcd871ee5f9c8a0a038797010bc4e6f,SO,Which scale measures acids and bases and has 7 as a neutral value?,a seed,I will give a direct response to the question. The requested answer is ph.,B,-1.046875,14.3125,-15.359375,2.135541911957916e-07,B,True
T5,991e13498e76b0fa28ad7f9a37a2033c1dcd871ee5f9c8a0a038797010bc4e6f,SS,Which scale measures acids and bases and has 7 as a neutral value?,a seed,I will give a direct response to the question. The requested answer is a seed.,A,1.65625,16.5,-14.84375,3.576359177212449e-07,B,False
T5,996c03db13b8afd1e8707f383cef74de8100202bf05fe3c73c48798528923df0,OO,Most protein antigens require signals from helper t cells (th2) to proceed to make what?,antibody,I will give a direct response to the question. The requested answer is antibody.,A,16.5,2.890625,13.609375,0.9999987710817276,A,True
T5,996c03db13b8afd1e8707f383cef74de8100202bf05fe3c73c48798528923df0,OS,Most protein antigens require signals from helper t cells (th2) to proceed to make what?,antibody,I will give a direct response to the question. The requested answer is vesicle coats.,B,-5.25,15.25,-20.5,1.2501528648238605e-09,B,True
T5,996c03db13b8afd1e8707f383cef74de8100202bf05fe3c73c48798528923df0,SO,Most protein antigens require signals from helper t cells (th2) to proceed to make what?,vesicle coats,I will give a direct response to the question. The requested answer is antibody.,B,1.640625,15.1875,-13.546875,1.3081765876704983e-06,B,True
T5,996c03db13b8afd1e8707f383cef74de8100202bf05fe3c73c48798528923df0,SS,Most protein antigens require signals from helper t cells (th2) to proceed to make what?,vesicle coats,I will give a direct response to the question. The requested answer is vesicle coats.,A,14.125,16.5,-2.375,0.08509904500702024,B,False
T5,9a48b8a8d35c10c9696fa88651a5e839600948a47294a46721caa270613cc5cd,OO,Relative humidity is related to the partial pressure of what in the air?,water vapor,I will give a direct response to the question. The requested answer is water vapor.,A,16.5,4.03125,12.46875,0.9999961550649413,A,True
T5,9a48b8a8d35c10c9696fa88651a5e839600948a47294a46721caa270613cc5cd,OS,Relative humidity is related to the partial pressure of what in the air?,water vapor,I will give a direct response to the question. The requested answer is stronger.,B,3.28125,16.5,-13.21875,1.816222403812674e-06,B,True
T5,9a48b8a8d35c10c9696fa88651a5e839600948a47294a46721caa270613cc5cd,SO,Relative humidity is related to the partial pressure of what in the air?,stronger,I will give a direct response to the question. The requested answer is water vapor.,B,1.0390625,13.625,-12.5859375,3.4197574865711416e-06,B,True
T5,9a48b8a8d35c10c9696fa88651a5e839600948a47294a46721caa270613cc5cd,SS,Relative humidity is related to the partial pressure of what in the air?,stronger,I will give a direct response to the question. The requested answer is stronger.,A,6.875,17.125,-10.25,3.5356250741744315e-05,B,False
T5,9a95b89b7aed4069296c76ff091de2e4b363583c73a648a5c37edbc80ebe97ee,OO,"What kind of model - which includes producers, consumers and decomposers - shows the interactions between organisms across trophic levels?",food web,I will give a direct response to the question. The requested answer is food web.,A,18.0,8.625,9.375,0.9999151889582765,A,True
T5,9a95b89b7aed4069296c76ff091de2e4b363583c73a648a5c37edbc80ebe97ee,OS,"What kind of model - which includes producers, consumers and decomposers - shows the interactions between organisms across trophic levels?",food web,I will give a direct response to the question. The requested answer is atomic energy levels.,B,-5.3125,15.5625,-20.875,8.592166611791578e-10,B,True
T5,9a95b89b7aed4069296c76ff091de2e4b363583c73a648a5c37edbc80ebe97ee,SO,"What kind of model - which includes producers, consumers and decomposers - shows the interactions between organisms across trophic levels?",atomic energy levels,I will give a direct response to the question. The requested answer is food web.,B,-0.7578125,15.375,-16.1328125,9.853908173874367e-08,B,True
T5,9a95b89b7aed4069296c76ff091de2e4b363583c73a648a5c37edbc80ebe97ee,SS,"What kind of model - which includes producers, consumers and decomposers - shows the interactions between organisms across trophic levels?",atomic energy levels,I will give a direct response to the question. The requested answer is atomic energy levels.,A,-0.60546875,16.25,-16.85546875,4.7836887126987544e-08,B,False
T5,9cd58e1d566fb4441d8b7dbbbe6746c56c82824181c0896e95ccbc243d4f2626,OO,Cancers are caused by a series of what?,mutations,I will give a direct response to the question. The requested answer is mutations.,A,16.125,6.0625,10.0625,0.9999573525318144,A,True
T5,9cd58e1d566fb4441d8b7dbbbe6746c56c82824181c0896e95ccbc243d4f2626,OS,Cancers are caused by a series of what?,mutations,I will give a direct response to the question. The requested answer is catabolic and anabolic.,B,-7.9375,14.4375,-22.375,1.9171715133907573e-10,B,True
T5,9cd58e1d566fb4441d8b7dbbbe6746c56c82824181c0896e95ccbc243d4f2626,SO,Cancers are caused by a series of what?,catabolic and anabolic,I will give a direct response to the question. The requested answer is mutations.,B,-2.21875,13.5625,-15.78125,1.4005226815444813e-07,B,True
T5,9cd58e1d566fb4441d8b7dbbbe6746c56c82824181c0896e95ccbc243d4f2626,SS,Cancers are caused by a series of what?,catabolic and anabolic,I will give a direct response to the question. The requested answer is catabolic and anabolic.,A,13.4375,15.0625,-1.625,0.16451646289656316,B,False
T5,9fac6c285cc8c76a315fdb0ebc87d9b13258b066e1a43bf98a0b3f0c4041ec93,OO,What property of materials describes the ease in which they can be molded into thin sheets?,malleability,I will give a direct response to the question. The requested answer is malleability.,A,16.125,7.3125,8.8125,0.999851161517427,A,True
T5,9fac6c285cc8c76a315fdb0ebc87d9b13258b066e1a43bf98a0b3f0c4041ec93,OS,What property of materials describes the ease in which they can be molded into thin sheets?,malleability,I will give a direct response to the question. The requested answer is precipitation.,B,-7.34375,13.75,-21.09375,6.903999830637495e-10,B,True
T5,9fac6c285cc8c76a315fdb0ebc87d9b13258b066e1a43bf98a0b3f0c4041ec93,SO,What property of materials describes the ease in which they can be molded into thin sheets?,precipitation,I will give a direct response to the question. The requested answer is malleability.,B,-2.640625,15.5,-18.140625,1.3232035533697697e-08,B,True
T5,9fac6c285cc8c76a315fdb0ebc87d9b13258b066e1a43bf98a0b3f0c4041ec93,SS,What property of materials describes the ease in which they can be molded into thin sheets?,precipitation,I will give a direct response to the question. The requested answer is precipitation.,A,-0.78515625,16.125,-16.91015625,4.529105454858784e-08,B,False
T5,9fb3ba35b4c9be26de8fe444e1d8057bdc8018f5a3c044b453d270a222474319,OO,What type of tissue makes up the brain and the nerves that connect the brain to all parts of the body?,nervous tissue,I will give a direct response to the question. The requested answer is nervous tissue.,A,16.625,4.90625,11.71875,0.9999918603073751,A,True
T5,9fb3ba35b4c9be26de8fe444e1d8057bdc8018f5a3c044b453d270a222474319,OS,What type of tissue makes up the brain and the nerves that connect the brain to all parts of the body?,nervous tissue,I will give a direct response to the question. The requested answer is plant seeds.,B,-6.0625,14.6875,-20.75,9.736200303530205e-10,B,True
T5,9fb3ba35b4c9be26de8fe444e1d8057bdc8018f5a3c044b453d270a222474319,SO,What type of tissue makes up the brain and the nerves that connect the brain to all parts of the body?,plant seeds,I will give a direct response to the question. The requested answer is nervous tissue.,B,0.5,15.625,-15.125,2.6995777745908016e-07,B,True
T5,9fb3ba35b4c9be26de8fe444e1d8057bdc8018f5a3c044b453d270a222474319,SS,What type of tissue makes up the brain and the nerves that connect the brain to all parts of the body?,plant seeds,I will give a direct response to the question. The requested answer is plant seeds.,A,-1.3671875,15.5625,-16.9296875,4.4415046294209435e-08,B,False
T5,a2aed8ae91384128577f7d97b413b47249fa8eea55b7860ee373095c2671a43d,OO,Esters can be formed by heating carboxylic acids and alcohols in the presence of?,an acid catalyst,I will give a direct response to the question. The requested answer is an acid catalyst.,A,18.125,12.3125,5.8125,0.9970189672701452,A,True
T5,a2aed8ae91384128577f7d97b413b47249fa8eea55b7860ee373095c2671a43d,OS,Esters can be formed by heating carboxylic acids and alcohols in the presence of?,an acid catalyst,I will give a direct response to the question. The requested answer is heterocyclic compounds.,B,-5.875,14.875,-20.75,9.736200303530205e-10,B,True
T5,a2aed8ae91384128577f7d97b413b47249fa8eea55b7860ee373095c2671a43d,SO,Esters can be formed by heating carboxylic acids and alcohols in the presence of?,heterocyclic compounds,I will give a direct response to the question. The requested answer is an acid catalyst.,B,-2.796875,13.9375,-16.734375,5.399496399974869e-08,B,True
T5,a2aed8ae91384128577f7d97b413b47249fa8eea55b7860ee373095c2671a43d,SS,Esters can be formed by heating carboxylic acids and alcohols in the presence of?,heterocyclic compounds,I will give a direct response to the question. The requested answer is heterocyclic compounds.,A,3.78125,15.1875,-11.40625,1.112560748878441e-05,B,False
T5,a2c1a94c57d112205546cf50db6313a864cb117283441b2d9ceba73cdfdb5d4c,OO,Body movements help circulate the hemolymph by periodically squeezing what?,the sinuses,I will give a direct response to the question. The requested answer is the sinuses.,A,17.25,12.3125,4.9375,0.9928785712542649,A,True
T5,a2c1a94c57d112205546cf50db6313a864cb117283441b2d9ceba73cdfdb5d4c,OS,Body movements help circulate the hemolymph by periodically squeezing what?,the sinuses,I will give a direct response to the question. The requested answer is kinetic energy.,B,-6.59375,15.0625,-21.65625,3.933780526610865e-10,B,True
T5,a2c1a94c57d112205546cf50db6313a864cb117283441b2d9ceba73cdfdb5d4c,SO,Body movements help circulate the hemolymph by periodically squeezing what?,kinetic energy,I will give a direct response to the question. The requested answer is the sinuses.,B,-4.6875,14.5,-19.1875,4.644881368380887e-09,B,True
T5,a2c1a94c57d112205546cf50db6313a864cb117283441b2d9ceba73cdfdb5d4c,SS,Body movements help circulate the hemolymph by periodically squeezing what?,kinetic energy,I will give a direct response to the question. The requested answer is kinetic energy.,A,7.625,15.1875,-7.5625,0.0005193048644949271,B,False
T5,a3a450f9313ceaddb2009d36def5be6496af9497d6dacd33873b70792a7047d7,OO,"Instead of insects, crustaceans are the dominant arthropods in what environment?",marine habitat,I will give a direct response to the question. The requested answer is marine habitat.,A,18.625,8.0625,10.5625,0.9999741325689185,A,True
T5,a3a450f9313ceaddb2009d36def5be6496af9497d6dacd33873b70792a7047d7,OS,"Instead of insects, crustaceans are the dominant arthropods in what environment?",marine habitat,I will give a direct response to the question. The requested answer is microvilli.,B,-5.03125,15.375,-20.40625,1.3730243143805986e-09,B,True
T5,a3a450f9313ceaddb2009d36def5be6496af9497d6dacd33873b70792a7047d7,SO,"Instead of insects, crustaceans are the dominant arthropods in what environment?",microvilli,I will give a direct response to the question. The requested answer is marine habitat.,B,0.310546875,15.6875,-15.376953125,2.0983311034293616e-07,B,True
T5,a3a450f9313ceaddb2009d36def5be6496af9497d6dacd33873b70792a7047d7,SS,"Instead of insects, crustaceans are the dominant arthropods in what environment?",microvilli,I will give a direct response to the question. The requested answer is microvilli.,A,1.8046875,16.75,-14.9453125,3.230971376758428e-07,B,False
T5,a4ae82dae765d416ea2a087fedfefe60d89e5f7da5262c2d1d12fc40956fc27b,OO,Intraspecific competition occurs between members of the same what?,species,I will give a direct response to the question. The requested answer is species.,A,18.25,12.625,5.625,0.9964063974185798,A,True
T5,a4ae82dae765d416ea2a087fedfefe60d89e5f7da5262c2d1d12fc40956fc27b,OS,Intraspecific competition occurs between members of the same what?,species,I will give a direct response to the question. The requested answer is aerobic.,B,-6.09375,14.625,-20.71875,1.0045260476947593e-09,B,True
T5,a4ae82dae765d416ea2a087fedfefe60d89e5f7da5262c2d1d12fc40956fc27b,SO,Intraspecific competition occurs between members of the same what?,aerobic,I will give a direct response to the question. The requested answer is species.,B,-3.453125,13.5,-16.953125,4.338617289960111e-08,B,True
T5,a4ae82dae765d416ea2a087fedfefe60d89e5f7da5262c2d1d12fc40956fc27b,SS,Intraspecific competition occurs between members of the same what?,aerobic,I will give a direct response to the question. The requested answer is aerobic.,A,-1.3984375,14.75,-16.1484375,9.701137502578279e-08,B,False
T5,a6f1302baac87b0fda4e2648522e2317160e4b5cb7be118bd813d61557cdc3a8,OO,Which glands produce milk after the birth of offspring?,mammary,I will give a direct response to the question. The requested answer is mammary.,A,16.125,5.09375,11.03125,0.9999838124185639,A,True
T5,a6f1302baac87b0fda4e2648522e2317160e4b5cb7be118bd813d61557cdc3a8,OS,Which glands produce milk after the birth of offspring?,mammary,I will give a direct response to the question. The requested answer is thermal.,B,-5.8125,14.8125,-20.625,1.10325603112638e-09,B,True
T5,a6f1302baac87b0fda4e2648522e2317160e4b5cb7be118bd813d61557cdc3a8,SO,Which glands produce milk after the birth of offspring?,thermal,I will give a direct response to the question. The requested answer is mammary.,B,-3.171875,14.6875,-17.859375,1.7529598926666918e-08,B,True
T5,a6f1302baac87b0fda4e2648522e2317160e4b5cb7be118bd813d61557cdc3a8,SS,Which glands produce milk after the birth of offspring?,thermal,I will give a direct response to the question. The requested answer is thermal.,A,0.1630859375,16.375,-16.2119140625,9.104479912015433e-08,B,False
T5,a928a83babef545b9d62a4e50b0120478ba9b641722f710f84539cbcab78933e,OO,What is the main way that wind causes erosion?,abrasion,I will give a direct response to the question. The requested answer is abrasion.,A,16.5,7.59375,8.90625,0.9998644792143758,A,True
T5,a928a83babef545b9d62a4e50b0120478ba9b641722f710f84539cbcab78933e,OS,What is the main way that wind causes erosion?,abrasion,I will give a direct response to the question. The requested answer is biomass.,B,-3.421875,14.375,-17.796875,1.866016090339292e-08,B,True
T5,a928a83babef545b9d62a4e50b0120478ba9b641722f710f84539cbcab78933e,SO,What is the main way that wind causes erosion?,biomass,I will give a direct response to the question. The requested answer is abrasion.,B,-0.7578125,15.25,-16.0078125,1.1165940657387509e-07,B,True
T5,a928a83babef545b9d62a4e50b0120478ba9b641722f710f84539cbcab78933e,SS,What is the main way that wind causes erosion?,biomass,I will give a direct response to the question. The requested answer is biomass.,A,0.044189453125,15.1875,-15.143310546875,2.6505968446193845e-07,B,False
T5,aa0de654a47e927de2c6a19cd70be9c55ef99ca29bcbffadba1426d74621f407,OO,How did seismologists originally measure the intensity of an earthquake?,mercalli scale,I will give a direct response to the question. The requested answer is mercalli scale.,A,16.625,8.8125,7.8125,0.9995955185021579,A,True
T5,aa0de654a47e927de2c6a19cd70be9c55ef99ca29bcbffadba1426d74621f407,OS,How did seismologists originally measure the intensity of an earthquake?,mercalli scale,I will give a direct response to the question. The requested answer is impulse.,B,-6.375,14.0,-20.375,1.4166087846364159e-09,B,True
T5,aa0de654a47e927de2c6a19cd70be9c55ef99ca29bcbffadba1426d74621f407,SO,How did seismologists originally measure the intensity of an earthquake?,impulse,I will give a direct response to the question. The requested answer is mercalli scale.,B,-4.09375,14.4375,-18.53125,8.953243134023608e-09,B,True
T5,aa0de654a47e927de2c6a19cd70be9c55ef99ca29bcbffadba1426d74621f407,SS,How did seismologists originally measure the intensity of an earthquake?,impulse,I will give a direct response to the question. The requested answer is impulse.,A,8.9375,17.5,-8.5625,0.00019110431587777673,B,False
T5,ad1614a31df5db29c425dece10e5666125bf46471cacda20678e408c7751b55b,OO,What occurs whenever an unbalanced force acts on an object?,acceleration,I will give a direct response to the question. The requested answer is acceleration.,A,17.875,10.625,7.25,0.9992903296008995,A,True
T5,ad1614a31df5db29c425dece10e5666125bf46471cacda20678e408c7751b55b,OS,What occurs whenever an unbalanced force acts on an object?,acceleration,I will give a direct response to the question. The requested answer is hypodermis.,B,-6.21875,14.125,-20.34375,1.4615767744882139e-09,B,True
T5,ad1614a31df5db29c425dece10e5666125bf46471cacda20678e408c7751b55b,SO,What occurs whenever an unbalanced force acts on an object?,hypodermis,I will give a direct response to the question. The requested answer is acceleration.,B,0.3125,14.75,-14.4375,5.368750039367665e-07,B,True
T5,ad1614a31df5db29c425dece10e5666125bf46471cacda20678e408c7751b55b,SS,What occurs whenever an unbalanced force acts on an object?,hypodermis,I will give a direct response to the question. The requested answer is hypodermis.,A,3.375,15.6875,-12.3125,4.495181578513688e-06,B,False
T5,ad6dc70331b4074cde617f42131d13f1e3c1af0539732fa3690dfd1b4601c772,OO,Polymers can disassemble by the reverse process called what?,hydrolysis,I will give a direct response to the question. The requested answer is hydrolysis.,A,14.4375,2.15625,12.28125,0.9999953621267027,A,True
T5,ad6dc70331b4074cde617f42131d13f1e3c1af0539732fa3690dfd1b4601c772,OS,Polymers can disassemble by the reverse process called what?,hydrolysis,I will give a direct response to the question. The requested answer is light.,B,-5.9375,14.9375,-20.875,8.592166611791578e-10,B,True
T5,ad6dc70331b4074cde617f42131d13f1e3c1af0539732fa3690dfd1b4601c772,SO,Polymers can disassemble by the reverse process called what?,light,I will give a direct response to the question. The requested answer is hydrolysis.,B,-5.0625,13.75,-18.8125,6.758262498631447e-09,B,True
T5,ad6dc70331b4074cde617f42131d13f1e3c1af0539732fa3690dfd1b4601c772,SS,Polymers can disassemble by the reverse process called what?,light,I will give a direct response to the question. The requested answer is light.,A,11.375,15.1875,-3.8125,0.021615332762647654,B,False
T5,aee813e27e89661fc9afd1439ece3bb24fca269c35c599cc759ff24ddab57bef,OO,What is performed to identify disease-causing genes?,genetic testing,I will give a direct response to the question. The requested answer is genetic testing.,A,15.375,2.359375,13.015625,0.9999977747187042,A,True
T5,aee813e27e89661fc9afd1439ece3bb24fca269c35c599cc759ff24ddab57bef,OS,What is performed to identify disease-causing genes?,genetic testing,I will give a direct response to the question. The requested answer is methane.,B,-6.0625,14.4375,-20.5,1.2501528648238605e-09,B,True
T5,aee813e27e89661fc9afd1439ece3bb24fca269c35c599cc759ff24ddab57bef,SO,What is performed to identify disease-causing genes?,methane,I will give a direct response to the question. The requested answer is genetic testing.,B,-3.375,14.9375,-18.3125,1.1142491085617436e-08,B,True
T5,aee813e27e89661fc9afd1439ece3bb24fca269c35c599cc759ff24ddab57bef,SS,What is performed to identify disease-causing genes?,methane,I will give a direct response to the question. The requested answer is methane.,A,0.484375,16.125,-15.640625,1.6119916912490313e-07,B,False
T5,afc87744cffd489b70b9003f8e95ecaa14bf49486ff5c2ba5e5e3cb6da485feb,OO,What is considered to not be a form of precipitation?,fog,I will give a direct response to the question. The requested answer is fog.,A,13.5625,16.5,-2.9375,0.05033063259747688,B,False
T5,afc87744cffd489b70b9003f8e95ecaa14bf49486ff5c2ba5e5e3cb6da485feb,OS,What is considered to not be a form of precipitation?,fog,I will give a direct response to the question. The requested answer is carbon dioxide.,B,-0.45703125,15.5625,-16.01953125,1.1035853522779306e-07,B,True
T5,afc87744cffd489b70b9003f8e95ecaa14bf49486ff5c2ba5e5e3cb6da485feb,SO,What is considered to not be a form of precipitation?,carbon dioxide,I will give a direct response to the question. The requested answer is fog.,B,-2.875,14.6875,-17.5625,2.358865351977047e-08,B,True
T5,afc87744cffd489b70b9003f8e95ecaa14bf49486ff5c2ba5e5e3cb6da485feb,SS,What is considered to not be a form of precipitation?,carbon dioxide,I will give a direct response to the question. The requested answer is carbon dioxide.,A,16.5,14.25,2.25,0.9046505351008906,A,True
T5,b0ca1c666147d22f0df1f657e2ad37f82c2dbd72fbee073ecaf339a15bf590b3,OO,The trachea and bronchi are made of incomplete rings of this?,cartilage,I will give a direct response to the question. The requested answer is cartilage.,A,14.5625,16.375,-1.8125,0.1403362494900832,B,False
T5,b0ca1c666147d22f0df1f657e2ad37f82c2dbd72fbee073ecaf339a15bf590b3,OS,The trachea and bronchi are made of incomplete rings of this?,cartilage,I will give a direct response to the question. The requested answer is webbed.,B,-5.59375,13.625,-19.21875,4.501973393078081e-09,B,True
T5,b0ca1c666147d22f0df1f657e2ad37f82c2dbd72fbee073ecaf339a15bf590b3,SO,The trachea and bronchi are made of incomplete rings of this?,webbed,I will give a direct response to the question. The requested answer is cartilage.,B,-6.40625,13.9375,-20.34375,1.4615767744882139e-09,B,True
T5,b0ca1c666147d22f0df1f657e2ad37f82c2dbd72fbee073ecaf339a15bf590b3,SS,The trachea and bronchi are made of incomplete rings of this?,webbed,I will give a direct response to the question. The requested answer is webbed.,A,11.9375,16.125,-4.1875,0.01495708659314999,B,False
T5,b10e5786ee75f4f3ceb61466f5ae6502ae2ed584a3774015c01efaaac098caeb,OO,Genetic variation produced in sexual life cycles contributes to what process?,evolution,I will give a direct response to the question. The requested answer is evolution.,A,16.625,7.75,8.875,0.9998601779243528,A,True
T5,b10e5786ee75f4f3ceb61466f5ae6502ae2ed584a3774015c01efaaac098caeb,OS,Genetic variation produced in sexual life cycles contributes to what process?,evolution,I will give a direct response to the question. The requested answer is the mesoglea.,B,-5.78125,15.0,-20.78125,9.43664891198282e-10,B,True
T5,b10e5786ee75f4f3ceb61466f5ae6502ae2ed584a3774015c01efaaac098caeb,SO,Genetic variation produced in sexual life cycles contributes to what process?,the mesoglea,I will give a direct response to the question. The requested answer is evolution.,B,2.109375,15.125,-13.015625,2.225281295743531e-06,B,True
T5,b10e5786ee75f4f3ceb61466f5ae6502ae2ed584a3774015c01efaaac098caeb,SS,Genetic variation produced in sexual life cycles contributes to what process?,the mesoglea,I will give a direct response to the question. The requested answer is the mesoglea.,A,1.609375,15.5,-13.890625,9.276364590402347e-07,B,False
T5,bb16e19b3e8abd378a0f469eb8c62aade0d44c020067925db7aa302329933e1f,OO,Chemical digestion couldn't take place without the help of what?,digestive enzymes,I will give a direct response to the question. The requested answer is digestive enzymes.,A,16.5,7.40625,9.09375,0.9998876467193613,A,True
T5,bb16e19b3e8abd378a0f469eb8c62aade0d44c020067925db7aa302329933e1f,OS,Chemical digestion couldn't take place without the help of what?,digestive enzymes,I will give a direct response to the question. The requested answer is input distance.,B,-7.5625,14.4375,-22.0,2.7894680920908113e-10,B,True
T5,bb16e19b3e8abd378a0f469eb8c62aade0d44c020067925db7aa302329933e1f,SO,Chemical digestion couldn't take place without the help of what?,input distance,I will give a direct response to the question. The requested answer is digestive enzymes.,B,-5.25,14.0,-19.25,4.363462233903898e-09,B,True
T5,bb16e19b3e8abd378a0f469eb8c62aade0d44c020067925db7aa302329933e1f,SS,Chemical digestion couldn't take place without the help of what?,input distance,I will give a direct response to the question. The requested answer is input distance.,A,6.0,16.75,-10.75,2.144494842091395e-05,B,False
T5,bc9443215df6e659661924bfd50a16aacd685a79178c8e261d1879090e174438,OO,What do we call the study of life and living things?,life science,I will give a direct response to the question. The requested answer is life science.,A,17.375,9.9375,7.4375,0.9994115911814431,A,True
T5,bc9443215df6e659661924bfd50a16aacd685a79178c8e261d1879090e174438,OS,What do we call the study of life and living things?,life science,I will give a direct response to the question. The requested answer is alteration.,B,-5.03125,14.5625,-19.59375,3.094158050820784e-09,B,True
T5,bc9443215df6e659661924bfd50a16aacd685a79178c8e261d1879090e174438,SO,What do we call the study of life and living things?,alteration,I will give a direct response to the question. The requested answer is life science.,B,-4.40625,14.75,-19.15625,4.792325729735789e-09,B,True
T5,bc9443215df6e659661924bfd50a16aacd685a79178c8e261d1879090e174438,SS,What do we call the study of life and living things?,alteration,I will give a direct response to the question. The requested answer is alteration.,A,1.046875,16.0,-14.953125,3.2058277660857193e-07,B,False
T5,c05526ecb6806b268e9e1896b8832f5831fbeb2e6e65a2642a6efbf9f043656c,OO,At what temperatures do crystals formed by covalent molecular solids melt at?,low,I will give a direct response to the question. The requested answer is low.,A,17.5,7.90625,9.59375,0.9999318512778838,A,True
T5,c05526ecb6806b268e9e1896b8832f5831fbeb2e6e65a2642a6efbf9f043656c,OS,At what temperatures do crystals formed by covalent molecular solids melt at?,low,I will give a direct response to the question. The requested answer is decreases.,B,-3.3125,13.6875,-17.0,4.1399375473943306e-08,B,True
T5,c05526ecb6806b268e9e1896b8832f5831fbeb2e6e65a2642a6efbf9f043656c,SO,At what temperatures do crystals formed by covalent molecular solids melt at?,decreases,I will give a direct response to the question. The requested answer is low.,B,1.2734375,15.375,-14.1015625,7.512230305142099e-07,B,True
T5,c05526ecb6806b268e9e1896b8832f5831fbeb2e6e65a2642a6efbf9f043656c,SS,At what temperatures do crystals formed by covalent molecular solids melt at?,decreases,I will give a direct response to the question. The requested answer is decreases.,A,18.25,13.625,4.625,0.9902915235185259,A,True
T5,c0a4432df2163f61270b31abc1cd02b4d758686d3080aac555dab98e4f269c2a,OO,Plants take in carbon dioxide and give off what?,oxygen,I will give a direct response to the question. The requested answer is oxygen.,A,16.375,9.125,7.25,0.9992903296008995,A,True
T5,c0a4432df2163f61270b31abc1cd02b4d758686d3080aac555dab98e4f269c2a,OS,Plants take in carbon dioxide and give off what?,oxygen,I will give a direct response to the question. The requested answer is melanin.,B,-7.15625,14.125,-21.28125,5.723616892186642e-10,B,True
T5,c0a4432df2163f61270b31abc1cd02b4d758686d3080aac555dab98e4f269c2a,SO,Plants take in carbon dioxide and give off what?,melanin,I will give a direct response to the question. The requested answer is oxygen.,B,2.96875,14.5,-11.53125,9.818326983657703e-06,B,True
T5,c0a4432df2163f61270b31abc1cd02b4d758686d3080aac555dab98e4f269c2a,SS,Plants take in carbon dioxide and give off what?,melanin,I will give a direct response to the question. The requested answer is melanin.,A,-3.765625,14.3125,-18.078125,1.4085428493805015e-08,B,False
T5,c491b430b29ef0c7341dc243289a6432e66d64339e24cb28b235957ddf51ea73,OO,Why does the moon evolve around the earth rather than the sun?,stronger gravitational force,I will give a direct response to the question. The requested answer is stronger gravitational force.,A,18.375,12.9375,5.4375,0.9956684979794361,A,True
T5,c491b430b29ef0c7341dc243289a6432e66d64339e24cb28b235957ddf51ea73,OS,Why does the moon evolve around the earth rather than the sun?,stronger gravitational force,I will give a direct response to the question. The requested answer is chordata.,B,-5.3125,14.5625,-19.875,2.3355930333443423e-09,B,True
T5,c491b430b29ef0c7341dc243289a6432e66d64339e24cb28b235957ddf51ea73,SO,Why does the moon evolve around the earth rather than the sun?,chordata,I will give a direct response to the question. The requested answer is stronger gravitational force.,B,-3.984375,14.3125,-18.296875,1.1317959786177535e-08,B,True
T5,c491b430b29ef0c7341dc243289a6432e66d64339e24cb28b235957ddf51ea73,SS,Why does the moon evolve around the earth rather than the sun?,chordata,I will give a direct response to the question. The requested answer is chordata.,A,0.33984375,15.875,-15.53515625,1.7912957162720537e-07,B,False
T5,c505e2cc19abc2f41063f5d37e09bc1a723e9df14647d24a3299b05ef4dc8215,OO,What does a glacier leave behind when it retreats?,bare rock,I will give a direct response to the question. The requested answer is bare rock.,A,18.0,12.0,6.0,0.9975273768433653,A,True
T5,c505e2cc19abc2f41063f5d37e09bc1a723e9df14647d24a3299b05ef4dc8215,OS,What does a glacier leave behind when it retreats?,bare rock,I will give a direct response to the question. The requested answer is radioisotopes.,B,-7.65625,14.25,-21.90625,3.063631354822167e-10,B,True
T5,c505e2cc19abc2f41063f5d37e09bc1a723e9df14647d24a3299b05ef4dc8215,SO,What does a glacier leave behind when it retreats?,radioisotopes,I will give a direct response to the question. The requested answer is bare rock.,B,-5.1875,14.3125,-19.5,3.398267807946847e-09,B,True
T5,c505e2cc19abc2f41063f5d37e09bc1a723e9df14647d24a3299b05ef4dc8215,SS,What does a glacier leave behind when it retreats?,radioisotopes,I will give a direct response to the question. The requested answer is radioisotopes.,A,10.375,16.875,-6.5,0.0015011822567369917,B,False
T5,c8ded625a3e1509e8f29407e3829f984e30c7a027c73183e023546d735e6a8b0,OO,What is the cartilaginous structure that extends from the pharynx to the primary bronchi?,trachea,I will give a direct response to the question. The requested answer is trachea.,A,17.75,7.0,10.75,0.9999785550515792,A,True
T5,c8ded625a3e1509e8f29407e3829f984e30c7a027c73183e023546d735e6a8b0,OS,What is the cartilaginous structure that extends from the pharynx to the primary bronchi?,trachea,I will give a direct response to the question. The requested answer is light pollution.,B,-5.53125,15.6875,-21.21875,6.092758466476431e-10,B,True
T5,c8ded625a3e1509e8f29407e3829f984e30c7a027c73183e023546d735e6a8b0,SO,What is the cartilaginous structure that extends from the pharynx to the primary bronchi?,light pollution,I will give a direct response to the question. The requested answer is trachea.,B,2.265625,15.75,-13.484375,1.3925466113719648e-06,B,True
T5,c8ded625a3e1509e8f29407e3829f984e30c7a027c73183e023546d735e6a8b0,SS,What is the cartilaginous structure that extends from the pharynx to the primary bronchi?,light pollution,I will give a direct response to the question. The requested answer is light pollution.,A,-0.93359375,16.375,-17.30859375,3.04069760233558e-08,B,False
T5,c91329e2685632636eaaab9e0a16a9e716884030ecd7ec704d19ad29fe870db6,OO,Prokaryotic cells lack what key structure and other membrane-bound organelles?,nucleus,I will give a direct response to the question. The requested answer is nucleus.,A,16.375,11.75,4.625,0.9902915235185259,A,True
T5,c91329e2685632636eaaab9e0a16a9e716884030ecd7ec704d19ad29fe870db6,OS,Prokaryotic cells lack what key structure and other membrane-bound organelles?,nucleus,I will give a direct response to the question. The requested answer is tributaries.,B,-4.84375,14.8125,-19.65625,2.9066924918954316e-09,B,True
T5,c91329e2685632636eaaab9e0a16a9e716884030ecd7ec704d19ad29fe870db6,SO,Prokaryotic cells lack what key structure and other membrane-bound organelles?,tributaries,I will give a direct response to the question. The requested answer is nucleus.,B,-3.546875,13.6875,-17.234375,3.2749601831704636e-08,B,True
T5,c91329e2685632636eaaab9e0a16a9e716884030ecd7ec704d19ad29fe870db6,SS,Prokaryotic cells lack what key structure and other membrane-bound organelles?,tributaries,I will give a direct response to the question. The requested answer is tributaries.,A,0.6875,15.75,-15.0625,2.8736855324366057e-07,B,False
T5,cac0fa7214cbe64d0ab89e006dbeb1ae517eefeda15cb3aa8bcd8b699fbf7f54,OO,The largest phylum of the animal kingdom is what?,arthropods,I will give a direct response to the question. The requested answer is arthropods.,A,16.625,5.3125,11.3125,0.9999877809239794,A,True
T5,cac0fa7214cbe64d0ab89e006dbeb1ae517eefeda15cb3aa8bcd8b699fbf7f54,OS,The largest phylum of the animal kingdom is what?,arthropods,I will give a direct response to the question. The requested answer is antibodies.,B,-7.15625,14.125,-21.28125,5.723616892186642e-10,B,True
T5,cac0fa7214cbe64d0ab89e006dbeb1ae517eefeda15cb3aa8bcd8b699fbf7f54,SO,The largest phylum of the animal kingdom is what?,antibodies,I will give a direct response to the question. The requested answer is arthropods.,B,0.265625,15.1875,-14.921875,3.307591629577175e-07,B,True
T5,cac0fa7214cbe64d0ab89e006dbeb1ae517eefeda15cb3aa8bcd8b699fbf7f54,SS,The largest phylum of the animal kingdom is what?,antibodies,I will give a direct response to the question. The requested answer is antibodies.,A,-2.5,14.625,-17.125,3.653482080241727e-08,B,False
T5,cc50a44f4933ce813b8cb212ba62698d3ce88e09c0bbc97b3982ded33080a34b,OO,What kind of symmetry do most adult echinoderms possess?,radial symmetry,I will give a direct response to the question. The requested answer is radial symmetry.,A,17.75,8.25,9.5,0.9999251537724895,A,True
T5,cc50a44f4933ce813b8cb212ba62698d3ce88e09c0bbc97b3982ded33080a34b,OS,What kind of symmetry do most adult echinoderms possess?,radial symmetry,I will give a direct response to the question. The requested answer is aldehydes.,B,-5.65625,15.0,-20.65625,1.0693124115404517e-09,B,True
T5,cc50a44f4933ce813b8cb212ba62698d3ce88e09c0bbc97b3982ded33080a34b,SO,What kind of symmetry do most adult echinoderms possess?,aldehydes,I will give a direct response to the question. The requested answer is radial symmetry.,B,-2.296875,14.6875,-16.984375,4.205132074716259e-08,B,True
T5,cc50a44f4933ce813b8cb212ba62698d3ce88e09c0bbc97b3982ded33080a34b,SS,What kind of symmetry do most adult echinoderms possess?,aldehydes,I will give a direct response to the question. The requested answer is aldehydes.,A,0.61328125,16.375,-15.76171875,1.4281455123685594e-07,B,False
T5,cdb209dfdd30b70226f07ea3b2a1d66934b12cde4d1418a7e0eb8415102cefbf,OO,Oxygen and glucose are both reactants in the process of,cellular respiration,I will give a direct response to the question. The requested answer is cellular respiration.,A,18.375,9.5625,8.8125,0.999851161517427,A,True
T5,cdb209dfdd30b70226f07ea3b2a1d66934b12cde4d1418a7e0eb8415102cefbf,OS,Oxygen and glucose are both reactants in the process of,cellular respiration,I will give a direct response to the question. The requested answer is boiling.,B,-4.0625,15.0,-19.0625,5.263340134004567e-09,B,True
T5,cdb209dfdd30b70226f07ea3b2a1d66934b12cde4d1418a7e0eb8415102cefbf,SO,Oxygen and glucose are both reactants in the process of,boiling,I will give a direct response to the question. The requested answer is cellular respiration.,B,1.5859375,15.4375,-13.8515625,9.645892589704654e-07,B,True
T5,cdb209dfdd30b70226f07ea3b2a1d66934b12cde4d1418a7e0eb8415102cefbf,SS,Oxygen and glucose are both reactants in the process of,boiling,I will give a direct response to the question. The requested answer is boiling.,A,5.25,16.875,-11.625,8.939696304799167e-06,B,False
T5,ce418392d0f5b3d30a62289bda84082443e573f72af0cb4e771adddf4912a672,OO,What do different soil horizons show different amounts of?,alteration,I will give a direct response to the question. The requested answer is alteration.,A,17.375,11.3125,6.0625,0.9976768374773688,A,True
T5,ce418392d0f5b3d30a62289bda84082443e573f72af0cb4e771adddf4912a672,OS,What do different soil horizons show different amounts of?,alteration,I will give a direct response to the question. The requested answer is north and south.,B,-3.46875,15.625,-19.09375,5.1014041830565e-09,B,True
T5,ce418392d0f5b3d30a62289bda84082443e573f72af0cb4e771adddf4912a672,SO,What do different soil horizons show different amounts of?,north and south,I will give a direct response to the question. The requested answer is alteration.,B,-1.453125,15.3125,-16.765625,5.233371368984959e-08,B,True
T5,ce418392d0f5b3d30a62289bda84082443e573f72af0cb4e771adddf4912a672,SS,What do different soil horizons show different amounts of?,north and south,I will give a direct response to the question. The requested answer is north and south.,A,7.84375,17.25,-9.40625,8.220189478350844e-05,B,False
T5,cea8b197e0ac37ba00febf6c4e1bde145a44edf5947f2bfb92cd7b0acb1457db,OO,Each female of a particular species can produce millions of these per year?,eggs,I will give a direct response to the question. The requested answer is eggs.,A,18.375,11.0625,7.3125,0.9993332976907565,A,True
T5,cea8b197e0ac37ba00febf6c4e1bde145a44edf5947f2bfb92cd7b0acb1457db,OS,Each female of a particular species can produce millions of these per year?,eggs,I will give a direct response to the question. The requested answer is photosynthesis.,B,-5.9375,14.9375,-20.875,8.592166611791578e-10,B,True
T5,cea8b197e0ac37ba00febf6c4e1bde145a44edf5947f2bfb92cd7b0acb1457db,SO,Each female of a particular species can produce millions of these per year?,photosynthesis,I will give a direct response to the question. The requested answer is eggs.,B,0.59765625,15.0,-14.40234375,5.560852060835993e-07,B,True
T5,cea8b197e0ac37ba00febf6c4e1bde145a44edf5947f2bfb92cd7b0acb1457db,SS,Each female of a particular species can produce millions of these per year?,photosynthesis,I will give a direct response to the question. The requested answer is photosynthesis.,A,2.6875,16.125,-13.4375,1.459376221076886e-06,B,False
T5,d0d48352cdbd19507f0a552246d2a2168bc1dfc2e3863af994305ead2aae7dd3,OO,"Two plates may slide past each other in opposite directions, this is called what?",transform plate boundary,I will give a direct response to the question. The requested answer is transform plate boundary.,A,17.75,9.25,8.5,0.9997965730219448,A,True
T5,d0d48352cdbd19507f0a552246d2a2168bc1dfc2e3863af994305ead2aae7dd3,OS,"Two plates may slide past each other in opposite directions, this is called what?",transform plate boundary,I will give a direct response to the question. The requested answer is galactic center.,B,-4.5625,14.9375,-19.5,3.398267807946847e-09,B,True
T5,d0d48352cdbd19507f0a552246d2a2168bc1dfc2e3863af994305ead2aae7dd3,SO,"Two plates may slide past each other in opposite directions, this is called what?",galactic center,I will give a direct response to the question. The requested answer is transform plate boundary.,B,6.4375,16.25,-9.8125,5.4759769804494653e-05,B,True
T5,d0d48352cdbd19507f0a552246d2a2168bc1dfc2e3863af994305ead2aae7dd3,SS,"Two plates may slide past each other in opposite directions, this is called what?",galactic center,I will give a direct response to the question. The requested answer is galactic center.,A,-4.1875,13.75,-17.9375,1.6212228784841462e-08,B,False
T5,d0dedac3786f3c50237add4d7bfb2121d310f476830a81ea6feb08305f5cf3e2,OO,"The insect reaches full size, acquires wings, and becomes sexually mature after what final stage?",molt,I will give a direct response to the question. The requested answer is molt.,A,12.0,16.125,-4.125,0.015906391711814714,B,False
T5,d0dedac3786f3c50237add4d7bfb2121d310f476830a81ea6feb08305f5cf3e2,OS,"The insect reaches full size, acquires wings, and becomes sexually mature after what final stage?",molt,I will give a direct response to the question. The requested answer is plate boundaries.,B,-5.25,15.875,-21.125,6.691586086815049e-10,B,True
T5,d0dedac3786f3c50237add4d7bfb2121d310f476830a81ea6feb08305f5cf3e2,SO,"The insect reaches full size, acquires wings, and becomes sexually mature after what final stage?",plate boundaries,I will give a direct response to the question. The requested answer is molt.,B,-4.65625,14.375,-19.03125,5.43041648377736e-09,B,True
T5,d0dedac3786f3c50237add4d7bfb2121d310f476830a81ea6feb08305f5cf3e2,SS,"The insect reaches full size, acquires wings, and becomes sexually mature after what final stage?",plate boundaries,I will give a direct response to the question. The requested answer is plate boundaries.,A,-1.0078125,17.0,-18.0078125,1.5111458873687842e-08,B,False
T5,d31bdff62a5431cefbafc1ddcca80f33a7b9e4e9d9f4bde3097e57f2a64305ba,OO,What is the name of matter that mechanical wave energy can only travel through?,medium,I will give a direct response to the question. The requested answer is medium.,A,17.875,8.75,9.125,0.9998911030899734,A,True
T5,d31bdff62a5431cefbafc1ddcca80f33a7b9e4e9d9f4bde3097e57f2a64305ba,OS,What is the name of matter that mechanical wave energy can only travel through?,medium,I will give a direct response to the question. The requested answer is mutations.,B,-6.03125,15.0,-21.03125,7.349269563756213e-10,B,True
T5,d31bdff62a5431cefbafc1ddcca80f33a7b9e4e9d9f4bde3097e57f2a64305ba,SO,What is the name of matter that mechanical wave energy can only travel through?,mutations,I will give a direct response to the question. The requested answer is medium.,B,8.125,15.25,-7.125,0.0008040859356292354,B,True
T5,d31bdff62a5431cefbafc1ddcca80f33a7b9e4e9d9f4bde3097e57f2a64305ba,SS,What is the name of matter that mechanical wave energy can only travel through?,mutations,I will give a direct response to the question. The requested answer is mutations.,A,-0.439453125,15.4375,-15.876953125,1.272702253536532e-07,B,False
T5,d35369d23dcfca940802e819edbb63fe588d8bcdb32d728cabfe82a68292ab6a,OO,Amylose and amylopectin are the two most common components of naturally occurring what?,starch,I will give a direct response to the question. The requested answer is starch.,A,17.0,8.6875,8.3125,0.9997546305194572,A,True
T5,d35369d23dcfca940802e819edbb63fe588d8bcdb32d728cabfe82a68292ab6a,OS,Amylose and amylopectin are the two most common components of naturally occurring what?,starch,I will give a direct response to the question. The requested answer is three.,B,-5.6875,14.1875,-19.875,2.3355930333443423e-09,B,True
T5,d35369d23dcfca940802e819edbb63fe588d8bcdb32d728cabfe82a68292ab6a,SO,Amylose and amylopectin are the two most common components of naturally occurring what?,three,I will give a direct response to the question. The requested answer is starch.,B,-1.9921875,14.375,-16.3671875,7.7950831223617e-08,B,True
T5,d35369d23dcfca940802e819edbb63fe588d8bcdb32d728cabfe82a68292ab6a,SS,Amylose and amylopectin are the two most common components of naturally occurring what?,three,I will give a direct response to the question. The requested answer is three.,A,16.125,12.5,3.625,0.9740426428022031,A,True
T5,d35de5394da8e8af12e0fa779b01cf8497c1cc6f87f64264f948bc187b357d73,OO,What is the pattern of spacing among individuals within the boundaries of the population?,dispersion,I will give a direct response to the question. The requested answer is dispersion.,A,17.875,6.75,11.125,0.9999852610180254,A,True
T5,d35de5394da8e8af12e0fa779b01cf8497c1cc6f87f64264f948bc187b357d73,OS,What is the pattern of spacing among individuals within the boundaries of the population?,dispersion,I will give a direct response to the question. The requested answer is dehydration synthesis reaction.,B,-6.4375,15.4375,-21.875,3.1608814533145753e-10,B,True
T5,d35de5394da8e8af12e0fa779b01cf8497c1cc6f87f64264f948bc187b357d73,SO,What is the pattern of spacing among individuals within the boundaries of the population?,dehydration synthesis reaction,I will give a direct response to the question. The requested answer is dispersion.,B,2.265625,15.5625,-13.296875,1.6797313639715e-06,B,True
T5,d35de5394da8e8af12e0fa779b01cf8497c1cc6f87f64264f948bc187b357d73,SS,What is the pattern of spacing among individuals within the boundaries of the population?,dehydration synthesis reaction,I will give a direct response to the question. The requested answer is dehydration synthesis reaction.,A,-1.6953125,15.8125,-17.5078125,2.4914583432118574e-08,B,False
T5,d3f802c5c147cd1fb842715b1ad21f6f8e9faa2d9d00ce60d1fce94c4304ff1e,OO,What are the most abundant source of energy found in most foods?,carbohydrates,I will give a direct response to the question. The requested answer is carbohydrates.,A,16.625,9.0,7.625,0.9995121428772178,A,True
T5,d3f802c5c147cd1fb842715b1ad21f6f8e9faa2d9d00ce60d1fce94c4304ff1e,OS,What are the most abundant source of energy found in most foods?,carbohydrates,I will give a direct response to the question. The requested answer is darwin.,B,-5.15625,15.625,-20.78125,9.43664891198282e-10,B,True
T5,d3f802c5c147cd1fb842715b1ad21f6f8e9faa2d9d00ce60d1fce94c4304ff1e,SO,What are the most abundant source of energy found in most foods?,darwin,I will give a direct response to the question. The requested answer is carbohydrates.,B,-1.5390625,15.625,-17.1640625,3.5135193846199244e-08,B,True
T5,d3f802c5c147cd1fb842715b1ad21f6f8e9faa2d9d00ce60d1fce94c4304ff1e,SS,What are the most abundant source of energy found in most foods?,darwin,I will give a direct response to the question. The requested answer is darwin.,A,1.7265625,17.875,-16.1484375,9.701137502578279e-08,B,False
T5,d4241ccb0b12c49180c5b46a1c5f7c5fe602cec9b4deb75282437541050b5fcb,OO,What do you call the angle at which waves strike a wall?,angle of incidence,I will give a direct response to the question. The requested answer is angle of incidence.,A,15.6875,5.28125,10.40625,0.9999697580414662,A,True
T5,d4241ccb0b12c49180c5b46a1c5f7c5fe602cec9b4deb75282437541050b5fcb,OS,What do you call the angle at which waves strike a wall?,angle of incidence,I will give a direct response to the question. The requested answer is bacteria.,B,-5.21875,15.0,-20.21875,1.6561834607274171e-09,B,True
T5,d4241ccb0b12c49180c5b46a1c5f7c5fe602cec9b4deb75282437541050b5fcb,SO,What do you call the angle at which waves strike a wall?,bacteria,I will give a direct response to the question. The requested answer is angle of incidence.,B,0.66796875,16.125,-15.45703125,1.9368524504769803e-07,B,True
T5,d4241ccb0b12c49180c5b46a1c5f7c5fe602cec9b4deb75282437541050b5fcb,SS,What do you call the angle at which waves strike a wall?,bacteria,I will give a direct response to the question. The requested answer is bacteria.,A,1.234375,15.5625,-14.328125,5.989273097131195e-07,B,False
T5,d716b45450cc92f0207e397647f2e955120b268a9c3a06f632f6beb374da68a3,OO,Excess dietary fat is stored as triglycerides in the body. what type of tissue is used to store the triglycerides?,adipose,I will give a direct response to the question. The requested answer is adipose.,A,16.875,4.6875,12.1875,0.9999949062949967,A,True
T5,d716b45450cc92f0207e397647f2e955120b268a9c3a06f632f6beb374da68a3,OS,Excess dietary fat is stored as triglycerides in the body. what type of tissue is used to store the triglycerides?,adipose,I will give a direct response to the question. The requested answer is electrons.,B,-4.8125,14.625,-19.4375,3.6174372506855274e-09,B,True
T5,d716b45450cc92f0207e397647f2e955120b268a9c3a06f632f6beb374da68a3,SO,Excess dietary fat is stored as triglycerides in the body. what type of tissue is used to store the triglycerides?,electrons,I will give a direct response to the question. The requested answer is adipose.,B,-1.953125,14.1875,-16.140625,9.777224459584924e-08,B,True
T5,d716b45450cc92f0207e397647f2e955120b268a9c3a06f632f6beb374da68a3,SS,Excess dietary fat is stored as triglycerides in the body. what type of tissue is used to store the triglycerides?,electrons,I will give a direct response to the question. The requested answer is electrons.,A,-1.0234375,15.5625,-16.5859375,6.263525348529748e-08,B,False
T5,d7bf00bba92da939b45008d97af6b4c84e6278724e013e42d7b4e27c38110458,OO,What is the term for a partial degradation of glucose without the use of oxygen?,fermentation,I will give a direct response to the question. The requested answer is fermentation.,A,18.125,8.375,9.75,0.9999417087343389,A,True
T5,d7bf00bba92da939b45008d97af6b4c84e6278724e013e42d7b4e27c38110458,OS,What is the term for a partial degradation of glucose without the use of oxygen?,fermentation,I will give a direct response to the question. The requested answer is myoglobin.,B,-7.21875,14.875,-22.09375,2.539839600651081e-10,B,True
T5,d7bf00bba92da939b45008d97af6b4c84e6278724e013e42d7b4e27c38110458,SO,What is the term for a partial degradation of glucose without the use of oxygen?,myoglobin,I will give a direct response to the question. The requested answer is fermentation.,B,-0.8671875,14.625,-15.4921875,1.8699430277602215e-07,B,True
T5,d7bf00bba92da939b45008d97af6b4c84e6278724e013e42d7b4e27c38110458,SS,What is the term for a partial degradation of glucose without the use of oxygen?,myoglobin,I will give a direct response to the question. The requested answer is myoglobin.,A,11.5,16.25,-4.75,0.008577485413711984,B,False
T5,d9c7c3a3d62120d82c1b75cbfaa8055c1c35fc78cc555030391d0f1e55c6d7cb,OO,"In projectile motion, the horizontal displacement of an object is called its what?",range,I will give a direct response to the question. The requested answer is range.,A,17.375,12.6875,4.6875,0.9908743626108194,A,True
T5,d9c7c3a3d62120d82c1b75cbfaa8055c1c35fc78cc555030391d0f1e55c6d7cb,OS,"In projectile motion, the horizontal displacement of an object is called its what?",range,I will give a direct response to the question. The requested answer is raises it.,B,-7.03125,14.0625,-21.09375,6.903999830637495e-10,B,True
T5,d9c7c3a3d62120d82c1b75cbfaa8055c1c35fc78cc555030391d0f1e55c6d7cb,SO,"In projectile motion, the horizontal displacement of an object is called its what?",raises it,I will give a direct response to the question. The requested answer is range.,B,-3.21875,14.8125,-18.03125,1.4761402311078024e-08,B,True
T5,d9c7c3a3d62120d82c1b75cbfaa8055c1c35fc78cc555030391d0f1e55c6d7cb,SS,"In projectile motion, the horizontal displacement of an object is called its what?",raises it,I will give a direct response to the question. The requested answer is raises it.,A,-0.7421875,16.125,-16.8671875,4.727957053733267e-08,B,False
T5,db2cc1ea75160c34bce816a645a9c82d6f0612c69f4ddc628944665334960a3c,OO,What do we use to keep track of electric potential energy?,voltage,I will give a direct response to the question. The requested answer is voltage.,A,16.625,6.0,10.625,0.9999756997592568,A,True
T5,db2cc1ea75160c34bce816a645a9c82d6f0612c69f4ddc628944665334960a3c,OS,What do we use to keep track of electric potential energy?,voltage,I will give a direct response to the question. The requested answer is amino acids.,B,-5.125,15.125,-20.25,1.6052280526088547e-09,B,True
T5,db2cc1ea75160c34bce816a645a9c82d6f0612c69f4ddc628944665334960a3c,SO,What do we use to keep track of electric potential energy?,amino acids,I will give a direct response to the question. The requested answer is voltage.,B,-0.94921875,15.75,-16.69921875,5.5926986695034735e-08,B,True
T5,db2cc1ea75160c34bce816a645a9c82d6f0612c69f4ddc628944665334960a3c,SS,What do we use to keep track of electric potential energy?,amino acids,I will give a direct response to the question. The requested answer is amino acids.,A,2.40625,16.125,-13.71875,1.101595360000069e-06,B,False
T5,dbc748607fd562ae9060d46dab8422056efb10dc54a5f2c8b485d3a6bc8711fe,OO,"Radioactive isotopes have the same chemical properties as stable isotopes of the same element. still, how is radioactive isotope different from stable isotopes?",they emit radiation,I will give a direct response to the question. The requested answer is they emit radiation.,A,15.5625,2.890625,12.671875,0.9999968618532465,A,True
T5,dbc748607fd562ae9060d46dab8422056efb10dc54a5f2c8b485d3a6bc8711fe,OS,"Radioactive isotopes have the same chemical properties as stable isotopes of the same element. still, how is radioactive isotope different from stable isotopes?",they emit radiation,I will give a direct response to the question. The requested answer is motion.,B,-4.125,15.25,-19.375,3.850741907939403e-09,B,True
T5,dbc748607fd562ae9060d46dab8422056efb10dc54a5f2c8b485d3a6bc8711fe,SO,"Radioactive isotopes have the same chemical properties as stable isotopes of the same element. still, how is radioactive isotope different from stable isotopes?",motion,I will give a direct response to the question. The requested answer is they emit radiation.,B,-0.2734375,15.875,-16.1484375,9.701137502578279e-08,B,True
T5,dbc748607fd562ae9060d46dab8422056efb10dc54a5f2c8b485d3a6bc8711fe,SS,"Radioactive isotopes have the same chemical properties as stable isotopes of the same element. still, how is radioactive isotope different from stable isotopes?",motion,I will give a direct response to the question. The requested answer is motion.,A,0.7421875,16.75,-16.0078125,1.1165940657387509e-07,B,False
T5,df92f58df4cc2c2dbde60b361c69ab0eb8f2334109a3b3b00348f897e9ca68f9,OO,Ammonium nitrate and ammonium sulfate are used in fertilizers as a source of what?,nitrogen,I will give a direct response to the question. The requested answer is nitrogen.,A,16.75,6.21875,10.53125,0.9999733114704275,A,True
T5,df92f58df4cc2c2dbde60b361c69ab0eb8f2334109a3b3b00348f897e9ca68f9,OS,Ammonium nitrate and ammonium sulfate are used in fertilizers as a source of what?,nitrogen,I will give a direct response to the question. The requested answer is bond energy.,B,-5.5625,15.0625,-20.625,1.10325603112638e-09,B,True
T5,df92f58df4cc2c2dbde60b361c69ab0eb8f2334109a3b3b00348f897e9ca68f9,SO,Ammonium nitrate and ammonium sulfate are used in fertilizers as a source of what?,bond energy,I will give a direct response to the question. The requested answer is nitrogen.,B,0.302734375,13.375,-13.072265625,2.10274330981365e-06,B,True
T5,df92f58df4cc2c2dbde60b361c69ab0eb8f2334109a3b3b00348f897e9ca68f9,SS,Ammonium nitrate and ammonium sulfate are used in fertilizers as a source of what?,bond energy,I will give a direct response to the question. The requested answer is bond energy.,A,-2.09375,15.6875,-17.78125,1.895401567391049e-08,B,False
T5,e08e53f8618d77cfcb833bf74cc19624c1264d5c4f951bdc414d285aef892c2a,OO,"Over time, heavy metals build up in the tissues of organisms by what process?",bioaccumulation,I will give a direct response to the question. The requested answer is bioaccumulation.,A,15.5625,5.125,10.4375,0.9999706884614404,A,True
T5,e08e53f8618d77cfcb833bf74cc19624c1264d5c4f951bdc414d285aef892c2a,OS,"Over time, heavy metals build up in the tissues of organisms by what process?",bioaccumulation,I will give a direct response to the question. The requested answer is density.,B,-6.34375,14.375,-20.71875,1.0045260476947593e-09,B,True
T5,e08e53f8618d77cfcb833bf74cc19624c1264d5c4f951bdc414d285aef892c2a,SO,"Over time, heavy metals build up in the tissues of organisms by what process?",density,I will give a direct response to the question. The requested answer is bioaccumulation.,B,-3.1875,14.875,-18.0625,1.4307241713870521e-08,B,True
T5,e08e53f8618d77cfcb833bf74cc19624c1264d5c4f951bdc414d285aef892c2a,SS,"Over time, heavy metals build up in the tissues of organisms by what process?",density,I will give a direct response to the question. The requested answer is density.,A,2.09375,15.6875,-13.59375,1.2482708949986417e-06,B,False
T5,e13bf18f90782e12eff5b2a82e34a23f4c3da60257463a6615bef523cd15e752,OO,What is another term for flagella?,pseudopods,I will give a direct response to the question. The requested answer is pseudopods.,A,11.75,16.375,-4.625,0.009708476481474066,B,False
T5,e13bf18f90782e12eff5b2a82e34a23f4c3da60257463a6615bef523cd15e752,OS,What is another term for flagella?,pseudopods,I will give a direct response to the question. The requested answer is air pressure.,B,-2.09375,15.5625,-17.65625,2.1477713486092793e-08,B,True
T5,e13bf18f90782e12eff5b2a82e34a23f4c3da60257463a6615bef523cd15e752,SO,What is another term for flagella?,air pressure,I will give a direct response to the question. The requested answer is pseudopods.,B,-2.421875,14.8125,-17.234375,3.2749601831704636e-08,B,True
T5,e13bf18f90782e12eff5b2a82e34a23f4c3da60257463a6615bef523cd15e752,SS,What is another term for flagella?,air pressure,I will give a direct response to the question. The requested answer is air pressure.,A,2.078125,15.3125,-13.234375,1.7880645357111512e-06,B,False
T5,e4af26a75545582e1ab872948ff9db6323497b6d05be6c0051b7211af10f7fd1,OO,"Fragmentation with subsequent regeneration is a method of what, exhibited by animals such as sea stars?",asexual reproduction,I will give a direct response to the question. The requested answer is asexual reproduction.,A,18.0,13.0,5.0,0.9933071490757153,A,True
T5,e4af26a75545582e1ab872948ff9db6323497b6d05be6c0051b7211af10f7fd1,OS,"Fragmentation with subsequent regeneration is a method of what, exhibited by animals such as sea stars?",asexual reproduction,I will give a direct response to the question. The requested answer is amino acids.,B,-4.5,14.3125,-18.8125,6.758262498631447e-09,B,True
T5,e4af26a75545582e1ab872948ff9db6323497b6d05be6c0051b7211af10f7fd1,SO,"Fragmentation with subsequent regeneration is a method of what, exhibited by animals such as sea stars?",amino acids,I will give a direct response to the question. The requested answer is asexual reproduction.,B,-2.109375,14.9375,-17.046875,3.9503560119089484e-08,B,True
T5,e4af26a75545582e1ab872948ff9db6323497b6d05be6c0051b7211af10f7fd1,SS,"Fragmentation with subsequent regeneration is a method of what, exhibited by animals such as sea stars?",amino acids,I will give a direct response to the question. The requested answer is amino acids.,A,2.8125,16.25,-13.4375,1.459376221076886e-06,B,False
T5,eae655db4698b26b8506484e3d2964ae122201a1fc6e1efb5f1c16cdc3b64049,OO,What is the name for the process of insects transforming from a young insect to an adult?,metamorphosis,I will give a direct response to the question. The requested answer is metamorphosis.,A,18.375,9.3125,9.0625,0.9998840806568136,A,True
T5,eae655db4698b26b8506484e3d2964ae122201a1fc6e1efb5f1c16cdc3b64049,OS,What is the name for the process of insects transforming from a young insect to an adult?,metamorphosis,I will give a direct response to the question. The requested answer is matter.,B,-6.0,14.125,-20.125,1.8189616842444243e-09,B,True
T5,eae655db4698b26b8506484e3d2964ae122201a1fc6e1efb5f1c16cdc3b64049,SO,What is the name for the process of insects transforming from a young insect to an adult?,matter,I will give a direct response to the question. The requested answer is metamorphosis.,B,0.05126953125,15.1875,-15.13623046875,2.669429863298433e-07,B,True
T5,eae655db4698b26b8506484e3d2964ae122201a1fc6e1efb5f1c16cdc3b64049,SS,What is the name for the process of insects transforming from a young insect to an adult?,matter,I will give a direct response to the question. The requested answer is matter.,A,-2.09375,16.375,-18.46875,9.530677700009156e-09,B,False
T5,eb6704eeee9a9abba2fc2f51151204c4a573f0e711c727c3beb28b780a34780c,OO,Water waves act as a mix of longitudinal and what other kind of wave?,transverse wave,I will give a direct response to the question. The requested answer is transverse wave.,A,14.4375,3.796875,10.640625,0.999976076490557,A,True
T5,eb6704eeee9a9abba2fc2f51151204c4a573f0e711c727c3beb28b780a34780c,OS,Water waves act as a mix of longitudinal and what other kind of wave?,transverse wave,I will give a direct response to the question. The requested answer is conducting electricity.,B,-5.375,14.625,-20.0,2.0611536181902037e-09,B,True
T5,eb6704eeee9a9abba2fc2f51151204c4a573f0e711c727c3beb28b780a34780c,SO,Water waves act as a mix of longitudinal and what other kind of wave?,conducting electricity,I will give a direct response to the question. The requested answer is transverse wave.,B,1.4140625,14.5625,-13.1484375,1.9485219473335507e-06,B,True
T5,eb6704eeee9a9abba2fc2f51151204c4a573f0e711c727c3beb28b780a34780c,SS,Water waves act as a mix of longitudinal and what other kind of wave?,conducting electricity,I will give a direct response to the question. The requested answer is conducting electricity.,A,0.41015625,14.1875,-13.77734375,1.0389034366515084e-06,B,False
T5,eb7109e266e4b82c5c40e57d34e79d881672c52b72920bfbadaae2073c969552,OO,"Stem cells are unspecialized cells that can reproduce themselves via cell division, sometimes after years of inactivity. under certain conditions, they may differentiate into tissue-specific or organ-specific cells with special these?",functions,I will give a direct response to the question. The requested answer is functions.,A,16.5,12.625,3.875,0.9796676466573412,A,True
T5,eb7109e266e4b82c5c40e57d34e79d881672c52b72920bfbadaae2073c969552,OS,"Stem cells are unspecialized cells that can reproduce themselves via cell division, sometimes after years of inactivity. under certain conditions, they may differentiate into tissue-specific or organ-specific cells with special these?",functions,I will give a direct response to the question. The requested answer is carbon.,B,-4.1875,15.75,-19.9375,2.1940866052503027e-09,B,True
T5,eb7109e266e4b82c5c40e57d34e79d881672c52b72920bfbadaae2073c969552,SO,"Stem cells are unspecialized cells that can reproduce themselves via cell division, sometimes after years of inactivity. under certain conditions, they may differentiate into tissue-specific or organ-specific cells with special these?",carbon,I will give a direct response to the question. The requested answer is functions.,B,-0.1220703125,15.4375,-15.5595703125,1.748092447899269e-07,B,True
T5,eb7109e266e4b82c5c40e57d34e79d881672c52b72920bfbadaae2073c969552,SS,"Stem cells are unspecialized cells that can reproduce themselves via cell division, sometimes after years of inactivity. under certain conditions, they may differentiate into tissue-specific or organ-specific cells with special these?",carbon,I will give a direct response to the question. The requested answer is carbon.,A,3.859375,17.5,-13.640625,1.1911084770297504e-06,B,False
T5,ec40f07be49219f365f3c31b8e4fc0335a4215a20a4ad5fe8f4ba7470503754c,OO,What term refers to a list of the elements that will replace the ones below them in single-replacement reactions?,activity series,I will give a direct response to the question. The requested answer is activity series.,A,17.125,14.0,3.125,0.9579122720843811,A,True
T5,ec40f07be49219f365f3c31b8e4fc0335a4215a20a4ad5fe8f4ba7470503754c,OS,What term refers to a list of the elements that will replace the ones below them in single-replacement reactions?,activity series,I will give a direct response to the question. The requested answer is cell membrane.,B,-5.03125,14.625,-19.65625,2.9066924918954316e-09,B,True
T5,ec40f07be49219f365f3c31b8e4fc0335a4215a20a4ad5fe8f4ba7470503754c,SO,What term refers to a list of the elements that will replace the ones below them in single-replacement reactions?,cell membrane,I will give a direct response to the question. The requested answer is activity series.,B,-1.84375,14.125,-15.96875,1.1610741114742279e-07,B,True
T5,ec40f07be49219f365f3c31b8e4fc0335a4215a20a4ad5fe8f4ba7470503754c,SS,What term refers to a list of the elements that will replace the ones below them in single-replacement reactions?,cell membrane,I will give a direct response to the question. The requested answer is cell membrane.,A,-1.828125,14.25,-16.078125,1.0407801195195135e-07,B,False
T5,ec74e741d6422e5050b1abd86d31b39929eb5b8549360b4faa0a63f9262b539d,OO,"What process is the synthesis of glucose from pyruvate, lactate and glycerol?",gluconeogenesis,I will give a direct response to the question. The requested answer is gluconeogenesis.,A,17.375,6.875,10.5,0.9999724643088853,A,True
T5,ec74e741d6422e5050b1abd86d31b39929eb5b8549360b4faa0a63f9262b539d,OS,"What process is the synthesis of glucose from pyruvate, lactate and glycerol?",gluconeogenesis,I will give a direct response to the question. The requested answer is intestinal flora.,B,-5.28125,14.125,-19.40625,3.732267035007896e-09,B,True
T5,ec74e741d6422e5050b1abd86d31b39929eb5b8549360b4faa0a63f9262b539d,SO,"What process is the synthesis of glucose from pyruvate, lactate and glycerol?",intestinal flora,I will give a direct response to the question. The requested answer is gluconeogenesis.,B,12.9375,13.25,-0.3125,0.4225046348141883,B,True
T5,ec74e741d6422e5050b1abd86d31b39929eb5b8549360b4faa0a63f9262b539d,SS,"What process is the synthesis of glucose from pyruvate, lactate and glycerol?",intestinal flora,I will give a direct response to the question. The requested answer is intestinal flora.,A,10.75,16.75,-6.0,0.0024726231566347743,B,False
T5,ec9503c6deb0e6d6538ee9b707aa7fc898aef19d75519ddf35fe549597da80a1,OO,What type of evolution happens when two species evolve the same traits?,convergent,I will give a direct response to the question. The requested answer is convergent.,A,16.375,3.921875,12.453125,0.9999960945162609,A,True
T5,ec9503c6deb0e6d6538ee9b707aa7fc898aef19d75519ddf35fe549597da80a1,OS,What type of evolution happens when two species evolve the same traits?,convergent,I will give a direct response to the question. The requested answer is cloacal bladder.,B,-6.03125,14.8125,-20.84375,8.864911257608076e-10,B,True
T5,ec9503c6deb0e6d6538ee9b707aa7fc898aef19d75519ddf35fe549597da80a1,SO,What type of evolution happens when two species evolve the same traits?,cloacal bladder,I will give a direct response to the question. The requested answer is convergent.,B,-2.671875,15.5625,-18.234375,1.2047905469846831e-08,B,True
T5,ec9503c6deb0e6d6538ee9b707aa7fc898aef19d75519ddf35fe549597da80a1,SS,What type of evolution happens when two species evolve the same traits?,cloacal bladder,I will give a direct response to the question. The requested answer is cloacal bladder.,A,8.1875,17.375,-9.1875,0.00010229985472581486,B,False
T5,eed93994a6adad820f6549e6e20cbe93f64f0060a52d3af8e31077710e1a77fe,OO,What series of reactions is common to fermentation and cellular respiration?,glycolysis,I will give a direct response to the question. The requested answer is glycolysis.,A,16.0,3.421875,12.578125,0.9999965534211155,A,True
T5,eed93994a6adad820f6549e6e20cbe93f64f0060a52d3af8e31077710e1a77fe,OS,What series of reactions is common to fermentation and cellular respiration?,glycolysis,I will give a direct response to the question. The requested answer is intestinal flora.,B,-5.6875,14.6875,-20.375,1.4166087846364159e-09,B,True
T5,eed93994a6adad820f6549e6e20cbe93f64f0060a52d3af8e31077710e1a77fe,SO,What series of reactions is common to fermentation and cellular respiration?,intestinal flora,I will give a direct response to the question. The requested answer is glycolysis.,B,0.349609375,14.875,-14.525390625,4.917029235710766e-07,B,True
T5,eed93994a6adad820f6549e6e20cbe93f64f0060a52d3af8e31077710e1a77fe,SS,What series of reactions is common to fermentation and cellular respiration?,intestinal flora,I will give a direct response to the question. The requested answer is intestinal flora.,A,2.015625,16.5,-14.484375,5.122897201434914e-07,B,False
T5,ef98391de8f801b35fcec12d7b524a0be5c766b9c84d2e36603c105dbd8f7116,OO,How much of its alleles does a plant pass on when it reproduces sexually?,half,I will give a direct response to the question. The requested answer is half.,A,16.5,7.96875,8.53125,0.9998028305780378,A,True
T5,ef98391de8f801b35fcec12d7b524a0be5c766b9c84d2e36603c105dbd8f7116,OS,How much of its alleles does a plant pass on when it reproduces sexually?,half,I will give a direct response to the question. The requested answer is carbon dioxide.,B,-5.625,14.6875,-20.3125,1.5079722015620545e-09,B,True
T5,ef98391de8f801b35fcec12d7b524a0be5c766b9c84d2e36603c105dbd8f7116,SO,How much of its alleles does a plant pass on when it reproduces sexually?,carbon dioxide,I will give a direct response to the question. The requested answer is half.,B,-1.921875,14.8125,-16.734375,5.399496399974869e-08,B,True
T5,ef98391de8f801b35fcec12d7b524a0be5c766b9c84d2e36603c105dbd8f7116,SS,How much of its alleles does a plant pass on when it reproduces sexually?,carbon dioxide,I will give a direct response to the question. The requested answer is carbon dioxide.,A,0.82421875,16.375,-15.55078125,1.7635242551904532e-07,B,False
T5,ef9b265b3c0689deea4d6347e77e250fbb72b3d5b45768806264de9005b7c3e8,OO,What part of vertebrates integrates the endocrine and nervous systems?,the hypothalamus,I will give a direct response to the question. The requested answer is the hypothalamus.,A,18.5,10.875,7.625,0.9995121428772178,A,True
T5,ef9b265b3c0689deea4d6347e77e250fbb72b3d5b45768806264de9005b7c3e8,OS,What part of vertebrates integrates the endocrine and nervous systems?,the hypothalamus,I will give a direct response to the question. The requested answer is simple machines.,B,-5.84375,16.0,-21.84375,3.2612186013107734e-10,B,True
T5,ef9b265b3c0689deea4d6347e77e250fbb72b3d5b45768806264de9005b7c3e8,SO,What part of vertebrates integrates the endocrine and nervous systems?,simple machines,I will give a direct response to the question. The requested answer is the hypothalamus.,B,1.40625,15.6875,-14.28125,6.276704134001712e-07,B,True
T5,ef9b265b3c0689deea4d6347e77e250fbb72b3d5b45768806264de9005b7c3e8,SS,What part of vertebrates integrates the endocrine and nervous systems?,simple machines,I will give a direct response to the question. The requested answer is simple machines.,A,-0.16015625,17.125,-17.28515625,3.112805665724813e-08,B,False
T5,efdaacba8f4a5c0d58c0adb6ee32c5c86d760cdb66eda6c7f7d5f2f338b4caa5,OO,What type of energy is the energy stored in an object due to its position?,potential energy,I will give a direct response to the question. The requested answer is potential energy.,A,16.25,4.5,11.75,0.9999921107374138,A,True
T5,efdaacba8f4a5c0d58c0adb6ee32c5c86d760cdb66eda6c7f7d5f2f338b4caa5,OS,What type of energy is the energy stored in an object due to its position?,potential energy,I will give a direct response to the question. The requested answer is thermal.,B,-6.40625,13.8125,-20.21875,1.6561834607274171e-09,B,True
T5,efdaacba8f4a5c0d58c0adb6ee32c5c86d760cdb66eda6c7f7d5f2f338b4caa5,SO,What type of energy is the energy stored in an object due to its position?,thermal,I will give a direct response to the question. The requested answer is potential energy.,B,-5.53125,14.375,-19.90625,2.2637343902914214e-09,B,True
T5,efdaacba8f4a5c0d58c0adb6ee32c5c86d760cdb66eda6c7f7d5f2f338b4caa5,SS,What type of energy is the energy stored in an object due to its position?,thermal,I will give a direct response to the question. The requested answer is thermal.,A,-0.58203125,14.25,-14.83203125,3.6185161522333655e-07,B,False
T5,f04c5f9198427ddb50a413ef41e9cf3d877b8ffdfa63e3349044daa372bb226c,OO,What does k stand for on the periodic table?,potassium,I will give a direct response to the question. The requested answer is potassium.,A,16.75,11.9375,4.8125,0.9919380084717284,A,True
T5,f04c5f9198427ddb50a413ef41e9cf3d877b8ffdfa63e3349044daa372bb226c,OS,What does k stand for on the periodic table?,potassium,I will give a direct response to the question. The requested answer is suspension feeders.,B,-6.3125,15.5625,-21.875,3.1608814533145753e-10,B,True
T5,f04c5f9198427ddb50a413ef41e9cf3d877b8ffdfa63e3349044daa372bb226c,SO,What does k stand for on the periodic table?,suspension feeders,I will give a direct response to the question. The requested answer is potassium.,B,-0.5703125,15.3125,-15.8828125,1.265266819484391e-07,B,True
T5,f04c5f9198427ddb50a413ef41e9cf3d877b8ffdfa63e3349044daa372bb226c,SS,What does k stand for on the periodic table?,suspension feeders,I will give a direct response to the question. The requested answer is suspension feeders.,A,-2.578125,15.375,-17.953125,1.5960881478604666e-08,B,False
T5,f1db4d3c9b7d73d26d303534a6845276c17c7181324656367b0f21f9cb9a7bc9,OO,"All the bones of the skull, except for the mandible, are joined to each other by a fibrous joint called what?",suture,I will give a direct response to the question. The requested answer is suture.,A,15.25,2.75,12.5,0.9999962733607158,A,True
T5,f1db4d3c9b7d73d26d303534a6845276c17c7181324656367b0f21f9cb9a7bc9,OS,"All the bones of the skull, except for the mandible, are joined to each other by a fibrous joint called what?",suture,I will give a direct response to the question. The requested answer is population growth.,B,-5.96875,15.4375,-21.40625,5.051074179275286e-10,B,True
T5,f1db4d3c9b7d73d26d303534a6845276c17c7181324656367b0f21f9cb9a7bc9,SO,"All the bones of the skull, except for the mandible, are joined to each other by a fibrous joint called what?",population growth,I will give a direct response to the question. The requested answer is suture.,B,-3.296875,14.375,-17.671875,2.1144732409122157e-08,B,True
T5,f1db4d3c9b7d73d26d303534a6845276c17c7181324656367b0f21f9cb9a7bc9,SS,"All the bones of the skull, except for the mandible, are joined to each other by a fibrous joint called what?",population growth,I will give a direct response to the question. The requested answer is population growth.,A,-2.078125,16.0,-18.078125,1.4085428493805015e-08,B,False
T5,f20304d9829cd1ebda2d497ee0dd5a79bdc7f93d34b68baddcb228e99b81ebbe,OO,What are all living things on earth formed of?,carbon compounds,I will give a direct response to the question. The requested answer is carbon compounds.,A,17.625,15.0,2.625,0.9324533088603709,A,True
T5,f20304d9829cd1ebda2d497ee0dd5a79bdc7f93d34b68baddcb228e99b81ebbe,OS,What are all living things on earth formed of?,carbon compounds,I will give a direct response to the question. The requested answer is termination.,B,-3.328125,15.625,-18.953125,5.871680218193272e-09,B,True
T5,f20304d9829cd1ebda2d497ee0dd5a79bdc7f93d34b68baddcb228e99b81ebbe,SO,What are all living things on earth formed of?,termination,I will give a direct response to the question. The requested answer is carbon compounds.,B,-4.1875,14.6875,-18.875,6.348800075736418e-09,B,True
T5,f20304d9829cd1ebda2d497ee0dd5a79bdc7f93d34b68baddcb228e99b81ebbe,SS,What are all living things on earth formed of?,termination,I will give a direct response to the question. The requested answer is termination.,A,4.15625,17.375,-13.21875,1.816222403812674e-06,B,False
T5,f2a0372b48ecb146721a5a97015730fd57d998767bee00a9570618d5b4a15334,OO,What is the term for a disease in which the immune system makes an inflammatory response to a harmless antigen?,allergy,I will give a direct response to the question. The requested answer is allergy.,A,18.125,7.28125,10.84375,0.9999804741147913,A,True
T5,f2a0372b48ecb146721a5a97015730fd57d998767bee00a9570618d5b4a15334,OS,What is the term for a disease in which the immune system makes an inflammatory response to a harmless antigen?,allergy,I will give a direct response to the question. The requested answer is mosses.,B,-6.84375,14.75,-21.59375,4.187487573070005e-10,B,True
T5,f2a0372b48ecb146721a5a97015730fd57d998767bee00a9570618d5b4a15334,SO,What is the term for a disease in which the immune system makes an inflammatory response to a harmless antigen?,mosses,I will give a direct response to the question. The requested answer is allergy.,B,3.21875,15.9375,-12.71875,2.9944409813715146e-06,B,True
T5,f2a0372b48ecb146721a5a97015730fd57d998767bee00a9570618d5b4a15334,SS,What is the term for a disease in which the immune system makes an inflammatory response to a harmless antigen?,mosses,I will give a direct response to the question. The requested answer is mosses.,A,-0.66015625,15.4375,-16.09765625,1.0206496118018654e-07,B,False
T5,f37d2a4996b7b5ce70513d5a92bdd7b0e05be64b6c08b51aa368154fcfad91c4,OO,"Typically, what feature of an angiosperm has four main parts known as the calyx, corolla, androecium, and gynoecium?",flower,I will give a direct response to the question. The requested answer is flower.,A,17.5,10.5625,6.9375,0.9990302480322174,A,True
T5,f37d2a4996b7b5ce70513d5a92bdd7b0e05be64b6c08b51aa368154fcfad91c4,OS,"Typically, what feature of an angiosperm has four main parts known as the calyx, corolla, androecium, and gynoecium?",flower,I will give a direct response to the question. The requested answer is raise sea levels.,B,-5.75,15.0,-20.75,9.736200303530205e-10,B,True
T5,f37d2a4996b7b5ce70513d5a92bdd7b0e05be64b6c08b51aa368154fcfad91c4,SO,"Typically, what feature of an angiosperm has four main parts known as the calyx, corolla, androecium, and gynoecium?",raise sea levels,I will give a direct response to the question. The requested answer is flower.,B,0.0927734375,14.0625,-13.9697265625,8.570861317671428e-07,B,True
T5,f37d2a4996b7b5ce70513d5a92bdd7b0e05be64b6c08b51aa368154fcfad91c4,SS,"Typically, what feature of an angiosperm has four main parts known as the calyx, corolla, androecium, and gynoecium?",raise sea levels,I will give a direct response to the question. The requested answer is raise sea levels.,A,-2.015625,16.125,-18.140625,1.3232035533697697e-08,B,False
T5,f524e071bcf08ff1baad251f50a7a97999375742cfa6dd57e94b8aa3a1ceaa04,OO,"When a hypothesis is repeatedly confirmed, what can it then become?",theory,I will give a direct response to the question. The requested answer is theory.,A,16.875,10.875,6.0,0.9975273768433653,A,True
T5,f524e071bcf08ff1baad251f50a7a97999375742cfa6dd57e94b8aa3a1ceaa04,OS,"When a hypothesis is repeatedly confirmed, what can it then become?",theory,I will give a direct response to the question. The requested answer is solid.,B,2.0625,17.0,-14.9375,3.256312191085833e-07,B,True
T5,f524e071bcf08ff1baad251f50a7a97999375742cfa6dd57e94b8aa3a1ceaa04,SO,"When a hypothesis is repeatedly confirmed, what can it then become?",solid,I will give a direct response to the question. The requested answer is theory.,B,-5.3125,14.5,-19.8125,2.4862258419077007e-09,B,True
T5,f524e071bcf08ff1baad251f50a7a97999375742cfa6dd57e94b8aa3a1ceaa04,SS,"When a hypothesis is repeatedly confirmed, what can it then become?",solid,I will give a direct response to the question. The requested answer is solid.,A,15.4375,12.8125,2.625,0.9324533088603709,A,True
T5,f538e6d9e25af7fa03c2210f1b0ef02f8ee12550bee0b32a4bd212ba68e29d94,OO,What collect sunlight on the roof of a house for energy?,solar panels,I will give a direct response to the question. The requested answer is solar panels.,A,17.125,4.78125,12.34375,0.9999956431200164,A,True
T5,f538e6d9e25af7fa03c2210f1b0ef02f8ee12550bee0b32a4bd212ba68e29d94,OS,What collect sunlight on the roof of a house for energy?,solar panels,I will give a direct response to the question. The requested answer is cells.,B,-4.4375,13.5,-17.9375,1.6212228784841462e-08,B,True
T5,f538e6d9e25af7fa03c2210f1b0ef02f8ee12550bee0b32a4bd212ba68e29d94,SO,What collect sunlight on the roof of a house for energy?,cells,I will give a direct response to the question. The requested answer is solar panels.,B,-1.3515625,14.9375,-16.2890625,8.428494432380784e-08,B,True
T5,f538e6d9e25af7fa03c2210f1b0ef02f8ee12550bee0b32a4bd212ba68e29d94,SS,What collect sunlight on the roof of a house for energy?,cells,I will give a direct response to the question. The requested answer is cells.,A,17.0,12.375,4.625,0.9902915235185259,A,True
T5,f6de5c13ed4fd11307e97176a4d61e5186ee5234eb6a25331341e4aa82d86287,OO,"What organ has four major regions: the cerebrum, the diencephalon, the stem, and the cerebellum?",brain,I will give a direct response to the question. The requested answer is brain.,A,17.875,8.5625,9.3125,0.9999097196098496,A,True
T5,f6de5c13ed4fd11307e97176a4d61e5186ee5234eb6a25331341e4aa82d86287,OS,"What organ has four major regions: the cerebrum, the diencephalon, the stem, and the cerebellum?",brain,I will give a direct response to the question. The requested answer is tidal volume.,B,-5.8125,14.9375,-20.75,9.736200303530205e-10,B,True
T5,f6de5c13ed4fd11307e97176a4d61e5186ee5234eb6a25331341e4aa82d86287,SO,"What organ has four major regions: the cerebrum, the diencephalon, the stem, and the cerebellum?",tidal volume,I will give a direct response to the question. The requested answer is brain.,B,6.28125,15.5625,-9.28125,9.3145930425751e-05,B,True
T5,f6de5c13ed4fd11307e97176a4d61e5186ee5234eb6a25331341e4aa82d86287,SS,"What organ has four major regions: the cerebrum, the diencephalon, the stem, and the cerebellum?",tidal volume,I will give a direct response to the question. The requested answer is tidal volume.,A,-0.66015625,16.375,-17.03515625,3.996921556662846e-08,B,False
T5,f6e1ffc35259211e4c898f01fc2d43df8802b8a13c1581735a278c681e67bc92,OO,What two things are excess proteins converted into?,glucose or triglycerides,I will give a direct response to the question. The requested answer is glucose or triglycerides.,A,17.0,7.46875,9.53125,0.9999274563817697,A,True
T5,f6e1ffc35259211e4c898f01fc2d43df8802b8a13c1581735a278c681e67bc92,OS,What two things are excess proteins converted into?,glucose or triglycerides,I will give a direct response to the question. The requested answer is chemical reactions.,B,-4.75,14.75,-19.5,3.398267807946847e-09,B,True
T5,f6e1ffc35259211e4c898f01fc2d43df8802b8a13c1581735a278c681e67bc92,SO,What two things are excess proteins converted into?,chemical reactions,I will give a direct response to the question. The requested answer is glucose or triglycerides.,B,-2.90625,14.125,-17.03125,4.012565064701974e-08,B,True
T5,f6e1ffc35259211e4c898f01fc2d43df8802b8a13c1581735a278c681e67bc92,SS,What two things are excess proteins converted into?,chemical reactions,I will give a direct response to the question. The requested answer is chemical reactions.,A,15.3125,15.3125,0.0,0.5,TIE,False
T5,f792425150ef401049f0567570e52700cf4a65c670dbc40e2987e227ad7b818c,OO,Protein molecules are made up of chains of small molecules made up of what kinds of acids?,amino acids,I will give a direct response to the question. The requested answer is amino acids.,A,16.625,4.90625,11.71875,0.9999918603073751,A,True
T5,f792425150ef401049f0567570e52700cf4a65c670dbc40e2987e227ad7b818c,OS,Protein molecules are made up of chains of small molecules made up of what kinds of acids?,amino acids,I will give a direct response to the question. The requested answer is light.,B,-6.03125,14.9375,-20.96875,7.823256727341351e-10,B,True
T5,f792425150ef401049f0567570e52700cf4a65c670dbc40e2987e227ad7b818c,SO,Protein molecules are made up of chains of small molecules made up of what kinds of acids?,light,I will give a direct response to the question. The requested answer is amino acids.,B,-4.0625,13.625,-17.6875,2.0816913725037723e-08,B,True
T5,f792425150ef401049f0567570e52700cf4a65c670dbc40e2987e227ad7b818c,SS,Protein molecules are made up of chains of small molecules made up of what kinds of acids?,light,I will give a direct response to the question. The requested answer is light.,A,-2.75,15.25,-18.0,1.522997951276035e-08,B,False
T5,f8a29966fb2123d58aa5371a0d5ef847b77b0d3a3efbd0e38dc667d80aa3db54,OO,"Rems, rads, and curies are all used to measure what?",radioactivity,I will give a direct response to the question. The requested answer is radioactivity.,A,17.125,8.4375,8.6875,0.9998313472460109,A,True
T5,f8a29966fb2123d58aa5371a0d5ef847b77b0d3a3efbd0e38dc667d80aa3db54,OS,"Rems, rads, and curies are all used to measure what?",radioactivity,I will give a direct response to the question. The requested answer is photosphere.,B,-6.34375,14.1875,-20.53125,1.2116897048097034e-09,B,True
T5,f8a29966fb2123d58aa5371a0d5ef847b77b0d3a3efbd0e38dc667d80aa3db54,SO,"Rems, rads, and curies are all used to measure what?",photosphere,I will give a direct response to the question. The requested answer is radioactivity.,B,-4.3125,13.3125,-17.625,2.2159489282323004e-08,B,True
T5,f8a29966fb2123d58aa5371a0d5ef847b77b0d3a3efbd0e38dc667d80aa3db54,SS,"Rems, rads, and curies are all used to measure what?",photosphere,I will give a direct response to the question. The requested answer is photosphere.,A,-0.447265625,15.3125,-15.759765625,1.4309375844185518e-07,B,False
T5,fa86e109c063366a399a71e8f1b5d56e1cd7ca60dcb9782a5c568d18bc8838d8,OO,What is the name of the effect that causes air masses to move on a diagonal?,the coriolis effect,I will give a direct response to the question. The requested answer is the coriolis effect.,A,16.0,4.40625,11.59375,0.9999907765298898,A,True
T5,fa86e109c063366a399a71e8f1b5d56e1cd7ca60dcb9782a5c568d18bc8838d8,OS,What is the name of the effect that causes air masses to move on a diagonal?,the coriolis effect,I will give a direct response to the question. The requested answer is brain.,B,-7.25,14.0625,-21.3125,5.54751971341519e-10,B,True
T5,fa86e109c063366a399a71e8f1b5d56e1cd7ca60dcb9782a5c568d18bc8838d8,SO,What is the name of the effect that causes air masses to move on a diagonal?,brain,I will give a direct response to the question. The requested answer is the coriolis effect.,B,-3.8125,15.0,-18.8125,6.758262498631447e-09,B,True
T5,fa86e109c063366a399a71e8f1b5d56e1cd7ca60dcb9782a5c568d18bc8838d8,SS,What is the name of the effect that causes air masses to move on a diagonal?,brain,I will give a direct response to the question. The requested answer is brain.,A,5.65625,18.125,-12.46875,3.84493505874534e-06,B,False
T5,fb5830d3a45b1646a07299fbfcfec7df52b57bf6253116db62f1d7c0ad326c2b,OO,Cellular innate defenses in vertebrates also involve natural killer what?,cells,I will give a direct response to the question. The requested answer is cells.,A,16.5,7.03125,9.46875,0.9999227780816594,A,True
T5,fb5830d3a45b1646a07299fbfcfec7df52b57bf6253116db62f1d7c0ad326c2b,OS,Cellular innate defenses in vertebrates also involve natural killer what?,cells,I will give a direct response to the question. The requested answer is greater.,B,-5.34375,15.8125,-21.15625,6.48570762683418e-10,B,True
T5,fb5830d3a45b1646a07299fbfcfec7df52b57bf6253116db62f1d7c0ad326c2b,SO,Cellular innate defenses in vertebrates also involve natural killer what?,greater,I will give a direct response to the question. The requested answer is cells.,B,-3.515625,13.4375,-16.953125,4.338617289960111e-08,B,True
T5,fb5830d3a45b1646a07299fbfcfec7df52b57bf6253116db62f1d7c0ad326c2b,SS,Cellular innate defenses in vertebrates also involve natural killer what?,greater,I will give a direct response to the question. The requested answer is greater.,A,14.875,13.25,1.625,0.8354835371034369,A,True
T5,fb5af5f7dd217463205da05462b43b882bc5694f0971c8bf093ea12e349625a6,OO,What is the physical breakdown of chunks of food into smaller pieces?,mechanical digestion,I will give a direct response to the question. The requested answer is mechanical digestion.,A,15.375,16.25,-0.875,0.29421497216298875,B,False
T5,fb5af5f7dd217463205da05462b43b882bc5694f0971c8bf093ea12e349625a6,OS,What is the physical breakdown of chunks of food into smaller pieces?,mechanical digestion,I will give a direct response to the question. The requested answer is tides.,B,-4.9375,14.6875,-19.625,2.9989608158635416e-09,B,True
T5,fb5af5f7dd217463205da05462b43b882bc5694f0971c8bf093ea12e349625a6,SO,What is the physical breakdown of chunks of food into smaller pieces?,tides,I will give a direct response to the question. The requested answer is mechanical digestion.,B,-2.890625,15.0625,-17.953125,1.5960881478604666e-08,B,True
T5,fb5af5f7dd217463205da05462b43b882bc5694f0971c8bf093ea12e349625a6,SS,What is the physical breakdown of chunks of food into smaller pieces?,tides,I will give a direct response to the question. The requested answer is tides.,A,0.83203125,16.125,-15.29296875,2.2821698357294746e-07,B,False
T5,fe8d6ea33b2967974ed5d5bb87deaec20c56d3847aeb51fca31b56797035a3a8,OO,The small amount of energy input necessary for all chemical reactions to occur is called what?,activation energy,I will give a direct response to the question. The requested answer is activation energy.,A,18.75,12.6875,6.0625,0.9976768374773688,A,True
T5,fe8d6ea33b2967974ed5d5bb87deaec20c56d3847aeb51fca31b56797035a3a8,OS,The small amount of energy input necessary for all chemical reactions to occur is called what?,activation energy,I will give a direct response to the question. The requested answer is exhalation.,B,-7.125,14.625,-21.75,3.581747929000289e-10,B,True
T5,fe8d6ea33b2967974ed5d5bb87deaec20c56d3847aeb51fca31b56797035a3a8,SO,The small amount of energy input necessary for all chemical reactions to occur is called what?,exhalation,I will give a direct response to the question. The requested answer is activation energy.,B,-1.5078125,15.0625,-16.5703125,6.362161514168322e-08,B,True
T5,fe8d6ea33b2967974ed5d5bb87deaec20c56d3847aeb51fca31b56797035a3a8,SS,The small amount of energy input necessary for all chemical reactions to occur is called what?,exhalation,I will give a direct response to the question. The requested answer is exhalation.,A,-3.953125,13.75,-17.703125,2.049417739836284e-08,B,False
