dataset,bootstrap_iter,auroc_draw,auprc_draw,b1_length_controlled_draw,b1_relation_fe_draw
SciQ,0,0.6841340269277845,0.8582647573877874,0.5259143772048194,NA
SciQ,1,0.6631111111111111,0.8604741208934817,0.9947029028845392,NA
SciQ,2,0.7366666666666667,0.8783369418573599,0.7916893950556526,NA
SciQ,3,0.7402738873327109,0.8826619694184462,0.4819965825549359,NA
SciQ,4,0.6992548818088385,0.8340675709463038,0.5826721077408556,NA
SciQ,5,0.7393136664659843,0.893841500112397,1.071075674729522,NA
SciQ,6,0.7093234554095612,0.85158712152807,0.6154948299212001,NA
SciQ,7,0.7200963718820862,0.8615989471819273,0.4862823032061439,NA
SciQ,8,0.8026038531005419,0.9211610475302014,1.070261825486564,NA
SciQ,9,0.7596677559912854,0.8805068356094516,0.5707718219301389,NA
SciQ,10,0.7565359477124183,0.9055860357692075,0.7906997039652216,NA
SciQ,11,0.7285796434732605,0.8676866600887888,1.008168524618019,NA
SciQ,12,0.7474306269270298,0.8746264092711308,1.024084333120207,NA
SciQ,13,0.8090569561157795,0.9222287326480807,0.5543369442739235,NA
SciQ,14,0.6807733191602445,0.8293013826814815,1.3612367944695105,NA
SciQ,15,0.7122847971987161,0.8863546698160866,0.6622540423684202,NA
SciQ,16,0.793296485260771,0.9112400300598076,0.5362149559042418,NA
SciQ,17,0.7576832151300236,0.8676421806399643,0.7802404111331563,NA
SciQ,18,0.7477752351894228,0.8725086343929241,0.5525267797438301,NA
SciQ,19,0.6564779690691567,0.8529563328395717,1.1392119655035002,NA
SciQ,20,0.6921302767682416,0.8542257517174348,1.4063089506658626,NA
SciQ,21,0.7499310344827586,0.8877591342623364,0.895947297449674,NA
SciQ,22,0.7713709677419356,0.9093585576065264,0.8879397615862454,NA
SciQ,23,0.733732127224978,0.8961895322880685,0.7632239175247971,NA
SciQ,24,0.7077618908666472,0.8577178276881822,0.7677737589815344,NA
SciQ,25,0.7015555555555556,0.8524500557754415,0.6251691776894983,NA
SciQ,26,0.7494746519569215,0.8818475107506432,0.5038055596298642,NA
SciQ,27,0.7272019919078744,0.8975256357383623,0.7560499433269395,NA
SciQ,28,0.7942732648615003,0.9184074905703896,0.7980461034146333,NA
SciQ,29,0.7208176438945669,0.8493379981521042,0.6506505296287669,NA
SciQ,30,0.6791089704996989,0.858037792317727,0.5815242458897363,NA
SciQ,31,0.7339324618736383,0.8637984663973188,1.1385990687429166,NA
SciQ,32,0.7174814814814815,0.8840485210579918,0.815679911416392,NA
SciQ,33,0.7873143720110748,0.8866713764699865,0.7428975576697341,NA
SciQ,34,0.6854238639383471,0.8410119908810176,1.2287623141489359,NA
SciQ,35,0.7404425045153522,0.9016662605299659,0.7269660880075384,NA
SciQ,36,0.7080654179480012,0.8538012570373117,1.0539252202239262,NA
SciQ,37,0.7458518518518518,0.889103123825532,0.9927820494083727,NA
SciQ,38,0.6713027676824155,0.832542188784004,-0.04306977250850486,NA
SciQ,39,0.7131451612903226,0.8850871101602796,0.886966628617365,NA
SciQ,40,0.718339655675518,0.8753601513563586,0.6732572502221263,NA
SciQ,41,0.712673088500903,0.8726282837664385,1.2716879725922998,NA
SciQ,42,0.7423991571342565,0.8793990412694879,1.2518978837160533,NA
SciQ,43,0.6664230667020994,0.8115753596859647,0.717310947270079,NA
SciQ,44,0.6874235006119952,0.8561308928135496,1.046215621285896,NA
SciQ,45,0.6641377297928217,0.8345029899877998,0.8409679648865404,NA
SciQ,46,0.7283703703703703,0.8689453909343917,0.6106877621566954,NA
SciQ,47,0.8286868686868687,0.9663791147119795,1.1844287415937675,NA
SciQ,48,0.6599338700402531,0.8388677799151213,1.6915877210276027,NA
SciQ,49,0.7326567317574512,0.847913528010081,0.7269232761871496,NA
SciQ,50,0.8014814814814816,0.9206811128770541,0.7785326259987077,NA
SciQ,51,0.7654542840713054,0.8819002966828496,1.1541442703423517,NA
SciQ,52,0.7008873929008568,0.8714010505529436,0.737248227253433,NA
SciQ,53,0.7343808454919566,0.9272174627558867,0.6828279919962532,NA
SciQ,54,0.7140909090909091,0.8619327454360906,0.7292260846696377,NA
SciQ,55,0.6788275862068965,0.8349061879013973,1.2682669670942608,NA
SciQ,56,0.7417037037037038,0.8828245208695539,0.9131547962415687,NA
SciQ,57,0.7333684527393137,0.8822794758158728,0.8092765725202921,NA
SciQ,58,0.6976744186046512,0.8579527593981906,0.8279092666281973,NA
SciQ,59,0.720960322024152,0.8627936340445007,0.8148803736837222,NA
SciQ,60,0.7052929085303186,0.8353881061456107,0.7378918947532154,NA
SciQ,61,0.7262682850918146,0.8787498465780856,0.8670106501525242,NA
SciQ,62,0.7422602567329474,0.8636956263788946,0.5155848906474825,NA
SciQ,63,0.7616233254531127,0.8780189484712396,0.6864667926269964,NA
SciQ,64,0.7295555555555555,0.8692358256340197,0.9907647208522626,NA
SciQ,65,0.7222222222222222,0.8444964499948974,0.5391205242989665,NA
SciQ,66,0.8328888888888889,0.9409238919291122,0.8098526250750516,NA
SciQ,67,0.7683703703703704,0.8962812861846636,0.7949216362368411,NA
SciQ,68,0.766406670252824,0.8862704732830506,0.7872863381339703,NA
SciQ,69,0.7975826193390454,0.9222322897063537,1.0882400182552994,NA
SciQ,70,0.7695578231292517,0.8997057332864884,0.6401112772304077,NA
SciQ,71,0.6962538440033547,0.8458623815196813,0.6296523573490126,NA
SciQ,72,0.7529896359287802,0.8762344771191111,0.4284208026206483,NA
SciQ,73,0.5683870967741936,0.8155103619144841,0.8787243915964497,NA
SciQ,74,0.7587296809151113,0.8950019603511888,0.7789734276189899,NA
SciQ,75,0.6917054073892831,0.8111095507430307,1.1343655128308052,NA
SciQ,76,0.8057031031590718,0.9071442959234712,1.0238062858474015,NA
SciQ,77,0.7283485745024206,0.8604979029494902,0.8905552811480909,NA
SciQ,78,0.6611358193636674,0.8734001276707868,0.6496011266135078,NA
SciQ,79,0.7202517162471397,0.8619237793793472,0.4689887393225053,NA
SciQ,80,0.7352530053117137,0.8765504248280102,0.8440505090559326,NA
SciQ,81,0.7557890762647873,0.8447944860268811,1.2416772291525304,NA
SciQ,82,0.6623332192952447,0.865617667601332,0.6838197659079569,NA
SciQ,83,0.7569249922191099,0.8937410283957966,1.1348109059745752,NA
SciQ,84,0.7493333333333334,0.8914899864090808,0.7997278028307864,NA
SciQ,85,0.660912258473234,0.8562278887150534,1.221327438238485,NA
SciQ,86,0.788200903534414,0.8778894820428935,0.24349883577151304,NA
SciQ,87,0.7524137931034482,0.8551296034139437,1.5014163243191683,NA
SciQ,88,0.8048552754435108,0.9275679966888192,1.0654999053172691,NA
SciQ,89,0.7491931145777299,0.8708801347294509,0.9323605432020506,NA
SciQ,90,0.7001133786848073,0.8658711493948064,0.4765710053687506,NA
SciQ,91,0.6537477423239012,0.8209535233016837,0.46424972328621716,NA
SciQ,92,0.732,0.8929814266784057,0.7196931663571776,NA
SciQ,93,0.7169193216855086,0.8087563619204033,0.49169278774092734,NA
SciQ,94,0.7347649067507223,0.8618668973183656,1.1073641385716213,NA
SciQ,95,0.7533643259114264,0.8621895713451974,0.6255497650313221,NA
SciQ,96,0.7737012987012987,0.894077539177278,0.2315954097943435,NA
SciQ,97,0.8174956871765383,0.9328233538517905,0.8812471650598184,NA
SciQ,98,0.7515337423312882,0.9254580534245801,1.0185142512924268,NA
SciQ,99,0.7999698976520169,0.9163743412330659,0.6173552286641529,NA
SciQ,100,0.634799362211002,0.7863044438117455,0.7138987777776163,NA
SciQ,101,0.6892685129440096,0.8559445444461624,0.7190168525187975,NA
SciQ,102,0.7798323471400395,0.932388156567416,1.2670370377305944,NA
SciQ,103,0.7022176831047564,0.8438295018087651,1.0020125677789358,NA
SciQ,104,0.7703190848886213,0.9083874684777274,0.6273314779595425,NA
SciQ,105,0.7131500187055743,0.9136275549266863,0.6534414921155559,NA
SciQ,106,0.8066964285714286,0.9464428202933507,1.8886572058137996,NA
SciQ,107,0.6529047875201721,0.7945813553343113,0.6505219805526238,NA
SciQ,108,0.6737940472117687,0.8926953509268766,0.7222450561215074,NA
SciQ,109,0.727600762527233,0.8446808102635454,0.7242940489702253,NA
SciQ,110,0.688232499208109,0.8796039559218722,0.8728335210991943,NA
SciQ,111,0.7395587076438142,0.8573078247303663,1.094905274119625,NA
SciQ,112,0.6935434516523867,0.8804122001991728,0.6559333812694357,NA
SciQ,113,0.7896625033218178,0.8874920776347373,0.8535042293401057,NA
SciQ,114,0.6948529411764706,0.8514769204008077,0.6360908727808419,NA
SciQ,115,0.7310381925766541,0.8628524458639195,0.6939436729798629,NA
SciQ,116,0.7728543472183393,0.8914058009346396,0.9512105646410484,NA
SciQ,117,0.7438901667625072,0.8597045947106341,0.7700249859698728,NA
SciQ,118,0.7389705882352942,0.8751821232839114,0.32127987736893926,NA
SciQ,119,0.7363034316676701,0.8890885768949424,0.7508847591156411,NA
SciQ,120,0.7270710059171597,0.8786396156983252,0.32383732166570617,NA
SciQ,121,0.6823270975056689,0.8383792926504671,0.5448624803303924,NA
SciQ,122,0.6291071428571428,0.8608581996929943,1.082531347203468,NA
SciQ,123,0.731103448275862,0.856522489995905,1.007693014476084,NA
SciQ,124,0.8389524382901867,0.9266768332615202,0.741295413488961,NA
SciQ,125,0.6718620689655173,0.8317028728979323,0.7387585289477295,NA
SciQ,126,0.7109920239282154,0.8322887096385961,0.7360232879215696,NA
SciQ,127,0.7305223227312517,0.8707719940165696,0.8557725965178583,NA
SciQ,128,0.749082456569611,0.8576306254364433,0.7527142355814005,NA
SciQ,129,0.799175225645814,0.9180598580361744,1.5807551794976913,NA
SciQ,130,0.7763699714919227,0.9180271895841675,0.3741070784024525,NA
SciQ,131,0.6628275862068965,0.8127602294612539,1.0515337138339604,NA
SciQ,132,0.6371428571428571,0.87721801292797,0.5233207195916079,NA
SciQ,133,0.769120184013801,0.8953424069016812,0.7629961098193105,NA
SciQ,134,0.7740080506037953,0.8940936667939854,0.9334914522996555,NA
SciQ,135,0.7571034482758621,0.8780219262730857,0.7425031981393467,NA
SciQ,136,0.6946206896551723,0.8480281022838936,0.37874396218520806,NA
SciQ,137,0.7312413793103447,0.8639768857336023,0.7519947467463329,NA
SciQ,138,0.7870902817711328,0.9266339388872721,0.5835617463984524,NA
SciQ,139,0.6343304445065697,0.8133790655582859,0.5892398653713445,NA
SciQ,140,0.74894641782059,0.8864106493850284,0.8603367586756521,NA
SciQ,141,0.7419227738376675,0.8603965845835998,1.3580444722835456,NA
SciQ,142,0.6549741230592294,0.8155178454874462,0.5296045440579482,NA
SciQ,143,0.7350332594235033,0.9008392269209113,0.810479165034605,NA
SciQ,144,0.6881808278867103,0.8549274515955384,0.7448178630075676,NA
SciQ,145,0.7291666666666666,0.868933161611191,0.7107477927491569,NA
SciQ,146,0.7326146560319041,0.8340214885200996,0.7420666484484685,NA
SciQ,147,0.6983629130966953,0.8746779370012093,0.7411275320080313,NA
SciQ,148,0.7513769889840882,0.9114285194092971,1.0975018050052054,NA
SciQ,149,0.7470967741935484,0.9112840318343519,0.8431201682184887,NA
SciQ,150,0.76602932719954,0.9060029762842372,0.7883481693843846,NA
SciQ,151,0.7832244008714597,0.8906785292645277,0.43575944196781313,NA
SciQ,152,0.7797751029458346,0.9039083224609887,0.9814158790537167,NA
SciQ,153,0.7342047930283224,0.8631666949038282,0.45115283818239443,NA
SciQ,154,0.6550460034502587,0.8442548674186733,0.7280873161615294,NA
SciQ,155,0.6756577199043317,0.8252034469384245,0.754441576463554,NA
SciQ,156,0.7572987528344671,0.8804824313720527,0.7957378851499323,NA
SciQ,157,0.7220302949774117,0.8458278319257648,0.8127368283777583,NA
SciQ,158,0.7145390070921985,0.827289834643871,0.7351178194793011,NA
SciQ,159,0.746119733924612,0.9030229285952123,1.0041253838087585,NA
SciQ,160,0.7003448275862069,0.8449008014425493,0.44024713209988015,NA
SciQ,161,0.6644699546485261,0.8320111453263841,0.7229972878820276,NA
SciQ,162,0.7453977646285339,0.9088904759244352,0.6997202814051515,NA
SciQ,163,0.7784427111350188,0.9018824840967482,0.6518549550812313,NA
SciQ,164,0.7141572456320658,0.8430933957851883,0.7684900143294356,NA
SciQ,165,0.6802721088435374,0.8388770205659124,0.6352389710318387,NA
SciQ,166,0.7449193548387096,0.8955677900831019,1.3763776991319392,NA
SciQ,167,0.7582381078926389,0.8638316016829433,0.9206607115129469,NA
SciQ,168,0.8117193728408184,0.9218785392930737,0.9821387071713168,NA
SciQ,169,0.7935729847494554,0.9010370557905301,0.46550614291919934,NA
SciQ,170,0.7859938495946324,0.9150242725099484,1.3168296034676172,NA
SciQ,171,0.7811851851851852,0.8948211044153631,0.6806182292482786,NA
SciQ,172,0.7197661673364999,0.901685809573059,0.6319334766028041,NA
SciQ,173,0.7264239028944911,0.889783772490428,1.0489009086670544,NA
SciQ,174,0.7557241379310344,0.887300449444653,0.5863834740315057,NA
SciQ,175,0.7059483726150393,0.8962872722520847,0.6940564897288796,NA
SciQ,176,0.6724194608809994,0.8760938422062838,0.7413627552499733,NA
SciQ,177,0.6961444308445532,0.8769891784745764,0.7619728582146594,NA
SciQ,178,0.7342047930283224,0.8689991135139347,0.6214216321595455,NA
SciQ,179,0.7268606870229007,0.8342913895409956,0.6243644111771312,NA
SciQ,180,0.688963000251699,0.8128284361546297,1.0071241268751663,NA
SciQ,181,0.7567319461444308,0.8829648301342521,0.867062247795955,NA
SciQ,182,0.6792800453514739,0.8377556560076955,1.0455443190361464,NA
SciQ,183,0.7486720715683534,0.8866347880692222,1.0451187815240277,NA
SciQ,184,0.7850056689342403,0.9134927370121437,0.6851621413028693,NA
SciQ,185,0.8024326101249178,0.9393509818087853,0.8543906226787054,NA
SciQ,186,0.6710239651416122,0.8176601319246855,0.5292881033374647,NA
SciQ,187,0.7531111111111112,0.8960138927805903,0.5078830738359068,NA
SciQ,188,0.7256170981336544,0.8731509920662481,0.6010090740767245,NA
SciQ,189,0.7390605875152999,0.8890575205115108,1.2067283092856476,NA
SciQ,190,0.6895424836601307,0.8542301675746948,0.7769713299282589,NA
SciQ,191,0.7949346405228759,0.8955014332242408,0.7847466568499943,NA
SciQ,192,0.7522758620689656,0.8800957442124691,0.6764739068433232,NA
SciQ,193,0.7337379396202925,0.8941170692703844,0.710971384598676,NA
SciQ,194,0.6409359870898332,0.7990440104107756,0.8578764948758122,NA
SciQ,195,0.7766106442577031,0.9128406474953294,0.608348364447399,NA
SciQ,196,0.7489241527703067,0.8751376305598173,0.761354898884022,NA
SciQ,197,0.7661870503597122,0.8850505847564696,0.791904160354525,NA
SciQ,198,0.7874021673690548,0.9188717193353848,0.6222639997610278,NA
SciQ,199,0.7812718378756115,0.9264471410224604,0.5673842502216808,NA
SciQ,200,0.7239467849223946,0.8975875347273612,0.7437893813641006,NA
SciQ,201,0.739066870073735,0.8433347965376545,1.0769415343334552,NA
SciQ,202,0.7813810455689124,0.898289127181882,0.8350890943589826,NA
SciQ,203,0.714855508729681,0.8754676619622621,0.8743908024034586,NA
SciQ,204,0.7949829261885999,0.8901129030545591,1.4618456522936518,NA
SciQ,205,0.7844805194805196,0.8874163275756437,0.9334300744620453,NA
SciQ,206,0.6927922077922078,0.8355808331454926,0.6413306880475496,NA
SciQ,207,0.7435714285714287,0.9061050755436628,0.8084045961889696,NA
SciQ,208,0.7908821947283485,0.9111867657158114,0.6948495205234317,NA
SciQ,209,0.7101678808995883,0.8959735901238348,0.674620128803923,NA
SciQ,210,0.7555904961565338,0.9300491084602762,1.221102709708199,NA
SciQ,211,0.7377092745150147,0.8631713650339206,0.87771776282368,NA
SciQ,212,0.7257507307998937,0.84468976828615,0.9907041394116893,NA
SciQ,213,0.7504650544778102,0.8623888192033627,0.5909071606525288,NA
SciQ,214,0.7437050359712232,0.8588913427280075,0.8249295256174154,NA
SciQ,215,0.8189124965054515,0.924391722156078,0.6182280858236301,NA
SciQ,216,0.7954464285714286,0.9288892914117647,0.6984144764297959,NA
SciQ,217,0.7200649350649352,0.842115714233125,0.7463231220593639,NA
SciQ,218,0.7060893512851898,0.8674233784392198,0.7551043722976518,NA
SciQ,219,0.7489316239316239,0.9161244979114668,0.7901956842595086,NA
SciQ,220,0.7287778446718844,0.893065708019474,0.5569796908977211,NA
SciQ,221,0.6653442711135019,0.808847782972365,0.46678900560194425,NA
SciQ,222,0.7388709677419355,0.895942984471817,0.7366049848274111,NA
SciQ,223,0.6918405747519671,0.8841692325407287,1.0916746714111607,NA
SciQ,224,0.7235716729387616,0.8969702983927466,0.6338935878665473,NA
SciQ,225,0.7171840958605665,0.8431228896233176,0.816285307619062,NA
SciQ,226,0.6686727906240102,0.8623232855203251,0.44259062920274334,NA
SciQ,227,0.8084455324357405,0.9111631736955539,0.6353200126614251,NA
SciQ,228,0.7414814814814815,0.8858230600200458,0.886226346478139,NA
SciQ,229,0.8162758620689655,0.9005245845526556,0.2915461283212485,NA
SciQ,230,0.6785714285714285,0.8260891004543409,0.7276538339243078,NA
SciQ,231,0.695507173420589,0.8217253040760564,0.8073568181089849,NA
SciQ,232,0.7824098977945132,0.8873521960418712,0.9163841190563523,NA
SciQ,233,0.7910289115646257,0.9149166629641227,0.47054673797285146,NA
SciQ,234,0.6756037952846463,0.8492726929410109,1.1237691288548273,NA
SciQ,235,0.7050806451612903,0.8846868640531904,1.050481291151554,NA
SciQ,236,0.7409646558596864,0.8612675037219315,0.8273539360382746,NA
SciQ,237,0.7281260476030842,0.8978869627278736,0.4404563767447988,NA
SciQ,238,0.7666233766233765,0.8598564519692851,1.388898959030468,NA
SciQ,239,0.7471851851851851,0.8831160283857513,0.7377521859306472,NA
SciQ,240,0.6342798494697229,0.8692272122717118,1.620976891792955,NA
SciQ,241,0.6552582033351265,0.8225615256727065,1.0866199367318834,NA
SciQ,242,0.7107426303854876,0.8601990870683647,0.8591641762052978,NA
SciQ,243,0.7584811702458762,0.9117256745079083,0.5365764611007725,NA
SciQ,244,0.7225925925925927,0.8697169141473489,1.7319644539833028,NA
SciQ,245,0.7448844007440871,0.8429507421225457,1.0545814198869634,NA
SciQ,246,0.7203040861577448,0.897236338607654,1.1198212290052134,NA
SciQ,247,0.7803287981859411,0.8983714793882441,0.7102614154390322,NA
SciQ,248,0.7606666666666667,0.9056143585646247,0.848546789633091,NA
SciQ,249,0.797016129032258,0.9221669746528453,2.006704884806354,NA
SciQ,250,0.6970382258535162,0.8656455842249052,0.36788967853945925,NA
SciQ,251,0.6935290991230401,0.802671680510993,0.64319324126495,NA
SciQ,252,0.7365771812080536,0.8892808290429441,0.8335452667046351,NA
SciQ,253,0.7369614512471655,0.8724041861693835,0.8421670943829533,NA
SciQ,254,0.7346894767107532,0.8815362298919307,1.1905993161527262,NA
SciQ,255,0.7480547774665423,0.8875551142997542,0.94970368137979,NA
SciQ,256,0.7048054919908467,0.8236889482001477,1.0030013298121465,NA
SciQ,257,0.7400793650793651,0.8635128112216957,1.1387965053777407,NA
SciQ,258,0.7347196385862345,0.8815219549761086,0.8169398245258414,NA
SciQ,259,0.7432269717037929,0.8855289537846426,0.8228137715152226,NA
SciQ,260,0.7298314268512943,0.8655388102741142,0.6919956613042906,NA
SciQ,261,0.7268767817548305,0.8804434635093068,0.9134646204111655,NA
SciQ,262,0.7302416310093129,0.8477311114123915,0.6100295338627791,NA
SciQ,263,0.6664802907464357,0.8282645916520135,0.8893259564220705,NA
SciQ,264,0.6629892303651169,0.8077828989403577,0.6145103891436264,NA
SciQ,265,0.6990030674846626,0.9090444550658179,0.7445855916414726,NA
SciQ,266,0.7540852057192879,0.8901523841977507,0.6235242144280123,NA
SciQ,267,0.7442602040816327,0.8738767952357236,0.5501960628597405,NA
SciQ,268,0.7093875790684302,0.853391185630517,0.6992112301073115,NA
SciQ,269,0.7625067240451855,0.8824537361825997,0.8381898084533103,NA
SciQ,270,0.6986767728674204,0.8067487161510877,1.0069393948861118,NA
SciQ,271,0.6305079559363524,0.8555921688509278,1.2653294119784042,NA
SciQ,272,0.7520952061682871,0.9012160392398267,0.8884223052646789,NA
SciQ,273,0.7395555555555555,0.8871398006248998,1.2652479983674585,NA
SciQ,274,0.7287968441814595,0.8882651107998231,0.39316999142239917,NA
SciQ,275,0.6195854371512091,0.7797952867538049,1.599071154705082,NA
SciQ,276,0.6369321449108684,0.8326252834874925,0.8091284693027939,NA
SciQ,277,0.7711135018827326,0.8847554561189885,0.9835419529726807,NA
SciQ,278,0.7773011982570806,0.9117237064175118,1.1390715912878142,NA
SciQ,279,0.7857861213543413,0.9105195645106787,0.6636173289049074,NA
SciQ,280,0.6823376623376624,0.8190760358866565,1.4345513173449913,NA
SciQ,281,0.6510385310054184,0.8470676173986729,0.6224574487079719,NA
SciQ,282,0.7208216619981326,0.8888843443643785,0.7016372019867185,NA
SciQ,283,0.7480430528375733,0.8794867622698059,0.6611842531665711,NA
SciQ,284,0.7394930391384292,0.8661618783985298,0.6073860373836832,NA
SciQ,285,0.7259200690051754,0.8750234845286458,0.61918061867157,NA
SciQ,286,0.6905456667639335,0.8422436153636591,0.6388345632816136,NA
SciQ,287,0.76828231292517,0.8952094769332878,0.931918696222361,NA
SciQ,288,0.758274231678487,0.8737794549542068,0.6043937457631291,NA
SciQ,289,0.6881477544512358,0.8302576014209971,0.5392593235358983,NA
SciQ,290,0.7359206302888824,0.8801521896208787,0.6696700224444959,NA
SciQ,291,0.7598986379474185,0.9170045590222993,0.6723888043894292,NA
SciQ,292,0.675720620842572,0.8622415856833556,0.9926244406607532,NA
SciQ,293,0.7632275132275133,0.9062923222359252,0.6322283703124536,NA
SciQ,294,0.6417420484388677,0.8289414513427593,1.8776662197374632,NA
SciQ,295,0.7333793103448276,0.8641490163967006,0.8544756891796974,NA
SciQ,296,0.7285796434732604,0.859157084605882,1.1313242449317134,NA
SciQ,297,0.6725898692810458,0.810758934514612,0.892057607435669,NA
SciQ,298,0.7763395544852499,0.9096616467320174,0.39371366324696816,NA
SciQ,299,0.7138966697790228,0.880325877060249,0.6365880936562303,NA
SciQ,300,0.8021287294669797,0.9414092813263368,0.54159832704902,NA
SciQ,301,0.7600979192166463,0.9042751695535277,0.4372563677112712,NA
SciQ,302,0.7081353089180877,0.873907891153289,0.5391064312443589,NA
SciQ,303,0.7854308390022675,0.9107126626643893,0.6050460202960913,NA
SciQ,304,0.7559399021663172,0.91792401511198,0.7914831846337315,NA
SciQ,305,0.6707792207792207,0.7995644417862205,0.7848697056744319,NA
SciQ,306,0.7394641782059,0.8736650370932099,0.6107175744375644,NA
SciQ,307,0.7387662337662337,0.8598141979347552,0.7954760959300392,NA
SciQ,308,0.682053376906318,0.844471650031524,0.5780322029575968,NA
SciQ,309,0.7428838412880966,0.8764034395590725,0.5868696614126774,NA
SciQ,310,0.6518246187363835,0.8206512610389541,0.6993260940152672,NA
SciQ,311,0.7833537331701347,0.9109690549091147,0.7526822670385478,NA
SciQ,312,0.8248468047855266,0.9316969471312213,0.8188686458259548,NA
SciQ,313,0.6716551724137931,0.8388279857145051,0.8602826748717725,NA
SciQ,314,0.7400484131253362,0.8691782104617569,0.5204155403524867,NA
SciQ,315,0.7862881263616558,0.9057480661691546,0.31355251989608357,NA
SciQ,316,0.6837681549220009,0.8564125239470027,0.7071330458168902,NA
SciQ,317,0.7242801230081073,0.8743797426814677,0.5260834718332618,NA
SciQ,318,0.6949242625564709,0.8371428977683782,1.081076900813946,NA
SciQ,319,0.7158812729498164,0.8982242958145681,0.6892610587606104,NA
SciQ,320,0.7060802544653781,0.8187396730692159,0.9775867134952485,NA
SciQ,321,0.6937662337662337,0.8321938979253769,0.6044667886360761,NA
SciQ,322,0.6514111365369947,0.7892210076735384,0.556202613160596,NA
SciQ,323,0.6540396980710091,0.8189795644276023,1.0144358577346753,NA
SciQ,324,0.772568894520114,0.912121512897886,0.5554878903790104,NA
SciQ,325,0.8108172315489388,0.9364014652773267,0.9913013343358522,NA
SciQ,326,0.7090885211452588,0.8270810605736727,0.5499148796059327,NA
SciQ,327,0.7503762793497892,0.89768315249764,0.920540906709422,NA
SciQ,328,0.6838518518518518,0.8491212088602663,0.31518675926554274,NA
SciQ,329,0.6982570806100218,0.847789971580653,1.5814467494903561,NA
SciQ,330,0.8616158792284037,0.9453721813989648,0.628531582521984,NA
SciQ,331,0.7542143287176399,0.8896311936381569,0.9647997052454984,NA
SciQ,332,0.6921733053808525,0.8823231483277101,0.478650554413079,NA
SciQ,333,0.6784922394678492,0.8784743388368979,0.4733613250608457,NA
SciQ,334,0.610072853975293,0.857388682919536,0.548999179428305,NA
SciQ,335,0.8147600262984879,0.9405923362627213,0.26420240038275283,NA
SciQ,336,0.719111111111111,0.8715684915206036,0.7060818884394034,NA
SciQ,337,0.7243141473910706,0.8453940279909054,0.8343432908210039,NA
SciQ,338,0.6951219512195123,0.8738788606559205,0.6289521735656722,NA
SciQ,339,0.6910580793559518,0.8677810756798471,0.6029414212122668,NA
SciQ,340,0.6545755568934377,0.859274017227314,0.9283106044041786,NA
SciQ,341,0.6008077288565093,0.830587124401312,0.7452787784166968,NA
SciQ,342,0.8034541633832415,0.896345613155793,0.36160025741737384,NA
SciQ,343,0.7176606753812635,0.868848296766986,0.9329321809962651,NA
SciQ,344,0.6907665505226481,0.8571384468075817,0.401948871097145,NA
SciQ,345,0.7351190476190477,0.8799858776019702,0.8580749482394067,NA
SciQ,346,0.7404973075704783,0.8872232765949433,0.7177718845204161,NA
SciQ,347,0.712503283425269,0.855804609299087,0.7191719782877612,NA
SciQ,348,0.7486021805982667,0.878504156969067,0.6946919806262821,NA
SciQ,349,0.8063035495716034,0.9261242958564672,0.5461192760683652,NA
SciQ,350,0.6987407407407407,0.8686639110209041,0.6525544459824187,NA
SciQ,351,0.5982726423902894,0.8171118607102403,0.4547590276742365,NA
SciQ,352,0.7869897959183674,0.9199946189077565,0.4907721467990731,NA
SciQ,353,0.6682974559686888,0.8148691859571513,0.8690952347932529,NA
SciQ,354,0.7195294784580499,0.861848540830815,0.7985832614131975,NA
SciQ,355,0.7555980725623583,0.8953796923018917,0.8322019020352748,NA
SciQ,356,0.785219747140277,0.9061635275964255,1.4370800483350565,NA
SciQ,357,0.764030612244898,0.8979184836125267,0.49826506847720164,NA
SciQ,358,0.7205645161290323,0.885140950016197,0.8528212643813867,NA
SciQ,359,0.6835255066387141,0.8907054833028734,0.748652580270898,NA
SciQ,360,0.7189487467265244,0.913045584128068,1.4269482881745021,NA
SciQ,361,0.7844137931034483,0.913143950396547,1.1981724532696618,NA
SciQ,362,0.7235099337748344,0.8651047198684283,1.083894727284561,NA
SciQ,363,0.733925925925926,0.8888205996280022,0.3782121137923276,NA
SciQ,364,0.7148275862068965,0.8696549084464497,0.898907733502817,NA
SciQ,365,0.7528752156411732,0.8854477126884164,1.0704687766044878,NA
SciQ,366,0.7461672942442173,0.8738131025760235,0.832668779107415,NA
SciQ,367,0.695578231292517,0.8637511298769185,0.7226766571424023,NA
SciQ,368,0.6635483870967742,0.8431162131633754,0.8187680435706016,NA
SciQ,369,0.747541854903003,0.8756034143671574,0.7392076348023855,NA
SciQ,370,0.7177937576499389,0.9023959635067188,0.7370634946188781,NA
SciQ,371,0.731105923548293,0.8748029039954178,0.8297124985806976,NA
SciQ,372,0.6544784580498866,0.8434593744425327,0.7330558036641883,NA
SciQ,373,0.68879486431281,0.8576490786847507,0.728271307503701,NA
SciQ,374,0.7983703703703704,0.9082494120178248,1.020632262797461,NA
SciQ,375,0.7306644880174291,0.8527124399483402,1.0705604428519409,NA
SciQ,376,0.6966435881998796,0.8805871126907413,1.4296752209261971,NA
SciQ,377,0.7155704008221994,0.8300319352348429,1.2403539974018556,NA
SciQ,378,0.8151111111111111,0.9312282165882755,0.6299209654684316,NA
SciQ,379,0.7286889332003988,0.8344785396001285,0.8727307072236559,NA
SciQ,380,0.7292487522983977,0.8436823519383364,0.7081944059307124,NA
SciQ,381,0.7600090307043949,0.8953980904074685,1.0238058595172108,NA
SciQ,382,0.7490322580645161,0.9135029686105268,0.7871169224156488,NA
SciQ,383,0.7305223227312518,0.889529334023465,0.772776941172745,NA
SciQ,384,0.7020717829004961,0.8667820057778467,0.5698979757324879,NA
SciQ,385,0.6945192072424762,0.790332424459512,1.1184005361031002,NA
SciQ,386,0.75374847001224,0.9015362098054105,0.808102596117306,NA
SciQ,387,0.7720987654320987,0.8720246178686611,1.3760823185772288,NA
SciQ,388,0.7321481481481481,0.8845440405533952,0.8694152156762791,NA
SciQ,389,0.8046205630354956,0.9211648607322045,1.018819339643663,NA
SciQ,390,0.7591129032258064,0.888667530247831,0.7057295594409291,NA
SciQ,391,0.668222844693433,0.8583404458924089,1.0913135657181554,NA
SciQ,392,0.7174482758620689,0.8572444104269279,0.7513878915268916,NA
SciQ,393,0.7649377065853039,0.8823050556361804,0.6005106184985578,NA
SciQ,394,0.6719378953421506,0.8480988708031236,0.8668326570411463,NA
SciQ,395,0.7720999301187981,0.9379776315247425,0.8461352662958269,NA
SciQ,396,0.6601901034386357,0.8085457172751105,1.306198823879387,NA
SciQ,397,0.7418295885614239,0.8844860382142565,0.9829210564594711,NA
SciQ,398,0.7343886781441493,0.8896989199195995,0.9516511408239274,NA
SciQ,399,0.7784070149799049,0.9328251280336465,1.0525987480970298,NA
SciQ,400,0.7730440291415901,0.919350501500642,0.5528857577705443,NA
SciQ,401,0.8084150326797386,0.9044473178511852,1.4856012254197741,NA
SciQ,402,0.7542311059235483,0.8979751962267093,0.4746342519470444,NA
SciQ,403,0.7215322580645163,0.8942701579064061,0.478195210016171,NA
SciQ,404,0.7133333333333334,0.8662372679289492,1.3443396988361387,NA
SciQ,405,0.7617399157134257,0.9154216422072406,0.6805653474773141,NA
SciQ,406,0.6850649350649349,0.8291279316717366,0.9209993831129041,NA
SciQ,407,0.7415188297541239,0.8830193703398225,0.19506421933771148,NA
SciQ,408,0.7386428982173664,0.8555251975160635,1.2295309814569815,NA
SciQ,409,0.7669835057310594,0.8867835106222668,0.622286481153838,NA
SciQ,410,0.7108441393338417,0.8119742637288193,0.5533044838461038,NA
SciQ,411,0.7699259259259259,0.9053393376617572,1.1018774009233954,NA
SciQ,412,0.7901811385853938,0.9121105120548072,0.687259443339844,NA
SciQ,413,0.7839423399262487,0.933221322850512,0.729770245096753,NA
SciQ,414,0.674742008557765,0.800657425792378,0.8106535790434516,NA
SciQ,415,0.770654834761322,0.9035511098908442,0.7849890995655046,NA
SciQ,416,0.7160740740740742,0.8830010821165084,0.8496080598551474,NA
SciQ,417,0.7138896994455792,0.854267192421393,1.0261119591361294,NA
SciQ,418,0.8179800968262506,0.8921284781219047,0.9000659576173098,NA
SciQ,419,0.7609655172413793,0.8953460908560137,0.45648325164199566,NA
SciQ,420,0.8061917946136421,0.8879840874149783,0.4464116415196134,NA
SciQ,421,0.714565278166061,0.8541508174096568,0.18299722282298864,NA
SciQ,422,0.716038961038961,0.8447874113718551,0.9121082549817034,NA
SciQ,423,0.7637931034482759,0.8956263136770686,1.6224153370923775,NA
SciQ,424,0.7483660130718953,0.9026511288324709,0.9705776804174745,NA
SciQ,425,0.7410901467505241,0.9133747389244331,0.4524781199238455,NA
SciQ,426,0.7216838660961491,0.8478981627448542,0.9455814644164472,NA
SciQ,427,0.7383448275862069,0.8527479289048361,0.7350630235105606,NA
SciQ,428,0.6477968176254589,0.8506612730824377,0.6950199905373754,NA
SciQ,429,0.7263085870680807,0.8970855593402911,0.9985685050551089,NA
SciQ,430,0.707983870967742,0.8875592721946662,1.2720560501311948,NA
SciQ,431,0.6855809753160746,0.8543952156402101,0.8715524907132213,NA
SciQ,432,0.7189655172413792,0.8741112119502916,0.7270718440187647,NA
SciQ,433,0.6766247379454927,0.8836771072711194,0.45310394740995613,NA
SciQ,434,0.6962974296205631,0.8859394279072622,0.6147714539085699,NA
SciQ,435,0.7445969997457411,0.8575658062507033,0.6476445582183183,NA
SciQ,436,0.7113729891507669,0.9099210627003875,1.049129735472066,NA
SciQ,437,0.6909041394335512,0.8330486751447014,0.730218747168452,NA
SciQ,438,0.6490208078335372,0.8582555040876925,0.6384023258123119,NA
SciQ,439,0.773809523809524,0.9051149255814528,0.7166291388774206,NA
SciQ,440,0.7490655549166189,0.8881146847891939,0.594717505582687,NA
SciQ,441,0.7555079559363526,0.8860662560342323,1.0732135179561302,NA
SciQ,442,0.7073478607494019,0.8515960357396071,0.776975875245966,NA
SciQ,443,0.8193027210884354,0.9235989150505801,0.8125855880149485,NA
SciQ,444,0.6907874260815438,0.8637970558140895,0.7214844583664303,NA
SciQ,445,0.7293831713040564,0.9088127360455421,1.067753188771597,NA
SciQ,446,0.7817548305353185,0.9249927469894099,0.6304392171812487,NA
SciQ,447,0.7276490066225165,0.8845428054954626,1.6575118911757472,NA
SciQ,448,0.7509193590753875,0.8726978271450074,0.4970714505047862,NA
SciQ,449,0.8005424063116371,0.9294738905389904,0.7123496104471753,NA
SciQ,450,0.7332710862122627,0.9032698979002318,0.4933386164292324,NA
SciQ,451,0.7288929270338271,0.8753225797267459,0.7225019341436459,NA
SciQ,452,0.6408106219426974,0.8625776061665484,1.0764059348695,NA
SciQ,453,0.8162737205290398,0.9278233677272228,0.825488060561876,NA
SciQ,454,0.7844671884406984,0.9169108203047508,0.5826713304355536,NA
SciQ,455,0.7452718676122932,0.862630917196367,1.7967261676320305,NA
SciQ,456,0.7292741935483871,0.8838469284071291,0.9012150684472762,NA
SciQ,457,0.7330645161290323,0.8973310128232835,0.5086884581725754,NA
SciQ,458,0.7229445757814551,0.8386566341772588,0.6598800872841306,NA
SciQ,459,0.6981023576768258,0.8645114726172313,1.2432247026730656,NA
SciQ,460,0.7077751510375624,0.8491723482378449,1.2366980410190231,NA
SciQ,461,0.7586544250451535,0.8920183464243746,0.7348162568457587,NA
SciQ,462,0.7231167337550316,0.8715527482203884,0.5672289160426639,NA
SciQ,463,0.7246896551724138,0.8681912723146566,0.729460501306862,NA
SciQ,464,0.6430419781483612,0.8200426983558704,1.5145017429336887,NA
SciQ,465,0.6700282631038027,0.7967955134090977,0.6805824890653842,NA
SciQ,466,0.7426081543728602,0.8930064185355405,0.8638413492487451,NA
SciQ,467,0.7471505196111298,0.9007426581636835,0.714924935489785,NA
SciQ,468,0.6750806451612903,0.8699671484458443,0.40982008189942487,NA
SciQ,469,0.7506566850538483,0.8775239972020799,0.753676014599956,NA
SciQ,470,0.7223630028508078,0.8931949577927044,0.567975214030636,NA
SciQ,471,0.7487407407407408,0.9021924284328513,1.0364981784204228,NA
SciQ,472,0.6801346801346801,0.8850328909880338,0.610309447356175,NA
SciQ,473,0.7910709074992704,0.9068891303319578,0.4564984155082671,NA
SciQ,474,0.7786802760207016,0.8987810727730232,0.9887432284684324,NA
SciQ,475,0.7032142857142857,0.8894068347713749,0.580549473183842,NA
SciQ,476,0.7626740215392698,0.8819600902061572,0.5748203607093564,NA
SciQ,477,0.6902636054421769,0.8650207519891696,0.6744525541020535,NA
SciQ,478,0.7759881730469966,0.9198330467721245,0.7046902901793016,NA
SciQ,479,0.7429138321995464,0.8815488655464877,0.5602577287310049,NA
SciQ,480,0.7356946144430845,0.883601873665636,1.0631520241045629,NA
SciQ,481,0.6985974945533768,0.825671013862899,1.0161475564807816,NA
SciQ,482,0.6985544217687075,0.8686043326769509,0.8176072845922054,NA
SciQ,483,0.7543128234617597,0.8832923014212225,1.0155549696012613,NA
SciQ,484,0.6997290788681517,0.846757639759258,0.7652583362117515,NA
SciQ,485,0.6638620689655171,0.8338141696867307,1.1256511306256942,NA
SciQ,486,0.7841187270501837,0.9186632246055001,1.1077212610336704,NA
SciQ,487,0.7782489936745255,0.9064388047858183,0.4229597958519052,NA
SciQ,488,0.6666666666666666,0.8327883442006644,0.5643087549375049,NA
SciQ,489,0.7230759127922247,0.8477966612479529,1.109281352097521,NA
SciQ,490,0.6933793103448276,0.8555244725418095,0.9907778512708535,NA
SciQ,491,0.7311431444854174,0.8998885840779907,0.26775717247233805,NA
SciQ,492,0.6883372734436565,0.8355334092755038,0.5776843106419995,NA
SciQ,493,0.7096848225214197,0.8799382479762307,0.7107363505983285,NA
SciQ,494,0.7632322713257965,0.8742343371563421,1.454379378303409,NA
SciQ,495,0.7360139860139859,0.8648974980103974,0.9549061778593638,NA
SciQ,496,0.6882547441058079,0.8459823628679446,0.9408928265856865,NA
SciQ,497,0.692012987012987,0.8337424230595721,0.9712021643237219,NA
SciQ,498,0.7073665082471344,0.8632224785653825,0.8698484113184499,NA
SciQ,499,0.7829734461628246,0.898915120430523,0.984198557507468,NA
SciQ,500,0.6637086903304774,0.8578970304760896,0.5764816175298844,NA
SciQ,501,0.7684994861253853,0.8681892675718003,1.1242614708485563,NA
SciQ,502,0.8010595542564852,0.9450825665846986,1.2238761460170031,NA
SciQ,503,0.7010219341974078,0.8190662733772653,0.9327014765862179,NA
SciQ,504,0.6722812412636288,0.8333890120862951,0.9985166446980572,NA
SciQ,505,0.7751948051948052,0.885115663300906,0.9483652050932075,NA
SciQ,506,0.6787629902782434,0.8696427852339896,0.7257924945378591,NA
SciQ,507,0.7549173878835562,0.9341443147023127,0.7123568757134533,NA
SciQ,508,0.7543847993622109,0.861324533464709,1.0126774141234196,NA
SciQ,509,0.6717687074829932,0.8371306601730082,0.6187968736649959,NA
SciQ,510,0.6802222222222222,0.831393861257206,0.5065463079150588,NA
SciQ,511,0.7964137931034482,0.9023885883100298,0.5224651662610252,NA
SciQ,512,0.7529354207436398,0.8862676480370562,0.7670435666207088,NA
SciQ,513,0.7289626682986536,0.8862234223790948,0.6201120681760254,NA
SciQ,514,0.697896120973044,0.8854842517710675,0.7352053884991765,NA
SciQ,515,0.6848284166164962,0.8656709504196916,0.7165147510938752,NA
SciQ,516,0.7437541091387245,0.9090869872748775,0.8897537130038045,NA
SciQ,517,0.7122425629290619,0.8326305553980866,0.5610001140201318,NA
SciQ,518,0.7800918593601521,0.9246735282603105,0.8466434681147711,NA
SciQ,519,0.7771867612293145,0.8779806404160004,0.6975353110114868,NA
SciQ,520,0.7323232323232324,0.9283243236934636,1.1805879387647864,NA
SciQ,521,0.8058278867102396,0.8937886183286894,0.7917663868902031,NA
SciQ,522,0.7478483055406133,0.8781894014135061,0.8103701895675115,NA
SciQ,523,0.6964178205900061,0.8726453150810656,0.757513266322056,NA
SciQ,524,0.695455753388254,0.8346730093947912,1.274222642679123,NA
SciQ,525,0.7323943661971831,0.8398378039669139,1.006402543978624,NA
SciQ,526,0.6978867165037378,0.8724990577420719,1.1884639645781934,NA
SciQ,527,0.7637718242022877,0.8893568567401865,0.29449236377706606,NA
SciQ,528,0.7374814814814815,0.8713395394670975,0.8972894237168775,NA
SciQ,529,0.7366462928514483,0.8402322708414748,1.7271055550363346,NA
SciQ,530,0.7197241379310344,0.8690947952802561,0.680909775430946,NA
SciQ,531,0.8100379340531075,0.9259012513916913,1.204379883295465,NA
SciQ,532,0.7872727272727271,0.8938940121959651,0.7342888543068286,NA
SciQ,533,0.7096729102599943,0.8476532088829897,0.8630315781092819,NA
SciQ,534,0.8192296469215057,0.927391407254712,0.5936096383349944,NA
SciQ,535,0.7522247648105771,0.870445914762245,0.8202855398424507,NA
SciQ,536,0.7645348837209301,0.9071055814895022,0.5061667432880889,NA
SciQ,537,0.7447562358276644,0.8892566754676693,0.5667202830109105,NA
SciQ,538,0.6853896103896104,0.8119337710318683,0.43432979665478866,NA
SciQ,539,0.7499376869391825,0.8482748226927623,0.5506528988136062,NA
SciQ,540,0.6738236961451246,0.8422648485164653,0.5722301154450959,NA
SciQ,541,0.6951447245564893,0.8986539748285169,0.8220964832860237,NA
SciQ,542,0.7219666474985623,0.8802598159157285,0.7663814522788861,NA
SciQ,543,0.6887239902080783,0.8562476659867928,1.4129589898707609,NA
SciQ,544,0.7122781065088757,0.8341644457885415,1.3594393414379087,NA
SciQ,545,0.7334588488434642,0.8756034719760233,0.9350368988811092,NA
SciQ,546,0.7771111111111111,0.9105944999351276,0.9102281169676673,NA
SciQ,547,0.7348387096774194,0.9098862982268471,0.6922353273011401,NA
SciQ,548,0.7497665732959851,0.8900866974933336,0.5222692939216159,NA
SciQ,549,0.7755869957856714,0.9243004247915714,0.8459407882247313,NA
SciQ,550,0.6943300601837187,0.8798745035461639,0.7306612606789294,NA
SciQ,551,0.6959310344827586,0.8512147232018841,1.01513420583323,NA
SciQ,552,0.7322396146899458,0.8869373990281784,0.4852005308503414,NA
SciQ,553,0.6813712463460004,0.8316240085269945,0.9698293044603109,NA
SciQ,554,0.7395960832313342,0.9004231645636377,1.1249159440428866,NA
SciQ,555,0.7653225806451613,0.9193105460814375,0.7724761083303364,NA
SciQ,556,0.6216296296296296,0.8211210969997484,0.6148651142045828,NA
SciQ,557,0.6260086067778375,0.8026627476955717,0.7394891559574978,NA
SciQ,558,0.8103857981548783,0.901437652799417,0.896556422048872,NA
SciQ,559,0.7044997124784359,0.8626048441656052,0.6862268753454017,NA
SciQ,560,0.7806461830852074,0.9150255973057767,0.5851345808708053,NA
SciQ,561,0.7191129032258063,0.8882260647258752,0.8068348970526877,NA
SciQ,562,0.7225,0.8921581963135139,0.7203535616487392,NA
SciQ,563,0.7779951836243226,0.9016064603373939,0.659707541478283,NA
SciQ,564,0.6691361476097288,0.8300298659838863,1.1086080958692486,NA
SciQ,565,0.7266332273060925,0.8312359622831247,1.8800309426768125,NA
SciQ,566,0.7432598039215688,0.8517972106645875,0.49929112556298744,NA
SciQ,567,0.6904174884944116,0.8960559428783064,1.1926747195953735,NA
SciQ,568,0.7184095860566448,0.8961902591557797,0.6764685796891781,NA
SciQ,569,0.7119205298013245,0.8731962372428643,0.7111856390315723,NA
SciQ,570,0.7390126429861529,0.8860792674028207,1.3851247480664082,NA
SciQ,571,0.6826181911613568,0.8172597400516297,1.440241512379632,NA
SciQ,572,0.7492997198879552,0.8919964555671829,0.8452147300173444,NA
SciQ,573,0.7149901380670611,0.8909231963210442,1.4000284405639964,NA
SciQ,574,0.7733607855559075,0.9066241570236104,1.0322404357313888,NA
SciQ,575,0.7468354430379747,0.9072958214882,0.9517691718140633,NA
SciQ,576,0.778118191721133,0.8993703371514322,0.6198542955308062,NA
SciQ,577,0.6552617592346532,0.8076802697114627,1.300751175528529,NA
SciQ,578,0.7673950546290973,0.8990334375889679,0.4914503704772827,NA
SciQ,579,0.7457037037037036,0.8771210187782597,0.6811283868283533,NA
SciQ,580,0.8218176986446983,0.8998769764651413,0.6592095095622447,NA
SciQ,581,0.7397490820073439,0.8958344799335859,0.8663789232572453,NA
SciQ,582,0.6431857389304199,0.8416000859588852,1.5575593639887089,NA
SciQ,583,0.7540253018976423,0.9001011475215916,1.3779419634454089,NA
SciQ,584,0.7171851851851853,0.8674998809415307,0.639519871373359,NA
SciQ,585,0.7527844671884407,0.8822536507761137,0.5968442173234773,NA
SciQ,586,0.7220321587410196,0.9103446723881627,1.2500984259209937,NA
SciQ,587,0.7246594868546088,0.8837862254875174,0.6268948154819494,NA
SciQ,588,0.6582125603864735,0.7887249981352321,0.32183434388082705,NA
SciQ,589,0.6951530612244897,0.8581468781223826,0.8014399521350238,NA
SciQ,590,0.8701040391676867,0.9609103120492671,0.7931546983188115,NA
SciQ,591,0.6584444444444445,0.8545642794428295,0.5844623842645139,NA
SciQ,592,0.6851851851851852,0.823298213076322,0.6239587094091884,NA
SciQ,593,0.7214482758620689,0.8533587806398243,0.8604912426566937,NA
SciQ,594,0.7607001133786849,0.8764368988974557,0.9177753220687269,NA
SciQ,595,0.6867350061199511,0.8710496109503266,1.1396104829300981,NA
SciQ,596,0.6917517006802721,0.8605209919528105,1.058419892114687,NA
SciQ,597,0.7174532784288882,0.9050568909498905,0.47941171282872386,NA
SciQ,598,0.7567240451855837,0.8733848553183364,0.783509041264189,NA
SciQ,599,0.6591815041190539,0.8287987181423305,1.0226385038069314,NA
SciQ,600,0.7359114433582519,0.8915829319974501,1.9608179461313016,NA
SciQ,601,0.715925925925926,0.8834270272180412,0.42876604431142334,NA
SciQ,602,0.7458847736625513,0.9303951567549573,0.6462563809850184,NA
SciQ,603,0.6784316676700782,0.8554365605797875,0.8113471358968933,NA
SciQ,604,0.7565192743764174,0.8885439802305797,0.47930415418662353,NA
SciQ,605,0.7718023255813954,0.9149552010197624,0.6242316512528382,NA
SciQ,606,0.8085825186889016,0.9217671368442033,0.8790352238084462,NA
SciQ,607,0.760888888888889,0.9010768767344456,0.5944149330126559,NA
SciQ,608,0.7282962962962963,0.8744509726933912,0.9202208589306676,NA
SciQ,609,0.7508380824673148,0.9048597997633037,2.1109806064551297,NA
SciQ,610,0.7487061529614721,0.8763893102521733,1.3801182437780348,NA
SciQ,611,0.7261029411764706,0.8304525003873058,0.6238215664187838,NA
SciQ,612,0.8195861678004536,0.9253138483164001,0.6936905854195682,NA
SciQ,613,0.7161838958277971,0.8571830629342572,1.1957823302544017,NA
SciQ,614,0.6278240989779452,0.7948789890420697,0.9760678076055308,NA
SciQ,615,0.763462147608489,0.9064284619374022,0.6500682924864695,NA
SciQ,616,0.7504137931034482,0.8773991173294504,1.3559881242019078,NA
SciQ,617,0.7166285278413426,0.8319775444783643,0.7627207172829177,NA
SciQ,618,0.6982783775897284,0.8529960134206133,0.81209483241617,NA
SciQ,619,0.6218996206594689,0.8226659931472355,0.4650869296074398,NA
SciQ,620,0.6684372379088621,0.8345365762093613,0.9890566099183457,NA
SciQ,621,0.8257047830218562,0.9354453469442132,0.6202398287765142,NA
SciQ,622,0.8396103896103896,0.9233617624502426,1.163603465821335,NA
SciQ,623,0.662077922077922,0.81336061223421,1.1917297453299445,NA
SciQ,624,0.7010345804988662,0.8632119833437999,1.0332893189070453,NA
SciQ,625,0.7124183006535948,0.8652409797684684,0.5674795289847678,NA
SciQ,626,0.7325296995108316,0.9198376353870263,1.1120469119442753,NA
SciQ,627,0.7035066981875494,0.8365715377375746,0.6423165816963505,NA
SciQ,628,0.8225853516194922,0.9292873403315695,1.0029563945633266,NA
SciQ,629,0.6696252465483234,0.8782907068019846,0.9531603008189565,NA
SciQ,630,0.7291732657586316,0.9144612672753735,0.7598352956929859,NA
SciQ,631,0.8121880745994221,0.9014617900080304,0.5469283511066083,NA
SciQ,632,0.7455968688845402,0.8663744881737808,1.3632279250859192,NA
SciQ,633,0.7071053399474759,0.8476821204974454,0.8479484633706997,NA
SciQ,634,0.7703066164604626,0.8857690159453419,0.6218531304974935,NA
SciQ,635,0.7164496412436886,0.856110932052933,0.8205304613980889,NA
SciQ,636,0.7737087831922965,0.9106169911924041,0.5138401790430941,NA
SciQ,637,0.6613098440021518,0.8276891027102576,0.5801220446393035,NA
SciQ,638,0.746811224489796,0.8778012542549163,0.5406297374413636,NA
SciQ,639,0.7443529099123041,0.867268731954439,1.138763482960953,NA
SciQ,640,0.7701612903225805,0.9045833743309987,0.7800906092696546,NA
SciQ,641,0.7802579365079364,0.8989842802790696,0.9077143878812658,NA
SciQ,642,0.680434224049332,0.8030555938472174,0.567704641087508,NA
SciQ,643,0.6870440618616867,0.8706440937868656,0.851105435581182,NA
SciQ,644,0.8223005285678329,0.9037448804591732,0.9850897823917073,NA
SciQ,645,0.6791978148361127,0.8381530181563958,0.6982318468558889,NA
SciQ,646,0.721679125934445,0.8771240603559247,0.9726058435485752,NA
SciQ,647,0.7439309056956116,0.9122508734684819,0.5768909260353311,NA
SciQ,648,0.7949971247843588,0.897465571081671,1.1193338517774607,NA
SciQ,649,0.7641871165644172,0.9298136424992464,0.691164152437975,NA
SciQ,650,0.7614749082007344,0.898772171606958,0.6069499449897007,NA
SciQ,651,0.7762215997510116,0.9070847747001913,1.7449316562201846,NA
SciQ,652,0.7486290322580645,0.9116832523849616,0.801039292875368,NA
SciQ,653,0.7584722969338354,0.9022238395142745,0.5810197976849206,NA
SciQ,654,0.7687600860677782,0.8795293910523061,0.4680287321517451,NA
SciQ,655,0.7433278867102396,0.8640775845394422,0.7197955429568772,NA
SciQ,656,0.7330171358629132,0.8861655879774358,1.1196124167294565,NA
SciQ,657,0.8078571428571429,0.901382819096855,0.6595211170446464,NA
SciQ,658,0.765728476821192,0.892638750208888,1.3643931623679757,NA
SciQ,659,0.7088216661387393,0.8867673173391687,1.0059849780110761,NA
SciQ,660,0.7735042735042735,0.9177257559948304,1.019512882566141,NA
SciQ,661,0.6852413793103448,0.8418024563736122,0.6011312347993341,NA
SciQ,662,0.731448275862069,0.8642617338696532,0.6364893559472855,NA
SciQ,663,0.7789976533690915,0.933201375211046,1.3803925233521095,NA
SciQ,664,0.74811294380766,0.8922508504768836,0.8367091391156014,NA
SciQ,665,0.7088350391330523,0.8615797477746469,0.6122537965270669,NA
SciQ,666,0.7305185185185185,0.8839436841811172,1.0994985572949032,NA
SciQ,667,0.7344019551466361,0.8767773048212969,0.5145796502240076,NA
SciQ,668,0.7480956133438403,0.8512311825909956,0.656425045081413,NA
SciQ,669,0.6622340425531915,0.8369913522838386,0.8581544914338501,NA
SciQ,670,0.8405925925925927,0.9329476069951588,0.8289175118836414,NA
SciQ,671,0.6708900855242318,0.8681738259020592,0.45989103244489066,NA
SciQ,672,0.7411724137931035,0.8780913999360461,1.260729453434874,NA
SciQ,673,0.7114845938375349,0.8799282627247951,0.8145874174462016,NA
SciQ,674,0.776468788249694,0.9008564236426994,0.9392208741087216,NA
SciQ,675,0.7779091147885474,0.8979795249748954,0.4876357610340457,NA
SciQ,676,0.7270408163265306,0.8708689686220984,0.9935370700735141,NA
SciQ,677,0.7583384332925337,0.8745004530849233,1.1708281855057447,NA
SciQ,678,0.7024137931034482,0.8437559114066606,0.6038298153797037,NA
SciQ,679,0.6993103448275862,0.829464102808759,0.7573212294693346,NA
SciQ,680,0.8186569528032943,0.9389444511915115,0.7373403835080393,NA
SciQ,681,0.6709950393930552,0.8524141569642529,1.0230705073035975,NA
SciQ,682,0.7420931569867739,0.8852334618001755,1.3257661249152726,NA
SciQ,683,0.7004018998903909,0.8986483596623507,1.1721189819062185,NA
SciQ,684,0.8064092461255581,0.8969370600151904,0.6839535031911185,NA
SciQ,685,0.7302208554654739,0.8717497425964542,0.5129382765877487,NA
SciQ,686,0.7270936679311351,0.8767058492765419,0.9706946900762908,NA
SciQ,687,0.7278391572456321,0.8660839048751623,1.5535361050472967,NA
SciQ,688,0.6783588435374149,0.857312505029727,1.2481920546960672,NA
SciQ,689,0.6312533620225927,0.8121340453469087,0.5390783913779034,NA
SciQ,690,0.7554464285714285,0.9167301911514792,0.9877492147858974,NA
SciQ,691,0.7894687616909838,0.9400276675959204,0.5703889365169401,NA
SciQ,692,0.7383786848072561,0.8782576296971794,0.9146729592379736,NA
SciQ,693,0.6974789915966387,0.8609893321424807,0.6464172658986089,NA
SciQ,694,0.7590344827586206,0.8776914771380439,0.774152903169598,NA
SciQ,695,0.7643276488677662,0.8856509656273652,0.5235175943596161,NA
SciQ,696,0.7815964523281596,0.9152148259906053,0.43898121227305587,NA
SciQ,697,0.7843164663125525,0.9203181876194934,0.5883802933927867,NA
SciQ,698,0.6990433165027903,0.8153595508818722,0.9306342766656373,NA
SciQ,699,0.7349501533742331,0.9280915516851408,1.0847197876042456,NA
SciQ,700,0.7167075163398693,0.8626457647087383,0.7456241910155171,NA
SciQ,701,0.6746119733924613,0.8612331191171233,1.1803669817715519,NA
SciQ,702,0.7083475880944234,0.8983844607907845,0.6717766325613833,NA
SciQ,703,0.7066666666666667,0.8713623451408113,0.9558598207294743,NA
SciQ,704,0.7792248255234296,0.8646166923049924,0.558828807380971,NA
SciQ,705,0.77125,0.9293105981867269,0.5451326780006257,NA
SciQ,706,0.7375984826378758,0.8718005756280112,0.6495801911433449,NA
SciQ,707,0.7103896103896105,0.8504634879286973,1.0392244235130885,NA
SciQ,708,0.6821774193548388,0.8615296953601091,1.1331008350881113,NA
SciQ,709,0.7550617283950618,0.8605525817780538,0.7586855966432217,NA
SciQ,710,0.606962962962963,0.8013813529552026,0.510992616195109,NA
SciQ,711,0.7648615001556178,0.9030955476234243,0.6603147170312784,NA
SciQ,712,0.7328924669350201,0.8750851565628022,0.6928367478881617,NA
SciQ,713,0.7161028795079676,0.8528506251516206,1.5000766511617738,NA
SciQ,714,0.6614385760140065,0.8387547576198389,0.5996039258477724,NA
SciQ,715,0.7869822485207102,0.9036258939473207,0.7891231241280193,NA
SciQ,716,0.8026038531005417,0.9275655769719412,0.6244169554455841,NA
SciQ,717,0.7626550452564532,0.9149075189468533,0.5598843713461353,NA
SciQ,718,0.721086739780658,0.8554727900954178,0.8798626635512441,NA
SciQ,719,0.7359677825320916,0.8438497171875539,0.5831892582282612,NA
SciQ,720,0.7790047525859658,0.9035286156563656,0.6854982475764289,NA
SciQ,721,0.7314814814814814,0.860160223541847,0.7464366158404167,NA
SciQ,722,0.6964285714285715,0.8464991866543752,1.087805590456243,NA
SciQ,723,0.6006923540036123,0.8080638168777317,0.43141194561262475,NA
SciQ,724,0.7555809575040344,0.8886288815106353,0.8070833941942136,NA
SciQ,725,0.7711056644880175,0.8914011452456697,0.9580865994084748,NA
SciQ,726,0.6762545899632803,0.8520713018072632,1.288690489598888,NA
SciQ,727,0.7531446540880503,0.9121791888700155,1.0764809146752292,NA
SciQ,728,0.7057935595169639,0.8757992709989922,0.7550085800697195,NA
SciQ,729,0.7366666666666666,0.91822028894612,0.6779671315622432,NA
SciQ,730,0.6988311688311688,0.8284987352453062,1.0880498678314063,NA
SciQ,731,0.7266144034015414,0.8727512086414455,0.8710879183399689,NA
SciQ,732,0.7774074074074074,0.9107038029754754,1.0357836922408759,NA
SciQ,733,0.712468549063461,0.8608336483496827,0.5071574085812209,NA
SciQ,734,0.6654846335697399,0.8202831258697566,1.287435348560114,NA
SciQ,735,0.7255032743148193,0.8153227986400431,0.865100934573713,NA
SciQ,736,0.8375978326309452,0.9450072260015786,1.2340768673217284,NA
SciQ,737,0.7052598817304699,0.8813975860714571,0.9054771745196936,NA
SciQ,738,0.7896116780045352,0.9185010783288782,0.7882203071770681,NA
SciQ,739,0.6633870967741935,0.8609909124175826,0.6540953240379317,NA
SciQ,740,0.7333858681376413,0.8467468836184916,0.354968165941798,NA
SciQ,741,0.7446568332329923,0.8937071125810643,0.8784108719796712,NA
SciQ,742,0.7763793541825578,0.8579543556156899,0.9952282585579284,NA
SciQ,743,0.7135757080610022,0.86750110124522,1.0265400777691527,NA
SciQ,744,0.7526132404181185,0.9021579876435276,0.7748983989202802,NA
SciQ,745,0.7193178641319541,0.8644501701654932,0.7533706037406103,NA
SciQ,746,0.7271934197407776,0.8210288045170138,0.7924436744970649,NA
SciQ,747,0.7313341493268055,0.8873256052030307,0.7048492966153657,NA
SciQ,748,0.7249856239217941,0.876787387367603,0.43690207122854985,NA
SciQ,749,0.692531179138322,0.8585678137988445,0.8137666718869038,NA
SciQ,750,0.6979585968947671,0.854500448563824,0.8375485164501904,NA
SciQ,751,0.7847407407407407,0.9019451246781836,0.5248858852640882,NA
SciQ,752,0.6731345315904139,0.8263265123925276,1.7423120823558296,NA
SciQ,753,0.6650131310183834,0.8314168630308486,0.7519568250079619,NA
SciQ,754,0.7643168378462496,0.9026566275159811,0.7889694097304792,NA
SciQ,755,0.6122915545992469,0.814378927622233,0.8652694997332491,NA
SciQ,756,0.8096610761705102,0.9512460731199861,1.0099189144620493,NA
SciQ,757,0.7795003010234799,0.9080085378140584,1.3101921747210228,NA
SciQ,758,0.7218404290982233,0.900784112463477,0.8263725941574123,NA
SciQ,759,0.7452931683700914,0.8701567600153308,0.4437512279763873,NA
SciQ,760,0.7235209923664122,0.8278910138674062,0.6924399895383945,NA
SciQ,761,0.6613083589600224,0.8332865539218713,0.6511080786199563,NA
SciQ,762,0.6996753246753247,0.8242766691158265,0.5594855166116097,NA
SciQ,763,0.7704042715484363,0.8731582637618327,0.8312518480895751,NA
SciQ,764,0.7299107142857144,0.9025874208909244,1.11359328544608,NA
SciQ,765,0.7363056333644569,0.8915463817730438,0.7458428728537,NA
SciQ,766,0.7557799627956417,0.8890325727344728,0.7349804871686263,NA
SciQ,767,0.7521481481481481,0.900300981258165,1.0237764406573315,NA
SciQ,768,0.7719298245614035,0.866991576522458,0.5774910914160151,NA
SciQ,769,0.7670077066170609,0.8620979502818569,0.587379770213161,NA
SciQ,770,0.6094104308390023,0.8102957970272713,0.5882569892006718,NA
SciQ,771,0.6964491086831512,0.8569841053823563,0.7295172992291244,NA
SciQ,772,0.764229302832244,0.8738381370343189,0.7594935314842046,NA
SciQ,773,0.6713643790849674,0.8173287927972215,0.5794754897659503,NA
SciQ,774,0.7350240818783865,0.8824554121071309,0.9903734836995326,NA
SciQ,775,0.8284313725490196,0.9142835204139812,1.1697629878370364,NA
SciQ,776,0.7264739229024942,0.8655775547570823,0.7519478732762929,NA
SciQ,777,0.7446753246753247,0.8594423773213276,0.8947902939468894,NA
SciQ,778,0.7433018124507487,0.8566658895075115,0.8610570503347363,NA
SciQ,779,0.7024101307189543,0.8290357553760557,0.7320418485990382,NA
SciQ,780,0.6461056644880173,0.8274003731957601,1.2662860537614749,NA
SciQ,781,0.7446311858076564,0.8999869287788966,2.5748088951927888,NA
SciQ,782,0.7906746031746031,0.9055573202713351,0.7134099442908782,NA
SciQ,783,0.6977914453452614,0.8466950668675175,0.8702438643262088,NA
SciQ,784,0.730232892466935,0.8895716477086937,0.731609883728266,NA
SciQ,785,0.7453751284686536,0.8458552757658055,0.500578527971348,NA
SciQ,786,0.7727860839562967,0.8988462512184566,0.976817363149435,NA
SciQ,787,0.727260348583878,0.8626888163605393,0.9473808742109513,NA
SciQ,788,0.8193548387096774,0.9343010487301034,1.205505255005693,NA
SciQ,789,0.6481481481481481,0.851603300045599,0.5091640388327355,NA
SciQ,790,0.7969069156696819,0.9183116370528884,0.7180574603323021,NA
SciQ,791,0.7105638264174851,0.8813763162083179,0.8251919834074349,NA
SciQ,792,0.679138321995465,0.8284339737556548,0.6867784458602896,NA
SciQ,793,0.734896551724138,0.877711790193127,0.5217034566875103,NA
SciQ,794,0.7451661220043573,0.8692257123546512,0.6101375178736583,NA
SciQ,795,0.701103448275862,0.8609008794872186,0.6070988593235502,NA
SciQ,796,0.7040816326530612,0.8621470286092984,0.4807356092657347,NA
SciQ,797,0.7191633122484187,0.8761788013641878,0.4915503822239304,NA
SciQ,798,0.7691851851851852,0.9040918780416746,0.7661234735545294,NA
SciQ,799,0.7727203182374542,0.908870131750878,0.6045315526789468,NA
SciQ,800,0.685701438848921,0.8188166475403428,1.2226047556513269,NA
SciQ,801,0.7547429620563034,0.9049044993620712,0.487671266218062,NA
SciQ,802,0.7144953871959743,0.8584343935813961,0.6891977075662167,NA
SciQ,803,0.764758064516129,0.9252752643660471,2.2571115050504473,NA
SciQ,804,0.8164575430405603,0.9336183341780616,0.7942598029829603,NA
SciQ,805,0.6676879084967321,0.8271906726935642,0.7119334310898036,NA
SciQ,806,0.7130142982200175,0.8630019286958496,0.7021967795368408,NA
SciQ,807,0.7431724137931034,0.8731939061509322,0.7011666805870848,NA
SciQ,808,0.7159975101151571,0.8824696120943404,1.551313678470704,NA
SciQ,809,0.7416621839698764,0.875139363884282,0.5518356126599746,NA
SciQ,810,0.761037037037037,0.9038365509792885,0.9888194692114332,NA
SciQ,811,0.7271666180332652,0.8863385582799101,1.198044157979518,NA
SciQ,812,0.7224556489262373,0.8761947548688356,0.4745160059702973,NA
SciQ,813,0.7392367906066538,0.8694891809613968,0.9932133724212444,NA
SciQ,814,0.7161107711138311,0.8865068581145068,0.6817567218240057,NA
SciQ,815,0.7948179271708684,0.9256467846732653,0.9449266736851325,NA
SciQ,816,0.6973039215686274,0.8476205945455757,0.8092089754734917,NA
SciQ,817,0.7786666666666666,0.9092953767647481,0.6527187777671003,NA
SciQ,818,0.6932448205427488,0.8464780104282392,0.8219728490809878,NA
SciQ,819,0.7842969551830312,0.9333482093792078,0.8140789048263629,NA
SciQ,820,0.7655383717537205,0.8722832551579375,0.7306082766575938,NA
SciQ,821,0.7416935483870968,0.901443443572065,1.263093402779322,NA
SciQ,822,0.7584286574352799,0.8847509597400532,0.6373539409231294,NA
SciQ,823,0.782171201814059,0.9072088860644607,0.4869675884443144,NA
SciQ,824,0.681216134858519,0.8690166220767545,0.6639763717295815,NA
SciQ,825,0.7442369419317187,0.8913334355512991,1.0597511541896771,NA
SciQ,826,0.7427754364840458,0.8861938674541374,0.9372008842901944,NA
SciQ,827,0.7799741230592295,0.9011160422655548,0.7669631253812619,NA
SciQ,828,0.7924836601307189,0.9025012711948178,0.7919085911608885,NA
SciQ,829,0.6153103448275862,0.7900192430653706,0.7383779224049571,NA
SciQ,830,0.7670081428946678,0.8530593171098176,1.1168058275628683,NA
SciQ,831,0.7530189764232317,0.8894777850306005,0.6507510740041608,NA
SciQ,832,0.7579059261227743,0.8813851839027339,0.7802037671380708,NA
SciQ,833,0.7270344827586206,0.8775543072172473,0.6343807128083981,NA
SciQ,834,0.7238607771875873,0.861245900936616,1.1271899848680071,NA
SciQ,835,0.7583064516129032,0.9201065453603199,0.5099242367860839,NA
SciQ,836,0.7058967457793003,0.8232670217579066,0.42614900811976,NA
SciQ,837,0.6833985550872967,0.8461869534096512,1.2270021749594018,NA
SciQ,838,0.6617063492063492,0.832673537874082,1.1143359226507321,NA
SciQ,839,0.7179112410310923,0.8670078609207335,1.1871480911292442,NA
SciQ,840,0.6661803326524658,0.8567097072901315,0.5513714155892248,NA
SciQ,841,0.7545899632802937,0.9074826166922616,0.6960135484601387,NA
SciQ,842,0.7319812269527323,0.8957076077535849,0.4614520687273526,NA
SciQ,843,0.7344137931034482,0.8712740287777023,0.6488084999301049,NA
SciQ,844,0.7260308414347972,0.8954374521766229,1.7707537343111488,NA
SciQ,845,0.7091137824993011,0.868862003233331,0.7471392759376853,NA
SciQ,846,0.740221088435374,0.8881564819074377,0.5494630264555778,NA
SciQ,847,0.7197257076159908,0.8672984281041765,0.6383517150018383,NA
SciQ,848,0.7692778457772338,0.9051714320780986,0.5716203844628133,NA
SciQ,849,0.7914074074074074,0.9343590325120213,1.3282447203199352,NA
SciQ,850,0.7264433551198257,0.8770669740768468,0.5036681632393069,NA
SciQ,851,0.7649006622516556,0.9039900151979615,0.9239442338995278,NA
SciQ,852,0.7681138585393906,0.9118044355996355,0.4999729505455874,NA
SciQ,853,0.753655172413793,0.870349951078786,0.9607318127407869,NA
SciQ,854,0.8544450154162385,0.926681906314022,0.014368724754531334,NA
SciQ,855,0.7806929269695227,0.9064976484695216,1.0242091477659006,NA
SciQ,856,0.7867407407407406,0.9122195218684117,1.3426009794994718,NA
SciQ,857,0.6936663554310615,0.8791659255493851,1.0076155730787655,NA
SciQ,858,0.74390589569161,0.8759546174402051,1.248257801041317,NA
SciQ,859,0.7132519506670023,0.8250262698049794,0.8866556239831451,NA
SciQ,860,0.7197037037037036,0.8746942772030585,0.701395056529314,NA
SciQ,861,0.6867247737177339,0.878720321335347,0.8295874295476042,NA
SciQ,862,0.8009940087145969,0.8949400542735547,0.4653471599578495,NA
SciQ,863,0.7494247205785668,0.909222124106846,0.7694558822242964,NA
SciQ,864,0.7119319691735319,0.849866724097035,0.8018847565159528,NA
SciQ,865,0.7350053792361485,0.8543588625460383,0.7345973416883016,NA
SciQ,866,0.701758481170246,0.8864827127711232,0.47911031224361694,NA
SciQ,867,0.7202797202797203,0.8567182879704266,1.3779783283472289,NA
SciQ,868,0.6757142857142857,0.8788145126717319,1.0692844802887687,NA
SciQ,869,0.7085546547386078,0.8737991748287259,0.8013715061502193,NA
SciQ,870,0.6699971247843588,0.8361937062914078,0.7531745453581455,NA
SciQ,871,0.6900350160490224,0.8537730693494833,0.8426671684010844,NA
SciQ,872,0.7853333333333332,0.910626691601717,1.1835279725829382,NA
SciQ,873,0.7541053711939787,0.9128307433910177,0.8858197212037069,NA
SciQ,874,0.7520595269731598,0.8715537854340337,1.1377777300305774,NA
SciQ,875,0.7588739290085679,0.9121953063044503,0.28569034038094687,NA
SciQ,876,0.777537042214146,0.8832554682201199,0.43514181538700314,NA
SciQ,877,0.7735265583313121,0.8707713560674073,0.41369907682290646,NA
SciQ,878,0.7632259919493962,0.8899082605129109,1.0431384653945537,NA
SciQ,879,0.678074074074074,0.8683584848359824,0.6716809541910637,NA
SciQ,880,0.714838050773271,0.879543692421785,0.3853715927107809,NA
SciQ,881,0.7661219725707616,0.8889790789414564,1.010151905783242,NA
SciQ,882,0.6725396425874653,0.8006839573670076,0.9377645669730886,NA
SciQ,883,0.737741935483871,0.9156495941265925,1.342851670898493,NA
SciQ,884,0.7031724137931035,0.8517002788527122,0.7952385650116145,NA
SciQ,885,0.6401273885350319,0.8617929712292308,0.8524229740753412,NA
SciQ,886,0.7372611464968154,0.8848397529413523,0.7091458747035223,NA
SciQ,887,0.7784002489884843,0.900581101914484,0.7809162105612708,NA
SciQ,888,0.7624015173621242,0.8791168956812528,0.954101905690256,NA
SciQ,889,0.7347460723419802,0.9108839913989603,1.0952894507200013,NA
SciQ,890,0.7310483870967741,0.8980253599215665,0.7764602679904695,NA
SciQ,891,0.8062445287423403,0.9323152310654701,0.6935122170347412,NA
SciQ,892,0.6857284580498865,0.8626205387939664,0.679328596135505,NA
SciQ,893,0.7559452137266707,0.891168643567482,1.0858223017878805,NA
SciQ,894,0.7127922077922078,0.8213004901567666,0.6423879667015981,NA
SciQ,895,0.6686623332192951,0.8855335433592886,1.1521116468899495,NA
SciQ,896,0.6811290322580645,0.8779103850008292,1.0222978357828219,NA
SciQ,897,0.7495293168370092,0.8715504144872611,0.759175676276755,NA
SciQ,898,0.7954814814814816,0.9081204793184189,0.47793435713855376,NA
SciQ,899,0.7122118470965859,0.869333683727473,0.9381861237288831,NA
SciQ,900,0.7979670475684294,0.8855879921482398,1.2786472894627796,NA
SciQ,901,0.7361529199277543,0.8718855583826265,0.6115698997429304,NA
SciQ,902,0.6920644048303624,0.8416895037131497,0.47032307845952265,NA
SciQ,903,0.7641354372123603,0.9105029947014671,1.0735748613315508,NA
SciQ,904,0.7399794450154161,0.8518448930936255,0.5885662551580484,NA
SciQ,905,0.7599310344827587,0.864161557005064,1.1042195725319421,NA
SciQ,906,0.7042444310656232,0.8667286021656269,0.6042393500131981,NA
SciQ,907,0.7599778270509978,0.9087132774390475,0.6946536055350735,NA
SciQ,908,0.7678727750218851,0.8903893468312105,0.3082972694741932,NA
SciQ,909,0.703202891326022,0.8231794190143134,0.6112681491002337,NA
SciQ,910,0.8127042483660131,0.913743454678591,1.027615873179931,NA
SciQ,911,0.7656699252443933,0.8833455955388274,0.859414628121546,NA
SciQ,912,0.764516129032258,0.9070753820613647,0.7466973998599241,NA
SciQ,913,0.766141370869033,0.9060133434534274,1.0284197708639604,NA
SciQ,914,0.7473075704783022,0.8939562248615933,1.0389671871227422,NA
SciQ,915,0.7366206896551725,0.8506534396825778,1.0757977229608624,NA
SciQ,916,0.7743410435718129,0.8943626334195307,1.0644814509943394,NA
SciQ,917,0.7760736196319019,0.9366432691768437,1.0294486324381065,NA
SciQ,918,0.7568888888888888,0.8999322947164365,0.5533576008376392,NA
SciQ,919,0.8105844155844155,0.9041220311204401,1.0860163451854756,NA
SciQ,920,0.8181353953895536,0.9286172054479543,0.8715932753471592,NA
SciQ,921,0.7166666666666668,0.8726174927136138,1.085082190364833,NA
SciQ,922,0.7538010769718088,0.905555525207949,0.657477808114325,NA
SciQ,923,0.8635555555555555,0.9479038587379619,0.6255855814438218,NA
SciQ,924,0.737859140605136,0.8508667830214147,0.8554148526706377,NA
SciQ,925,0.7190320572673514,0.8826247343267911,0.8435082262578874,NA
SciQ,926,0.8277648088707324,0.9312935156442067,0.7895962208165588,NA
SciQ,927,0.7166489503056072,0.8491289864466506,0.3348760646152265,NA
SciQ,928,0.7699310344827586,0.8972422075730946,0.5503391907833454,NA
SciQ,929,0.678838412880966,0.8497642100921431,0.7945677678307108,NA
SciQ,930,0.6825584449697926,0.8217013555768381,0.8879654833778131,NA
SciQ,931,0.8210326259106746,0.9409574485964303,0.5952111590279211,NA
SciQ,932,0.8059807256235828,0.9149351518021405,0.41866422353736293,NA
SciQ,933,0.7907791070907499,0.9152063882450746,1.02741455931572,NA
SciQ,934,0.7129741119807345,0.8782588839930603,0.6251569926839543,NA
SciQ,935,0.733111111111111,0.8933145308847065,0.9233535564199421,NA
SciQ,936,0.6538961038961038,0.7819215120597718,0.8787834608652213,NA
SciQ,937,0.762,0.8992631147003785,0.7231771539645826,NA
SciQ,938,0.7687407407407407,0.8875765833543215,1.1361924448573089,NA
SciQ,939,0.7293798916315473,0.8784290207000864,0.819910663628199,NA
SciQ,940,0.6767542633491753,0.8233521545342124,0.6542543774597769,NA
SciQ,941,0.7850367197062423,0.9176327776669835,0.7085648807385816,NA
SciQ,942,0.656113834422658,0.8129554844822271,1.227278088283915,NA
SciQ,943,0.7337962962962964,0.8651362444237989,0.5250059916352346,NA
SciQ,944,0.7120315581854043,0.8905963694253443,0.8781967548671494,NA
SciQ,945,0.7617931034482758,0.8837293844206983,0.8526817310563652,NA
SciQ,946,0.6716648735879506,0.8240673489079581,0.5178139141389472,NA
SciQ,947,0.7029256146903206,0.8863919553405862,0.9429367056383711,NA
SciQ,948,0.7293798916315472,0.878427779098176,0.47248281308965523,NA
SciQ,949,0.6839999999999999,0.8693064212256593,1.2776583286925143,NA
SciQ,950,0.765,0.9111595536861984,0.7600286745752012,NA
SciQ,951,0.6311655096821337,0.8810087728228512,1.0583021608618781,NA
SciQ,952,0.7314788929270338,0.870500772326156,1.0431993323383149,NA
SciQ,953,0.7408148148148149,0.8831409744245985,1.1783829426070795,NA
SciQ,954,0.6625806451612902,0.8637368552792036,0.7915937107677957,NA
SciQ,955,0.6872865773574993,0.829613387839151,1.1166239454685956,NA
SciQ,956,0.7551111111111111,0.8980725021056964,0.5042375000178065,NA
SciQ,957,0.7563778899813979,0.8710148556363969,1.291470314328725,NA
SciQ,958,0.7368275862068965,0.8624630096416235,0.5396801066407647,NA
SciQ,959,0.8221677559912854,0.9175805683710031,0.5594969639479737,NA
SciQ,960,0.678641975308642,0.7930882647872547,1.3638235517974235,NA
SciQ,961,0.6525000000000001,0.8423009976854982,0.805286639323635,NA
SciQ,962,0.6922964692150569,0.8474063759960401,0.6470488525409541,NA
SciQ,963,0.6815856777493606,0.8883172287912573,0.8166259015574224,NA
SciQ,964,0.7594591317002183,0.8455991567469123,0.7140104989299191,NA
SciQ,965,0.7567857142857144,0.9261232637010206,0.9511138804085378,NA
SciQ,966,0.7535635096610707,0.9101686694905209,0.8891169905508159,NA
SciQ,967,0.6910746538229982,0.8550445229882551,0.817301201747379,NA
SciQ,968,0.6909677419354838,0.881249268054013,0.6566667019034341,NA
SciQ,969,0.7089833243679398,0.8558003235209648,0.9784842330232566,NA
SciQ,970,0.7457037037037038,0.8711480662366552,0.6358886995846615,NA
SciQ,971,0.80099212138897,0.9135289162191694,0.6990226942048043,NA
SciQ,972,0.745994221171526,0.860061305564872,0.3079828573611359,NA
SciQ,973,0.8160377358490566,0.942722818240433,1.0399106182830808,NA
SciQ,974,0.6628148148148147,0.8534647645379573,0.8354957265568714,NA
SciQ,975,0.7416258169934641,0.8660695854720365,0.971352817415874,NA
SciQ,976,0.671794134560092,0.8688045579181489,1.2154699323483793,NA
SciQ,977,0.7722871757398612,0.932702896595145,0.6237179746458442,NA
SciQ,978,0.7238355376653249,0.879595394350298,1.0008768459712367,NA
SciQ,979,0.7939614201845122,0.9136001019024197,1.0029363022680011,NA
SciQ,980,0.7097635392829901,0.8275919668917834,0.7026627555263879,NA
SciQ,981,0.7950649350649351,0.9053724083117769,0.6601758244888366,NA
SciQ,982,0.8030477285796436,0.9069884190506812,1.0036757568709131,NA
SciQ,983,0.735048185941043,0.8696176444713246,0.6470046192326748,NA
SciQ,984,0.7203835040714474,0.8597956827601827,0.6656671630906881,NA
SciQ,985,0.8221604938271605,0.8874545786341024,0.6760185260168652,NA
SciQ,986,0.7463768115942029,0.8544506562699858,0.584578519021518,NA
SciQ,987,0.6379259259259258,0.832664117639526,1.1998434819470192,NA
SciQ,988,0.7983891266045808,0.8920572657432934,0.6567204737842263,NA
SciQ,989,0.6826999734254584,0.8234919089282398,0.6505223448287956,NA
SciQ,990,0.8117024587612823,0.9215774537308095,0.5508275953314774,NA
SciQ,991,0.7595818815331011,0.9085534261353695,0.8833714793473965,NA
SciQ,992,0.7173327664399093,0.8630967537871206,1.004609937230366,NA
SciQ,993,0.7988834422657952,0.9121651415252148,0.4193117727658726,NA
SciQ,994,0.7362281757977123,0.8811722619140447,0.8104901458008507,NA
SciQ,995,0.7232273125182376,0.8839703903989746,0.9857226379669449,NA
SciQ,996,0.7218878682293316,0.88493568959891,0.9785242278029852,NA
SciQ,997,0.7268756423432683,0.8567892299265306,0.6108574341503321,NA
SciQ,998,0.7603756238508012,0.8809308317343136,0.8179444133069127,NA
SciQ,999,0.775,0.9196007875119562,0.7584741817148616,NA
SciQ,1000,0.728074074074074,0.88027056595,0.667298980681468,NA
SciQ,1001,0.7907464355605256,0.9155517165483373,1.1313198865911078,NA
SciQ,1002,0.6946308724832215,0.8460784290894647,0.875251805606255,NA
SciQ,1003,0.7609029913335198,0.8871304272413435,0.7320192073372714,NA
SciQ,1004,0.742922077922078,0.8647233466004579,0.44071664943460626,NA
SciQ,1005,0.7738518518518519,0.9037511793932873,0.5801488209411778,NA
SciQ,1006,0.8153392754456585,0.926866472272987,0.48947991335936497,NA
SciQ,1007,0.7477717078780909,0.8970014296019497,1.6407679714656793,NA
SciQ,1008,0.7289626682986536,0.8870469766041882,0.7144247283285184,NA
SciQ,1009,0.7053523399677246,0.8464093219434677,0.9651520468183343,NA
SciQ,1010,0.7323448275862069,0.8782193603201691,0.786047617448971,NA
SciQ,1011,0.6671538665958012,0.8287376012523124,0.7269306231795283,NA
SciQ,1012,0.6917074663402693,0.8576841399158031,1.365754734140065,NA
SciQ,1013,0.7592168827866769,0.846016177082556,0.9345713577076654,NA
SciQ,1014,0.6740740740740742,0.8505808464879385,0.996797049449388,NA
SciQ,1015,0.7381091333527866,0.8972446696337907,1.1556645065179032,NA
SciQ,1016,0.7947407407407407,0.9157148843169486,0.754771621124382,NA
SciQ,1017,0.7403667286739304,0.8612243567258155,0.9499428893471183,NA
SciQ,1018,0.7471762542684529,0.8574048480048496,0.5618759447290094,NA
SciQ,1019,0.7389304197814835,0.8726298372428407,0.7882548621328698,NA
SciQ,1020,0.7790227201991908,0.9124122714126885,0.8052077675468712,NA
SciQ,1021,0.7787114845938375,0.9242668795494484,0.7049851725114242,NA
SciQ,1022,0.657073695535234,0.8154333530872081,0.8574938301413891,NA
SciQ,1023,0.7290828062104658,0.8739428311566381,0.5531971505211176,NA
SciQ,1024,0.7050747556066707,0.8550749730572917,1.2830759473908444,NA
SciQ,1025,0.6828965517241379,0.8508840801847488,1.0376994853805566,NA
SciQ,1026,0.7345185185185186,0.8769805962579564,0.5442457392479021,NA
SciQ,1027,0.7348148148148149,0.8701612450499189,1.0824708535914767,NA
SciQ,1028,0.6901079661511527,0.8544386536652856,0.35076500024490465,NA
SciQ,1029,0.7433064516129032,0.9052248344490019,0.6871675096315849,NA
SciQ,1030,0.7707734330074756,0.8926077046349404,0.6675232540331539,NA
SciQ,1031,0.7316375677302829,0.8886864302783003,1.0766981048457056,NA
SciQ,1032,0.7502689618074234,0.8627382363344936,1.0668695496434155,NA
SciQ,1033,0.6935020126509488,0.8458097920258977,0.8606823014373671,NA
SciQ,1034,0.8069010796615115,0.9134783891371143,0.8199685976950143,NA
SciQ,1035,0.763154398086633,0.8974727039264396,0.3953903473979628,NA
SciQ,1036,0.784176684372379,0.9060257354282107,1.1277887044230854,NA
SciQ,1037,0.7587868480725624,0.8913249345532441,0.5615341045988428,NA
SciQ,1038,0.7282936640965473,0.9089396464087925,0.8786588150335909,NA
SciQ,1039,0.6880067095331284,0.8426606307779007,0.6677819443707701,NA
SciQ,1040,0.8398796325625595,0.9298514249876589,1.5207709679820525,NA
SciQ,1041,0.7513004895960833,0.9057945665198227,0.7626454002482707,NA
SciQ,1042,0.8264646464646465,0.9581572101146588,0.5673395252528125,NA
SciQ,1043,0.6753571428571428,0.891614744181551,0.6194483479342989,NA
SciQ,1044,0.698605520414031,0.8611574365641445,2.021182700103915,NA
SciQ,1045,0.739516129032258,0.8900978298645122,0.7574494178121821,NA
SciQ,1046,0.7731454859114433,0.9033156655967062,0.7249213346705801,NA
SciQ,1047,0.7171724540414357,0.8722942740797057,0.746559168067809,NA
SciQ,1048,0.8293705097502566,0.9456028135097316,1.1627624441168412,NA
SciQ,1049,0.6533101045296167,0.8493982645653776,0.7632521577934451,NA
SciQ,1050,0.6577931034482758,0.8347881897504865,0.745573825634951,NA
SciQ,1051,0.741902538663554,0.8582864502744756,0.7676535144609253,NA
SciQ,1052,0.8101171023965141,0.9143383021297995,0.6429252085974032,NA
SciQ,1053,0.8199502023031435,0.9411485403137265,0.5378277842964148,NA
SciQ,1054,0.6711472110408282,0.836056719773704,0.6584773075589833,NA
SciQ,1055,0.7175324675324676,0.8743638384035636,0.7047610111375484,NA
SciQ,1056,0.7183477804045181,0.8444971003758592,0.7226912901947149,NA
SciQ,1057,0.7292250233426705,0.905643103412108,1.1663067633511282,NA
SciQ,1058,0.7081577363034316,0.8655853378978143,0.9161076917556011,NA
SciQ,1059,0.6677922077922078,0.815384130168627,0.723869620219173,NA
SciQ,1060,0.7530573025856044,0.9185726736974781,0.5533344143098969,NA
SciQ,1061,0.7573333333333333,0.8916804839416077,0.6504132591621106,NA
SciQ,1062,0.6824074074074074,0.7954420457518361,0.647082270613231,NA
SciQ,1063,0.7876422526991539,0.9195958913446726,0.9704185301372029,NA
SciQ,1064,0.6487018095987411,0.8991155940096529,0.9729284507169329,NA
SciQ,1065,0.820853259501636,0.8922077609959201,1.0020629899810947,NA
SciQ,1066,0.6846607245543416,0.8546433692630339,0.5383955714779466,NA
SciQ,1067,0.7497373259784608,0.8672303791251882,0.7293470416867116,NA
SciQ,1068,0.7743919485602461,0.9074341451972945,1.0819965175592823,NA
SciQ,1069,0.7154384077461,0.8672267730423402,1.0306069043603383,NA
SciQ,1070,0.6708148148148148,0.8564115378046812,1.047141169144392,NA
SciQ,1071,0.757936507936508,0.8884105044136115,1.3626724043972152,NA
SciQ,1072,0.8166759854626783,0.9241944405795999,1.2829330680478164,NA
SciQ,1073,0.7491374353076481,0.8833098540531332,0.5690787655899678,NA
SciQ,1074,0.7389655172413793,0.8604871151816935,0.592973056169324,NA
SciQ,1075,0.7255555555555556,0.8927941697852092,0.5447402826127788,NA
SciQ,1076,0.7668009061162849,0.886637496351473,0.506657156175302,NA
SciQ,1077,0.7025282409897794,0.8442570101844197,0.7523281788758538,NA
SciQ,1078,0.6945967741935485,0.8718334631211885,0.35821686562362864,NA
SciQ,1079,0.7371794871794872,0.89645401292196,0.8736759381548247,NA
SciQ,1080,0.690171720862258,0.8997381687911463,0.6979895367628772,NA
SciQ,1081,0.6503470953598831,0.8886183746405993,1.463622862330218,NA
SciQ,1082,0.7066834972096732,0.8495425409635449,0.8069945558155623,NA
SciQ,1083,0.8294828641370868,0.9372553982474905,0.5488417130776135,NA
SciQ,1084,0.7465707369553523,0.87030529601789,0.507138178096274,NA
SciQ,1085,0.7650935374149659,0.8909262934654816,0.6373432836380107,NA
SciQ,1086,0.6711111111111111,0.832646154785961,0.743920800357304,NA
SciQ,1087,0.7297297297297297,0.902524956801356,1.9147259685019293,NA
SciQ,1088,0.7661219725707616,0.8910415190094207,0.8458421400744779,NA
SciQ,1089,0.7991191583068266,0.89088657888773,0.43367960595731087,NA
SciQ,1090,0.6846519429689685,0.8587161900721074,0.540062192898272,NA
SciQ,1091,0.7504449529621154,0.8423968395326923,0.6284974106112973,NA
SciQ,1092,0.7351207590569293,0.8842253724277431,0.8747889037236868,NA
SciQ,1093,0.7098387096774194,0.8685136080625944,0.8129079805011147,NA
SciQ,1094,0.7463882322038351,0.863726535921306,0.8069024195303143,NA
SciQ,1095,0.803358843537415,0.9155878827839163,0.7832622412908701,NA
SciQ,1096,0.6992413793103448,0.8428949988328301,0.6499215426956199,NA
SciQ,1097,0.8351009237085186,0.9401336094103165,0.9917369302583052,NA
SciQ,1098,0.7495915032679737,0.8737232228224552,0.8802226745226105,NA
SciQ,1099,0.7296377183967112,0.8416019541400921,0.726787562361138,NA
SciQ,1100,0.7779398891158447,0.912185103921058,0.9472919431609628,NA
SciQ,1101,0.7226946585171405,0.8441045642759848,0.9404387701189569,NA
SciQ,1102,0.6906206896551723,0.8443096276654896,0.8909628838197873,NA
SciQ,1103,0.7374196253844003,0.8821726180413448,0.6371536148802106,NA
SciQ,1104,0.7694035947712419,0.8797919849932992,0.6927444150486525,NA
SciQ,1105,0.8017429193899782,0.9330996020455482,0.828045256286677,NA
SciQ,1106,0.7100806451612903,0.8850631671375808,0.7047442104859003,NA
SciQ,1107,0.6941202217683105,0.8631126679363559,0.6804124126937984,NA
SciQ,1108,0.7178649237472767,0.8660144219137472,0.48667473643739767,NA
SciQ,1109,0.7674593618302228,0.9212325375546466,1.5035815672099453,NA
SciQ,1110,0.724789283564118,0.8897915378258588,0.8625853178855246,NA
SciQ,1111,0.7721481481481483,0.889460755538597,0.39543207611540565,NA
SciQ,1112,0.7666043703277745,0.8914356238562219,0.9107705359182309,NA
SciQ,1113,0.7296442011631885,0.9051835643058541,0.9254929412929711,NA
SciQ,1114,0.7290061121445655,0.8519944838547928,0.4017623726616384,NA
SciQ,1115,0.7009459131700218,0.819296313321683,0.6455361124405118,NA
SciQ,1116,0.8133064516129033,0.9360741372077849,0.5634307341959932,NA
SciQ,1117,0.7763801035077631,0.8924949970691314,0.7336817543469859,NA
SciQ,1118,0.7495809587663426,0.9183357417982623,1.1929343524002407,NA
SciQ,1119,0.7071774193548386,0.8987259803355417,0.49643714795198235,NA
SciQ,1120,0.7185587515299878,0.8760809928298716,0.8601745316282019,NA
SciQ,1121,0.7047123623011016,0.8683868465883318,0.9134845491553307,NA
SciQ,1122,0.8059369438087974,0.882705465681336,0.43845503347908393,NA
SciQ,1123,0.6297441058079356,0.8170640086460544,1.1893695775315665,NA
SciQ,1124,0.6990740740740742,0.8443040870039582,0.7982534971666639,NA
SciQ,1125,0.6953976034858387,0.8341890241655064,1.440723709942327,NA
SciQ,1126,0.7598986379474184,0.911325884350049,0.536005643562111,NA
SciQ,1127,0.7324611845888442,0.8877127216424902,1.0735990716916821,NA
SciQ,1128,0.7305583250249252,0.8407934389322164,0.6695544704026266,NA
SciQ,1129,0.745725806451613,0.8889889152481528,0.4981285177069499,NA
SciQ,1130,0.6336256469235192,0.8243821570918616,1.592761692853612,NA
SciQ,1131,0.6972049689440993,0.9059444614828275,0.6659996654601403,NA
SciQ,1132,0.7045185185185185,0.8741410089301274,0.8572851731038614,NA
SciQ,1133,0.769912641315519,0.8729116422282605,1.1876651457264027,NA
SciQ,1134,0.7101143889223358,0.8647893474626965,0.5906343715827892,NA
SciQ,1135,0.7577723535457348,0.8654452282282936,0.4944441088411741,NA
SciQ,1136,0.7835529854760624,0.899754188863906,0.8529336580315847,NA
SciQ,1137,0.7556901079661511,0.9002278842365269,0.6285399037710584,NA
SciQ,1138,0.661797595750629,0.8199781324110459,1.0631255972172111,NA
SciQ,1139,0.724888888888889,0.8859804613880512,0.23019963126843881,NA
SciQ,1140,0.7468888888888888,0.8991635196981228,0.6358953016843308,NA
SciQ,1141,0.7863727790814616,0.9369332669000217,1.0250361182267256,NA
SciQ,1142,0.7008045591686222,0.8737548042873854,0.5946281181978,NA
SciQ,1143,0.6952662721893491,0.886347904050972,0.4822601589671972,NA
SciQ,1144,0.7538126361655774,0.8953804674026802,0.7299280102745812,NA
SciQ,1145,0.6722363002850809,0.8692791405334712,0.6924518698026576,NA
SciQ,1146,0.6481307154384077,0.8181781052920499,0.7919790106091819,NA
SciQ,1147,0.8290370370370369,0.9473606414189195,0.8151320075683716,NA
SciQ,1148,0.7254849853840022,0.865222653887054,0.6620132311042889,NA
SciQ,1149,0.8081854043392506,0.9342136009044869,0.9148892775648553,NA
SciQ,1150,0.7120161290322581,0.9026835370391424,0.8879495527151973,NA
SciQ,1151,0.7211040828062105,0.8627172527236928,0.6535031263085787,NA
SciQ,1152,0.7349488260084286,0.8887140800664851,1.6120632944399416,NA
SciQ,1153,0.7521666200726865,0.884218735232015,0.39563612456065606,NA
SciQ,1154,0.7413616147793364,0.9224152735363716,0.7299440345459378,NA
SciQ,1155,0.7934368191721132,0.9122966872344066,0.6161081710394523,NA
SciQ,1156,0.7241027137437992,0.8742743344270663,0.8656985246923816,NA
SciQ,1157,0.715452847805789,0.8873924232693209,0.6963981003511667,NA
SciQ,1158,0.754548853439681,0.8327788496332342,1.1089536438892262,NA
SciQ,1159,0.7856763220834441,0.892698451686852,0.8857964051722254,NA
SciQ,1160,0.7448462613556952,0.9082813460354484,0.843154443304163,NA
SciQ,1161,0.7526132404181185,0.90734771467552,0.6274894367421069,NA
SciQ,1162,0.740344827586207,0.8679071709459026,0.8288017474465929,NA
SciQ,1163,0.6940605899548233,0.8409716906294573,0.7907820763253067,NA
SciQ,1164,0.812823461759632,0.9203742322755715,1.1793396055966237,NA
SciQ,1165,0.6868925663251905,0.8251182857367528,0.7277361882626301,NA
SciQ,1166,0.7457856712823601,0.8894128528498763,0.6253240341603195,NA
SciQ,1167,0.6597633136094674,0.8761691968086717,0.6613364938425288,NA
SciQ,1168,0.7122077922077922,0.8256750202609386,0.5315057487831364,NA
SciQ,1169,0.7962903225806451,0.9392529935304496,1.0774141195256046,NA
SciQ,1170,0.7347407407407408,0.883181935287731,0.8707847404756951,NA
SciQ,1171,0.7250816993464053,0.8644423026979141,0.5960676469500087,NA
SciQ,1172,0.7228292121909143,0.8748574360622549,0.6975053071448434,NA
SciQ,1173,0.753122508636726,0.8716242431296399,0.6095716090471213,NA
SciQ,1174,0.7405575539568345,0.848042589430032,1.0657494915518733,NA
SciQ,1175,0.8063035495716033,0.9314550104987894,0.9503020756609836,NA
SciQ,1176,0.6691565515094928,0.8656262900879292,0.8824298955270374,NA
SciQ,1177,0.6692759295499021,0.8435538700023466,0.8037153483790961,NA
SciQ,1178,0.6866409654710023,0.8847754485229251,0.827059629853369,NA
SciQ,1179,0.6907645170703239,0.8602340943025709,0.7457566155525613,NA
SciQ,1180,0.726438188494492,0.8953335275391768,0.5600519692033605,NA
SciQ,1181,0.7524803284296955,0.9101648692760604,0.7318104017501778,NA
SciQ,1182,0.6745253657018364,0.8659970620283632,0.5322395416280088,NA
SciQ,1183,0.7115997874036674,0.8311952606114956,0.6674357946375331,NA
SciQ,1184,0.7264137931034483,0.8717538203979203,0.6888702399957487,NA
SciQ,1185,0.6243799241318938,0.8200585221734337,0.4163541403896589,NA
SciQ,1186,0.7653061224489796,0.8875303734223113,0.2425033044689631,NA
SciQ,1187,0.768961038961039,0.8999941830050593,1.0149429439191937,NA
SciQ,1188,0.7805691721132897,0.8935632902418443,0.6590077931708448,NA
SciQ,1189,0.763582571274879,0.8902616356926151,0.6492863514560588,NA
SciQ,1190,0.8212722497811497,0.9184032606181144,1.0637220329422392,NA
SciQ,1191,0.5860969387755103,0.7865584362544238,1.126409884710346,NA
SciQ,1192,0.7157864021009629,0.8757153770097841,0.9845057285006411,NA
SciQ,1193,0.7196296296296296,0.8840611617794715,0.9284784218166753,NA
SciQ,1194,0.7937091503267975,0.9041003774921118,0.5337818326075728,NA
SciQ,1195,0.7356723511322336,0.8745142909588234,0.6197398720808559,NA
SciQ,1196,0.772642390289449,0.9166486317829706,0.7697801422941482,NA
SciQ,1197,0.7397211040828062,0.871036084697949,0.6950554392311072,NA
SciQ,1198,0.6702544031311154,0.8215244695709059,0.6637909293881996,NA
SciQ,1199,0.7477016023115314,0.8669096908185593,0.6264171802871876,NA
SciQ,1200,0.8015555555555556,0.9082192239585715,0.7494937616383386,NA
SciQ,1201,0.6928146258503401,0.8555556562595754,0.7192040241562473,NA
SciQ,1202,0.7187012987012987,0.8527467512234307,0.871830866510276,NA
SciQ,1203,0.7205104263927793,0.8649098758258099,0.8040655071290475,NA
SciQ,1204,0.7075862068965517,0.8560679326533869,0.9950242057658255,NA
SciQ,1205,0.794837412001341,0.9306375182840081,0.9999180172149484,NA
SciQ,1206,0.7256346658885323,0.8743359887417655,0.4223530830288861,NA
SciQ,1207,0.7318216855087359,0.8586353679338584,0.8363099797161122,NA
SciQ,1208,0.7224827586206897,0.8744975942046818,0.8106783405674555,NA
SciQ,1209,0.8609364081062194,0.967413956862017,0.6254895578082087,NA
SciQ,1210,0.7767395054629097,0.9184952905453563,0.7278968977298425,NA
SciQ,1211,0.6469807100922561,0.8189866971917569,0.8487816130281841,NA
SciQ,1212,0.7584286574352799,0.9144939543471705,0.8061720283033713,NA
SciQ,1213,0.6670394185071288,0.8461173486467515,0.6200091596808278,NA
SciQ,1214,0.7607792207792208,0.8787377431442074,0.6045183608916255,NA
SciQ,1215,0.7226896551724138,0.8663375099430651,0.46561988755013195,NA
SciQ,1216,0.6781718789727943,0.7905296980376444,0.6064888040271444,NA
SciQ,1217,0.7678518518518518,0.896643718733981,0.5607875606151019,NA
SciQ,1218,0.6845043572984751,0.8568559403373641,0.402175571834206,NA
SciQ,1219,0.7131724137931034,0.839637314887592,0.34881287551597046,NA
SciQ,1220,0.7548159861989648,0.8922881890417164,0.954883460102755,NA
SciQ,1221,0.6814814814814815,0.8602444780125179,1.0469364336481795,NA
SciQ,1222,0.7822661749916192,0.9152692509406901,0.6206782865401933,NA
SciQ,1223,0.6779511704002014,0.8152147935292502,0.5891808010649755,NA
SciQ,1224,0.6477495107632094,0.8328270709434705,0.52249079540852,NA
SciQ,1225,0.7108928571428572,0.8967472504856406,0.7923347024395659,NA
SciQ,1226,0.6969173531756577,0.8417856095596967,1.2699711330369774,NA
SciQ,1227,0.66651104886399,0.8591147078861707,1.6613314283347445,NA
SciQ,1228,0.6723691776883267,0.8352533654852483,0.7945704116954448,NA
SciQ,1229,0.7322038350407145,0.8690439138242642,0.5564217353850786,NA
SciQ,1230,0.7514814814814815,0.8961528058370555,0.6723353378254785,NA
SciQ,1231,0.7768113858539392,0.9123980521575853,0.5746378923774343,NA
SciQ,1232,0.7785483870967742,0.9168697279739809,0.6946089785083805,NA
SciQ,1233,0.7038520213577422,0.8338184586342616,1.075467398020573,NA
SciQ,1234,0.6129655172413793,0.8086721383783023,1.260960142636077,NA
SciQ,1235,0.6461807423345886,0.7951430889138841,0.7747026866679787,NA
SciQ,1236,0.674447556800498,0.8788580337543288,1.205225710895815,NA
SciQ,1237,0.7350332594235034,0.8861646634955781,0.8090817842937063,NA
SciQ,1238,0.7596483037659509,0.9112549073859386,0.35760287184520795,NA
SciQ,1239,0.7319480519480519,0.8349425213479682,0.38602254290310684,NA
SciQ,1240,0.8444269741439552,0.9584441409725614,0.8467545232564512,NA
SciQ,1241,0.7947845804988662,0.9122244913489694,1.523195955804855,NA
SciQ,1242,0.7611724137931034,0.9002732499057609,0.5952004782479267,NA
SciQ,1243,0.713199879590608,0.8787383646282994,1.4035960677421582,NA
SciQ,1244,0.7415899942495687,0.8766070242464908,0.5395675052495879,NA
SciQ,1245,0.6873614190687362,0.875155337563798,0.8288439867806133,NA
SciQ,1246,0.7391845627139745,0.9044494032839487,0.8323562088116055,NA
SciQ,1247,0.6459694989106753,0.8306585541938193,0.7652540365804028,NA
SciQ,1248,0.6976971703792896,0.8774226279903867,0.7149106901176647,NA
SciQ,1249,0.7342545841084241,0.867961040392285,1.178869079408592,NA
SciQ,1250,0.7146753246753246,0.8573490788536442,0.4149430327559891,NA
SciQ,1251,0.6739968110550093,0.8327922629077747,1.159029171336354,NA
SciQ,1252,0.6717379750199308,0.8275620179012343,0.9455048171194476,NA
SciQ,1253,0.7025925925925927,0.8687034555975088,1.346876628978874,NA
SciQ,1254,0.7437270501835984,0.8960626988266196,0.8715250440956853,NA
SciQ,1255,0.7994931897370922,0.9356521722710416,0.6649832659410105,NA
SciQ,1256,0.687823461759632,0.8490542657290109,0.7496359641553751,NA
SciQ,1257,0.7621774193548387,0.902126214767874,1.1897629864657537,NA
SciQ,1258,0.7618783655369021,0.92092468843087,0.6029921982726326,NA
SciQ,1259,0.7160724554341575,0.8751341453766602,0.807001114109557,NA
SciQ,1260,0.641552128729467,0.8701674170573972,0.35423325500162073,NA
SciQ,1261,0.7313247738546834,0.8665627488530394,0.7716866061267592,NA
SciQ,1262,0.7318754925137905,0.8495878601487256,0.5790494271285062,NA
SciQ,1263,0.6757369614512472,0.841365836453058,0.6092331280665263,NA
SciQ,1264,0.7310981867943893,0.9067330799330332,0.6155416014666905,NA
SciQ,1265,0.6982570806100219,0.8370169630839103,0.7311628219531434,NA
SciQ,1266,0.6074421723097553,0.8357669670380994,1.0389978804135593,NA
SciQ,1267,0.7718606180144643,0.9121542471346115,0.821729652017983,NA
SciQ,1268,0.7952750544662308,0.8979597917610858,0.5265017841613329,NA
SciQ,1269,0.7621159328476401,0.9072785945128489,0.911994968674369,NA
SciQ,1270,0.7266676866585068,0.8744927415347181,1.2339939376501752,NA
SciQ,1271,0.7626509488211617,0.8887209135849572,0.6038442811717453,NA
SciQ,1272,0.7691299790356394,0.9244995297414638,1.8184780869838197,NA
SciQ,1273,0.7317931456548348,0.8717601177372581,0.4745586708965706,NA
SciQ,1274,0.6713576158940397,0.8660460171308793,0.6856036011017326,NA
SciQ,1275,0.7230725623582765,0.8753676203785391,1.188898388167595,NA
SciQ,1276,0.7318518518518519,0.8814793253362426,0.5420473158985873,NA
SciQ,1277,0.7381848284166165,0.8834011586646036,0.41562698398608866,NA
SciQ,1278,0.7609029913335197,0.9031294196478159,1.0541006786611549,NA
SciQ,1279,0.757936507936508,0.9004132058982843,0.860214623269755,NA
SciQ,1280,0.7405117883841288,0.884336935742067,0.8154951225120666,NA
SciQ,1281,0.807199211045365,0.9272062415026241,0.695802345580952,NA
SciQ,1282,0.7320226438188494,0.886985600714601,1.4704150493586703,NA
SciQ,1283,0.6939310344827585,0.8192412298371845,0.3553070758355609,NA
SciQ,1284,0.7199310344827585,0.8589568572779562,0.7308438256640472,NA
SciQ,1285,0.7412025703794369,0.9023108037150859,0.5274561866823565,NA
SciQ,1286,0.7489705416534685,0.9176798413538136,0.8600309298516436,NA
SciQ,1287,0.7375385405960945,0.8652399962208961,0.864912371371456,NA
SciQ,1288,0.7650459296800759,0.9018983027213947,1.6540370487948275,NA
SciQ,1289,0.6761699838622915,0.810448434895848,0.7991524723423304,NA
SciQ,1290,0.7653824036802761,0.9002009543740783,0.7015293782305106,NA
SciQ,1291,0.7532413793103447,0.8784351822320363,1.0649184110174896,NA
SciQ,1292,0.7974905164867231,0.9146190810099996,0.37479052533865503,NA
SciQ,1293,0.7520424836601307,0.8729730455203351,0.6187190788025794,NA
SciQ,1294,0.6879251700680272,0.857533241349661,0.6355808016652397,NA
SciQ,1295,0.7262391067538125,0.8581497605698144,1.2771627680548714,NA
SciQ,1296,0.7441546762589929,0.8416130372161373,0.7405483925758476,NA
SciQ,1297,0.7386219171116196,0.8428433976865408,0.834404728427365,NA
SciQ,1298,0.7701298701298701,0.8572777625183475,0.4956593306955888,NA
SciQ,1299,0.7257076159906624,0.8852869256595465,0.6235727633046335,NA
SciQ,1300,0.7121977145894234,0.8644477742591108,1.0724364929534043,NA
SciQ,1301,0.6320861678004536,0.8088846186141606,1.1130725193365911,NA
SciQ,1302,0.7018818849449203,0.8861311324385778,0.9449901594119797,NA
SciQ,1303,0.6318084455324358,0.8371448910056356,0.7823886662619459,NA
SciQ,1304,0.7458086785009861,0.9045497916800465,0.925366045085961,NA
SciQ,1305,0.7445522189742226,0.8597646402578675,1.0579270150258206,NA
SciQ,1306,0.7283015338570894,0.9075279561452896,0.6400203425391261,NA
SciQ,1307,0.7437241379310345,0.8872581156897904,0.6572524139463127,NA
SciQ,1308,0.761015911872705,0.9070339294479861,0.8284604573664142,NA
SciQ,1309,0.7348783694937541,0.9002230253689807,0.9898941078726098,NA
SciQ,1310,0.7255555555555554,0.8764681270245877,0.7408623493789754,NA
SciQ,1311,0.7054074074074074,0.882806199961704,0.7035224744248436,NA
SciQ,1312,0.7905185185185185,0.9181281775281026,0.5981948844137145,NA
SciQ,1313,0.698529411764706,0.8523357100228138,1.0308130197523901,NA
SciQ,1314,0.7443112307315879,0.8404668831225381,1.1798567423020359,NA
SciQ,1315,0.6813335046248714,0.8137787744998154,0.5779800239636925,NA
SciQ,1316,0.7257763082231168,0.8609600496086872,0.7269963448970486,NA
SciQ,1317,0.7384858518964479,0.8874770572703509,0.6139513974983205,NA
SciQ,1318,0.7325581395348837,0.9018376147816345,0.8283386255882831,NA
SciQ,1319,0.7518620689655171,0.8883447723683632,0.6441661572343438,NA
SciQ,1320,0.751116364591542,0.8597712301214869,1.1943357689011134,NA
SciQ,1321,0.7385468339655675,0.883616324559012,0.4720689018768324,NA
SciQ,1322,0.6983505731059547,0.8454691199286534,0.8337245553722566,NA
SciQ,1323,0.826758711374096,0.9374452819006492,0.6544929228591896,NA
SciQ,1324,0.674962962962963,0.8623197603975425,0.7406894154022725,NA
SciQ,1325,0.732638888888889,0.8628874868893378,0.6624472387658324,NA
SciQ,1326,0.6985249849488261,0.8684258937697509,0.5286990584098659,NA
SciQ,1327,0.7122847971987161,0.8611519461458045,1.0972753344619741,NA
SciQ,1328,0.7245139581256231,0.8246338536756682,0.7660619525083362,NA
SciQ,1329,0.6801867522614532,0.8523586167702111,0.8129861696069284,NA
SciQ,1330,0.7753977968176254,0.9087863902748622,0.874584237561955,NA
SciQ,1331,0.7616906474820144,0.8703505462263024,0.7149797526968144,NA
SciQ,1332,0.6267143274000583,0.8188996868175147,0.8489450944021297,NA
SciQ,1333,0.7793757649938801,0.9145568296076059,0.6147704138261733,NA
SciQ,1334,0.7380952380952381,0.8934367438727765,0.4356887231365446,NA
SciQ,1335,0.6578182374541003,0.853928503020312,0.9090070674939255,NA
SciQ,1336,0.7747407407407407,0.9072595880377509,0.3504954153707939,NA
SciQ,1337,0.7098133654425045,0.8775609803539033,1.1328803660698252,NA
SciQ,1338,0.6815286624203821,0.8841814471560046,0.3218577447301232,NA
SciQ,1339,0.7439310344827585,0.8650520376081623,1.452211093550012,NA
SciQ,1340,0.7080921218223005,0.8066981415385449,0.7106196483436351,NA
SciQ,1341,0.7324611845888442,0.8775179226217373,1.6691644335237674,NA
SciQ,1342,0.7141654641654642,0.8200364675106431,0.8940620779396519,NA
SciQ,1343,0.7122858017135864,0.8627619798937796,1.4876502832828977,NA
SciQ,1344,0.7953687389881702,0.903732565643342,0.6653248966549596,NA
SciQ,1345,0.6978274173806609,0.8714730522396764,0.6341435875132561,NA
SciQ,1346,0.7433766233766234,0.8500507260801842,1.6210691097899208,NA
SciQ,1347,0.7543448275862069,0.8722932264598635,0.575471511419103,NA
SciQ,1348,0.7161107711138311,0.8800884877485878,0.9632049609581554,NA
SciQ,1349,0.671343537414966,0.8197670796783865,1.0293525406622943,NA
SciQ,1350,0.7505836008170411,0.8906920831652771,0.5801342413993474,NA
SciQ,1351,0.8140740740740741,0.9226682833497346,0.5547327136264814,NA
SciQ,1352,0.7511290322580645,0.9235634334178285,0.7846156268109306,NA
SciQ,1353,0.718803910293272,0.8744861032059127,0.7299259489532421,NA
SciQ,1354,0.7854074074074073,0.899494052825517,0.8722775712849732,NA
SciQ,1355,0.777749811225774,0.8684571291841611,0.9658546317581466,NA
SciQ,1356,0.7209253564439474,0.8674156024949529,1.199968227971981,NA
SciQ,1357,0.7586666666666666,0.8971869305910949,0.8864435038465502,NA
SciQ,1358,0.6863875109425153,0.842541287791902,0.6042235469998083,NA
SciQ,1359,0.666535329655897,0.7869252439992516,0.8239499163452055,NA
SciQ,1360,0.7162162162162162,0.8495348999739647,1.031880236372161,NA
SciQ,1361,0.6986689106487148,0.8610240122885776,1.192492096488089,NA
SciQ,1362,0.7783446712018139,0.8844810674109207,0.8411332993377735,NA
SciQ,1363,0.7961774146483805,0.9338345353561078,0.8782218155011425,NA
SciQ,1364,0.7587145969498911,0.8805026244192624,0.6529332746942769,NA
SciQ,1365,0.7307344972907888,0.875268126075466,1.1453976416511917,NA
SciQ,1366,0.7663168487636572,0.901248829972834,0.7904577395487554,NA
SciQ,1367,0.8575892857142856,0.9581909650057905,0.9960779945620952,NA
SciQ,1368,0.7069160997732425,0.8578076868481989,0.7187537392105635,NA
SciQ,1369,0.7510483645513001,0.8498759432708742,0.6116825522889072,NA
SciQ,1370,0.6828225806451613,0.8746292550010719,1.094345193484688,NA
SciQ,1371,0.7931851851851852,0.9234414849964134,0.7223672288548862,NA
SciQ,1372,0.7220908852114527,0.8468660961457959,0.8794628214211722,NA
SciQ,1373,0.7679700977573318,0.9011550031193031,0.3249129251905034,NA
SciQ,1374,0.7744393329499712,0.8764666572144372,0.7376331390993577,NA
SciQ,1375,0.7683531746031745,0.8905027434646628,0.6540036818001683,NA
SciQ,1376,0.7139610389610389,0.8257431148195888,0.6262450315724903,NA
SciQ,1377,0.6393731143144485,0.8624745041921549,0.8467339788824795,NA
SciQ,1378,0.7333231334149327,0.8850225169864805,0.6285854055112311,NA
SciQ,1379,0.7866966230936819,0.8810546582933261,1.2206196514079346,NA
SciQ,1380,0.7766896551724138,0.8970241266246012,0.45381892506302995,NA
SciQ,1381,0.8018596625766871,0.9341591940231293,1.1796019724628934,NA
SciQ,1382,0.7066993464052288,0.8549137834840643,0.5964734834740959,NA
SciQ,1383,0.7282494758909853,0.9067032517142237,0.9823595175278312,NA
SciQ,1384,0.6771428571428572,0.8904734780748473,0.7887579899915798,NA
SciQ,1385,0.6861702127659575,0.8444158586803014,0.31111138448236375,NA
SciQ,1386,0.634010220548682,0.7702101910534089,1.4766123744916069,NA
SciQ,1387,0.746312462372065,0.8958869478589752,0.799334272952336,NA
SciQ,1388,0.6572742955721679,0.8062714769031626,0.18206095572285053,NA
SciQ,1389,0.6252592592592592,0.8141296795081192,0.7843870923455596,NA
SciQ,1390,0.7188888888888889,0.8759722135628473,0.5986472915856366,NA
SciQ,1391,0.7328725226327379,0.8339617743465502,1.3008683945314217,NA
SciQ,1392,0.6544187519797275,0.842868008133778,0.7071894200802168,NA
SciQ,1393,0.7594235033259424,0.8973065767962335,0.5823750704866448,NA
SciQ,1394,0.7157030448169688,0.8920970803056585,0.5452157659523451,NA
SciQ,1395,0.609394863971523,0.7799272143036439,0.6583057083312626,NA
SciQ,1396,0.7042942176870748,0.8610969230712946,0.6812073107581265,NA
SciQ,1397,0.7902106885919835,0.8919147724733837,1.0527400632657653,NA
SciQ,1398,0.6741682974559686,0.8418706121573329,1.1736103494740673,NA
SciQ,1399,0.7111845888441632,0.8531984907238437,0.7899146442824262,NA
SciQ,1400,0.7213306098628538,0.8677276082382522,0.843186597793932,NA
SciQ,1401,0.6919206038579816,0.8538486324793594,0.3670290323100025,NA
SciQ,1402,0.7425185185185186,0.8923593017039735,1.1025016194138983,NA
SciQ,1403,0.8363161229014887,0.9390493724136486,0.9188747029044227,NA
SciQ,1404,0.6384249743062693,0.797530462507813,0.7238112108017349,NA
SciQ,1405,0.7614388922335942,0.9120511242230352,0.9628424807212117,NA
SciQ,1406,0.7271531886916502,0.893873045848455,0.674698914858165,NA
SciQ,1407,0.7495748299319728,0.889407406216656,0.8871603267935512,NA
SciQ,1408,0.7567794240984065,0.896579276175878,0.7898707334574221,NA
SciQ,1409,0.7202380952380952,0.8864887742095902,1.0667283629493651,NA
SciQ,1410,0.7080297751029457,0.8815018912261281,0.8773995810155728,NA
SciQ,1411,0.7918422636965683,0.9166692948829813,0.9536101173615738,NA
SciQ,1412,0.7387364711804681,0.8412325510217756,0.5545753250939947,NA
SciQ,1413,0.8113103448275862,0.9143104468300836,0.6839597162102394,NA
SciQ,1414,0.7630662020905924,0.8979097393179426,0.5977435985301089,NA
SciQ,1415,0.8015386710239651,0.9068095078844152,0.9560375985018049,NA
SciQ,1416,0.8023130715438408,0.8973799786226733,0.44771315677998114,NA
SciQ,1417,0.7816603443244821,0.9081898617096799,0.7783385051360958,NA
SciQ,1418,0.7004063816977724,0.8717646598515469,0.8433391923040203,NA
SciQ,1419,0.7876653248993675,0.9128232956603501,0.9149690414959093,NA
SciQ,1420,0.7715264187866928,0.8916079968851794,1.1091576289243616,NA
SciQ,1421,0.717741935483871,0.8827188777594881,1.9390601090080892,NA
SciQ,1422,0.690326816457543,0.8630925676069436,0.6867989444635949,NA
SciQ,1423,0.6978458049886621,0.8494031124365349,0.5219293408684981,NA
SciQ,1424,0.7254545454545455,0.8252561660256786,1.2378570637648607,NA
SciQ,1425,0.7470819959147943,0.8816818733653307,0.9167562543090859,NA
SciQ,1426,0.7108669476219146,0.860901190720039,0.6996126716580395,NA
SciQ,1427,0.761062612883805,0.8760037397598549,0.6551743627413729,NA
SciQ,1428,0.7084184417858186,0.8664732445951586,0.7319764542704486,NA
SciQ,1429,0.7668650793650793,0.8967183192040085,0.5625252973720208,NA
SciQ,1430,0.6839562876148242,0.8580251768073343,0.8571389030400554,NA
SciQ,1431,0.7323175845680738,0.856907607376703,0.9547605176009593,NA
SciQ,1432,0.7460861056751468,0.8650080803721356,0.4608360935343716,NA
SciQ,1433,0.8059807256235827,0.9328977244874834,0.6133301842916282,NA
SciQ,1434,0.7374574829931972,0.8760525026612501,0.48826008046462976,NA
SciQ,1435,0.727203182374541,0.8970108138665689,0.7465533748424199,NA
SciQ,1436,0.7153188691650232,0.8979104476704092,0.3234282089351071,NA
SciQ,1437,0.8212748789671867,0.925696159668507,0.7055968592478421,NA
SciQ,1438,0.7274980930587338,0.8433343772250265,1.3438840596343358,NA
SciQ,1439,0.737454100367197,0.8936275374106556,0.4943310181949831,NA
SciQ,1440,0.7045683362698213,0.8270908223454754,0.5151463444949494,NA
SciQ,1441,0.7415674603174603,0.854198148536612,0.3135865897872753,NA
SciQ,1442,0.7610427732736931,0.8959952015745453,0.49925154473108757,NA
SciQ,1443,0.6777836832314642,0.8250594552183192,0.8013122479337136,NA
SciQ,1444,0.7073749281196091,0.8737482995372463,0.3963056153725185,NA
SciQ,1445,0.7536296296296296,0.8749069294516331,0.49239526604005046,NA
SciQ,1446,0.7423861062169645,0.8784040488505187,1.156754680313399,NA
SciQ,1447,0.7470920287375983,0.9033055523675662,0.7749768877676863,NA
SciQ,1448,0.754217791411043,0.9309962646467146,0.9942613736040472,NA
SciQ,1449,0.7385765943458251,0.8934194367198102,0.8650903316364904,NA
SciQ,1450,0.7153202232261493,0.843965584860435,1.304396595520921,NA
SciQ,1451,0.6911724137931035,0.8441985615106606,0.9195835631204413,NA
SciQ,1452,0.6500143760782059,0.8325059046594432,0.44443536329329686,NA
SciQ,1453,0.6944444444444445,0.8724139228499902,0.709853041951742,NA
SciQ,1454,0.6747004357298476,0.8554503663386763,1.0695540331568678,NA
SciQ,1455,0.7649760885980367,0.8570964817039094,0.7563613383454854,NA
SciQ,1456,0.7461861174675819,0.843679086561351,0.6474594854087552,NA
SciQ,1457,0.7016765285996055,0.8825418080873748,0.9322904038933731,NA
SciQ,1458,0.6746666666666666,0.8483038843501175,0.4447887663929318,NA
SciQ,1459,0.8029032258064516,0.9151480387165101,0.7452586631761757,NA
SciQ,1460,0.7277386780905752,0.8718260517565131,0.5990611928284052,NA
SciQ,1461,0.7790624010136206,0.9233298178551607,0.7571729521732321,NA
SciQ,1462,0.7141439909297052,0.8698741649454357,1.8423698065190606,NA
SciQ,1463,0.7281976744186046,0.889440084148126,0.7816327099380437,NA
SciQ,1464,0.7113289760348585,0.8640095863502555,0.6839566304043813,NA
SciQ,1465,0.7023969158565203,0.8983579943954307,0.4734093283493924,NA
SciQ,1466,0.7653308230231307,0.8971125933407019,0.47934310298721944,NA
SciQ,1467,0.7713257965056526,0.8697943876876729,0.903746284486853,NA
SciQ,1468,0.7537431048069346,0.8581638397195951,0.8617211156297834,NA
SciQ,1469,0.7783047735618115,0.9075352544383869,0.506272626882715,NA
SciQ,1470,0.7037385691231846,0.8286212954195539,0.7509110130966706,NA
SciQ,1471,0.7254849853840021,0.8525455723813542,1.1593728758213464,NA
SciQ,1472,0.6438709677419354,0.8624998510602748,0.561591073022103,NA
SciQ,1473,0.7408088235294119,0.8692435112248249,0.9726487074495708,NA
SciQ,1474,0.6988769694937982,0.886283803206604,1.1871202205146953,NA
SciQ,1475,0.6709629629629629,0.8348868135978372,0.9430924290259037,NA
SciQ,1476,0.6918145956607495,0.8933198650487153,0.7616082738830067,NA
SciQ,1477,0.7777037037037038,0.9048743329819515,0.6043115301706298,NA
SciQ,1478,0.6579785450888367,0.8673655899363726,0.6695092934661844,NA
SciQ,1479,0.8092334494773519,0.9368015331690949,0.6600271314876235,NA
SciQ,1480,0.7124784358826912,0.8582505326098107,1.0259297574166781,NA
SciQ,1481,0.6897274633123689,0.8904443683453187,0.9525624842135382,NA
SciQ,1482,0.7065274494352509,0.8402008443190222,1.069498408190782,NA
SciQ,1483,0.8422225416906268,0.9345793639816635,0.43943614381675133,NA
SciQ,1484,0.6727913415554996,0.7885796551333423,1.048355108381578,NA
SciQ,1485,0.6718704406186169,0.8475884572581273,0.7333554490782216,NA
SciQ,1486,0.697037037037037,0.8649210565131017,1.3133164863519204,NA
SciQ,1487,0.7648875514729174,0.8914962161791122,1.1551820497199452,NA
SciQ,1488,0.778032942667089,0.9099431508251989,0.8844103573665492,NA
SciQ,1489,0.8389582779697049,0.9283391537356679,0.8842039049783641,NA
SciQ,1490,0.7455172413793103,0.8731264416560864,0.9715373702373253,NA
SciQ,1491,0.7044260572629367,0.8489491712845669,0.7232052201893466,NA
SciQ,1492,0.738328207995527,0.8763983559528283,1.4733435009425382,NA
SciQ,1493,0.750770811921891,0.8720705357048121,0.4428398429005878,NA
SciQ,1494,0.7508503401360545,0.8997987262245872,0.5356332981508964,NA
SciQ,1495,0.7769277845777234,0.9101706344910161,0.834530924623422,NA
SciQ,1496,0.7758325552443199,0.9086444622525174,0.5785921391167953,NA
SciQ,1497,0.7734520329524316,0.8938887773009366,1.1624753750764296,NA
SciQ,1498,0.6853662095126933,0.8378698637926458,0.8293708523433663,NA
SciQ,1499,0.6550189670265538,0.8193990367865926,0.4880916151226455,NA
SciQ,1500,0.8139412997903565,0.9283212961428348,0.8338946323694757,NA
SciQ,1501,0.7588739290085679,0.9018926793305133,0.6340329802908833,NA
SciQ,1502,0.7602311985118256,0.8616781866999048,0.8337516279184225,NA
SciQ,1503,0.7758880192655027,0.9190295310440748,0.6855489436617704,NA
SciQ,1504,0.757002801120448,0.9122791672702554,1.2643397684854591,NA
SciQ,1505,0.68150871459695,0.8358437305053107,0.8795770220255509,NA
SciQ,1506,0.7233132720937598,0.9014416372001197,1.5005340669640959,NA
SciQ,1507,0.7508068854222701,0.8726208532307351,0.46255900711522197,NA
SciQ,1508,0.7461873638344227,0.9075834410411583,0.9066971703116562,NA
SciQ,1509,0.8017998866213152,0.9142562436151092,0.7140402915202992,NA
SciQ,1510,0.6841481481481482,0.8546237559040499,0.6197464303336734,NA
SciQ,1511,0.8469498910675382,0.9254458230212904,0.9569609930165482,NA
SciQ,1512,0.6888275862068965,0.8479537068266985,1.0609083258620782,NA
SciQ,1513,0.7266808397555142,0.8487912416781787,0.6932261778388403,NA
SciQ,1514,0.8092899408284023,0.8706551088147463,0.4319007288458916,NA
SciQ,1515,0.6972690661968286,0.838522427230745,0.7863597663833066,NA
SciQ,1516,0.8011111111111111,0.9110508366468276,0.8142536922344593,NA
SciQ,1517,0.7472907886815171,0.8742022997945778,1.0621376670179177,NA
SciQ,1518,0.7117028270874425,0.8861447052746227,0.49722252327997946,NA
SciQ,1519,0.6933815192743765,0.8489794904269982,0.633547636313551,NA
SciQ,1520,0.7568585260892953,0.8738106914787158,0.9043314559321157,NA
SciQ,1521,0.7592954990215264,0.8821986034899936,0.6148848824079549,NA
SciQ,1522,0.6434240362811792,0.8221878296872422,0.718522469725256,NA
SciQ,1523,0.7853648308638524,0.9037630596607054,0.6037979279727939,NA
SciQ,1524,0.7498112257739744,0.8609974457931221,1.140170903135778,NA
SciQ,1525,0.7870494889725659,0.8942064822870417,0.5849370876022808,NA
SciQ,1526,0.8575570520014965,0.9583943851827423,0.7585432017574844,NA
SciQ,1527,0.701499388004896,0.867831754961042,0.9741961790842387,NA
SciQ,1528,0.7470414201183432,0.8519910190230431,0.547018085296053,NA
SciQ,1529,0.8080285099515869,0.9255203283450307,0.8606680974294794,NA
SciQ,1530,0.79953231292517,0.9039157442550122,1.2306409805921903,NA
SciQ,1531,0.7696995464852608,0.9028974980914645,0.6785715997011647,NA
SciQ,1532,0.6723703703703704,0.8315587122675552,0.6944689285674028,NA
SciQ,1533,0.73377987916995,0.864385796096413,0.5440162222859417,NA
SciQ,1534,0.7695669714900484,0.884375110259604,0.4650414471589631,NA
SciQ,1535,0.7376838864180637,0.9181523653408249,0.8648448738080282,NA
SciQ,1536,0.7113289760348583,0.905036759577104,0.7238442695011008,NA
SciQ,1537,0.6916331224841863,0.8604592458479385,0.931515781528593,NA
SciQ,1538,0.7058902635825712,0.8338730898028885,0.9068026151238315,NA
SciQ,1539,0.6506150405367627,0.8144062602499789,0.666153280956502,NA
SciQ,1540,0.7183447749809305,0.8449941830088722,0.6201051546538217,NA
SciQ,1541,0.661012075905693,0.8309941847956159,0.4878736823509282,NA
SciQ,1542,0.6941601444912702,0.858241686310068,0.6949314381225196,NA
SciQ,1543,0.7768584187023904,0.8993821322689758,0.5940456636790326,NA
SciQ,1544,0.7403680276020701,0.8761055814067188,1.0050937156577862,NA
SciQ,1545,0.6975308641975309,0.8472089445666785,0.5223673933940765,NA
SciQ,1546,0.7613333333333334,0.8990107604702546,0.44479924802313026,NA
SciQ,1547,0.7567407407407408,0.8971222981216808,1.1193749504208421,NA
SciQ,1548,0.7596993833504625,0.8685441439960971,0.8427816902398867,NA
SciQ,1549,0.8161083877995643,0.905945482807787,1.1638662778345426,NA
SciQ,1550,0.7654503616042077,0.9110495389806401,0.6124870663158192,NA
SciQ,1551,0.720734126984127,0.8623590361184794,0.8756530356300736,NA
SciQ,1552,0.7542839657282742,0.8872861946509363,0.906830368784549,NA
SciQ,1553,0.6881387842926305,0.8206418746265856,1.8266652921998534,NA
SciQ,1554,0.7431972789115646,0.8804049756039826,2.7437007560915156,NA
SciQ,1555,0.7227610948711135,0.8573324054064552,1.0233749204902434,NA
SciQ,1556,0.7397490820073439,0.8878554485732496,0.8131507675823394,NA
SciQ,1557,0.7578976796197932,0.8918308104819,0.581991330103194,NA
SciQ,1558,0.7139362594352809,0.8491553466701509,0.46178591343794634,NA
SciQ,1559,0.6390030832476876,0.7939488114489479,0.9939869555288595,NA
SciQ,1560,0.7352530053117137,0.8605018217819297,1.0332958530529588,NA
SciQ,1561,0.7493979530403371,0.9029791654292812,0.8281667925871762,NA
SciQ,1562,0.7425216662007268,0.8935764598297253,0.49992589327130743,NA
SciQ,1563,0.6815014254038644,0.8751704807382668,0.6744401960872579,NA
SciQ,1564,0.7501556178026767,0.877087202519933,0.711908385740273,NA
SciQ,1565,0.7834111467756055,0.9115786698315512,0.7385067901838476,NA
SciQ,1566,0.6846519429689684,0.8369776480177352,0.641424449263215,NA
SciQ,1567,0.7868039664378338,0.8886263148827028,0.7486509644407396,NA
SciQ,1568,0.7175901022054868,0.8455520230694793,0.772386491762408,NA
SciQ,1569,0.7215422276621787,0.8787776682410311,0.5143409876047359,NA
SciQ,1570,0.7333488951136009,0.8809728804415637,1.1276707325052884,NA
SciQ,1571,0.7593537414965986,0.899451667584876,0.7711235076794515,NA
SciQ,1572,0.7018620689655171,0.8353486095815982,0.9623455329192331,NA
SciQ,1573,0.6937302934756246,0.8175117501188937,0.7138020282390063,NA
SciQ,1574,0.7925195665261892,0.9194665066982655,0.7493515578202362,NA
SciQ,1575,0.7042278127183789,0.905019971524804,0.8698499055976866,NA
SciQ,1576,0.7135468594217348,0.8215493615326678,1.0145384108557447,NA
SciQ,1577,0.6805555555555555,0.8230176440226724,1.009149962120149,NA
SciQ,1578,0.6979585968947671,0.853490512111263,0.9609302851111728,NA
SciQ,1579,0.7348008385744236,0.9242058794783752,1.0378206466860276,NA
SciQ,1580,0.7387903225806451,0.9079160000208892,0.6304937960391538,NA
SciQ,1581,0.6887738330046023,0.8813685254062468,0.7088648785234857,NA
SciQ,1582,0.7294457578145521,0.8811860717176088,0.8491335690207057,NA
SciQ,1583,0.6748701298701298,0.814102042703951,0.6255546199650985,NA
SciQ,1584,0.7141814998540998,0.8772094631610149,0.42999934636414633,NA
SciQ,1585,0.7429557216791259,0.8878633379424604,0.44231310780719524,NA
SciQ,1586,0.6696874179143683,0.8320020380148944,0.6245535812997256,NA
SciQ,1587,0.7126227032469167,0.8387883978687669,0.5876055100696435,NA
SciQ,1588,0.7879684418145957,0.9195798067119697,0.8031331491414045,NA
SciQ,1589,0.658807967631497,0.8637400036351542,1.0308725237432692,NA
SciQ,1590,0.7122414622414622,0.8379811374823233,1.059496048268752,NA
SciQ,1591,0.7552910052910053,0.906947661424001,0.9967943753862697,NA
SciQ,1592,0.7026553837175372,0.8722272691881516,1.1854811913205938,NA
SciQ,1593,0.7060893512851898,0.8771891585119841,0.6953715663614665,NA
SciQ,1594,0.8015521064301552,0.9270182733636533,0.6273644813058572,NA
SciQ,1595,0.793975255513717,0.9087948462942848,0.48427529725953194,NA
SciQ,1596,0.7335237842147223,0.8609560703701481,0.4392740038941106,NA
SciQ,1597,0.6905325443786983,0.8003005235508688,0.8230458518120092,NA
SciQ,1598,0.7068275862068965,0.8431236006831703,0.8346744904661633,NA
SciQ,1599,0.7445370902817711,0.8705665010956146,0.7152474396561569,NA
SciQ,1600,0.7304334738109572,0.894274306223829,1.0692911560503182,NA
SciQ,1601,0.765830172162241,0.8988073339796696,0.8206499061092196,NA
SciQ,1602,0.7132802937576499,0.8788214444034985,0.43423521834610973,NA
SciQ,1603,0.6367880485527544,0.842958973876826,0.9260035610273113,NA
SciQ,1604,0.7118055555555556,0.8683324261331549,0.8039984265980361,NA
SciQ,1605,0.6788283658787256,0.829784064620432,1.0198355959971181,NA
SciQ,1606,0.7424357996440377,0.8252687001944133,0.7076054655942435,NA
SciQ,1607,0.7255917159763314,0.8799938226057566,0.8950720759614396,NA
SciQ,1608,0.7407586206896551,0.8681922614238526,0.8590897607752684,NA
SciQ,1609,0.7185483870967742,0.8828877537689629,0.6431815248288089,NA
SciQ,1610,0.7843011305241521,0.8923693196945677,0.8647075562009898,NA
SciQ,1611,0.7852378555247923,0.8539936565919011,1.5290035789121474,NA
SciQ,1612,0.7619165023011177,0.9146209644413988,0.5047716621104262,NA
SciQ,1613,0.6753114670734808,0.8044169024604952,0.4173298590861008,NA
SciQ,1614,0.7385343968095712,0.8466278222611634,0.7031104776723541,NA
SciQ,1615,0.7654654216515903,0.8954828111009249,0.7769557945327241,NA
SciQ,1616,0.7627900475258597,0.8913171960308319,0.26658139508177037,NA
SciQ,1617,0.6916863672182821,0.8319257209890775,0.7772894880449817,NA
SciQ,1618,0.7820985584981562,0.9280036434810993,0.670037768391573,NA
SciQ,1619,0.763179128563744,0.8869569644110059,0.5759297895893065,NA
SciQ,1620,0.6726306961140621,0.8177054617872446,0.8111392191640324,NA
SciQ,1621,0.7578397212543554,0.913943729406212,0.8252277492510696,NA
SciQ,1622,0.6523526077097506,0.8333591669826447,0.7531994757559858,NA
SciQ,1623,0.7545134638922888,0.9047165632565228,0.9062712260016043,NA
SciQ,1624,0.6859360152043079,0.8841323002082614,0.6456639408279274,NA
SciQ,1625,0.6729302832244008,0.8337758474317319,0.9243256509813638,NA
SciQ,1626,0.6604246183206107,0.7810039483280333,1.130718569876426,NA
SciQ,1627,0.7073471400394478,0.8975895836549239,0.7549174488598575,NA
SciQ,1628,0.7391646966115052,0.8565905292707919,0.8335979905974538,NA
SciQ,1629,0.7062908496732027,0.8389241203827538,1.0188618293513796,NA
SciQ,1630,0.7438620689655172,0.8613489053990475,1.3549532660449541,NA
SciQ,1631,0.7363834422657951,0.9054323763444769,0.5910446177103081,NA
SciQ,1632,0.7048148148148149,0.884385888400773,0.5501019151154917,NA
SciQ,1633,0.7422727272727273,0.8548458464538766,0.8721504367349585,NA
SciQ,1634,0.7003093060785368,0.8543557779008817,0.3816699327490369,NA
SciQ,1635,0.7418300653594772,0.9006568310680574,1.160746761224895,NA
SciQ,1636,0.7459608843537415,0.8800642361264737,1.045875310359339,NA
SciQ,1637,0.6902447200804559,0.8881802948028843,0.8089950487496365,NA
SciQ,1638,0.7274116396492161,0.8514899495622857,0.5091705774069194,NA
SciQ,1639,0.6857776369971492,0.8855638107916411,0.7094482066430424,NA
SciQ,1640,0.6160643103906457,0.7858133650373642,1.1844069866472506,NA
SciQ,1641,0.7038350407144733,0.8413985963278517,0.8883523557239368,NA
SciQ,1642,0.7152972300031124,0.8732446395084422,1.0940962521638933,NA
SciQ,1643,0.6518730779983226,0.8304790226460117,0.7303519626820744,NA
SciQ,1644,0.7529956427015252,0.886596917692779,0.6772669279157714,NA
SciQ,1645,0.7100078802206463,0.8558079714939749,0.9952165440239671,NA
SciQ,1646,0.7203832752613241,0.8754656187708179,1.098630326649704,NA
SciQ,1647,0.7601327742837177,0.9253770762523142,0.7915392061217755,NA
SciQ,1648,0.5874074074074074,0.7748131157668255,0.6185699597317503,NA
SciQ,1649,0.7681017612524461,0.8857809558574522,0.5914363851831503,NA
SciQ,1650,0.82057267351385,0.9338244143515532,0.8335241149898475,NA
SciQ,1651,0.7666666666666666,0.9002305944907776,0.8990480692322536,NA
SciQ,1652,0.7359154929577465,0.86834176825928,1.5659150748727804,NA
SciQ,1653,0.7310235767682576,0.8601046448879407,0.9417173322134599,NA
SciQ,1654,0.7493880048959608,0.8948003597395671,0.947921844697808,NA
SciQ,1655,0.7741828328461333,0.8918119464321402,0.6712214924916098,NA
SciQ,1656,0.7068148148148148,0.859547388136941,0.49312403275592176,NA
SciQ,1657,0.7508148148148148,0.8886655582426202,0.6621535957857964,NA
SciQ,1658,0.8307586206896551,0.9305313815883511,1.0349551524667917,NA
SciQ,1659,0.759816259753335,0.843301375474402,0.9648197434787532,NA
SciQ,1660,0.7359677825320916,0.8397928152232583,0.5484816500614007,NA
SciQ,1661,0.6524657134519989,0.8323091590616828,0.38715786336619706,NA
SciQ,1662,0.7708333333333334,0.9070488229861294,1.6036241672814469,NA
SciQ,1663,0.7768402870050491,0.8805865092876886,0.8578882638004806,NA
SciQ,1664,0.7611619150080688,0.8591007312999038,0.6926273955292055,NA
SciQ,1665,0.7124137931034483,0.8552755025509058,0.43592133544793404,NA
SciQ,1666,0.7480867346938775,0.8925398337274846,0.7854234948261877,NA
SciQ,1667,0.6705890263582571,0.8275911214913956,0.5991897538243922,NA
SciQ,1668,0.7764137931034484,0.9056938452568943,1.0871682388967885,NA
SciQ,1669,0.7296617277047805,0.8693646099468095,1.7118218755728605,NA
SciQ,1670,0.6328073635765943,0.8503105029882521,0.6105353629245437,NA
SciQ,1671,0.6875492513790386,0.8399758085403644,0.6004041061298332,NA
SciQ,1672,0.8564152316274558,0.9286899731435629,0.8291243949525946,NA
SciQ,1673,0.8068764967499145,0.9317043555068761,0.61107648913067,NA
SciQ,1674,0.8312592592592591,0.9297564574072114,0.8644334120200097,NA
SciQ,1675,0.6769039976655967,0.8525249894130951,0.7102887633430401,NA
SciQ,1676,0.7169015857034986,0.8499042131626884,0.5937095764592012,NA
SciQ,1677,0.7731818181818182,0.884384194430089,0.736053271837492,NA
SciQ,1678,0.7115839243498819,0.8501524859377898,0.7581440573047427,NA
SciQ,1679,0.717640758873929,0.8833993365383838,0.6382823530697064,NA
SciQ,1680,0.7692655027092113,0.9001273860939474,0.5431654260071758,NA
SciQ,1681,0.750769757098871,0.9133685391576636,0.7057088841071407,NA
SciQ,1682,0.7332571274878967,0.8670043573904006,1.6819510883871582,NA
SciQ,1683,0.7036423841059603,0.8609792354106619,0.5773025686951658,NA
SciQ,1684,0.687607820586544,0.8564534547845971,0.8834152844145713,NA
SciQ,1685,0.7920935119516681,0.8966481859946144,0.6132435067502033,NA
SciQ,1686,0.7825443786982248,0.9186084325210284,0.8044493592289963,NA
SciQ,1687,0.724263541336712,0.8988434119165767,0.9036346673363207,NA
SciQ,1688,0.7167281260476029,0.8784569167823351,0.8130113047744979,NA
SciQ,1689,0.725488765684272,0.864868672237159,0.8922959641678299,NA
SciQ,1690,0.7215151515151516,0.9124183142728002,0.9641667487177501,NA
SciQ,1691,0.7732592592592593,0.8778642556491908,1.138307382990544,NA
SciQ,1692,0.7503647505106507,0.891630590567757,0.6177245304777061,NA
SciQ,1693,0.8287310979618673,0.945681526499596,0.44408910911225913,NA
SciQ,1694,0.776,0.9082945702245993,1.7964352141361286,NA
SciQ,1695,0.7762392900856794,0.905297535510288,1.249240847371451,NA
SciQ,1696,0.8209655172413793,0.918373550995705,0.6582995768332324,NA
SciQ,1697,0.7270967741935483,0.8943578294303102,0.9920586060627311,NA
SciQ,1698,0.7495039682539683,0.8807601747400935,0.8588298002904269,NA
SciQ,1699,0.7143605870020965,0.899516292443296,0.8617748992734261,NA
SciQ,1700,0.7512219666474986,0.8982797087011788,0.49010054002958126,NA
SciQ,1701,0.8292840713053479,0.9264583626084563,0.641433457138433,NA
SciQ,1702,0.7081818181818182,0.8432295223997825,0.5943635376121111,NA
SciQ,1703,0.8208910295003011,0.9175551252471309,0.5929908063823894,NA
SciQ,1704,0.7432413793103447,0.8606037182769036,0.6560945134653996,NA
SciQ,1705,0.6997931034482757,0.8347677937322844,0.7850843915124351,NA
SciQ,1706,0.788,0.8829084069443417,0.6082480768644711,NA
SciQ,1707,0.6822727272727274,0.8270028578629526,0.6601104995849808,NA
SciQ,1708,0.7268282312925171,0.8637709617234239,1.6963619546049318,NA
SciQ,1709,0.7867258014316838,0.919810440057026,1.4145440584808855,NA
SciQ,1710,0.7938064114534703,0.9229821204047477,0.4862075947693919,NA
SciQ,1711,0.8404827586206897,0.9261968919820252,0.9574900208272039,NA
SciQ,1712,0.7553117137265865,0.8758696076020824,1.215946813161886,NA
SciQ,1713,0.6547149986866299,0.8115891926579542,0.9967028543589099,NA
SciQ,1714,0.8321286848072563,0.937893771076376,1.3618111307424652,NA
SciQ,1715,0.7302800616649539,0.841748302991702,1.0970621029003271,NA
SciQ,1716,0.7770438683948154,0.8791167743698234,0.9933676359733188,NA
SciQ,1717,0.7791762013729977,0.8882583162499406,0.9076403463890427,NA
SciQ,1718,0.7438725490196079,0.8784619245090559,0.8856282382698435,NA
SciQ,1719,0.6586961993455828,0.8013074993958427,1.6036232603831317,NA
SciQ,1720,0.6797037037037037,0.8577672004141322,0.48844370438033,NA
SciQ,1721,0.7442189105858171,0.8289402765105478,0.5549399385433683,NA
SciQ,1722,0.7030645161290323,0.8837573612002544,1.4872716967513786,NA
SciQ,1723,0.7791950113378685,0.8890115943638462,1.4381396636201147,NA
SciQ,1724,0.7852575812933869,0.9235611747265144,1.0187952248761751,NA
SciQ,1725,0.76296768707483,0.8869502216271239,0.9712371429444057,NA
SciQ,1726,0.7128756114605171,0.9006351235357615,0.5128372289980843,NA
SciQ,1727,0.7832167832167832,0.8966167527980173,0.8713122446509478,NA
SciQ,1728,0.6987586206896552,0.8384486589674197,1.2637613602527127,NA
SciQ,1729,0.5748374957235716,0.8368421627632525,0.5936390524025011,NA
SciQ,1730,0.8449357405140758,0.9420167522649401,0.7821958475825302,NA
SciQ,1731,0.7106451612903226,0.8821010978314034,0.8497814320288423,NA
SciQ,1732,0.804516129032258,0.9316617551770938,0.9945658851648492,NA
SciQ,1733,0.7157777777777777,0.8710027710020992,0.8476701144100566,NA
SciQ,1734,0.7133714596949892,0.851858886360799,0.8667565686460859,NA
SciQ,1735,0.6878365536902122,0.8608176691585697,0.6230796206341042,NA
SciQ,1736,0.6814261069580219,0.8432330335379715,0.684919303126724,NA
SciQ,1737,0.7268907563025211,0.8886979571355725,0.7079116623096621,NA
SciQ,1738,0.7765453639082751,0.8599161748167443,0.4731118323208701,NA
SciQ,1739,0.7138897687678176,0.8890369082204617,1.0609400743422024,NA
SciQ,1740,0.6578839869281046,0.8050629519099441,0.5264355180166941,NA
SciQ,1741,0.7067382508558979,0.8691888724113161,0.8006989392140477,NA
SciQ,1742,0.7280446756425948,0.8839009356240841,1.0080703472898098,NA
SciQ,1743,0.679952104002737,0.8901742980931132,0.6264499806522364,NA
SciQ,1744,0.6859713487071978,0.8848953953379168,0.5628145731783692,NA
SciQ,1745,0.7762091137824992,0.8950720508218384,1.1660810539545625,NA
SciQ,1746,0.7228148148148149,0.8776356417582454,0.7931059791170817,NA
SciQ,1747,0.7669835057310594,0.8963489263421991,0.8242089854070347,NA
SciQ,1748,0.7066312636165577,0.8525232599164589,1.0026418496384364,NA
SciQ,1749,0.6548965517241379,0.8200066424981463,1.0370305177850139,NA
SciQ,1750,0.7002794214332676,0.8868768544500262,0.7297343908257655,NA
SciQ,1751,0.7886635541289758,0.8966755542476799,0.7618549289003876,NA
SciQ,1752,0.7180010893246188,0.8621693074602357,0.4185583399128617,NA
SciQ,1753,0.7133864337101747,0.834421737044666,0.9440663303126212,NA
SciQ,1754,0.7281046869654464,0.9084470443151272,0.7379900638196395,NA
SciQ,1755,0.8273809523809523,0.9257845636939552,0.9105275445570344,NA
SciQ,1756,0.7522172949002217,0.899424532368553,0.8383568480392577,NA
SciQ,1757,0.733744732089103,0.881993061124539,0.6946587184739649,NA
SciQ,1758,0.7799564270152506,0.8992217751026252,1.7548831756790046,NA
SciQ,1759,0.7635484749455338,0.8734756393705552,0.882016967120248,NA
SciQ,1760,0.7936971111759556,0.9224144754477884,0.7139614405515128,NA
SciQ,1761,0.7552423747276688,0.8981910728872389,0.4349453863449803,NA
SciQ,1762,0.7588999124598774,0.896664262215005,0.6080717577976715,NA
SciQ,1763,0.7021276595744681,0.8795044384563805,0.7464228976767977,NA
SciQ,1764,0.8270975056689343,0.9416844990894455,0.767279624607156,NA
SciQ,1765,0.7208554654738608,0.8546185977607816,0.544618567684512,NA
SciQ,1766,0.7174284213291305,0.8450023238539609,0.8063580711053969,NA
SciQ,1767,0.7607709750566893,0.8753956769475006,0.6199677059728532,NA
SciQ,1768,0.7124306974029764,0.8812232146119559,0.990589943926455,NA
SciQ,1769,0.728656670746634,0.8837767801308454,1.3472912088389557,NA
SciQ,1770,0.7501612903225807,0.9103882237780981,0.537998143435941,NA
SciQ,1771,0.7058916693063035,0.871098398116368,0.6637759873329523,NA
SciQ,1772,0.7924443106562311,0.899096957362081,0.8499706531531139,NA
SciQ,1773,0.7141459323455409,0.8560681332519187,1.2619379018024939,NA
SciQ,1774,0.7900715841892312,0.9216738792296012,1.139245326333358,NA
SciQ,1775,0.7282753122508637,0.843511197330734,1.2173380559401306,NA
SciQ,1776,0.6870327774583094,0.8533035186358391,0.5444459424436113,NA
SciQ,1777,0.6084768018675226,0.8095244509906199,0.7002854707262915,NA
SciQ,1778,0.7088350391330523,0.8737550902394637,0.6034813520862439,NA
SciQ,1779,0.7658397586322495,0.9177921575730177,0.461729066830619,NA
SciQ,1780,0.6931526207605344,0.8040497600382673,0.5804177443963583,NA
SciQ,1781,0.7734204793028322,0.8991049284895724,0.905423659911265,NA
SciQ,1782,0.6707466340269279,0.8632045116314059,0.23800952914566884,NA
SciQ,1783,0.795447913627079,0.9217465407052238,0.8674562685394247,NA
SciQ,1784,0.8092354829296761,0.92791037222356,0.4904834143425969,NA
SciQ,1785,0.7681294740118271,0.9132807566865089,0.5834496018625999,NA
SciQ,1786,0.7042962962962962,0.884547237127786,1.001058788325043,NA
SciQ,1787,0.7743548387096774,0.9295481866860409,0.7916624394945676,NA
SciQ,1788,0.756993006993007,0.8738036275613584,1.0339382093962488,NA
SciQ,1789,0.6644219977553311,0.8924679786922994,0.6076083573467612,NA
SciQ,1790,0.750764993880049,0.8895642290634597,0.8460505377493538,NA
SciQ,1791,0.6807380486441152,0.8460987749668212,1.0010626930267312,NA
SciQ,1792,0.753838409262522,0.8540913602276321,1.9299152495738654,NA
SciQ,1793,0.7312413793103448,0.867952248799585,0.7037129198305339,NA
SciQ,1794,0.6955555555555556,0.8752434141388177,0.6011271000837284,NA
SciQ,1795,0.7768584187023903,0.8756990627259041,0.8771993214081236,NA
SciQ,1796,0.6615172413793103,0.8034418321120398,0.5139812861894774,NA
SciQ,1797,0.7508754012255617,0.8794741170177371,0.8068881018853903,NA
SciQ,1798,0.7763448275862068,0.8847556871721155,1.2739102295365106,NA
SciQ,1799,0.7241778006166495,0.8499160336459217,0.9664301798155939,NA
SciQ,1800,0.6537777777777779,0.8566128480061774,0.8485469388255668,NA
SciQ,1801,0.7528789293495176,0.9108562967313781,1.0899612290353882,NA
SciQ,1802,0.7596826250672404,0.8904808710199351,1.3401699869019925,NA
SciQ,1803,0.7024382901866346,0.8814942402767636,0.43313675922836703,NA
SciQ,1804,0.7644444444444445,0.8534805196910605,0.7302325148471269,NA
SciQ,1805,0.6823745410036719,0.8604734937432488,1.1226899580166116,NA
SciQ,1806,0.7624444444444445,0.8913341446221358,1.3170315299413369,NA
SciQ,1807,0.7441058079355952,0.8801848310106256,0.9344924489322305,NA
SciQ,1808,0.7283950617283952,0.8511298894001497,1.037240387126091,NA
SciQ,1809,0.7757440985289086,0.9251471162717629,0.7318617050790076,NA
SciQ,1810,0.6860497623707017,0.8412513367598761,1.3374462623378898,NA
SciQ,1811,0.7572592592592593,0.9092348307301784,0.6178373070656629,NA
SciQ,1812,0.7008064516129032,0.8753320567120861,0.8035846970265551,NA
SciQ,1813,0.6762474467464255,0.8418553364480612,0.8319728109419522,NA
SciQ,1814,0.763787569302597,0.899695309089133,0.8128677042810531,NA
SciQ,1815,0.7745317305004192,0.8837084751604589,0.7599945651821037,NA
SciQ,1816,0.696965275751386,0.8507973402299417,0.5744159673977193,NA
SciQ,1817,0.8211444308445532,0.937089093689708,0.6163563978474591,NA
SciQ,1818,0.7832007343941249,0.9020933027963958,1.0131434691637478,NA
SciQ,1819,0.6941609977324263,0.8361696339264408,0.3666634128731412,NA
SciQ,1820,0.7331562762091138,0.8542106269111511,0.49993096281995664,NA
SciQ,1821,0.7126083310036343,0.8626519302423159,0.6781004818137999,NA
SciQ,1822,0.6979166666666666,0.8406594054819018,0.7372674274621199,NA
SciQ,1823,0.8175923660386591,0.8818860004691831,1.1393576494032684,NA
SciQ,1824,0.6939941536008504,0.8421269428598828,0.7568644691266783,NA
SciQ,1825,0.7320261437908496,0.8993241905392764,1.1580914170440175,NA
SciQ,1826,0.6895424836601307,0.8199426720223891,0.7327205670085352,NA
SciQ,1827,0.701593137254902,0.8480880641419551,0.8957882675537439,NA
SciQ,1828,0.752990954187336,0.8872881792832216,0.4999277230538028,NA
SciQ,1829,0.7369765702891325,0.8476382283699428,0.5314482938495709,NA
SciQ,1830,0.7018943170488534,0.833687741642996,0.4758591984185523,NA
SciQ,1831,0.791481354772494,0.9310406969390725,0.7444886927052367,NA
SciQ,1832,0.7160393818544367,0.8328791119339471,0.3600451808059363,NA
SciQ,1833,0.8358064516129032,0.9505512922393003,0.5100443277714856,NA
SciQ,1834,0.6633804936785069,0.8619582042755114,0.3644335763773363,NA
SciQ,1835,0.7633697527314547,0.894513885803959,0.7772041268945765,NA
SciQ,1836,0.6935172413793104,0.8333532570162856,1.096269662374825,NA
SciQ,1837,0.671844181459566,0.8529102828794932,0.7398852757564444,NA
SciQ,1838,0.8455357142857144,0.9637995717371227,0.8144698274244475,NA
SciQ,1839,0.7766884531590413,0.9065257865149221,0.4955393005730092,NA
SciQ,1840,0.6633832413974258,0.8205660220084418,0.8653629804603901,NA
SciQ,1841,0.611336315348057,0.7986318347737739,1.5821415015037532,NA
SciQ,1842,0.728476821192053,0.8809226485728907,1.3031880901480772,NA
SciQ,1843,0.7349655172413792,0.8652135879351215,0.6658721206958464,NA
SciQ,1844,0.7799832261671792,0.8972270120306914,0.9664706638396593,NA
SciQ,1845,0.7494163991829588,0.9040080892470359,0.875193849814149,NA
SciQ,1846,0.7297297297297296,0.8713269273629143,0.795530493382464,NA
SciQ,1847,0.7650459296800761,0.908317205678321,0.7832407309257338,NA
SciQ,1848,0.7615008625646924,0.9052941064553157,0.8697973436287907,NA
SciQ,1849,0.7250566893424037,0.8651970697883384,0.6396574784436049,NA
SciQ,1850,0.6850617283950619,0.8151798631338389,0.3513614829803263,NA
SciQ,1851,0.800788202390033,0.8905889447371957,0.537520765971527,NA
SciQ,1852,0.5713661774982529,0.8317236882248592,0.5620121723533318,NA
SciQ,1853,0.6129438076600504,0.8096798877527701,1.1316895174476997,NA
SciQ,1854,0.7074923024290113,0.8994544194039152,0.9435064961273094,NA
SciQ,1855,0.781883116883117,0.8848371997775815,1.2180870412545637,NA
SciQ,1856,0.725,0.855442576486564,0.6667505489378245,NA
SciQ,1857,0.7848639455782312,0.9045275338117611,0.9746324712963605,NA
SciQ,1858,0.7442348008385744,0.9201654794106059,0.9642517710273307,NA
SciQ,1859,0.6386054421768708,0.8193080743600697,0.4231768403450173,NA
SciQ,1860,0.6775419702248971,0.8636080795764836,0.4150308967198121,NA
SciQ,1861,0.6951900079723625,0.8229791461135556,0.7099492927703129,NA
SciQ,1862,0.7275368480725624,0.8726019334082451,0.8985563908395535,NA
SciQ,1863,0.7602758620689655,0.8838182810311643,0.5413825960752301,NA
SciQ,1864,0.6773289246693502,0.8535368718560351,1.0891283495370627,NA
SciQ,1865,0.7557135264416689,0.8899860178038081,0.763262272582994,NA
SciQ,1866,0.6865571572242709,0.8811635144733081,0.9317310605037443,NA
SciQ,1867,0.7318450779989241,0.8637661105867732,1.243793357496886,NA
SciQ,1868,0.6996538229981938,0.8556863229233176,0.6527550166028278,NA
SciQ,1869,0.6886574074074073,0.8403338387952716,0.6940277120092879,NA
SciQ,1870,0.7564692351926394,0.8714704372101438,0.595775163285609,NA
SciQ,1871,0.7412413793103448,0.8727797791341977,0.46310147203825947,NA
SciQ,1872,0.746031746031746,0.866830540316942,0.8782631750989367,NA
SciQ,1873,0.7797202797202797,0.892003982063128,0.9352161385030332,NA
SciQ,1874,0.7009921313718782,0.8948890955378228,0.4585125194798774,NA
SciQ,1875,0.6720701567897953,0.8127193353706145,0.8481881089994799,NA
SciQ,1876,0.7293709150326797,0.8478255602829143,0.8299073402377952,NA
SciQ,1877,0.7435740514075887,0.8841021557227683,1.050650391118083,NA
SciQ,1878,0.7428415810768753,0.8987173940636265,0.4473393922881959,NA
SciQ,1879,0.6279544791362708,0.8268013672317073,0.99061552524271,NA
SciQ,1880,0.8105057194461168,0.9245801865037193,0.745469328680731,NA
SciQ,1881,0.6887219142106799,0.8457353804741263,0.5523667331529359,NA
SciQ,1882,0.6889978213507626,0.8497202715711094,0.8173155210119447,NA
SciQ,1883,0.7046207104154123,0.8757977899014509,1.4122263010153095,NA
SciQ,1884,0.778962962962963,0.9172830986955246,1.1691198210076388,NA
SciQ,1885,0.7726525392765802,0.9254371952258712,1.3252989009916796,NA
SciQ,1886,0.7278202947845805,0.8786754484437278,0.855506149897068,NA
SciQ,1887,0.6566992524439332,0.8359838469212694,0.7523923032148309,NA
SciQ,1888,0.7616906474820143,0.8487183699507871,1.2314044407816267,NA
SciQ,1889,0.7061783617556612,0.8555291737227244,0.7314691864668547,NA
SciQ,1890,0.6192911947387651,0.8739986199214064,0.9673145362274129,NA
SciQ,1891,0.7835641180012041,0.9156622633405452,0.7368636857941521,NA
SciQ,1892,0.7538904450669157,0.9064573058832694,0.42262725213137275,NA
SciQ,1893,0.7658378207158696,0.9227529023198824,0.7487853959710085,NA
SciQ,1894,0.6676866585067319,0.8401297943985184,1.3389171007157887,NA
SciQ,1895,0.7082634931277237,0.8879303877261727,0.9510043749260311,NA
SciQ,1896,0.7480547774665423,0.8847769410729956,0.4686729368564735,NA
SciQ,1897,0.7237982663514578,0.8381903321441955,0.6025846536598101,NA
SciQ,1898,0.6823752553253575,0.8393941011481971,0.31024162250916,NA
SciQ,1899,0.7091836734693877,0.8629051732264987,1.4403314912359402,NA
SciQ,1900,0.7069716775599129,0.8251171778317532,1.2242183779032938,NA
SciQ,1901,0.6917037037037037,0.87086622269224,1.361621827317738,NA
SciQ,1902,0.7183703703703704,0.8729071923802811,0.6898045513717723,NA
SciQ,1903,0.694033530571992,0.8982625676710576,1.0690273292568986,NA
SciQ,1904,0.7013912168957425,0.8896707227930307,0.7774518652024229,NA
SciQ,1905,0.7440207281424396,0.8649080045866332,1.144487441726107,NA
SciQ,1906,0.7028888888888888,0.8687029953247272,0.4757909539793007,NA
SciQ,1907,0.6855867346938775,0.8504242267488675,1.0287595895996535,NA
SciQ,1908,0.7537741123846798,0.8826784281682006,1.440075620185709,NA
SciQ,1909,0.8352210449397149,0.9562015001530404,1.743742837517533,NA
SciQ,1910,0.6427678571428572,0.864464509273563,0.6067437385958651,NA
SciQ,1911,0.6236290322580644,0.8370334521212409,0.8465319292768677,NA
SciQ,1912,0.7765300761754662,0.893252171758893,0.9055802513490532,NA
SciQ,1913,0.7680802103879028,0.9224506037933614,0.39270231280601464,NA
SciQ,1914,0.6869582348305753,0.8344502992958175,0.6845045830096953,NA
SciQ,1915,0.7172582619339045,0.8696436832209521,1.190970580534303,NA
SciQ,1916,0.7467901955062738,0.8930124681060366,0.5380320572794312,NA
SciQ,1917,0.6687168017892089,0.8382833448121915,0.702886161395522,NA
SciQ,1918,0.6798665754361957,0.8844712372725433,1.3822286362894503,NA
SciQ,1919,0.7393136664659845,0.9068661896395848,0.8164612009717102,NA
SciQ,1920,0.6758337816030124,0.8252041230367411,0.8702389876036758,NA
SciQ,1921,0.7847507708119219,0.8791014237586579,0.9959072971401061,NA
SciQ,1922,0.7208029197080291,0.8400584926010544,0.8540996082492301,NA
SciQ,1923,0.7533116883116883,0.8619917559228253,0.5396790386894358,NA
SciQ,1924,0.7254665863937386,0.8945702782036755,0.64765641268339,NA
SciQ,1925,0.766244968372628,0.9012870704411327,0.7777700059256285,NA
SciQ,1926,0.6737538540596095,0.7941012114060715,0.7930606086911244,NA
SciQ,1927,0.6930989203384884,0.8439577324468751,0.6280036219827676,NA
SciQ,1928,0.6982142857142858,0.9055154271961261,0.9588334186622384,NA
SciQ,1929,0.6631893784651298,0.8376419412042257,0.8139158612402516,NA
SciQ,1930,0.8288681517158338,0.9386306792537882,0.6992228520778654,NA
SciQ,1931,0.785318340196389,0.9165335986556286,0.8041778395135087,NA
SciQ,1932,0.7304827586206896,0.8647287223035607,0.8005302337666846,NA
SciQ,1933,0.8204007530930607,0.9173213396872112,1.619698011513282,NA
SciQ,1934,0.780578898225957,0.9044495420433306,1.0420631018597004,NA
SciQ,1935,0.7386015911872705,0.8812835243939087,0.9470684095832802,NA
SciQ,1936,0.7931580614507444,0.9206180903921608,0.9484170146897262,NA
SciQ,1937,0.6926195135588482,0.8505018760143275,0.6441859600344032,NA
SciQ,1938,0.6910973641742871,0.8606186837463228,0.7815400905044627,NA
SciQ,1939,0.7390333596007355,0.852960273910906,0.8630963756932077,NA
SciQ,1940,0.7353622004357299,0.8728503447917206,0.686912144931291,NA
SciQ,1941,0.7263069611406207,0.8710208858352904,0.4317031327661199,NA
SciQ,1942,0.7703557988368115,0.9205025033138216,0.6261951526807473,NA
SciQ,1943,0.7807792207792207,0.8744769888756503,0.6532714773612878,NA
SciQ,1944,0.7740346729708432,0.8557354582465203,0.9609391317507302,NA
SciQ,1945,0.7571987699189264,0.8721812855473264,1.2174268697438442,NA
SciQ,1946,0.6784790109258194,0.8498785197302268,0.525264402219018,NA
SciQ,1947,0.8045705279747833,0.9025856311588456,0.45107776020590823,NA
SciQ,1948,0.7479769685652039,0.9005793956047571,1.172673818414612,NA
SciQ,1949,0.7469091431857389,0.883180351148235,1.7197947176635031,NA
SciQ,1950,0.7620464852607709,0.8814424772546308,1.1461568568423661,NA
SciQ,1951,0.745020964360587,0.9085542339450075,0.6658575002492689,NA
SciQ,1952,0.7758296270954499,0.9199779867664319,0.7993366620853172,NA
SciQ,1953,0.7724105163129554,0.9171335683383194,0.6570523756548767,NA
SciQ,1954,0.7651727357609711,0.8969960595046091,0.5845843493675924,NA
SciQ,1955,0.6883169934640523,0.8505571578397387,0.6836737556897775,NA
SciQ,1956,0.7361111111111112,0.8664508945579696,1.1062454764135563,NA
SciQ,1957,0.6474908200734394,0.8386553711912217,0.9761998146343271,NA
SciQ,1958,0.7049266247379455,0.891680056673932,0.818372886984974,NA
SciQ,1959,0.7479642763330707,0.8585066255781374,0.5016999979801452,NA
SciQ,1960,0.6503267973856209,0.8627953304724965,1.272280473427115,NA
SciQ,1961,0.7659883720930232,0.9055134435791046,1.527555788235891,NA
SciQ,1962,0.7387957577830996,0.8986592796273759,1.1194015350652378,NA
SciQ,1963,0.7111290322580646,0.9098030999811958,1.0362264024493972,NA
SciQ,1964,0.6894155844155845,0.8322702686891981,1.0146997886281914,NA
SciQ,1965,0.7254901960784313,0.8708640223119051,1.4116260620305652,NA
SciQ,1966,0.7001223990208078,0.8708443515227342,0.9128006494800766,NA
SciQ,1967,0.7287520172135556,0.8511887153339451,0.5912614006088275,NA
SciQ,1968,0.7238838634374088,0.8674768691082216,0.5536813816912537,NA
SciQ,1969,0.6656551509492686,0.8564108453156429,1.2030146483698199,NA
SciQ,1970,0.7575571895424836,0.877808976632778,0.40720712523235714,NA
SciQ,1971,0.7404996013818761,0.8627610641116463,0.47727512905635006,NA
SciQ,1972,0.766330523780855,0.908190480294166,0.8292622533151458,NA
SciQ,1973,0.7115182558444969,0.8350017035042935,0.9268667064166201,NA
SciQ,1974,0.7453333333333333,0.8864045174361097,0.8509154340921963,NA
SciQ,1975,0.7321736630247269,0.8979122181624857,0.7314203639274134,NA
SciQ,1976,0.7257777777777777,0.8703927737654699,0.7714759770231735,NA
SciQ,1977,0.7537125597785049,0.8643455890438358,0.5810589227241193,NA
SciQ,1978,0.6916206987128973,0.8200990512923361,0.909550381661446,NA
SciQ,1979,0.7301509644953872,0.8520939300756089,0.8187593065072223,NA
SciQ,1980,0.755524152106886,0.8489537651346913,1.4152487302302685,NA
SciQ,1981,0.7496175030599754,0.9015397002441786,0.9526683269469298,NA
SciQ,1982,0.7656113218558506,0.8941732550856125,1.0981424556746966,NA
SciQ,1983,0.6904137931034483,0.8334202355683078,0.9171020431558402,NA
SciQ,1984,0.787484700122399,0.9174503785764394,0.702106895100044,NA
SciQ,1985,0.7625858123569794,0.8653821694665946,0.7323742550775554,NA
SciQ,1986,0.7182222222222222,0.8760872194688033,0.32099498708751517,NA
SciQ,1987,0.6251111111111111,0.8262584361128916,1.1118499476596253,NA
SciQ,1988,0.7358620689655173,0.8600056334699974,0.574905698299199,NA
SciQ,1989,0.6477243834223239,0.7805838486223683,0.6515923639153877,NA
SciQ,1990,0.7374193548387097,0.8971799471685927,0.8178881074347801,NA
SciQ,1991,0.7359206302888824,0.8804043632334512,1.1681968053640461,NA
SciQ,1992,0.7990943070730305,0.9290243544509182,0.6283494641185255,NA
SciQ,1993,0.7140522875816994,0.8453514593244126,0.5457318876459106,NA
SciQ,1994,0.6434200157604413,0.7952604209450157,0.6651599059784804,NA
SciQ,1995,0.7721755368814193,0.9119997446226091,0.7160260378539641,NA
SciQ,1996,0.7786307576138937,0.8878358295056323,0.8924919973903175,NA
SciQ,1997,0.7233115468409587,0.8655910893508877,1.0502924656188797,NA
SciQ,1998,0.7297335600907029,0.8714269989776174,0.6354838323987528,NA
SciQ,1999,0.7554464766003227,0.86978951528971,1.238547423358571,NA
PopQA,0,0.8726475300400534,0.40168602732584335,2.485288090856558,1.8673146012254223
PopQA,1,0.8677336404093576,0.3556537202663464,2.8848357664314905,1.580006961676678
PopQA,2,0.8769924600272745,0.40440050876257233,4.031625687005987,1.9557034883231252
PopQA,3,0.8893157740463131,0.41342352704681495,2.333651724491382,2.2427512336149267
PopQA,4,0.86941347880595,0.38895585080281053,2.440216015135732,2.3208366394128666
PopQA,5,0.8796829446892894,0.44759992504464746,3.1377565801396172,1.9654421779509943
PopQA,6,0.8682681025396257,0.40220989312134886,2.9870848611252265,1.9420245693892046
PopQA,7,0.897093110241129,0.3796039434518516,2.667964804904635,1.449625799172734
PopQA,8,0.868853638876094,0.3991316675837852,2.924356033556519,2.203807908084975
PopQA,9,0.8791940820854435,0.3793614409429167,2.2685646794102086,2.164173880843598
PopQA,10,0.8817498067476249,0.3528712625395058,2.9700052930616683,2.533484401400402
PopQA,11,0.8963441124743521,0.494673863465696,3.428296424920717,2.2657334820725503
PopQA,12,0.8746165085902076,0.3647007129843057,2.7557623254663848,1.9536320752156067
PopQA,13,0.8489288129188792,0.3879856141395031,3.350100967969418,2.738394555310535
PopQA,14,0.8719547725453237,0.41366551258439155,2.8208108223846207,3.2343988470247096
PopQA,15,0.8916572138497273,0.46771063400259977,2.4775466910816832,1.9946618074193248
PopQA,16,0.8703724966622163,0.3417553267863994,2.3667440090782144,1.4928693697831938
PopQA,17,0.8627739169576004,0.3898125045077738,3.1059867037713573,2.1386832965485163
PopQA,18,0.9051599598006783,0.44644689632683143,2.6730507165607555,1.776593571096784
PopQA,19,0.8634035657261679,0.39462736131389864,2.679387014461643,1.7751348603772414
PopQA,20,0.8692356231247821,0.42533649925078854,2.4372019928031095,1.6090702944725492
PopQA,21,0.9154758933399892,0.444612328673766,3.4280003444951515,2.0101098207458703
PopQA,22,0.8963632847899243,0.39977975436938357,2.544912396450749,2.0906701129460146
PopQA,23,0.8945755517826824,0.4571967574446551,3.027397184021742,1.4321352125640978
PopQA,24,0.8553760546538163,0.378996477779324,2.777892875782164,2.058355232129968
PopQA,25,0.8813592366018032,0.3713358528140355,2.9227806446392255,1.958088593433697
PopQA,26,0.8829204300650235,0.4173532977563307,3.222028261284478,1.9870557671699136
PopQA,27,0.896834826849797,0.4134453042935624,2.2390969323243,2.3243764498120094
PopQA,28,0.9022081699247053,0.489826980479675,2.7280549616346725,1.7003323585041161
PopQA,29,0.901112445403784,0.48777484158167733,2.1067640333527775,1.8717236555085675
PopQA,30,0.8723084024493843,0.40827343851635667,2.7560072731003835,1.8021799168972814
PopQA,31,0.8503471576107182,0.31441211954743153,3.012084912337676,1.7887171191891054
PopQA,32,0.8983289555972482,0.43698684902053664,2.8517969590859034,2.6323296480222056
PopQA,33,0.8517933375496571,0.34312757783366576,2.7395857727286113,1.738647115424184
PopQA,34,0.8767917448405254,0.37541631182322616,2.9049234569929623,1.8679199899587369
PopQA,35,0.9041002954814329,0.4243600715293399,2.2024714340829976,1.8598262563834207
PopQA,36,0.8816623953986593,0.42330753691353573,2.416009480807475,2.047606922700665
PopQA,37,0.8886732390248656,0.3806636939286981,3.1960962278164224,2.296049470601942
PopQA,38,0.8735323041738137,0.42378532027221916,3.6675307038617553,1.3234273748100123
PopQA,39,0.8726641205011789,0.36033305439544594,2.652302586857181,1.6025491161139416
PopQA,40,0.8696152071165997,0.39376784051111796,3.103678932760088,1.8251679284764875
PopQA,41,0.915337085678549,0.46267086684537717,2.229708193977559,1.4619108751743244
PopQA,42,0.8793355729103534,0.370555266858941,3.404396149677785,1.9056126722030957
PopQA,43,0.8965234184199578,0.44261705941158985,3.3239069766457243,2.115526454585154
PopQA,44,0.8991219835168093,0.45193374603255937,2.031825829406214,1.874460968665298
PopQA,45,0.8871522665633476,0.416323683377592,2.9267478519309473,1.599614274037786
PopQA,46,0.8924102335598381,0.44540060198573567,2.9005873248056053,3.1848549715132903
PopQA,47,0.8873618157543391,0.42481341300930686,3.211729788874283,1.5914274627383689
PopQA,48,0.9011744127936032,0.4482720974827182,2.8088421729712167,1.8946040498629084
PopQA,49,0.8853839807899118,0.4509568548424712,2.3277992447960107,2.4346645890460583
PopQA,50,0.8762391763302022,0.3945704775738489,3.158552314808021,1.8959961684176108
PopQA,51,0.8961949353042167,0.3949824626087562,2.2349130307854836,2.5082386577555416
PopQA,52,0.873716751335485,0.3910588217455319,2.433343652057328,2.0191429654572577
PopQA,53,0.873142797010273,0.3444995832182668,2.266517700764519,1.547698609516817
PopQA,54,0.8890074328187535,0.4482591037066991,2.5784474636020174,2.3139324378004194
PopQA,55,0.8640801139882286,0.38987595299229016,2.1071580861803856,3.2696452268317726
PopQA,56,0.9091315589084276,0.48920341453822425,3.2743843459653927,1.7672405642368068
PopQA,57,0.8833047974425774,0.3986704557384046,3.434023768948865,2.3953024267474805
PopQA,58,0.8944780892759934,0.3468926892507809,2.8511655245007734,2.3403463485431546
PopQA,59,0.877642840800366,0.3838026144014641,2.970462655864434,1.772857940174083
PopQA,60,0.8552276914056175,0.4387068680155032,2.5902323303327885,2.01570941675698
PopQA,61,0.866592214097033,0.3834072372624038,3.5879264686536847,2.0449668110311356
PopQA,62,0.8827327384553818,0.38052325258160197,2.5934884635996105,1.890399089418836
PopQA,63,0.8686076894363568,0.3552920213602594,2.7454960766094887,2.341113396175066
PopQA,64,0.879577299814053,0.3991478019940773,2.725089387853413,1.8664017318964696
PopQA,65,0.8843442688172545,0.4410710757395856,2.3578682706029572,1.7621712853908036
PopQA,66,0.9073948177934639,0.4743548252225755,2.8487426255224793,2.1216476095996972
PopQA,67,0.8859754155242832,0.40806235404362523,2.591037612999401,2.229215409019766
PopQA,68,0.876973409744637,0.3632754614319322,2.508249618067594,1.5378112800907298
PopQA,69,0.8661429600714047,0.34375141785520535,2.648871318717954,2.384821293111518
PopQA,70,0.8704697248858925,0.35331693708095824,2.6908498396003795,2.329582959601188
PopQA,71,0.8982597623089983,0.47822690852034716,2.9204643503868413,1.886352843974859
PopQA,72,0.8769430499832006,0.47257122167737875,3.8251373056691813,2.0621533711295323
PopQA,73,0.8843378607809846,0.44018105018625825,3.1814271970375794,3.152769230707925
PopQA,74,0.8982258702414894,0.40887366516416906,2.188019338802532,2.73202976987791
PopQA,75,0.8210544924205594,0.33975068232471495,2.7212191656622435,1.9819867261805793
PopQA,76,0.8823533882589001,0.3684723826916299,2.6727142082956705,2.255620612633215
PopQA,77,0.8909659487449793,0.4168244089104037,2.4813806204001034,1.9930121489982209
PopQA,78,0.9022406118503887,0.41949124884902445,3.2690896573236916,2.331193730356139
PopQA,79,0.8822017562647249,0.34635908706739466,2.896697820490211,1.5667325453744643
PopQA,80,0.8717510944340212,0.402601473145047,3.3605269787876146,1.5743016180651495
PopQA,81,0.8907093180126535,0.4095818086545448,2.2830511804282723,2.175405316164166
PopQA,82,0.897513049369473,0.43663876182282335,2.763561143479437,1.647068933509856
PopQA,83,0.8957537382254133,0.4024211324612125,2.6370079750289763,1.5328035787814522
PopQA,84,0.8751829105473966,0.4153051534623075,2.561055254769813,1.5402124980219039
PopQA,85,0.8654438108694555,0.34280442799962607,2.4795867460190704,2.0481001257341798
PopQA,86,0.884355650421838,0.43773495953821245,3.031453455513815,1.7849841519137917
PopQA,87,0.8837911400325367,0.35819181992047794,3.113350721866275,2.161199648973432
PopQA,88,0.8688346087644214,0.3951289446341142,2.8136966749786962,2.6653775368217465
PopQA,89,0.8765611638128195,0.3689369868209064,2.584675851461449,2.3037609337060303
PopQA,90,0.8681068090787717,0.3905014803983763,2.2084956439071366,2.113895267975087
PopQA,91,0.8715884404736407,0.3983315618851519,2.494419946781732,2.307316068249628
PopQA,92,0.8456212835351907,0.3169695980922731,2.7102996934760837,2.2507447104223544
PopQA,93,0.8763437567848932,0.3952011342321866,2.708503237953912,1.8545072906933537
PopQA,94,0.9062756052141527,0.3756202059089635,2.9586249304370633,1.6662267563971263
PopQA,95,0.8485556157484004,0.3629150760125006,2.306385917295408,2.078945630543158
PopQA,96,0.8828073017617959,0.5018942485834427,2.4414351565272083,2.552947336881349
PopQA,97,0.8979145631265999,0.4212668261076822,1.9344689641309578,1.4280257577501134
PopQA,98,0.8654815956809992,0.36371550687571075,2.4821351322464276,2.04891579317388
PopQA,99,0.8633680608675254,0.3413801638268516,2.592721365224154,2.3280045563700424
PopQA,100,0.8716802750322303,0.36029933751126236,2.8918013247489878,1.7322058943355019
PopQA,101,0.8899539311015088,0.4805329490809986,2.0545443806975885,2.567033536876779
PopQA,102,0.9018716564246365,0.5252577564436121,2.782519802935953,1.3682269073625095
PopQA,103,0.9009971395081244,0.4269582240372838,2.833324274923826,2.0476947848679536
PopQA,104,0.8624615481046469,0.40259716392164724,2.1869353082784735,2.3929363428624475
PopQA,105,0.8824853991947677,0.35341553784595886,2.4533620204640423,1.8955678570985868
PopQA,106,0.8753233270794247,0.43947033173758504,2.8466417932923984,1.485781633331562
PopQA,107,0.8856141030608291,0.3780692619687613,2.2568719184700714,1.7667853510186582
PopQA,108,0.8766402044236112,0.3970044406117482,2.9749914522127394,2.08677035249341
PopQA,109,0.911110780669145,0.4826794675510648,2.9054162364177585,2.0985060396126562
PopQA,110,0.889118145691032,0.4239492176749844,2.2738539910783473,2.188102664884478
PopQA,111,0.8896731950511567,0.4560724108242147,2.680476772121442,2.031041767085407
PopQA,112,0.8373563188308697,0.32875829438127485,2.898275377084061,2.052293645695531
PopQA,113,0.8816795755916387,0.43331844184471224,2.4964966242377677,1.7707426128886286
PopQA,114,0.8538875630194682,0.4126539595732793,3.1173385223290135,1.7981145550110182
PopQA,115,0.8670290789285202,0.32430082621462686,2.942107754146322,1.7416648161990276
PopQA,116,0.8875057884096273,0.3873101872566219,2.825686386096107,2.4386980833368015
PopQA,117,0.8362701688555347,0.3565307426568164,2.932652810716692,1.7613183515454631
PopQA,118,0.8543171448351804,0.3829604872501018,2.4263067097875144,1.967458808549671
PopQA,119,0.8748378584511236,0.44583156668100843,2.2359021400924513,1.9634156653254988
PopQA,120,0.8943401568798954,0.3775704441706635,2.5085226025445864,2.1331393162926453
PopQA,121,0.8582507141656864,0.3062928395414879,2.4532431850493457,2.3029374864103103
PopQA,122,0.8911690027231435,0.4140535853357366,3.3277321225882557,2.4578537871380917
PopQA,123,0.8789763705159763,0.36535186240942996,3.314589571830156,1.9275789817195454
PopQA,124,0.8837421414378318,0.459142948221157,3.075910120870263,2.242056492429439
PopQA,125,0.8740947531846366,0.442383331449749,2.6733748826277988,1.94487789200685
PopQA,126,0.8624085447263018,0.4151632593105029,2.585906171353426,2.3847639393020508
PopQA,127,0.8618835885766405,0.38425455924875107,2.627659448812013,1.6353098916947983
PopQA,128,0.9031562626999282,0.43933679417363164,2.8367563479431013,2.390318101309048
PopQA,129,0.8497375950427594,0.3886679412292663,2.6642433623532127,1.978525374941507
PopQA,130,0.8715134921448338,0.38199263795914645,2.6343254505009006,2.078599469876018
PopQA,131,0.8750222457183535,0.4069500963533764,3.275100414236511,1.9184728336478185
PopQA,132,0.8748530589081771,0.38090305243412936,2.7224393469715187,1.7429997786620863
PopQA,133,0.8921388160905195,0.402292796198972,3.046743908208706,1.7276296823211443
PopQA,134,0.8990956907936394,0.43871625070663195,3.122943809608215,2.1638166712171434
PopQA,135,0.8859929186592216,0.4096197073631764,2.7189018655696144,1.7698999104399589
PopQA,136,0.8787473667152812,0.4161987861527548,1.945149931318897,2.492041075913293
PopQA,137,0.8824671204740243,0.40525779687554486,2.141937733088748,2.0788437370831545
PopQA,138,0.8932071967566553,0.3761839714811148,2.828832931404591,2.957633755097113
PopQA,139,0.8637489285915918,0.3619950559265055,2.49985216536613,1.9357574873766414
PopQA,140,0.8992548165593168,0.434291315215839,2.5452380704502287,1.5802232411667614
PopQA,141,0.8744595599011766,0.39932106327175204,2.9984921720161752,2.332263638366019
PopQA,142,0.8536772746924831,0.4090942137938612,2.795886484729906,2.112144310299522
PopQA,143,0.8613959232578581,0.4143634899930579,2.550635582575938,1.9619963544812897
PopQA,144,0.8746267726799999,0.4375172118362964,2.2288933025428754,1.6890904185258353
PopQA,145,0.8645895173331895,0.38742600283274087,2.7660575701858674,2.272228638969764
PopQA,146,0.887590901190336,0.42850586872246355,3.3069690672456615,1.8066774248331303
PopQA,147,0.9111923593097704,0.4329562873593585,2.241452968060694,2.2688215839060932
PopQA,148,0.8671019101034119,0.384338732303599,2.925071636068341,2.1398298683760424
PopQA,149,0.8687163494855803,0.3234440147184472,2.873302245701183,2.0210830223594574
PopQA,150,0.8999060445542482,0.41750163858873146,2.911672897474714,1.6177545181798259
PopQA,151,0.8750517890772127,0.4244249517968445,3.033026911623655,1.925116461835436
PopQA,152,0.9010212470933265,0.41220701288581224,2.6570558637974453,2.278497837323818
PopQA,153,0.8919713346660794,0.4165542862289236,2.272368019709864,1.9358959690469597
PopQA,154,0.8638746747281061,0.38306926551413684,3.0583984958358235,1.8771611812100992
PopQA,155,0.9013581015072571,0.40728001085033844,3.5509701223197943,2.325973273278859
PopQA,156,0.883863664790494,0.39347935458154093,3.1196629809166283,2.3078776208037817
PopQA,157,0.8485042832277221,0.34048857509870567,3.525715236936404,2.45551006493494
PopQA,158,0.8367863206403104,0.3404014841076123,3.353829520428601,2.2295580815791602
PopQA,159,0.8989164203985754,0.42257783763404533,2.173539110964624,2.29488991929918
PopQA,160,0.883588944909326,0.39537649258742324,2.988707820656359,2.088486501284383
PopQA,161,0.8673296827186343,0.38255456935898297,2.6079834145296363,2.0726981791927686
PopQA,162,0.8921816939427822,0.38905098137493227,2.1727089838793376,1.9357700189255356
PopQA,163,0.9113620817843867,0.37167033012386386,2.167720586151019,2.328499709091263
PopQA,164,0.8904740462789243,0.4014524428404242,2.789894510735415,2.559100900529287
PopQA,165,0.8659953363129113,0.43510079199484425,3.0852054107657465,2.5333525379308193
PopQA,166,0.8730532692837255,0.39217212177434113,2.19096062297285,2.016175155263348
PopQA,167,0.8659795020591539,0.3605654656008091,2.707403370274993,2.082239393422186
PopQA,168,0.8791192044427224,0.3801705966660896,2.5319685609696467,1.8967967517259532
PopQA,169,0.9132899958060458,0.46258602501894497,3.5438703816295627,2.0857086303040644
PopQA,170,0.9182604831241594,0.5454300802972463,2.8201265959117596,2.4732354489839126
PopQA,171,0.8910233877015373,0.4073408880338911,3.1310902307705746,2.4449001693510444
PopQA,172,0.8796673328958098,0.42023101777567723,2.6889652479715895,2.3597267589204396
PopQA,173,0.8521843297373026,0.3824084427675656,2.750546825683604,1.7011641053039563
PopQA,174,0.883977686150861,0.40406122365027486,2.798335090215822,2.67857097032025
PopQA,175,0.9128952595694422,0.4419937386015522,3.105154629026544,2.1096816198256665
PopQA,176,0.8524903064415261,0.35371394058777117,2.5867707306018985,1.9351698012583487
PopQA,177,0.8924131631841212,0.4103551576772075,2.2952607120322353,1.9787114969718798
PopQA,178,0.8813346545897888,0.3624421203134351,2.2215206025040737,1.903774251809934
PopQA,179,0.8810215781511266,0.4060459271690582,3.136258305590473,2.4355720597356805
PopQA,180,0.8892976980897307,0.40987190517844296,3.143971303193634,1.9131032382168531
PopQA,181,0.9011097142432778,0.42487465204414065,3.4114098869557754,1.913195822184612
PopQA,182,0.8758745634293126,0.3705345403877898,2.864585384931277,1.7855719493596633
PopQA,183,0.8817760525788656,0.46055451460015373,2.337368075364698,1.847020014110793
PopQA,184,0.856660225358733,0.4701654643961699,2.8254510708241316,1.917677743036417
PopQA,185,0.8926347901880215,0.4635209095837417,3.4460000266938375,2.320220919630287
PopQA,186,0.890258933525827,0.4999895401726373,2.7638116697342925,2.478241663491748
PopQA,187,0.8764287489129085,0.40129020633672075,2.7757296407893817,1.4345336290774033
PopQA,188,0.9057355646983607,0.43594810551527396,2.762990991570309,2.188324041470868
PopQA,189,0.898100482549191,0.4404230430377954,2.7607008902148267,1.8884788701475919
PopQA,190,0.8750892014140482,0.40924392045389596,2.4908836320624927,2.213016049704568
PopQA,191,0.8635039221992662,0.349645754637481,2.342256135585257,1.8439961832005143
PopQA,192,0.8982508943138864,0.4406243011944048,2.5337732543203795,2.3337891222750504
PopQA,193,0.8657781221748675,0.3658022031779325,2.842352100778648,1.5183789065143736
PopQA,194,0.8780189585024163,0.3792102441242736,3.255022574907717,1.9267862712075858
PopQA,195,0.8755681100132462,0.4058412287386464,2.498215684473412,3.1679967914465847
PopQA,196,0.8924102870170232,0.4307037151247424,3.071886718595873,1.960974908998151
PopQA,197,0.8764200083097722,0.43067158676871076,2.7797401569747144,1.3256655392053505
PopQA,198,0.8453865510196128,0.4080333704978034,3.1184543583825564,2.503637149275127
PopQA,199,0.9047630810442877,0.4334561988762511,2.464619080096885,2.4702976301347093
PopQA,200,0.9159847198641766,0.46675174920559004,2.2788980076708416,1.7669554434315917
PopQA,201,0.8771885108835986,0.44575885824615935,2.8052814170881626,2.031960665030313
PopQA,202,0.883090327682442,0.3390242251278342,3.533747106718195,2.2138883016916955
PopQA,203,0.8561162941742148,0.34737992918106064,2.542348987792962,2.099133598948471
PopQA,204,0.8965933085501859,0.4200604701917728,2.9578359976579605,1.7180520542382505
PopQA,205,0.8452419272862807,0.3588917177137163,2.2999442355304924,1.4630525442151407
PopQA,206,0.9066039817899064,0.40530107865414794,2.38355604659966,1.750415116087792
PopQA,207,0.8699252336448599,0.3379449601641923,2.7098492577934934,1.547514135115924
PopQA,208,0.8886436993610434,0.387211128387356,2.2429890535277943,2.405056897513774
PopQA,209,0.8460307715832839,0.37604785608519087,2.6563069845729017,2.5013701311631267
PopQA,210,0.9051064123825316,0.4072051313176554,2.9824803490637763,2.2664861450592744
PopQA,211,0.8680950248448093,0.40239172775586257,3.1311086755505966,2.642378292016724
PopQA,212,0.8751878097984056,0.41129427360219856,3.3099396957258884,1.8172236452503914
PopQA,213,0.8886578449905482,0.45149975922195773,2.1663890515534048,1.868316949750493
PopQA,214,0.8905359679710705,0.43665212364543365,3.031478850296515,3.7132631695739193
PopQA,215,0.8743326284493949,0.4178015260535184,3.061201868090951,1.6226695829148163
PopQA,216,0.8659741892277627,0.34314020727532835,2.2833235965363623,1.888306013785907
PopQA,217,0.8913784963690277,0.38365819051532357,3.0707667412106696,2.4572452262416595
PopQA,218,0.8826782752902157,0.3596729148784066,2.7351869827755086,2.0380490768347763
PopQA,219,0.8769046599149406,0.413235747464518,2.8286136957248558,2.0176732138477615
PopQA,220,0.9019043670536208,0.42109695511269146,2.660413026359025,2.4142835546192667
PopQA,221,0.8512132773943797,0.3564008612429006,2.6953053134152256,2.583528321499864
PopQA,222,0.891467725568477,0.46547141007678705,2.4378710952513707,2.0063136922942326
PopQA,223,0.891309020297646,0.44228829671357184,2.996531869285277,2.259792283864443
PopQA,224,0.8610600801068091,0.35593048506413694,2.8638905122827167,2.1844319871601785
PopQA,225,0.8921623785020012,0.4700821147951584,3.209521754492946,1.8361673040619375
PopQA,226,0.863855062264786,0.4515954977358466,3.234251936267476,2.0168505711101155
PopQA,227,0.8567565764768662,0.3907634262317592,3.540213153806807,2.1625845001615267
PopQA,228,0.8987772676670561,0.43583324739974416,3.607325256309043,1.5174958984285734
PopQA,229,0.8843318032844272,0.4275907627550145,3.1393224975117167,2.157305398708783
PopQA,230,0.8711166586470893,0.39926906415227364,2.7741896178759036,2.255316541534306
PopQA,231,0.8536074766355141,0.3928824091444003,2.773476995258912,1.8889168228841648
PopQA,232,0.8734115423106861,0.4637279461440005,2.8897339724201987,2.0746032418717535
PopQA,233,0.9076294726930321,0.45632908566168806,2.9638363011625275,2.305468696589223
PopQA,234,0.8770090394106141,0.3742083244128324,3.0096790310046355,1.8422924956627633
PopQA,235,0.8924011818385003,0.40970300787788205,3.125855364879956,1.7599008095964392
PopQA,236,0.8798625770546744,0.42355046026781945,2.190235460284892,1.9429918191735027
PopQA,237,0.861099897394493,0.32841512801363604,2.411794601285125,1.905377127965118
PopQA,238,0.8903246828022277,0.4287969967399778,3.3884503301510986,1.927271306294093
PopQA,239,0.8802439460135454,0.3993755592072549,2.91345538882237,2.056960227637687
PopQA,240,0.869425816473441,0.42224882751418497,2.990298011860757,1.8003245423769099
PopQA,241,0.9050762783771147,0.45153674297726554,2.492809816546387,2.1553881022311576
PopQA,242,0.89472334415913,0.47473783681686443,2.3509769564447422,1.3006814148825117
PopQA,243,0.8706265376173008,0.37365224063882546,2.547849245588766,2.0386264658949633
PopQA,244,0.8604338972252876,0.3932886154880587,2.7067344187865947,2.1976193293770603
PopQA,245,0.8858248575231915,0.37146849200106913,2.479767482980822,1.811277346202696
PopQA,246,0.8841836138219756,0.429119882100763,2.467173141214092,1.9666078720861768
PopQA,247,0.8941110598774783,0.43464076903359306,3.100178036133683,2.387867875530252
PopQA,248,0.9001639508537136,0.4202396981207546,2.95008073028652,2.0163434864492364
PopQA,249,0.853274252880552,0.36073074199302696,2.3482943334414434,1.6239758312317174
PopQA,250,0.855226801404922,0.35089165068763034,3.337234771428456,1.731723546979437
PopQA,251,0.8770769230769231,0.33675777143350827,2.5616923157930973,2.401061326527871
PopQA,252,0.8928319461905292,0.4152957463743804,3.4304294012544294,2.321827861904492
PopQA,253,0.878620939022227,0.4602756839955485,2.6212808327538335,1.977581421390462
PopQA,254,0.8929409541992324,0.4044200385933703,2.590180329884185,2.4514090964464286
PopQA,255,0.8666408751184448,0.35496470328656354,2.6093455955089504,1.834745757003902
PopQA,256,0.8949730656099153,0.46232529249578286,2.606943575412006,1.833471615539527
PopQA,257,0.8800765065913371,0.36955143964968795,2.7313827248301066,2.018693920914334
PopQA,258,0.8604908339160308,0.35001826359949495,2.0444621873721682,2.028953653441117
PopQA,259,0.8671469520452306,0.44250698886064715,2.478172536384958,1.649756857627533
PopQA,260,0.8615603083521706,0.3235961285700733,3.0815200217445438,2.265815469549012
PopQA,261,0.8870172635516933,0.3592916731924796,2.8121296645682192,2.048683981287532
PopQA,262,0.8658279877746772,0.33320290669403735,2.1395087316546424,1.8768898057552816
PopQA,263,0.8686191551217295,0.3953124470526856,2.9467477662516535,2.0389265353321293
PopQA,264,0.843775059578265,0.36041024755493956,2.968020626375215,2.469755680327053
PopQA,265,0.861301284728437,0.3845405580771125,2.1359298541527747,1.9776790237877104
PopQA,266,0.8618704352869322,0.3599739484971232,2.692484575309828,2.0090573426307103
PopQA,267,0.8463893890540598,0.345665145004759,2.9801416463718815,2.2151878298745165
PopQA,268,0.9150258414530507,0.4385093131290093,2.8369654015437806,2.582778207902252
PopQA,269,0.8519854973291534,0.3322012305571953,2.768181893078894,2.0588858245548765
PopQA,270,0.9026271420674405,0.4052284498525321,3.252402130788471,1.8319499614228725
PopQA,271,0.8607369996258885,0.37575450514807524,2.0107162940330654,2.2124562994663837
PopQA,272,0.8634222653407714,0.40474406194355594,2.4890298360781293,1.9086313850395569
PopQA,273,0.8926940275943283,0.3852379459255414,3.042381379027633,1.8690448329526104
PopQA,274,0.8760519867902418,0.40103540492091955,2.4831322491617684,1.532994927578481
PopQA,275,0.8800890635857773,0.3772465803599598,3.262388608097047,1.7011818037387774
PopQA,276,0.8714321450906817,0.38311992171380654,2.694556664998773,2.1091422975430825
PopQA,277,0.8820887142055026,0.3765638437608996,2.3548225041789492,2.802528843838915
PopQA,278,0.8992012667892592,0.43325667587172756,2.100784239090814,2.408861605632248
PopQA,279,0.885388891344166,0.38608088524088646,2.8356169175650168,1.656999340928229
PopQA,280,0.8566383141198444,0.35353256267699806,3.001025203915674,1.6748127782360203
PopQA,281,0.8354453969437197,0.35235683251925437,3.2296424057608677,1.5830638723324988
PopQA,282,0.8618678524559429,0.3613073120115018,2.518370532421841,2.2199196858068766
PopQA,283,0.8785568760611205,0.4311350798074114,2.4855613854792344,2.2119373012532284
PopQA,284,0.8972742792525744,0.368929232268498,2.9595904044915735,1.7600690501719427
PopQA,285,0.867146966854284,0.4040223523650373,2.718012623964855,2.645449792955839
PopQA,286,0.8833761672459276,0.37767499742921895,2.577231518877116,2.8157237417361105
PopQA,287,0.8686751993838608,0.4001611387915195,3.138044471884869,2.3132970950733083
PopQA,288,0.8748377371131861,0.3798685477258066,2.670344616802473,1.674573915129167
PopQA,289,0.8837108290475448,0.40218420881138317,2.6645197529561777,1.5125901446322063
PopQA,290,0.8550605767140345,0.3272401413498289,3.045071935072548,2.3435698172635404
PopQA,291,0.88201103468528,0.42687768573279106,2.737506545407655,2.011570138902139
PopQA,292,0.8595603667600084,0.4020424645309947,3.3202395835494696,2.6973902856003953
PopQA,293,0.8591796431007047,0.36599324244070713,2.7247833057859734,2.011470766629725
PopQA,294,0.8963679359689547,0.4136074912639719,3.9786788262429145,1.7353435278193747
PopQA,295,0.8533527266940326,0.37702497931324797,2.60579175328953,1.8593094237890488
PopQA,296,0.8599779978551686,0.34522818915563613,2.8029203671396754,1.6792797811547484
PopQA,297,0.8708872604514069,0.37869557949666055,2.286844429041425,1.9673884104815322
PopQA,298,0.8717584288450431,0.38437735313132076,2.9119874386928393,2.4572587435358977
PopQA,299,0.8956963596786675,0.4212487769509112,2.5321311287112453,1.984514979935543
PopQA,300,0.8725674341862967,0.4430654145962457,2.4809005046493033,2.0949117839218534
PopQA,301,0.8651457160725453,0.40959940440892806,3.1295657872750327,1.6863777662021997
PopQA,302,0.8899111875089528,0.4180991388275287,2.5899212126973428,2.2161891358614314
PopQA,303,0.8819321224634642,0.46791734315272515,2.61584718713341,1.556008860607266
PopQA,304,0.8464446096654274,0.3230871255090483,2.8018661268386196,1.9278589946673403
PopQA,305,0.8878983110778318,0.40750619259819154,3.207988137348753,2.677735068098179
PopQA,306,0.8651845722136464,0.4330932239461641,2.7196762880320025,1.8360124886916498
PopQA,307,0.881652355558749,0.4724947009249786,2.3162221202942086,1.652416042037195
PopQA,308,0.864913962759247,0.39908803669070647,2.9377625145994313,1.8096079086278656
PopQA,309,0.8851714853279798,0.40346402455399094,2.760110923173685,1.9295585103898727
PopQA,310,0.8529177739938574,0.3705529337728887,3.3663119341490724,1.6724755502897972
PopQA,311,0.8801833914503423,0.40364622821788987,3.0147507897906314,2.5606241471002087
PopQA,312,0.88670082367977,0.4811739503711643,2.864591470037479,1.8301324443587812
PopQA,313,0.8996888216573845,0.44697968687386563,2.377390857353807,2.2030856325070127
PopQA,314,0.8415304360774897,0.3714476369950777,2.8308901317049053,2.0248466628829696
PopQA,315,0.851513003731883,0.40056792673993585,3.6544614620889417,2.5046438929785375
PopQA,316,0.8748567108721861,0.47556708119757246,3.6197624311844407,2.044126989437119
PopQA,317,0.8889195671122228,0.37401910611976946,3.3341550979681704,1.8601036535272324
PopQA,318,0.8608614232209737,0.38458036188902517,2.8337411613112287,1.78705285554825
PopQA,319,0.865639631013155,0.3569925317232648,3.196260499630042,2.22855362931819
PopQA,320,0.8694983217674923,0.3809318350621905,2.9974746995211317,2.031513448436332
PopQA,321,0.8772429959977129,0.44820789729221006,2.7128297625106637,2.134964567206536
PopQA,322,0.8841210461841804,0.37958360735579455,2.810352487918968,2.1426277989977316
PopQA,323,0.8930887124052539,0.4899484135202023,2.6169110077806383,1.7588799662990098
PopQA,324,0.8855517438536307,0.4491883280116466,2.9587024271365205,1.4624119017701174
PopQA,325,0.9138077436582109,0.46189925520708325,2.836344452926938,3.082861315656862
PopQA,326,0.90819653344793,0.42269368675330193,2.763204236098628,2.05050708815794
PopQA,327,0.8404530358172742,0.34477671940828053,3.0232359427434607,2.7325648214777245
PopQA,328,0.882862995445777,0.44126524596396677,2.3822670016276644,2.294753752515435
PopQA,329,0.8885933731755087,0.5184712660434236,3.009168076729636,1.5376959895144153
PopQA,330,0.8749148236781997,0.38867204826603435,2.6118517926812426,1.4880750081082248
PopQA,331,0.877992565055762,0.3644474191442975,3.451640760819947,2.1900444376248207
PopQA,332,0.8827153385536619,0.42315922192350003,1.9465033287417863,1.8044220512247533
PopQA,333,0.8771729303887382,0.39347599127554456,4.601485229466167,2.3205687458530164
PopQA,334,0.8901466490108109,0.4389890308630963,2.756867199003071,1.8103366779192784
PopQA,335,0.8910966735692871,0.4665732249497824,2.7892635472669003,2.6080627266047203
PopQA,336,0.8546616635397123,0.33535068267249135,3.0549484597007743,2.068930268350902
PopQA,337,0.8836714783662953,0.45271854634061626,2.268376840018403,2.4214540039548513
PopQA,338,0.8469066450417528,0.3042514774809054,2.6728291704146874,2.3607257361214353
PopQA,339,0.8459979008209804,0.39199792643016484,2.993174946171645,2.4758818581439623
PopQA,340,0.867053424173925,0.388456761234178,2.766942714143487,2.060375500420386
PopQA,341,0.8928758398045545,0.4049015400344536,3.008710681139641,1.5321967171348203
PopQA,342,0.8784129646955082,0.4245972225169302,2.76422075153195,1.6719934816488826
PopQA,343,0.8392283044058744,0.35165542977390296,2.501097909362971,2.301110071745856
PopQA,344,0.8629759883579917,0.3851988338317126,2.4867125911388825,2.5485686690444385
PopQA,345,0.8650190479327231,0.3248287022861062,3.389260247919062,2.1220029345193567
PopQA,346,0.8623845126835782,0.37933358399109157,2.3973555032180136,1.9927195526523038
PopQA,347,0.8475443833087591,0.2701889900558726,3.4835958596023877,2.18132255282517
PopQA,348,0.894979083997376,0.4197873356715608,3.7600925074905103,1.7608633584335007
PopQA,349,0.8701138358874797,0.40036328610330146,2.345179796962604,2.223379618719002
PopQA,350,0.8669646060851405,0.4065621528320491,2.88242097016301,1.7904348723082555
PopQA,351,0.9081019585885866,0.4425768055878296,2.560108381201874,1.437707329938801
PopQA,352,0.84617564584452,0.35142002327124044,2.972051191123934,2.805506482542003
PopQA,353,0.8860613378542653,0.41041053372233016,2.6105372003598295,1.8108032001747996
PopQA,354,0.8853330569375346,0.3800482113849438,2.7335960532499186,2.3369876422749942
PopQA,355,0.8916189224990869,0.38208746715735686,2.2701157213439926,2.18637323686676
PopQA,356,0.8710276742378764,0.40652089730662844,2.616262990170183,1.3993047909031688
PopQA,357,0.8644048360145474,0.40223695632615875,3.3874984602356704,2.274550313082515
PopQA,358,0.882350247058331,0.3705516402190419,3.141917763225998,2.181685817973985
PopQA,359,0.8890285756722205,0.41021277214109886,3.053079513742298,2.3835449999877216
PopQA,360,0.8571804350125538,0.34362595367143123,2.8354583729743337,1.696020616274645
PopQA,361,0.8820289060231635,0.36643775722450633,3.231409806967789,2.2988048900726263
PopQA,362,0.8657850383149784,0.3760546457617024,2.7057937517900763,2.467621891092002
PopQA,363,0.8985405832756344,0.4393097950739886,2.4413480583397913,2.3237337264814615
PopQA,364,0.8705889183153152,0.3985963279685899,2.897438117541674,2.3015208849898245
PopQA,365,0.9013320476544264,0.45241937376875,2.8352311334163973,2.159123335739138
PopQA,366,0.8588425223946403,0.3880233741428035,2.3134406400959238,2.342163177945154
PopQA,367,0.8987602827822964,0.4558393680553304,2.9545726450914325,2.5853341181203717
PopQA,368,0.8720151480256271,0.38369400870048354,2.5407549229553,1.7811377772283068
PopQA,369,0.8622633394984388,0.3504940249239112,3.041457807079089,1.8154485930726965
PopQA,370,0.8856792533813493,0.450305200028594,3.0590558616845165,1.7088521480316932
PopQA,371,0.8603937230434235,0.35409430177059165,3.0914676741221805,2.1018528216384746
PopQA,372,0.8820860514173386,0.39311315498024446,2.3281763392413555,2.3515446350662668
PopQA,373,0.8582271810618268,0.382407140008047,2.569104348558029,2.2084610260843642
PopQA,374,0.889358348968105,0.46401725581289194,2.979830484014172,1.5345022246288391
PopQA,375,0.8665421841163212,0.3948903493112642,2.79912732178245,2.027609815734541
PopQA,376,0.858809257185517,0.37619809908530294,2.582375155598688,2.1529953678899956
PopQA,377,0.8796002027877869,0.3426184380583677,2.2521728165320045,2.150734933135058
PopQA,378,0.8874536765629579,0.4571450690217701,2.9505303041517243,2.58219100884982
PopQA,379,0.8906402608029987,0.46662205261885137,2.9644784443493357,1.4235300330547989
PopQA,380,0.8789315617494977,0.400921204594271,2.8180914542956126,2.958245709236466
PopQA,381,0.8953721319428924,0.4489654000288178,3.0827723310866313,2.6248382458291766
PopQA,382,0.8668349641031761,0.3809306026206457,2.809035400436926,1.4019392654169278
PopQA,383,0.9105600261093943,0.5057352883250287,2.4479734107118216,2.0562028967945367
PopQA,384,0.8984010685888619,0.36522401443715363,2.81728950172134,1.9947611764292932
PopQA,385,0.9146337755666114,0.45529911659327416,2.5829958415669454,2.691453965496257
PopQA,386,0.8694444595869015,0.35404262589241414,2.8471181799926946,2.0098152795142763
PopQA,387,0.8909893947999763,0.4664411262385279,2.947114220015137,1.4973418135218752
PopQA,388,0.8942826009392387,0.42716489266120744,2.666711505177062,2.226206415070872
PopQA,389,0.8802576667994251,0.35437085755006925,2.4652828595772496,2.264811984874259
PopQA,390,0.8999289681002194,0.48889978052964805,2.3609277331151874,1.6981220512431132
PopQA,391,0.8700751664983835,0.4225515523960133,3.214153428234705,1.4265410664095102
PopQA,392,0.8711139000335988,0.4672747150356089,2.9457454892183,1.524023396091309
PopQA,393,0.8820590361309706,0.3675032846211711,3.0037196326532416,1.800920988297342
PopQA,394,0.8675302845881875,0.3581221447577903,3.2909154248116144,2.066212675510615
PopQA,395,0.8961876172607879,0.46245738238057094,2.940191509551333,1.964930259614832
PopQA,396,0.8730394847910652,0.39225557892322555,2.40091004687504,1.6450525846051673
PopQA,397,0.8840542876796551,0.3685547367606178,3.3517767563238055,2.0918325413511436
PopQA,398,0.9038156534017461,0.45502743174295124,3.347521998834615,1.765826996863295
PopQA,399,0.8905872668894426,0.4207002997982524,2.9986941039944113,1.8355506226437655
PopQA,400,0.8856961303978148,0.4865595581247808,2.784573683731558,1.7860719266859781
PopQA,401,0.8798325893388852,0.3963085056182348,3.565355903594491,2.3944698663840858
PopQA,402,0.870330141051923,0.36702278626794843,2.0994208628071034,1.5482163189776643
PopQA,403,0.9238158882937724,0.46397658843688677,2.327665505048622,1.7989360489021444
PopQA,404,0.8729077016907804,0.3746609317556799,2.9467075859938747,2.0923418767587023
PopQA,405,0.8752643437357946,0.3816760923885222,3.0319693774201073,1.8648965831635316
PopQA,406,0.8977456222399054,0.4692549273642311,2.392260460461797,2.046341699376435
PopQA,407,0.8433036960364719,0.3504440493858059,2.9106416891454563,1.3880417209159792
PopQA,408,0.8689561878163728,0.374062416400816,2.910106976615827,2.347948445087798
PopQA,409,0.8740892553965559,0.4142094554725473,2.0906096206441735,1.6202332629328375
PopQA,410,0.8681773616133268,0.4033381571172199,3.3426290915689068,2.7107627333054527
PopQA,411,0.8761726897889885,0.42103283686607745,2.508350967519708,2.174495621061605
PopQA,412,0.8763766173945815,0.4099229852717718,2.599720238779822,1.8329719132782476
PopQA,413,0.8872042723631508,0.3962818670293792,2.3900465181515447,2.033320500018607
PopQA,414,0.8575809106861805,0.40929761685586585,2.996098310435276,2.1652444238944124
PopQA,415,0.8573191664584663,0.361272581547983,3.096149856425339,1.7259448256763854
PopQA,416,0.8800000523428668,0.34045329588075424,2.7575332953240435,2.1432207415873434
PopQA,417,0.8960979161242418,0.4176489039207675,3.3586939895168384,1.9423684023628358
PopQA,418,0.8758834307652037,0.42102699011564954,2.9260008967362414,2.965253625872529
PopQA,419,0.820592236966711,0.32859371077942917,3.06017342532856,1.9397772721976465
PopQA,420,0.8880912802152006,0.48499538852781887,2.442088660745575,2.3966104016828202
PopQA,421,0.8927755925811347,0.36935590043714234,2.6285217136814465,2.888545971426035
PopQA,422,0.8882750307927516,0.38503948659532167,2.7085928662771486,1.8654184398231382
PopQA,423,0.8858657405990882,0.4438503260284609,3.1451211532809693,2.8810202854938347
PopQA,424,0.8493353414588761,0.3227673379818527,2.875138155200287,2.013999682702812
PopQA,425,0.8528868042526578,0.4060300327657761,2.9429683126919643,2.225321283103105
PopQA,426,0.8862093251857033,0.41139565677158346,2.244135804970083,2.126484880049151
PopQA,427,0.8967958155753585,0.4859759339080807,2.9856178696852944,2.2957445937343874
PopQA,428,0.8838584005940155,0.39568656301983385,3.048915965146548,1.7292445077133471
PopQA,429,0.8775481786788459,0.33079590073350346,2.960792683965096,1.8569113921547387
PopQA,430,0.893928035982009,0.4703491688510219,2.921320716393538,2.738267735033646
PopQA,431,0.902197313207247,0.4153672840080542,2.7556828058799328,2.0067610178071966
PopQA,432,0.884332286818197,0.4774567811411073,2.4510834147194203,1.804261807998355
PopQA,433,0.896759641038079,0.4156177370307182,2.5152275356779397,2.515745048450805
PopQA,434,0.8810181433681838,0.4133367881437462,2.4865071553172293,2.308860811843282
PopQA,435,0.8962608299133608,0.3976150097122167,2.576256191576136,1.7335769220701371
PopQA,436,0.8713090710564547,0.4519075603450864,2.8307868552055098,1.9928536529669394
PopQA,437,0.8720526029233153,0.40114554612456593,2.197325196259562,2.1498426291464763
PopQA,438,0.8713900089226219,0.372701696636706,2.8921752413265684,2.338189778596524
PopQA,439,0.8685528360212871,0.36250200609119204,2.344128273592213,1.1743223197481072
PopQA,440,0.8926948590381425,0.4380669041090412,2.6492593375443207,1.8151398062681057
PopQA,441,0.8812417238176176,0.42795648258801383,2.5491686811836156,2.409540862539998
PopQA,442,0.8893033617411097,0.4315635815410257,2.3756357763929485,2.4242532610956857
PopQA,443,0.863413254087275,0.385819253184091,2.6527091155840647,1.9869932493041476
PopQA,444,0.8858490566037736,0.46026887890297535,2.681726465610762,1.64047768382121
PopQA,445,0.8927200819873203,0.43018423693328006,2.8627503253963695,2.1494792075356535
PopQA,446,0.8897934083954376,0.45025831438408115,2.536384705394741,1.6213482528628347
PopQA,447,0.8858385561229505,0.46640881816784313,2.8018217435593966,1.9340220384166549
PopQA,448,0.8351060434191206,0.30184673227204545,2.623456914658493,2.0888331346304176
PopQA,449,0.8522226696895571,0.38492105898473994,3.0407769809806737,1.879469305404195
PopQA,450,0.880931207869486,0.4605844975319223,2.3651978930582307,1.9610693087197577
PopQA,451,0.8903546660029185,0.4004839520924575,2.543231704421393,1.6997388632121695
PopQA,452,0.9032494547330294,0.5010695694519902,2.225933663923755,2.2972720245298226
PopQA,453,0.8919291904916029,0.39017115868992164,3.0832770939721343,2.16047208600034
PopQA,454,0.8879258685264109,0.4436652496892404,2.675380578049515,3.135353791080834
PopQA,455,0.8949515915950665,0.47112737075447175,2.852983015233543,2.370951010408873
PopQA,456,0.8836617059777861,0.43052295215942565,3.119348117679823,1.6610904781275577
PopQA,457,0.8892608863081304,0.39846977769572267,3.350079074154852,2.002788279271825
PopQA,458,0.8867271103537829,0.3838339665327545,3.0255723234899086,3.6420235206506355
PopQA,459,0.8830928689883913,0.380946747100465,3.1499777102413913,2.499204347511342
PopQA,460,0.8726598272764157,0.38781842448135784,2.5239225326440384,3.1802150880906352
PopQA,461,0.8845369101810521,0.4282876488921149,2.527192473912337,1.5401591692342638
PopQA,462,0.889826435246996,0.43433923565743865,3.040883144951359,1.8562950065593673
PopQA,463,0.9067113662865388,0.4317596233718536,2.78696243812558,1.4185463305936612
PopQA,464,0.8685755439078164,0.367634180943086,3.30037425021251,2.52644034400987
PopQA,465,0.8596615234522997,0.37103307781538253,3.20635050885155,1.7534022358990948
PopQA,466,0.8744120204755222,0.3759530902231514,3.0017219583304144,2.8326960741855105
PopQA,467,0.86709870877995,0.40736720759324985,2.9178145965108238,2.1225957980878376
PopQA,468,0.869490254154026,0.38259409271124284,3.508027363498361,1.5522418537353635
PopQA,469,0.9119897084048028,0.45965908020592644,2.962095200383616,2.2239526124582034
PopQA,470,0.9001095988576427,0.4782928022291041,2.9274417196913665,1.7546193277220512
PopQA,471,0.897579771809256,0.38507874339734727,2.350050318353832,1.9173695251564293
PopQA,472,0.9035733814079139,0.44757690778229675,2.489348569580584,2.6234439905510976
PopQA,473,0.8567897007809,0.39960224394429844,2.497434400858038,1.4726357947852255
PopQA,474,0.8676624047526798,0.40621166657365537,2.2332014220227316,2.144983579778468
PopQA,475,0.8853081663669716,0.42808963962936586,3.0711193108380748,1.9090801297265543
PopQA,476,0.8795245992260917,0.34557115634482843,2.4261898933816166,2.077685410656254
PopQA,477,0.8867954127715082,0.41307958245152704,2.326060265690621,2.409179362177944
PopQA,478,0.8901722296395194,0.428910878766696,2.4331700471304876,2.269301438199236
PopQA,479,0.8485226295404825,0.30879691087037137,2.141706864021926,2.3361003585686144
PopQA,480,0.8605772606214925,0.4157762787817246,2.463762614247314,2.154876653353382
PopQA,481,0.8803355902266705,0.42232488992820205,2.405294285263421,1.857575395091433
PopQA,482,0.9100628257299923,0.4826002104896896,2.2614182175872357,3.0235803083156356
PopQA,483,0.887647746301125,0.42716213442389966,3.388898490084468,1.9724173136476033
PopQA,484,0.8818498913808401,0.4252924362750088,2.486444680035348,2.005661664308959
PopQA,485,0.8930239911035036,0.40159927164372883,2.7427620153762446,1.3838823390660817
PopQA,486,0.9095315091210614,0.441750545122994,3.0194107546575606,2.347294018353261
PopQA,487,0.8958798661893543,0.40808568989119637,2.786748504752559,2.202640724281393
PopQA,488,0.9017802570943487,0.46275284898818453,3.1256837752869573,2.720104777793202
PopQA,489,0.8959443153496363,0.49437515066958476,2.524984665622776,1.438599702525496
PopQA,490,0.8962756052141526,0.45669913319023314,2.3216352810285072,2.150021922319869
PopQA,491,0.8450608777124352,0.41144712127393984,2.1752379694506265,2.9125479160147143
PopQA,492,0.9143662785395069,0.4796923724105411,2.0980537091783904,1.9941338419372272
PopQA,493,0.8946956023492337,0.32726119136268755,2.4448409622903884,2.765277664623782
PopQA,494,0.8787806691449814,0.38166661153002335,2.449351235041424,2.5875887862989186
PopQA,495,0.8928552875374465,0.4295185828134019,2.970028517452292,1.6677850213670051
PopQA,496,0.8666307874703606,0.3555383382647461,2.9466237050060538,1.7690201367918672
PopQA,497,0.8655883089524314,0.3947415353109479,2.613046465237459,1.6023649587090443
PopQA,498,0.855259240010178,0.4044840706695538,2.0943508407250087,1.664795096038625
PopQA,499,0.8815806807932791,0.4510996348969066,2.763115812811629,2.0969876486629375
PopQA,500,0.8959219453724947,0.472264871055811,2.2473995719461164,1.6555639233111443
PopQA,501,0.8694309247472856,0.36904697850901785,3.0867587548444178,2.4274531301487556
PopQA,502,0.9156041367830137,0.4438751219580981,3.1335788622536587,1.7232879460630774
PopQA,503,0.8417568071615067,0.31838238000380586,3.2952973617032053,2.4886800239931497
PopQA,504,0.8814841632319631,0.3918505179699009,2.6801928721127273,2.1781137763716725
PopQA,505,0.8564570845135366,0.3370673463268698,2.919786060714689,2.2364494740404472
PopQA,506,0.9169711930473519,0.45855184587870385,2.3101647236764866,2.48341616506088
PopQA,507,0.8720323333429764,0.46300465573346017,2.672897270520974,1.4965106260348227
PopQA,508,0.8923193637143793,0.43247367293345323,2.7569975014185832,1.9401864150913757
PopQA,509,0.879162028134804,0.4560737725400472,2.85007706992851,2.415169780474619
PopQA,510,0.8705203547918781,0.4146091488294235,2.83314277343487,2.1512141490220027
PopQA,511,0.8593906650328618,0.3570740587092044,2.8413751199614494,2.825671526195238
PopQA,512,0.8689243017461581,0.40521717754128017,2.8994706656408393,1.8187799674143288
PopQA,513,0.8510129906025428,0.33067542767657204,2.65749299348915,1.8641774624038168
PopQA,514,0.8659376094150601,0.41014863659139067,3.2613007233080733,2.7546985396523764
PopQA,515,0.8836405419524281,0.45612890460995864,2.2323984785321516,1.5713785248331245
PopQA,516,0.8853986316088338,0.35051826982183876,2.221441293415533,1.8825374815977962
PopQA,517,0.8651366309825828,0.3533204622489805,2.4494269392191215,2.162842694466506
PopQA,518,0.8655686667354144,0.38662555562033,2.570667591371099,2.387802861667553
PopQA,519,0.8934732341325748,0.47687049030208073,2.7330329929099975,1.9268077051263963
PopQA,520,0.8660199893243019,0.31218939102622617,2.513674969491249,1.750557392947581
PopQA,521,0.8470381631983502,0.32378854323853695,2.7268676969054537,2.056500150233779
PopQA,522,0.9048471227205062,0.41224646745769544,3.127467895412437,1.8196301877485235
PopQA,523,0.8823945796993173,0.5006613508520337,3.122321453648789,2.3858823955557855
PopQA,524,0.9003620784964068,0.4221972897391062,2.843447794015035,2.072775822844009
PopQA,525,0.852996254681648,0.32981680632964755,2.7805236633980415,2.5034848073988942
PopQA,526,0.8781373195647905,0.4043086453647391,2.8674925357619663,1.8261172816947016
PopQA,527,0.8756368300547823,0.3517538303908487,2.722556730779129,2.437488985733215
PopQA,528,0.868513075087064,0.4235833036234449,2.7451559526061224,1.8160564992722608
PopQA,529,0.8783959806475623,0.36635372070995925,3.502126680264685,1.7851197249603155
PopQA,530,0.8959834412590318,0.413642586103589,2.2083671469759723,3.0943889908831124
PopQA,531,0.8587880631473855,0.3499812949468441,3.00646249412884,2.329169211417997
PopQA,532,0.859674459067352,0.3661750063233277,2.593923431546168,2.142499467882345
PopQA,533,0.8993099447609483,0.4465234171998494,2.0364528543346387,1.8248308183159396
PopQA,534,0.8748093583258417,0.48264582587388993,2.798540757399628,2.0852731894153207
PopQA,535,0.8601263414826966,0.38205154969072336,2.678005605908543,1.931692849083941
PopQA,536,0.8714040450567397,0.37612246925826465,2.7811801958661375,2.9719222647414556
PopQA,537,0.899648167442529,0.4918358226150124,2.528132041148458,2.97787796499418
PopQA,538,0.8617831960564082,0.3686566917909085,2.895547713183738,2.3627753779341396
PopQA,539,0.9005602646068986,0.4532893579951805,2.2661894871707147,1.6980860448106085
PopQA,540,0.884882686533971,0.4652951450353036,2.644875666381884,2.3446733178531236
PopQA,541,0.86630292178813,0.38803313926296423,2.5663935729256417,2.7649494132351533
PopQA,542,0.8748991155334439,0.40411384860524824,2.422237747310293,2.044289589957109
PopQA,543,0.8947561367836331,0.4331981073521621,2.7159362339612922,1.892235176805311
PopQA,544,0.8516516370093976,0.3276624945924357,3.046140152736782,2.558128870522223
PopQA,545,0.890705477157573,0.413735324566277,2.383394914770608,1.7803314475852146
PopQA,546,0.8823502470583309,0.35761927368455787,3.869571336468426,1.9093569515538789
PopQA,547,0.8981536760641239,0.417374023559265,4.177518850902089,2.050265560056275
PopQA,548,0.9048603311285828,0.45216622586705757,3.039829011048563,1.7437154710474267
PopQA,549,0.8521300574202695,0.34862558493585866,2.847687291432602,2.1946593594333264
PopQA,550,0.8422071161069106,0.39241060659776833,2.980961910126272,1.9478418126898551
PopQA,551,0.8663216084475928,0.41411498161537214,2.51026846152502,1.8791011701544893
PopQA,552,0.8898675108133554,0.3880119187943883,2.7802893768094052,1.7895325272017575
PopQA,553,0.8818111745755677,0.4124910147233193,2.3392861688763285,1.8667086422734762
PopQA,554,0.8433801726104276,0.3185133031747119,2.624068708613288,2.22598335623352
PopQA,555,0.8848427582321846,0.344982845250147,2.671779497381968,2.4943543465598044
PopQA,556,0.8930762877613271,0.42354013866178436,2.8337533231305128,2.6464352938322833
PopQA,557,0.8847376436628946,0.42316579287541023,2.9908319740553213,2.3195408717725483
PopQA,558,0.8749871422152204,0.43595800564591186,3.1486129744648736,2.520614164662689
PopQA,559,0.9101954454236105,0.4276131122644854,2.495869348725481,1.6948223273643266
PopQA,560,0.8716030914983794,0.3618811962300269,2.824347131392134,2.764744290962838
PopQA,561,0.8874009910435394,0.4038228076964786,2.7122315841967386,2.2600951329759025
PopQA,562,0.873006566058457,0.3898851205769617,3.0340413147621335,1.7338654912453084
PopQA,563,0.852356545512217,0.34662528118040603,2.3443121735013914,2.2671994982450134
PopQA,564,0.89814736346516,0.49178037254622836,2.61509229732559,1.700634046129359
PopQA,565,0.871096244066291,0.46243511000013676,2.2307641761720967,2.519105464320699
PopQA,566,0.893707595020091,0.43573820076257097,2.9685632788232383,2.1929794589637166
PopQA,567,0.8703162889525162,0.3847504755429912,2.823968788145611,1.6877992991465096
PopQA,568,0.8704147648758428,0.38267455724204386,2.839281412428255,1.7532067663246438
PopQA,569,0.8923427136072845,0.3506884890271122,3.2791268824889666,2.3285573969236957
PopQA,570,0.8784623871945194,0.40270390516008286,2.286110823861478,1.558611022889711
PopQA,571,0.8998890744510544,0.4415789427663636,2.6533657014334975,2.121599500836402
PopQA,572,0.8680380324081112,0.3921884037372053,2.8396110243046566,1.4282161312568724
PopQA,573,0.874737601174315,0.41249306996713886,2.7939173991152506,1.7572410168226373
PopQA,574,0.8557532504382899,0.4125628073195987,2.8077605033142015,2.0198710259659056
PopQA,575,0.9036691651150824,0.4510585364269141,2.480895182772692,2.0225831435724557
PopQA,576,0.8665050646137522,0.39697194971802696,3.169332042475138,2.3956643824062196
PopQA,577,0.8657691425447909,0.4359531015920859,3.2702800446026714,1.8914692130798911
PopQA,578,0.8726402105069915,0.39849509585132575,2.881114920453013,2.0452487376271296
PopQA,579,0.9089212305077377,0.43647479815290174,2.9930608624423405,2.069870800021738
PopQA,580,0.8908486662298487,0.3680389162306938,2.4851278392588707,2.4405279943011253
PopQA,581,0.8498446034814435,0.4065945131954037,2.612816927909107,2.66005035926571
PopQA,582,0.9097972596635848,0.42111921559029636,2.742600732544538,1.5891831438272006
PopQA,583,0.8903208709353961,0.4054156790858493,2.8693452581447443,1.8892749228937051
PopQA,584,0.8563856568168888,0.3794083799455213,3.7190801859581115,2.030690300195812
PopQA,585,0.884750469043152,0.4343965954590033,3.057670012678189,2.591857355079213
PopQA,586,0.8405603201829617,0.39663496096115886,3.0143570512319346,2.1167960117987312
PopQA,587,0.8961526540100736,0.38128438912766055,3.027119971037325,2.0553867772124255
PopQA,588,0.9036158184509833,0.4854340342446617,3.2667283732997197,1.9080343754444085
PopQA,589,0.8672839330610573,0.3190012455739363,2.65006873424433,1.7234413590674165
PopQA,590,0.9152215951902962,0.4956397332505028,2.74066091329097,1.816722156437154
PopQA,591,0.9001602042240417,0.42171424383502626,2.0905796178345146,1.87422784286595
PopQA,592,0.9010733529296866,0.43707912525498543,2.2656510857540995,1.7342443324139944
PopQA,593,0.8569024165544611,0.4490081111390594,2.5272409304069665,2.2795578535863195
PopQA,594,0.8586422048675674,0.3431435080537813,2.63369475440726,1.699111301917766
PopQA,595,0.8630488934700313,0.3691997331581997,2.536843939709803,2.176436384392823
PopQA,596,0.8874206180950248,0.4887315823939939,2.5555037842861337,1.7187198985673402
PopQA,597,0.8854310089853032,0.3844877697240477,2.9731063572189695,2.2422552995130283
PopQA,598,0.8554377489127395,0.41552959849642696,2.778411101855785,2.6132535834655366
PopQA,599,0.8943902161731985,0.3820218181133113,2.6439509929936227,2.239574574860923
PopQA,600,0.865072118959108,0.35583195492971464,2.3751781071395315,1.9062290915079725
PopQA,601,0.8618383571908828,0.40915077813219497,3.296379880395619,2.2269950913053966
PopQA,602,0.8456396317923239,0.361762533930465,3.0867933551653164,2.2025212201072475
PopQA,603,0.8550435769718381,0.3537361623335886,2.7178283189947146,2.8907326509133386
PopQA,604,0.8881679312445562,0.4387661762963892,2.0880332516920124,1.8498032485910234
PopQA,605,0.8663145281702996,0.34933219165894597,2.47027650136454,1.8867581044893944
PopQA,606,0.8800940869068792,0.4027810031509115,2.9065025298032166,1.799954437823674
PopQA,607,0.8725049656892685,0.43289675385628473,2.767736065207413,1.522183213705025
PopQA,608,0.8736209247551755,0.3267966570114546,3.12848358393339,2.233448294554865
PopQA,609,0.8879822607675916,0.4542811360945929,3.344590581993431,2.7243691138489656
PopQA,610,0.8804731647479689,0.4362203479543382,3.574488777835751,1.8292026464124034
PopQA,611,0.8823569675836238,0.45908549815987554,3.1329547571766168,1.5420138466489581
PopQA,612,0.8964612081714245,0.3861402247343966,2.523570718942686,1.3656052590019494
PopQA,613,0.8695289777966944,0.4025338126393059,2.1449196772856856,2.408674633590647
PopQA,614,0.9007457165768757,0.4329658916501749,2.432992090154918,1.5924591365765635
PopQA,615,0.8702221361229497,0.3647032183732274,2.404960250505547,1.9303948303988687
PopQA,616,0.8823577538679972,0.43740452251704015,2.8281447214917064,2.2381051881351532
PopQA,617,0.8850170534773184,0.42670138118395146,2.3183751903485637,2.505570559430754
PopQA,618,0.8925420313192285,0.4362801613364355,2.9173824188849258,2.937413984946453
PopQA,619,0.8934694744747712,0.4370831398440066,2.48540071851996,1.8245800319055532
PopQA,620,0.9013903345724907,0.37094244972145507,2.4379134400088613,2.2330094153181004
PopQA,621,0.8865576208178438,0.4019967388588232,2.65087287424425,1.9512202272327577
PopQA,622,0.9083505238133804,0.4400365471440054,2.647249163144615,1.7501413133909143
PopQA,623,0.9083222597881728,0.3861507306767557,2.844017477108376,2.0953637297786694
PopQA,624,0.886305249983532,0.3601804241722855,2.3177106674855352,2.1060905861997563
PopQA,625,0.8758756125881064,0.37384399295706106,2.5510097375202023,1.7144103621967572
PopQA,626,0.8962450837006146,0.43555784938510544,3.0285546739569402,2.5459726531866878
PopQA,627,0.8555944121027674,0.42965903043653336,1.9710644833811346,2.2847680180579357
PopQA,628,0.8747743005102357,0.44875163746109437,3.0008840175111047,1.789834260782182
PopQA,629,0.8674705743879473,0.4102479552129484,2.972835870096806,2.0280913017415187
PopQA,630,0.866130698695596,0.36227409085090123,2.7991250988715874,2.1384603996996714
PopQA,631,0.8828889126865139,0.41582223493034765,2.3759783791475217,1.9200992731878292
PopQA,632,0.8959425308873081,0.4884651321423776,2.433306898279403,2.4224241343373625
PopQA,633,0.867414813408131,0.42916141603180374,2.408057271430157,2.0693402401558507
PopQA,634,0.884165271939799,0.369568287443536,2.928281816065369,2.1263507960601227
PopQA,635,0.8758585501785784,0.37066830482375246,2.8126988682354255,1.3420086069114459
PopQA,636,0.8570474021381922,0.3563466337348851,2.7543100082480105,1.727821652201685
PopQA,637,0.8814273710796888,0.3822785802333105,2.9996741727199048,2.2840775675419485
PopQA,638,0.884022988505747,0.42064315265661684,2.562018110087983,1.8782336449477184
PopQA,639,0.868365448960128,0.43098025110503463,3.111075752180082,3.249833622897546
PopQA,640,0.8776866691514473,0.44109920626470933,3.0265870250115814,2.1911676421278856
PopQA,641,0.8877572651899,0.37625615902355897,2.4487972825324,2.520709389813097
PopQA,642,0.88462993708987,0.39525825150132404,2.1624606270448425,1.8693785903044422
PopQA,643,0.856133013692894,0.37931386951516266,2.550789403312454,2.2023872651678014
PopQA,644,0.8770023420360891,0.39148828826723425,3.8345948171670066,2.702205167926387
PopQA,645,0.8560851588318774,0.3685484933745965,2.7874380050068726,1.92003831062871
PopQA,646,0.8770176893311221,0.3670784947470179,2.946526723150919,1.8445344991577415
PopQA,647,0.8822477278603106,0.3844190652934575,3.096250605573302,1.3689468691047508
PopQA,648,0.8769563297591078,0.4187457138466571,3.0481049926710306,1.6989259322330226
PopQA,649,0.869544990448587,0.34884604230676375,2.2667939672024646,1.9837824597329836
PopQA,650,0.8879738423226674,0.36996343561786776,2.868034465153719,2.006307361743079
PopQA,651,0.8929604730668406,0.38501525146399745,2.4463651938529547,2.13120872332001
PopQA,652,0.871920580816345,0.36072743333541574,2.4574369961651845,2.2044058969731313
PopQA,653,0.8631855350180437,0.39917738141905024,3.2109481185558337,2.288182603419317
PopQA,654,0.8919537210756723,0.4507434496514549,2.767481761990548,1.9358402613593337
PopQA,655,0.8827677997735826,0.41740017209676156,2.735164674477359,2.020651110981151
PopQA,656,0.8830901191934946,0.4086181698858346,2.4006301252909767,2.528762229150432
PopQA,657,0.8725750938673341,0.35952927843539767,2.892648445912652,2.2847625256393296
PopQA,658,0.8646340196367037,0.3479232120768481,3.1839108177453372,2.154126965917784
PopQA,659,0.8918908235666148,0.44011334208300745,2.7041538607589595,2.377937268742858
PopQA,660,0.8915421452693163,0.49278544733927543,2.698862023605712,2.170220470070173
PopQA,661,0.8604505632040049,0.3261707418540319,3.078511524866151,1.6328684107169977
PopQA,662,0.8866766729205754,0.4261480001405131,2.3880401914018123,2.412562183892827
PopQA,663,0.8878048220787567,0.404258985615038,2.360307238111511,2.2264001777147793
PopQA,664,0.865324765063571,0.3755597660152215,2.6234727092364065,2.0103051192412162
PopQA,665,0.8776060699571768,0.39693823636276726,2.5931692576396403,1.95580763616358
PopQA,666,0.8943991295321498,0.3798671363432847,3.20701198051836,2.0614488256417967
PopQA,667,0.8822567716970702,0.3914151421280816,2.057651584757888,2.3112021877371327
PopQA,668,0.8633536517394784,0.41066570509760314,2.34200954800612,1.9013502105705542
PopQA,669,0.8849295934774489,0.39904485807858064,2.708898965326785,2.3022111258669335
PopQA,670,0.8769463944729912,0.38473782621813846,2.6337694779744774,2.4800812633221057
PopQA,671,0.8868028146604598,0.3935574859988243,2.5686193197274947,2.236537566719835
PopQA,672,0.8727597391959634,0.4444667983067353,2.9719814035897745,1.8728396807672927
PopQA,673,0.8834852791935095,0.3225751352518531,2.7539571426897247,1.6897220919125036
PopQA,674,0.8800498912312233,0.40324419221754804,2.558575708581777,1.6461567812570803
PopQA,675,0.8672780745624006,0.44472470391632674,2.739648792153804,2.4173623293504356
PopQA,676,0.8858377591181996,0.39606690072747636,2.467938185213686,3.275104017489838
PopQA,677,0.8915317019455634,0.4662962067677173,2.6798294590196523,2.008931041850215
PopQA,678,0.8830587360594795,0.3727553234544831,2.6753044480031596,1.8639879691251415
PopQA,679,0.8676636064030132,0.4646211737264826,2.9105927099680478,1.8911373154089894
PopQA,680,0.8521291952363769,0.3898362937986248,2.544937396966553,2.1334347009025025
PopQA,681,0.8568340691685064,0.3546287639796348,2.8882666998488844,1.8050727513475133
PopQA,682,0.8781083693742229,0.45900940356282444,2.7224289218075173,1.7513603053691222
PopQA,683,0.8541614272443119,0.35181486484981106,2.680889357780089,2.467215662110632
PopQA,684,0.890851844918674,0.44750333430469647,2.32924856324138,1.8496794767266356
PopQA,685,0.8748467792370231,0.3809330745973872,2.8129950848000105,3.02722033429608
PopQA,686,0.8694212782893427,0.4356531576424922,2.542256830240991,2.255004476761857
PopQA,687,0.8656172689788989,0.41238541938723994,2.2960395036989505,2.2357115361351876
PopQA,688,0.8559425901201602,0.34214040667870615,3.1218380931601732,1.618778005431398
PopQA,689,0.8764707587086304,0.3916605110585046,3.2208283146424175,2.2328573898852504
PopQA,690,0.8793926553672317,0.3977795442276261,3.069395597070398,1.8994143557327963
PopQA,691,0.8758654378296569,0.3741373677513613,2.9560620241062567,2.326452250114897
PopQA,692,0.8836500062398602,0.3746063471495038,3.032118487200901,2.2410264478579576
PopQA,693,0.8914400242253782,0.4939928263382486,2.2679613515811514,1.9898855898430847
PopQA,694,0.855848934472075,0.3628281985854797,2.9656991340427745,1.9874718151166588
PopQA,695,0.8411893241766818,0.41588093647527224,2.262597896316316,2.460315056799635
PopQA,696,0.8890091974681182,0.41834549349325245,3.1349761279812935,2.3729263357460466
PopQA,697,0.9102721088435375,0.47267548019401434,2.769276591602745,2.2596950352975385
PopQA,698,0.8755104936207299,0.408984490306689,2.633385561014557,1.7846799126202693
PopQA,699,0.9224259745999257,0.5027975528128391,3.0680429388495276,1.9729975006428908
PopQA,700,0.8906127103979864,0.4941534670992679,2.415461265743868,2.901744211919205
PopQA,701,0.8982759556415869,0.40898563205305616,2.7082475162745547,1.9574950591970668
PopQA,702,0.8597472613220645,0.39786461426032815,2.5073986776100727,2.370883316504445
PopQA,703,0.9104797091250293,0.41729953874193193,2.657854361907953,1.7708147058903527
PopQA,704,0.8704103800326817,0.41900964690863574,2.6281569783693595,2.00604864857086
PopQA,705,0.849634250491998,0.3532751994158291,2.813415808889303,1.7880112528833956
PopQA,706,0.8767799256209853,0.40807539095220974,2.9437354740455124,2.2152264876269863
PopQA,707,0.8698898144681559,0.4062036087735142,2.7873606002250235,3.078006787568329
PopQA,708,0.9128024032042724,0.4486652943353923,3.19591340050994,2.1530762673761967
PopQA,709,0.898193171720916,0.41685428573200456,3.006240189968846,2.3935098521783043
PopQA,710,0.894320073012294,0.4868053591687812,2.984620800354047,2.134317486283967
PopQA,711,0.8894798806848059,0.48945830998695994,2.927045199816271,1.9932090813596623
PopQA,712,0.8883825395923317,0.432981241231178,2.7822456169646084,2.4357474159165737
PopQA,713,0.8872195960464118,0.3418272160478234,2.457485877101342,2.150209421624422
PopQA,714,0.9047076101468625,0.39810660278373755,2.463436593990017,1.9278281552885228
PopQA,715,0.8899485851093056,0.4452175756807193,2.331108213274357,2.584647598097248
PopQA,716,0.8816091650608451,0.42956824562239204,3.2233435359347937,2.102229075170916
PopQA,717,0.8820816250465896,0.3740242192277791,2.9014764755700106,2.7507507627151253
PopQA,718,0.8822265057908829,0.4484909206995681,2.7208368866700043,2.119274172281115
PopQA,719,0.8942758844333647,0.39135138448798173,2.7918426600358828,2.1575489138939914
PopQA,720,0.8522176978302806,0.3234415206024499,2.5352051876365245,1.7183799886651905
PopQA,721,0.86482941454071,0.3351051313571614,2.940962413562506,2.1672735443257705
PopQA,722,0.8670968665955855,0.38657773801195616,3.3609179344605,2.073403699166492
PopQA,723,0.8921953958450308,0.42566927012733724,3.028489532448735,4.070124408661631
PopQA,724,0.891647427097633,0.3820344413160155,2.8222112203659817,1.8388841658706405
PopQA,725,0.8865347135214685,0.4256372209211831,2.9074479091993655,2.3734297834029396
PopQA,726,0.8721936192904669,0.35504123452666053,2.475417180754392,1.7820124091962262
PopQA,727,0.8726241400875547,0.424517270124378,2.785643152396634,1.8325718025165865
PopQA,728,0.8722420250548883,0.4051658482341556,3.5567575852296343,1.7584740338668272
PopQA,729,0.8967829584551439,0.48297291361402755,2.587839609460877,2.13948226953194
PopQA,730,0.8478898305949066,0.39739313960204437,2.51377406823464,1.8711547790914054
PopQA,731,0.8800129472693032,0.4194334222408882,2.8787041247717813,2.5459955322972716
PopQA,732,0.8826008805360576,0.3865417452803798,2.6722367191706797,2.345359255386414
PopQA,733,0.8668142099985676,0.3982959724622505,3.2664350325821534,1.4182607155123983
PopQA,734,0.875918699186992,0.3794153388393403,4.078620502319274,2.006311346636102
PopQA,735,0.8886271307115634,0.41222798014852946,2.3719907949062793,1.4145623561725054
PopQA,736,0.8404366965369959,0.3678015664815947,2.4896704866739934,1.783589984859879
PopQA,737,0.8796527634112573,0.4051355762402948,3.6181790336599633,2.07256308716392
PopQA,738,0.8620821507208589,0.3717673108676736,3.004132945244108,2.181241414276619
PopQA,739,0.8876082251082251,0.44091787735171406,2.8147035688787136,1.9363487509742061
PopQA,740,0.8751849112426036,0.3643891047360252,2.223156883990308,1.7450340154645965
PopQA,741,0.8814890729000291,0.4237973639666084,3.201012944121777,1.8040681896273152
PopQA,742,0.8719611868240482,0.3762516336840347,2.6031340860009196,1.7681153895923656
PopQA,743,0.8828837341831038,0.36499748798847853,2.8833247113999434,2.428542434278621
PopQA,744,0.8680795365935167,0.3593982109642951,2.298105229314909,2.2917416870373986
PopQA,745,0.8922743636593881,0.5227954594005614,2.1398284734287176,2.127645356452546
PopQA,746,0.8805859748741627,0.3746092300365229,2.5742361800247404,1.944590300830697
PopQA,747,0.8707318467695826,0.4266660191373872,2.542410165773053,1.9244142495717185
PopQA,748,0.8728929883076988,0.382587869206084,2.1302019364391285,2.0131783540883825
PopQA,749,0.8722247816355118,0.46653218937029867,2.3359008069115017,2.083955465044402
PopQA,750,0.8782443786344483,0.40261272461019304,2.6826156043928626,2.0287059572304678
PopQA,751,0.8675097645724374,0.37970969142681804,2.5358129182074753,2.4073427004811854
PopQA,752,0.8802584454026592,0.39517159375601324,2.8502426903719495,2.2676801568187055
PopQA,753,0.8716929335082699,0.38848977611325947,2.4847230437299284,1.8419281145672077
PopQA,754,0.8941573033707866,0.4406803324417425,3.586818953794742,1.75960036185614
PopQA,755,0.8329967669226611,0.3174171157497615,2.5451807597449196,1.5696507415333085
PopQA,756,0.8846187756680811,0.4008571234930656,2.5148933444004697,1.732630602139722
PopQA,757,0.8641241686260491,0.4009480479619691,2.9007043415570366,1.7675141753903896
PopQA,758,0.8705337148216648,0.4326630075040323,3.0166640011235986,2.305645027653255
PopQA,759,0.8764084388913651,0.4306030957812309,2.4092465786488098,2.090732433739849
PopQA,760,0.9052636519951776,0.44084311016264455,2.9375887067104265,2.4028972582642525
PopQA,761,0.8904701189126953,0.43163978857318497,2.772247178248869,1.7477588717377652
PopQA,762,0.8865964761495488,0.4292813898576785,2.9255505905268815,2.8321033150006913
PopQA,763,0.8808755466392137,0.412818272492112,2.945177834518745,2.1001753642168013
PopQA,764,0.8461354465659969,0.34598135497911375,2.626047783098081,2.945989812292572
PopQA,765,0.8794834271419636,0.4091043292857857,2.799211383957167,2.309103753001149
PopQA,766,0.8689857761286334,0.349482965465717,2.621874233956797,2.2050550496067314
PopQA,767,0.8962762525405684,0.4021366741618233,2.4086358834081225,2.1710919075210415
PopQA,768,0.89615906332548,0.42983159438604185,2.6370343517084693,3.0474220637744116
PopQA,769,0.8905368236354152,0.48366635033044253,2.683593517084592,2.141973594947105
PopQA,770,0.8953711919550429,0.45692353467104446,2.937509182211849,1.882733910033984
PopQA,771,0.8836940298507462,0.4176419765086156,2.6963261060263854,1.8677429639260563
PopQA,772,0.9010811211382649,0.39038045641235225,2.1823085851841624,2.191549857771882
PopQA,773,0.8933860165787995,0.43824062245582734,2.3207571107215625,1.9953139636137014
PopQA,774,0.8752445983314585,0.3647517234244187,2.5334881697725824,1.9932708716703824
PopQA,775,0.8686845398853831,0.37907647661987365,2.7446154142692945,1.9668754123306984
PopQA,776,0.906656875834446,0.4879979218783963,3.458549040257169,1.4412174868758938
PopQA,777,0.8750055279159757,0.3669403642700304,2.1986337304817773,2.316365188080485
PopQA,778,0.8747603612862422,0.370797202733683,2.4576160922785926,1.7975617836912847
PopQA,779,0.8736511846117757,0.4361550316096179,3.3311136130890557,2.6993567623775876
PopQA,780,0.9076756914781309,0.4408604357805608,3.904809098392014,2.364249884563041
PopQA,781,0.8695678952149746,0.36988922751880127,2.763555321193228,2.227179457548253
PopQA,782,0.8898699527639979,0.44947010138171467,2.961069820305348,2.064711922934017
PopQA,783,0.8765877644368211,0.42862036006708387,3.099798646515849,2.390440318423125
PopQA,784,0.8763285702400266,0.3507258680859539,2.7457784017986646,1.5962071913574882
PopQA,785,0.8405088807373688,0.40188258970014973,2.370872171811195,2.5563425475270827
PopQA,786,0.8586421895861148,0.40583790476754833,2.754343068578532,2.020087972440709
PopQA,787,0.9006343701113976,0.40724892069138136,3.137368205353471,2.2071238932612447
PopQA,788,0.8716712580348943,0.39652031813093686,2.0812183191458065,3.004938440993919
PopQA,789,0.8655650264755264,0.41530418525389745,2.3179000403240115,1.5596898239345554
PopQA,790,0.8762932953693288,0.35491183518147057,2.255577689215599,1.3412092165450729
PopQA,791,0.876673822112398,0.30847676538087027,2.4726928560690316,2.341335823854766
PopQA,792,0.8759981007497564,0.4057658379431103,3.7713294800793973,2.940587189281132
PopQA,793,0.8852155851597192,0.3888708983295734,2.84692271200553,1.7872459938341667
PopQA,794,0.8789012067478787,0.4318315423367113,2.476048437346607,2.3543964454834696
PopQA,795,0.8767594929012252,0.40081230314796445,2.9642521729605322,2.013542697591853
PopQA,796,0.8596393034825871,0.3933480670255195,2.66000126327983,1.8437963562778368
PopQA,797,0.8755597014925373,0.35319109900967516,2.4772281814260886,2.743575471069295
PopQA,798,0.8912877811201834,0.4118231944847414,2.387689050659153,1.683559945741619
PopQA,799,0.8634327408138258,0.3278361502707144,3.21481117476706,2.228434473469405
PopQA,800,0.8798955613577024,0.3584567988919696,2.5705994599141366,1.960153605227044
PopQA,801,0.8615479462195449,0.4105776718157186,2.798981193498483,1.5547551692670327
PopQA,802,0.8696826052150621,0.406533516883441,2.9265491548569957,2.3249185292063634
PopQA,803,0.8631234035425652,0.38713074871790654,2.6924162454711307,1.7551804329750622
PopQA,804,0.8666662216288384,0.41338651061913934,2.866809298884338,2.083755796480006
PopQA,805,0.8836665144394849,0.44746070785247943,2.646631525545253,1.9096875367502437
PopQA,806,0.8637710935342937,0.3327842705228283,2.9328871074022875,2.394067188479101
PopQA,807,0.8548049199139836,0.36947858853422083,2.8573694193117105,1.9909795909884838
PopQA,808,0.8818969308622868,0.36822629130778467,3.6321496855254862,1.934249755208778
PopQA,809,0.8639895258680947,0.37444072648589743,2.88315798210581,1.5627757587851132
PopQA,810,0.8606487994178996,0.383262807319113,3.1279208552296542,1.6201909148178715
PopQA,811,0.8784756245452341,0.47098521146383626,2.5738369597076085,2.4507443962907085
PopQA,812,0.8740921898817986,0.36552393399436134,2.6702060491181885,1.8423733436964398
PopQA,813,0.8979057660591307,0.43177771420852595,2.6656060745631667,2.1896557608421845
PopQA,814,0.8772769426134059,0.4599233175910711,2.65715613187438,2.179239312049849
PopQA,815,0.8644915981106319,0.3844750673846484,2.3433483787482268,2.230518252729595
PopQA,816,0.8852643419572553,0.3800206285358138,2.5451503554934747,2.5843681728498145
PopQA,817,0.8868907232704402,0.39009885331732325,2.6039862809127325,2.4663980665658096
PopQA,818,0.87627147100607,0.3691300229032319,3.45311684889488,1.8536791934792332
PopQA,819,0.8785831233287311,0.45928116135866187,2.3723007281547837,1.7528087353751978
PopQA,820,0.8786260726428841,0.4130869577474348,2.570693133709686,1.8638537515271592
PopQA,821,0.8889874725558569,0.3961604399736484,2.8137158490760017,1.7711617828231119
PopQA,822,0.8845939623482231,0.3991826661232408,2.820815505170771,2.1045122887607737
PopQA,823,0.8859566088158126,0.34351615292906496,2.193501339126205,2.311552843589406
PopQA,824,0.875069702728016,0.3628633371091901,2.2573854584280033,3.141543913590775
PopQA,825,0.8641131772590925,0.30813641673053155,2.4855678609573286,1.5569227933986536
PopQA,826,0.867055002763958,0.3359267894786587,2.8573854130424086,1.9452957684130452
PopQA,827,0.8559772727272728,0.4406311807237795,2.1191514123435273,2.0263416259693523
PopQA,828,0.8892159964379452,0.393220559931745,2.2817997411737787,2.5765302445626603
PopQA,829,0.8406735480088774,0.4212700324724805,2.7598595800781927,2.1652158209715
PopQA,830,0.849877073532378,0.3763603321073832,2.6984385056246913,2.25792221584607
PopQA,831,0.8839618887849361,0.42040377388318495,3.23223907097572,1.8762130977966138
PopQA,832,0.8771657992565055,0.36507014660783654,2.780015349771018,1.555893391829896
PopQA,833,0.864810199111875,0.3591558213145486,2.265682972396223,1.8405486369115005
PopQA,834,0.8904553538000749,0.5139695892409524,3.119735074024584,2.1961171906191694
PopQA,835,0.8783143342226534,0.37769240797298453,3.135292306899911,1.9665736248376022
PopQA,836,0.9051760643669174,0.4726242424646603,2.6702698586086338,1.8019579943754966
PopQA,837,0.8901888475836431,0.3719196337542347,2.093162983721966,2.12428734585674
PopQA,838,0.8609305740987984,0.3776771224347324,2.644187997514147,1.8966092605903107
PopQA,839,0.9029207357843209,0.46519133579521804,2.721359446577126,1.599913563603307
PopQA,840,0.867303370786517,0.3992710219322822,2.1289742902523097,1.8863445142410382
PopQA,841,0.866338272504709,0.3962671402463003,3.2226828874119584,2.069856565030464
PopQA,842,0.8638577926896152,0.4172049042339645,3.014700372803714,2.1826418545822803
PopQA,843,0.8955456901806944,0.453268524050737,2.8003069338028976,1.548938899829919
PopQA,844,0.8711000881552555,0.3216142491304073,2.7004775453399725,1.6223681461116628
PopQA,845,0.8786289830625355,0.4095754449600534,2.7275127183833736,2.698162904909936
PopQA,846,0.8425927643784787,0.39011670072536736,2.8674292891695186,2.0916220681225246
PopQA,847,0.8333153522494336,0.3218066932595528,2.3813227558996948,2.3296129824204512
PopQA,848,0.885532731079518,0.47926073328240226,3.1580387091214392,1.7004922888417375
PopQA,849,0.8708240734562738,0.3816229715558116,3.2473006494678365,2.176675135951701
PopQA,850,0.8720852135280983,0.3735138328155907,3.038984121640256,2.0280544484444754
PopQA,851,0.908689003300591,0.47558026435044654,2.825590636983215,2.3682563086011847
PopQA,852,0.874241068045768,0.39229104465385173,2.49260338564949,2.06415992665634
PopQA,853,0.8596977915536613,0.3379616065827893,2.775072862453056,1.9843278938517632
PopQA,854,0.8612480301283374,0.36964993022913467,2.995880882479621,1.6423045054717642
PopQA,855,0.866842682723907,0.33156415166296044,2.633632616143406,2.254109854078706
PopQA,856,0.8658130841121496,0.32939910721199916,3.1865603349871954,2.284354048346157
PopQA,857,0.8508814727190462,0.37846468294401786,3.07853360562824,2.326330159357111
PopQA,858,0.8980618822518265,0.4006408224028637,2.5845841829782774,2.4172749153284183
PopQA,859,0.9009714709553703,0.5038521341472355,2.6550321109561534,1.8441577297534268
PopQA,860,0.8819606799591975,0.3886483728235717,2.733919582397352,1.7882012332585393
PopQA,861,0.8676392843683263,0.3661590433844894,3.055587226158931,1.5499802435494408
PopQA,862,0.8964381053711186,0.415216685403514,3.214182697758499,1.6076782729078862
PopQA,863,0.8850958663950791,0.4155268214207714,2.74847920147653,2.1530450226222615
PopQA,864,0.8593408829359436,0.41437403362779096,3.31036330137102,1.8370125046175587
PopQA,865,0.8691909294512878,0.400509539441689,2.421941475782373,1.3207236867072407
PopQA,866,0.8522048467101271,0.3241030711588912,2.4888467192453616,2.173140357222907
PopQA,867,0.9016516516516516,0.48072971330379005,2.6730687777580235,2.094418623729142
PopQA,868,0.8968165185052602,0.3850387912604468,2.5056497355875136,2.168920076337374
PopQA,869,0.8835934744769683,0.41051022773962514,2.578860432976113,1.9234771029111029
PopQA,870,0.9210211011399466,0.44336733326285976,2.7382917829274023,2.1604249105912525
PopQA,871,0.9147168816896829,0.42711743257818074,2.658489708147678,1.4528236496865414
PopQA,872,0.8892471655794331,0.3965919504274553,2.5795927023281244,2.4354659985283313
PopQA,873,0.8443227756191374,0.3551121723152438,3.4999032329097943,2.0062887456437943
PopQA,874,0.8993628440667214,0.4106184690116115,2.4080756657621762,1.6527047945335696
PopQA,875,0.8670910559188607,0.35537720901454545,2.630640984292222,1.4141799100848889
PopQA,876,0.8641608113448678,0.34265288117490117,2.1513769077836007,2.5322234865938635
PopQA,877,0.908648865153538,0.445262457718466,2.9449746770351273,1.9631266735119162
PopQA,878,0.9139205145279433,0.4566060453513206,2.76089923071875,3.382582170244083
PopQA,879,0.8797563559322032,0.39901449994174165,2.850806471937289,2.22332730145981
PopQA,880,0.887972618287579,0.44457247719495224,2.8942623371512632,1.9356548200202504
PopQA,881,0.8738586616635398,0.41555716313896174,2.5375718599679904,1.7337114974093972
PopQA,882,0.8874990053686689,0.4385346687645607,3.3662036316792316,2.0683287797834224
PopQA,883,0.8936538927965074,0.44963607369552244,2.6823307306363615,2.1411703774281654
PopQA,884,0.8645002837940345,0.42310311977077614,2.684105612245013,1.9406794717696179
PopQA,885,0.9011015212110673,0.448168709416701,2.26988802283615,2.100685276940188
PopQA,886,0.8971775491991056,0.4314099341222677,2.932080539506281,2.0343881146629443
PopQA,887,0.8856238722654994,0.4705862243645684,3.2645403631791003,1.7845686978384028
PopQA,888,0.8644072103818656,0.3416515518065342,2.393237042047078,2.200010652773212
PopQA,889,0.8881882255389719,0.4627778220885869,2.3523103305303725,1.7788306410151695
PopQA,890,0.9037532632519438,0.44831878059662345,2.386052161320198,1.7162430172063246
PopQA,891,0.8764429819829539,0.37651066885975376,3.1335183997385365,2.252707832006975
PopQA,892,0.8825554072096129,0.407506427055563,2.9459361318915565,1.8039302660695342
PopQA,893,0.8840043657530925,0.43336499731674777,2.940083931607592,1.7176475765963224
PopQA,894,0.8683075283707272,0.46651359493549244,3.257657237550923,2.1700043292402236
PopQA,895,0.8715765219500364,0.38233506061410627,2.380096893623509,2.09414351861973
PopQA,896,0.848893984774741,0.35063717310352793,2.919967294203126,2.6107354060077053
PopQA,897,0.886317393274896,0.4785652741022277,2.869831082771789,1.8721721204760005
PopQA,898,0.8705018291632466,0.4516894834007696,3.733287581535617,2.0531753260375853
PopQA,899,0.8793307903630649,0.44359239217617835,2.854029102261365,1.93615459524975
PopQA,900,0.9009378935146067,0.43482739110092256,2.77309687517389,2.014494565957708
PopQA,901,0.8648959281191788,0.36965472010629175,2.4283708274200797,2.329086601526915
PopQA,902,0.9016194355013025,0.46103095049979526,2.817710606091701,2.4448445652702415
PopQA,903,0.8800163726602236,0.39342510756229476,2.668932523598145,2.251984455991973
PopQA,904,0.8802249680076566,0.3886558545404266,2.632098603069482,2.3787781249133384
PopQA,905,0.8673024197676933,0.3531368132817947,2.3675594079178732,2.24391441856342
PopQA,906,0.8835059390872976,0.4062570907969713,2.981892463327643,1.9425327474887044
PopQA,907,0.869261039623064,0.4013508094614374,2.6306770548443703,2.3368279855831187
PopQA,908,0.8784012604217479,0.3689051038834007,2.66332058985984,1.994365203923775
PopQA,909,0.8509895451069355,0.3298922752467024,2.5891606435757444,3.0704099431607714
PopQA,910,0.8855757575757577,0.396576882825198,3.0930553724667287,2.2566116866947037
PopQA,911,0.9101520176893312,0.4092080006822069,2.113597056259701,2.0884236262997664
PopQA,912,0.8783747731094839,0.362837762857639,2.7646507007201273,2.9678450187983043
PopQA,913,0.8754779971470014,0.3893492821697485,2.636770722405434,1.432683634116156
PopQA,914,0.8762926720782831,0.4373299206380099,2.316050147392434,2.0341964259075502
PopQA,915,0.8753576512199681,0.38683842643959054,2.8358301122602527,1.5748940111417942
PopQA,916,0.8778756625125339,0.36588212605440795,2.2788122345231865,2.7090208613829585
PopQA,917,0.8949020622756443,0.41140398794925764,2.5146755890857873,2.3041775054889784
PopQA,918,0.8886673644213376,0.3960122848810082,2.990807226826445,1.582408077385897
PopQA,919,0.8774156004862546,0.4212805627421796,2.3701629258504284,2.5607125784179354
PopQA,920,0.8866448994799035,0.4259430326376971,2.375234975979427,2.025259699822382
PopQA,921,0.8984343370886906,0.5222228633017362,2.5694585410790185,1.9775831522785536
PopQA,922,0.8443022591838827,0.3312645568652232,2.709269745453987,2.030312727276257
PopQA,923,0.8995057510711759,0.44266335470662455,3.2998935106462866,2.4071462560897223
PopQA,924,0.9040438781783982,0.36743921400124796,2.65227333114675,2.4628617252218046
PopQA,925,0.861557850098527,0.4048697235230332,2.869731094688565,2.01455483806059
PopQA,926,0.8562102576265826,0.3732821999016513,2.4160391747844874,2.035150011725731
PopQA,927,0.8658616123485583,0.38972468645781605,2.54001403139852,1.9736009259611167
PopQA,928,0.8665977563615359,0.4428379845771755,2.7001203610317432,1.718173150428642
PopQA,929,0.8746383039679129,0.40499609949530446,2.609459172300097,3.071778820931481
PopQA,930,0.8626607484875202,0.4231575772059456,2.824414426461618,1.9588297100575283
PopQA,931,0.8796895464467621,0.4502151017712783,2.434060206931309,2.1583572404861306
PopQA,932,0.8916347319912684,0.4048185078875918,2.7916526814441025,2.7980125853106155
PopQA,933,0.9099328530051991,0.5263519380626476,3.1282663958420396,1.7299918292175736
PopQA,934,0.8555545864382942,0.32673905643071083,3.177953958926169,1.6201001143623572
PopQA,935,0.8528294314773153,0.3685890493673073,3.0503813929336587,2.266656398542562
PopQA,936,0.9156096214126781,0.5004161825121112,2.3948680058329286,2.435041181223029
PopQA,937,0.90867564584452,0.4602459054418392,2.283932584719188,1.964628884660058
PopQA,938,0.8603213276836159,0.39803133702853644,2.879830586976116,2.4463579175525334
PopQA,939,0.8862289648555682,0.3855715124394302,2.5281499517411903,2.456240848021735
PopQA,940,0.8621805848993662,0.4310624804618501,2.793658678025075,1.886842852403573
PopQA,941,0.8709741967915587,0.35601944206239416,2.921591568227885,1.885917509845235
PopQA,942,0.8884602315335584,0.39221806237649925,2.99602444001881,1.7789818394720465
PopQA,943,0.8736783104841164,0.4413264807714245,2.5402628553663047,1.680077483711458
PopQA,944,0.9019231518646973,0.45792586672254487,3.950046579265949,1.8551082143729483
PopQA,945,0.9200325565662789,0.42299193798995655,2.6518816279143604,2.342139174608135
PopQA,946,0.8533308550185873,0.369737168039609,2.671979810856222,2.3100781162447044
PopQA,947,0.8651907131011609,0.3856683343167647,2.3763782004870873,1.7808100333951882
PopQA,948,0.8819714274500567,0.38586431000175625,2.351147870454544,2.1457903399586034
PopQA,949,0.8950247371675943,0.3296626737830039,2.837614598813613,1.8852281227582242
PopQA,950,0.868942163479565,0.36584733997739255,2.240900687790593,1.6681809457184433
PopQA,951,0.8817391440894435,0.4242535762107854,2.174319081143331,1.9526315124449871
PopQA,952,0.8661698990204818,0.42935053464625156,2.3826422836786953,2.0453806612437555
PopQA,953,0.8871620893362142,0.4704898684597642,2.4879677030716425,2.255317350266843
PopQA,954,0.8841737288135594,0.48564012353115676,3.200912661287561,1.5763675424139807
PopQA,955,0.8932932244664089,0.4295224509071635,3.2746742967580147,2.6401420272356524
PopQA,956,0.8742602473926753,0.43493040988132303,2.1285996285074504,1.8928804248565172
PopQA,957,0.8958696672072126,0.3677291301754866,2.1710496107175343,2.549353556106536
PopQA,958,0.8650801068090788,0.3735873634019409,2.3009561868245716,3.1086776817648434
PopQA,959,0.8766551462852221,0.5015359421424501,2.9305266960841063,1.9625414049489667
PopQA,960,0.8687958650350527,0.37606625208489064,2.6096994566946865,1.8308482937848307
PopQA,961,0.8878181994836633,0.4613869048481875,2.7327252952534615,2.1376261569237216
PopQA,962,0.9023286131484267,0.4838114037081494,3.0039069874205633,1.7596062258795737
PopQA,963,0.88930530547297,0.43929717718122485,2.783524749481695,2.4263366018537975
PopQA,964,0.8779596878435353,0.37958849399042066,3.3976709715528064,2.317408865617553
PopQA,965,0.9011507368295446,0.4525615916119947,2.444409290481603,2.1301819548516643
PopQA,966,0.8617777219360332,0.42861224048252416,2.4183955254509084,1.8991081940731087
PopQA,967,0.8681591793979879,0.4492780924355068,2.6394047834813867,2.3905995471993875
PopQA,968,0.8917908874872882,0.44808637055965245,3.300558892734493,1.9768042296946875
PopQA,969,0.8890962681924344,0.43159615234123705,2.245897327249245,2.4465788960034787
PopQA,970,0.8777741231425105,0.40457662037894165,2.393347365179385,1.5646560588060836
PopQA,971,0.8925850340136054,0.3599883734104327,2.5903879892389794,2.0790929452231226
PopQA,972,0.8804530494045404,0.3211992122710733,2.4910690345476696,2.4017434549206076
PopQA,973,0.8915942095075954,0.40631186910328665,2.3086415997474665,2.5013135624826335
PopQA,974,0.8566150598170302,0.33677889675901673,2.9790325007735516,2.0274482461864776
PopQA,975,0.8621410700480298,0.3586550669166745,2.73476948238269,2.132046213343733
PopQA,976,0.8668797108366644,0.4056914616269924,3.16899257687261,1.8150664919403765
PopQA,977,0.8682100276392415,0.4656637995924886,2.335014672657873,2.058601276148614
PopQA,978,0.8938312146892655,0.4260050989509535,3.4744762747571576,1.5033286449844008
PopQA,979,0.85614513091113,0.35392334620557464,2.4817397120633267,1.6637855834468949
PopQA,980,0.852231638418079,0.37328991592332356,3.23215062114794,2.2022684715811227
PopQA,981,0.8868259108896154,0.43257953283426476,2.6901920420335963,1.9929832279694375
PopQA,982,0.8898623995052566,0.4000756937016961,3.1996568644362937,2.0940715322248638
PopQA,983,0.9064308513811824,0.49111409890566443,3.350266128022148,2.283912145783615
PopQA,984,0.8683092730622671,0.3573829987781621,2.3467762670199654,2.169763369321269
PopQA,985,0.8675629600929873,0.3995938470892774,2.9938188633226215,2.313576821878158
PopQA,986,0.8642602230483272,0.3504234010819061,2.2637230935130352,1.5357604642250247
PopQA,987,0.8840111567879518,0.40224260177386023,2.2879154862279028,2.3394280166759436
PopQA,988,0.8825745597565073,0.4367476335646979,2.376692104215416,1.9624191405649696
PopQA,989,0.857930600633535,0.3459262989617004,2.8696141250516303,2.4967838198188512
PopQA,990,0.9007061377017624,0.44312221565037857,2.8745322056474736,1.67101186672222
PopQA,991,0.8474802013991183,0.3867392877743086,2.7781399598765173,2.300718809661817
PopQA,992,0.8778219072405287,0.4643536336860042,3.0204643745179856,2.4000971110159934
PopQA,993,0.9034554938845496,0.4225909241958795,2.5325755371620793,1.9153419725941068
PopQA,994,0.8848939450411683,0.4647378059554365,2.5517571985455887,1.941927866090876
PopQA,995,0.8831772643524141,0.4586044346880001,2.996523163371741,1.8184324408512953
PopQA,996,0.8604793821223898,0.35859422302427696,2.6099256793818384,1.8321117303048648
PopQA,997,0.8672231935703634,0.42355109807788305,2.409736966399576,1.5511798422197969
PopQA,998,0.8627487562189055,0.4243081242115141,3.363984576340524,1.8797073225458778
PopQA,999,0.877955880246383,0.3853861327039412,2.282153806539599,2.197468549859624
PopQA,1000,0.8864579878385849,0.39118753119591826,3.0178362759311037,2.1419821481738013
PopQA,1001,0.8680774534478934,0.38583174638169426,2.6160518237520654,2.01913683270987
PopQA,1002,0.8901935885526809,0.4281605569240343,2.704416960061109,2.202112152332442
PopQA,1003,0.8635897435897437,0.4084478353030893,2.7163608038035814,2.0161508136985713
PopQA,1004,0.912633454500412,0.4578887298307014,2.0601327397549496,1.6131495552528068
PopQA,1005,0.8880681542566093,0.4218186626998776,2.4316642068447516,2.8836692455076283
PopQA,1006,0.8807533281281459,0.42100534780388943,2.3892377625844565,2.6745863192181814
PopQA,1007,0.8861940912983335,0.4165200111600859,2.9042274425504595,2.1016103772218346
PopQA,1008,0.8650179358459988,0.3734194994013724,2.8181300716125106,2.1797711431553854
PopQA,1009,0.8699184681099869,0.35821577718422115,3.2055721632491383,2.109797795916944
PopQA,1010,0.9041813011723111,0.4356086646951149,4.3395532084931165,2.253270606521507
PopQA,1011,0.883787576338518,0.46510910738026184,2.792235001029631,1.7439550292075947
PopQA,1012,0.8836224469502615,0.43424319834867026,2.549762501366665,1.4138743321245848
PopQA,1013,0.8999979059345813,0.4356799842570352,2.7023220673770703,1.5054327222176196
PopQA,1014,0.8729936543486375,0.3937480425922458,2.749648655645966,2.6350507842439477
PopQA,1015,0.8709251000571755,0.4228209428186411,2.7237167829801887,2.2495805998771328
PopQA,1016,0.8951327406480272,0.42308059038707313,2.194535571243359,2.269152868992184
PopQA,1017,0.8677120711549506,0.4120974026029497,2.4707222793440766,1.6601690777417966
PopQA,1018,0.9021903527251122,0.49498318174603567,2.579703178799024,1.7860504490079463
PopQA,1019,0.8611949005817767,0.46855418472403954,2.256588267824764,1.7368486714727926
PopQA,1020,0.8813499604700383,0.3847629713997896,2.3362132724634295,2.2667765517804868
PopQA,1021,0.8700797496321644,0.43967168902105314,2.4340147998459356,1.9361091993451898
PopQA,1022,0.8998988318237144,0.42395660660627504,3.105093033396634,2.2062391085856157
PopQA,1023,0.8919619919636388,0.39969665175567776,2.8524655710053377,1.8985380443763065
PopQA,1024,0.8665126041623047,0.40803075488388885,2.511355364118213,1.764855472329343
PopQA,1025,0.8834063858507368,0.4452327062491322,3.1852174110416795,1.9691131614147566
PopQA,1026,0.8795649578991515,0.3979892384935247,2.2737702107843916,2.564495798518959
PopQA,1027,0.8727119910347405,0.32719255369598094,3.2503769818046133,2.7985738628745076
PopQA,1028,0.8762474963491431,0.3612788516849097,3.3527535187042075,1.7114992496438035
PopQA,1029,0.8911012006861063,0.4346442110611377,2.6494023723253752,1.671259890246253
PopQA,1030,0.9036070664309639,0.41309502489039607,3.1174357540356596,1.7383637975458472
PopQA,1031,0.8713626312880044,0.3465112538225096,3.0321797564635595,1.8860621175194772
PopQA,1032,0.8841646655231561,0.45031243920938935,2.68421854162861,1.981283438467845
PopQA,1033,0.8528000816548721,0.3597921164459124,2.7436733826094057,2.701037918919656
PopQA,1034,0.8641292885264342,0.3422303541858741,1.968118834293387,1.4972261878561595
PopQA,1035,0.883159125881955,0.40779159668180537,2.6501227897781248,2.2140547394997703
PopQA,1036,0.8880600375234521,0.44030466409372104,3.089725613350748,1.8891873528904677
PopQA,1037,0.8546965736201313,0.4017506635320684,2.6023314415030705,2.536168937838888
PopQA,1038,0.8653127264343587,0.4361328275675755,3.407410041956305,1.9986719241062827
PopQA,1039,0.8499829861061188,0.44201868574886016,2.88025041362611,2.1707887148436793
PopQA,1040,0.8522770240076998,0.44017849103391954,2.8501169886089994,1.338333272693186
PopQA,1041,0.8720383769596368,0.3760751179468452,2.476887575506362,2.034956490279745
PopQA,1042,0.8953720765809148,0.4246680090198259,2.5906138106096552,2.1822033891566854
PopQA,1043,0.8969625892412632,0.45758399790027116,2.3403512738377032,2.009606835838156
PopQA,1044,0.8918385195157523,0.4292757664051708,2.2791128854995395,2.1559756013680835
PopQA,1045,0.8540051833465935,0.38007233744650554,2.8814652012622424,2.2774019683285394
PopQA,1046,0.8833946057669502,0.4111112609423306,2.0556810728879316,2.303669983581877
PopQA,1047,0.8499075852571304,0.3484981022178869,2.0548680422531804,2.637748670713622
PopQA,1048,0.8873203704270315,0.4340973159132562,2.9612995991351334,1.9624004998512556
PopQA,1049,0.8905370573466127,0.3409458796742449,2.934273434978654,2.5216879376407246
PopQA,1050,0.8715228164047062,0.3978347883682483,2.263912523943912,1.9457395523997254
PopQA,1051,0.8911915187345547,0.3743256606895272,2.8971476532694957,1.8960729681760407
PopQA,1052,0.8366343955131339,0.3083486337897557,3.0574615287763143,2.2737432639256823
PopQA,1053,0.8784607319550473,0.40353580367395914,2.6396726289214185,2.5147149315754023
PopQA,1054,0.8635993196796825,0.3724343417911491,3.440763124773661,2.0107484974956886
PopQA,1055,0.8748481035799163,0.3594000721288308,2.5048793423383233,1.9750154504400557
PopQA,1056,0.8961204227231304,0.4040080786545928,2.8368314690685894,2.0825313208713068
PopQA,1057,0.87159080038466,0.4046257879965109,2.2193523417743743,1.877206739196965
PopQA,1058,0.892041528830451,0.44108558976847234,2.6097966235217993,1.7945371646706263
PopQA,1059,0.8621272024065321,0.3842024527727315,2.6433967751853897,2.3949493178613754
PopQA,1060,0.8930666730321404,0.4401866369578481,2.4502207707376567,1.7197988530079944
PopQA,1061,0.876095052005648,0.3806047744491302,2.4623468188583173,2.29184720550242
PopQA,1062,0.871855403819429,0.4086571798327464,2.6298542002348726,2.0925706747734267
PopQA,1063,0.8971277282706961,0.41423929182228214,2.618003402770923,2.6378185569707058
PopQA,1064,0.8831119449656035,0.39940982060180286,2.7992497321660306,2.562816183209675
PopQA,1065,0.8705553730786575,0.3761854946328145,3.0055055617775723,1.9796754420529623
PopQA,1066,0.9086146368502903,0.44186991550628524,2.5244552945015037,2.3293289932292436
PopQA,1067,0.8632403098462701,0.37517590549390434,2.929897892805872,3.806845018223562
PopQA,1068,0.8819950564971751,0.4211521965152067,2.7844737634447245,2.9023302347930713
PopQA,1069,0.8882688757661985,0.3794856054388772,2.6723938762078907,2.0484482430855118
PopQA,1070,0.8629950155029632,0.38781303793010846,2.3396860564990085,2.029718641855301
PopQA,1071,0.870602613920521,0.38427542426244843,2.1704032157785074,2.2133129948340597
PopQA,1072,0.897758229135381,0.3967431138711303,2.971978779367419,2.672897202427028
PopQA,1073,0.8768371581158916,0.39981617943135395,2.6878214287482955,2.0570828255122775
PopQA,1074,0.8640380497209186,0.33988724454248487,2.385473889545531,2.5665325605400193
PopQA,1075,0.8869439728353141,0.4025653878891729,3.26077599767794,2.168125583457279
PopQA,1076,0.8899082968924451,0.38326431773444253,2.3334549714121464,1.7723491153921145
PopQA,1077,0.8845982468771555,0.46224218550948126,2.441470219686371,1.2943780485845207
PopQA,1078,0.8761689923440827,0.43129649818954496,3.2483082125152913,2.209577818595456
PopQA,1079,0.8773287592910234,0.4238252009768927,2.511373674622347,2.3709424404071835
PopQA,1080,0.8956968953984795,0.41203427901027423,2.810528572054862,2.4992705559680783
PopQA,1081,0.8864853033145716,0.4272118473033006,2.7583634983854575,2.1523826637805574
PopQA,1082,0.8886253515399993,0.36469625991119103,2.659319999729512,2.135243433719776
PopQA,1083,0.9058012711222247,0.47267788806262895,2.63515907555466,1.8711915695284125
PopQA,1084,0.8862887697130762,0.4492184723173223,2.2713071012180133,1.9106372769835596
PopQA,1085,0.8630267907690248,0.29469547402662183,2.5357938284639148,1.7701995458721551
PopQA,1086,0.8432493235642842,0.36132663387442565,2.2995016407500883,2.746827702673478
PopQA,1087,0.8996723018915981,0.4204817351625041,3.0435754236835884,2.3865629750695767
PopQA,1088,0.8526275033377836,0.3568985598464707,2.438600268353731,1.8695722578327045
PopQA,1089,0.8839388530631046,0.45096571599825336,2.5183724146050324,3.360819312097393
PopQA,1090,0.8726234979973297,0.32673681812091593,3.2331995789190686,1.7396786664283004
PopQA,1091,0.8983636833268759,0.41153856871540057,2.509870415875126,2.1040663947559763
PopQA,1092,0.8964057971014494,0.356708975561946,2.517525625579235,2.2916661389463977
PopQA,1093,0.898295025728988,0.4308906281366053,2.4357799102368287,1.6560859812092645
PopQA,1094,0.8880120160213618,0.4247306409944736,3.255235287646115,1.7389417760523338
PopQA,1095,0.8575618097182882,0.34193405737678884,3.028543241248076,2.110834492463387
PopQA,1096,0.883203501905224,0.38207597372091695,2.5536468541284334,2.320310086166439
PopQA,1097,0.8824627842217662,0.4782909588365984,3.7556358776426206,1.7099041082453263
PopQA,1098,0.8879022991774838,0.428488439889117,2.1278348135430663,2.1566652365031818
PopQA,1099,0.8797156208277703,0.351384750475223,2.86629768405231,1.719232838773266
PopQA,1100,0.8608226180664402,0.42567146248659476,2.472522060399712,1.99016235698718
PopQA,1101,0.86035108822101,0.39637894651428457,2.6341411726584454,1.9853784255969633
PopQA,1102,0.862019809968219,0.37847739659789886,2.9680622074344765,2.0637283132599906
PopQA,1103,0.874162514132574,0.3597462616315201,2.2101976808377906,2.1796046014108055
PopQA,1104,0.840710179520821,0.32800242811243563,2.872468238092416,2.153206989803565
PopQA,1105,0.8659990016223637,0.4482731988173577,3.5371822288586405,1.3686218364923683
PopQA,1106,0.8991321762349799,0.45107768365806244,2.5419206491603155,2.2381061163849223
PopQA,1107,0.8944347647842575,0.4256532993674795,2.301627352702157,2.02627847496688
PopQA,1108,0.8841052807588241,0.4463347500579136,3.4364764048398926,2.074017956958194
PopQA,1109,0.8882103587727989,0.4312719578103345,3.198419202301742,1.787741071654674
PopQA,1110,0.8809073802936083,0.37375426355953323,2.504118128346114,1.313464287641435
PopQA,1111,0.9089314216842801,0.49501309939002286,2.61101885600268,1.6659187010294627
PopQA,1112,0.8858056032018297,0.4548325441709352,2.823250945539628,2.2489487216992536
PopQA,1113,0.8856599786313435,0.3808142536091556,2.4574520592894493,2.311388792539336
PopQA,1114,0.8920273278273985,0.36754319736839497,3.455478799921889,1.5392812667118874
PopQA,1115,0.8957832141768034,0.39628413853473843,3.2119846011824413,1.8865705304184783
PopQA,1116,0.8770530900606728,0.3621961522786324,3.556723368408024,1.757706842603807
PopQA,1117,0.8793283585666154,0.4215872091081247,2.3963953028093683,2.1683972912520475
PopQA,1118,0.8504910871890528,0.35344496955407684,2.566441150923799,2.259496704022041
PopQA,1119,0.8864051206215806,0.409795100810657,2.9825220943152253,1.602868636647729
PopQA,1120,0.8920043381071455,0.4088971562039803,2.5932203214452625,3.0837115957302554
PopQA,1121,0.8966450839579584,0.4377260558227616,3.0801952918971907,2.6912481962869745
PopQA,1122,0.8935424605334785,0.41263112672363617,2.7702300315711046,1.460275342187323
PopQA,1123,0.8943509293680298,0.40364624222309625,3.3363158554766783,2.6074040933596954
PopQA,1124,0.868222488936417,0.3429412354551766,2.4525259106704578,1.6609792425891368
PopQA,1125,0.8736814705385325,0.35171338952589404,2.2483513834016615,1.9795118635842306
PopQA,1126,0.8565223751135564,0.354029177532737,4.01552220362953,3.0501539257938113
PopQA,1127,0.8691386396782605,0.3736555050604822,2.7602152995020446,1.7784371075978718
PopQA,1128,0.8933026569615974,0.43703400392811254,2.7969129577034706,1.7593332858584219
PopQA,1129,0.878439593412728,0.3569189973617615,2.122399778683174,1.981914133376164
PopQA,1130,0.8899535550552488,0.34331931349104045,2.7851636182058734,1.7198341382973956
PopQA,1131,0.8830569375345494,0.389870820133848,2.984106873413249,1.8413671330378527
PopQA,1132,0.870198850550647,0.39257566010706907,2.798362632371856,1.7851921761359202
PopQA,1133,0.8868342680428773,0.3862501368747318,2.6604648773894017,2.0961293739484965
PopQA,1134,0.9074333958724202,0.5096246915503079,2.871370271810908,1.6510153324041819
PopQA,1135,0.8893990790213723,0.4130509448496278,2.248085291012208,1.9490543045175148
PopQA,1136,0.8815453618159368,0.4085320652276361,3.312859742593852,1.9048929407600874
PopQA,1137,0.8787512678241155,0.37553789076920446,2.9844529561155415,2.2267645107937115
PopQA,1138,0.8883466430050281,0.40216820741506454,2.6263101454165056,1.9239830227098156
PopQA,1139,0.8806169736595424,0.3961248143408746,2.943211081364727,2.033084423208607
PopQA,1140,0.8662249572539279,0.3476081797341331,2.8747369418056934,2.0674092603413508
PopQA,1141,0.8734381175326058,0.3849307436242346,2.5137970201134494,1.6705035771148165
PopQA,1142,0.8775938348465641,0.4102371532424546,2.700704174281852,2.0917535175351873
PopQA,1143,0.8796259428220383,0.37580800863255126,2.3328107525496384,2.198975893266688
PopQA,1144,0.8737160894520313,0.36021629493669083,3.086464566262305,1.9532458901710537
PopQA,1145,0.8930260193292092,0.4518788329434501,2.4515979021915384,1.7117079131922055
PopQA,1146,0.8901810070470562,0.4153755311859421,2.995116280524582,2.1037997050739996
PopQA,1147,0.9064920423432261,0.45313035376180244,2.948995714642206,2.006723912805855
PopQA,1148,0.8970747169080879,0.44668779621215726,2.6269545797948077,2.048706070334312
PopQA,1149,0.868605238197228,0.37782966789939093,2.9924776646637388,2.358797454177188
PopQA,1150,0.8741749195688184,0.4120149334956583,2.565767896514981,2.6701903630893016
PopQA,1151,0.8561352135258062,0.41619474900072595,2.7702503658928723,1.7606061386762482
PopQA,1152,0.8740193007577113,0.3786711462157044,2.7248808519456973,1.6731019037838337
PopQA,1153,0.8875016610493,0.3711283680418055,2.5923859863161516,1.8416908750700776
PopQA,1154,0.8411913109006914,0.40792555110667517,3.0806828826810477,1.7579414091729006
PopQA,1155,0.8566635187361744,0.3698483739738961,2.8151015602994245,1.735360086045359
PopQA,1156,0.8778411008572724,0.44184594720645815,3.178458960831906,1.599934612567858
PopQA,1157,0.8898488957768307,0.38895156404547576,2.7459760628282726,1.8559092424196701
PopQA,1158,0.920744984650532,0.4939221613792163,2.379516153889741,2.613232794212665
PopQA,1159,0.8718308510481578,0.42157278613250404,2.6515392526841137,2.3721494189804746
PopQA,1160,0.8625589930550472,0.4086890591402953,3.3480640074914714,2.005732645992349
PopQA,1161,0.9122650552404292,0.4355474637380215,2.174604745730327,2.0418707367326547
PopQA,1162,0.9012740867200961,0.44509879796332324,2.8649904595338507,1.8651469092067807
PopQA,1163,0.8799589685731092,0.43977470602917035,3.255705618830354,2.607072898347864
PopQA,1164,0.8803833514695772,0.44692433794535497,3.747477607599861,2.8718270145020823
PopQA,1165,0.8989160144117282,0.4030009463152325,2.4879063224718765,2.633075055953589
PopQA,1166,0.8821654542699098,0.43981266920621015,2.489201764159862,2.173359771871562
PopQA,1167,0.8830163162027747,0.4154127295030718,2.46453817263625,3.303106731752293
PopQA,1168,0.8696516084015198,0.35188198227966744,2.513132490454313,1.9300635030444122
PopQA,1169,0.8727666437139854,0.4194197360223656,2.954862583440238,2.3688372825341135
PopQA,1170,0.884051282051282,0.4313285107028123,4.130708480529567,2.7505012213798636
PopQA,1171,0.8757841967285398,0.4410193662378062,2.9092915119389264,2.122245542970332
PopQA,1172,0.8738746058695126,0.41938992346654996,3.053921176910486,1.5918117853068174
PopQA,1173,0.8980566882264717,0.40761985363125164,2.5615501388737227,1.9947893784218582
PopQA,1174,0.8854058208816908,0.4060991891489584,2.797704735292898,1.935501898648166
PopQA,1175,0.8933345841150718,0.4037976735106303,2.2811043471743524,1.7301652951970918
PopQA,1176,0.8917347622967352,0.4757091105387441,2.6956630270526767,2.088314418721204
PopQA,1177,0.8701294451129561,0.3867451962714217,2.819667104381981,1.776645940213326
PopQA,1178,0.889144427139702,0.4457423982395538,2.902486982042748,1.5221538945418842
PopQA,1179,0.8992053620784963,0.44864516318089537,2.6350725317397687,2.149113167885338
PopQA,1180,0.8858843392437676,0.4262956687273293,2.749856219719479,2.318228392517069
PopQA,1181,0.892754722725554,0.40116629426847605,2.343522842314378,2.0934844232564247
PopQA,1182,0.864351994038778,0.3836045887044289,3.417986296887681,2.6709170664379434
PopQA,1183,0.883411480625008,0.3844150680418483,3.203779867192642,1.7676332778070825
PopQA,1184,0.9093079138751412,0.40336137185978616,2.542342388042876,1.8148626015268343
PopQA,1185,0.8575809881175736,0.3743132055622927,2.4352793158002672,2.143842507002513
PopQA,1186,0.8786055831951354,0.33978857179744154,2.799160692480301,1.8345936786209716
PopQA,1187,0.8693323427282738,0.39168660816150763,2.8103621589803085,2.2233824499625
PopQA,1188,0.8789180005708891,0.38129858756612306,2.4703342657106266,2.311483224224316
PopQA,1189,0.8928700100077839,0.4636989212796051,2.4611671450839316,2.3793714712530885
PopQA,1190,0.8734781311502868,0.34470052719470917,3.2634987548431296,2.2697803818851043
PopQA,1191,0.8987388232173978,0.45910076789042015,3.1406854787729825,1.9082750459540974
PopQA,1192,0.8820280248851677,0.464104586399622,2.4538036305070055,2.4937267423774667
PopQA,1193,0.8570791135044722,0.33431160942059457,2.6427056873249533,1.9768147043449469
PopQA,1194,0.8515875244394526,0.3521552709478836,2.3212835625534485,2.1555504761203976
PopQA,1195,0.8802915643574984,0.39425903112617083,3.2171283478846187,2.088095365120894
PopQA,1196,0.8542055502860815,0.33102879595666057,3.4127348739248267,1.7416735596962203
PopQA,1197,0.8671690559214773,0.3866306581855342,2.6696638814997082,1.776664744758689
PopQA,1198,0.8810032691335721,0.4466171460378231,2.5026756564090262,2.230132739465675
PopQA,1199,0.8730052951052563,0.3233838688300296,2.675716523813575,2.443757971734281
PopQA,1200,0.8997587177702884,0.46402418385833155,3.123231422096993,2.312368602151926
PopQA,1201,0.8726427855312783,0.3860757667491905,2.431871052167111,2.2185536542957216
PopQA,1202,0.9004252657911196,0.4109912239355921,2.5534908177346134,1.9001341404913357
PopQA,1203,0.8996682474312576,0.4989488652525626,3.266775827730807,2.6717104113870973
PopQA,1204,0.8917739953333008,0.3900848444667691,2.531829015272998,2.5031632907134744
PopQA,1205,0.8718471001935569,0.4135846237419106,2.8174563909686334,1.8836087068738132
PopQA,1206,0.8650320821000107,0.36278257744866643,2.8508994401264647,2.147046091375008
PopQA,1207,0.8787180622078901,0.4026193923643852,2.935407767285105,2.1236153313617856
PopQA,1208,0.9030764444547822,0.36249028540384065,3.4367363280971763,2.205301267489944
PopQA,1209,0.9048039755632387,0.4297454343613346,3.1210088699541383,2.0358380832586076
PopQA,1210,0.8852008570159642,0.4807940555909665,2.4339768910690935,2.095993613435327
PopQA,1211,0.9056788494998382,0.4391375117502331,2.6454740071240797,1.8735098419299492
PopQA,1212,0.8790653953362837,0.3902040643267153,2.594201259738386,1.7161706677089612
PopQA,1213,0.8551832395247029,0.36902152184738013,2.457114362137655,1.884275378152812
PopQA,1214,0.8773898531375167,0.3926239549709233,2.339466571101059,1.6334096258822226
PopQA,1215,0.8615908955312929,0.37790674288636256,2.572206710256268,1.8831927426158306
PopQA,1216,0.8490183095347767,0.31425510249019667,2.65751385649941,1.5270711702075508
PopQA,1217,0.8725481079684876,0.37347324559763767,2.4148337718693567,2.0649193521193943
PopQA,1218,0.8802713116993286,0.41098226069513294,2.2491150973751908,1.9183186208880891
PopQA,1219,0.878857854186002,0.3838149010067653,3.3955148231067493,1.9547862041824837
PopQA,1220,0.8532302726187926,0.3700114187051044,2.1406147465577736,1.8918861645398837
PopQA,1221,0.8722767295597484,0.4651323635313544,2.31458038858961,2.5039817636385155
PopQA,1222,0.895812432229755,0.419078452883429,2.2733254385936066,1.5960553417811476
PopQA,1223,0.8847414759903766,0.4133080943875774,3.4493741108116796,1.6971024007668578
PopQA,1224,0.8808390072120496,0.4033873060818703,2.9519836285732657,2.2083194699731488
PopQA,1225,0.8919290576507404,0.3919515831084869,2.5158465511697394,2.0146293618213713
PopQA,1226,0.8331348464619492,0.3766368478926544,2.2085122665879076,1.9035598569459626
PopQA,1227,0.9099025820262181,0.46931532376759016,2.9177419711274304,1.8056853388836682
PopQA,1228,0.8738466625802497,0.35282231592452995,2.800338440965299,1.973054266728633
PopQA,1229,0.859231328681016,0.31971877299050294,2.436183699901727,1.716513999733503
PopQA,1230,0.8634045198990427,0.34742339959036656,3.326531648655387,2.2151473638896073
PopQA,1231,0.9005808269894754,0.43518568993064033,2.2512091145222315,1.71343008686391
PopQA,1232,0.8769155079523825,0.36532335050499465,3.1162988719764595,2.146588020705987
PopQA,1233,0.8979291802816476,0.4215975312271301,2.34520368468267,2.655231295059958
PopQA,1234,0.895324432576769,0.5007089608662685,3.243451256087249,2.2060268537622685
PopQA,1235,0.8990400693156599,0.4188190484474055,2.390504198425534,1.9363639772640506
PopQA,1236,0.9010049632492233,0.44488906336697875,3.1107515222206725,2.041750022807031
PopQA,1237,0.8880840826222693,0.5037206240680627,2.9106535153751354,1.3641559683104372
PopQA,1238,0.8946805858357602,0.43092937207874316,2.6398328287927537,1.9046057379515866
PopQA,1239,0.8898535102266447,0.37798755582104393,2.4293845928753965,2.074310517180069
PopQA,1240,0.8679660620885786,0.4116049951334782,3.435478942496246,2.0283535132068375
PopQA,1241,0.8850916295195642,0.3853114053769113,2.837039399117377,2.494695428000659
PopQA,1242,0.8821607506373896,0.43797785348008933,2.67097303063463,3.1508257012538254
PopQA,1243,0.875934213897505,0.34221096678674506,2.698707387891341,2.124975184763906
PopQA,1244,0.8651104223169314,0.4217304404648311,2.4521560932432855,2.155053915620364
PopQA,1245,0.8775787871159539,0.4159751220054693,2.456704432148395,2.266596810917901
PopQA,1246,0.852838539729492,0.3639569982965978,2.509845042922472,1.8444825466275205
PopQA,1247,0.8824655070895464,0.3733724726243486,3.1647773202383016,2.0027449940263518
PopQA,1248,0.889223518303389,0.39958621922584187,3.3075820267657297,1.9017575591020075
PopQA,1249,0.8772253213679359,0.4760782938411688,2.768003688201639,3.135853094537108
PopQA,1250,0.8716204298351937,0.4066850283979062,2.7328609928163283,1.7704547048552572
PopQA,1251,0.8709417198655609,0.37306549610049494,2.8543097757570637,2.2668302398158047
PopQA,1252,0.8582835856678774,0.3529786539147024,3.41873742419658,2.4872876059726896
PopQA,1253,0.8729231861147854,0.381258013067927,3.3982608150712053,2.47242971681848
PopQA,1254,0.9000767308057505,0.4416524541186157,2.655307794938004,2.0123118591735207
PopQA,1255,0.8773698469154292,0.40424300011419306,2.961667637335827,1.6995481906119327
PopQA,1256,0.8658757690591555,0.30250974078937215,2.750535430231721,1.8065677896008914
PopQA,1257,0.8568272357400128,0.4165438131725352,2.163406703602846,2.517086794075484
PopQA,1258,0.8746066831660395,0.4106286065023095,3.3174649895565875,1.8701716346534563
PopQA,1259,0.918407960199005,0.4482278599632835,2.3678250734599358,2.3315398655268473
PopQA,1260,0.8782124207915724,0.3766657476103978,2.0610647909850712,1.9136101007903483
PopQA,1261,0.8517586611417955,0.39543938909301174,2.5784279904423415,1.5178297153832818
PopQA,1262,0.8877481895063692,0.43075694220727334,2.495672504553794,2.2150238642259854
PopQA,1263,0.8660888985512974,0.42971231820819794,2.8106457446915165,2.2783129379112728
PopQA,1264,0.8823187340459275,0.40798575570777784,2.955961176235845,2.1974245356148825
PopQA,1265,0.8693034604659333,0.37290349318912697,2.8829747521331712,2.1274088985236386
PopQA,1266,0.8854709738892228,0.4120464128471853,2.376268027411285,1.7777754069021452
PopQA,1267,0.8955471923286296,0.41776866516217637,2.5935626697280014,1.8146625218177874
PopQA,1268,0.8765348399246704,0.4116444342494823,3.1935715330969363,1.6627807327109092
PopQA,1269,0.893592402512186,0.43549674610241107,2.864653313680437,2.1225720299348185
PopQA,1270,0.8890214859187153,0.438878063204564,2.5483829922472383,2.4011549380894177
PopQA,1271,0.9085465993419698,0.39169462618541895,2.8640996713743463,2.8398722981062257
PopQA,1272,0.862792979546711,0.3786575989435633,2.689621104507873,2.0407411562862237
PopQA,1273,0.8706412100072412,0.37415427846624116,2.9404253291539266,2.6535088033590473
PopQA,1274,0.8755970149253731,0.37070160716903255,3.9486423437810085,2.5826952837426234
PopQA,1275,0.8774889441680487,0.43122432001839867,2.5116606541885114,1.661915643012123
PopQA,1276,0.8861700404472542,0.4516984195724873,2.5377718759205687,1.6927177212710065
PopQA,1277,0.8670696836360313,0.39832385521150115,3.3706435290148495,2.355049293523158
PopQA,1278,0.8763214439192092,0.3972388778939343,2.816307623196516,2.0838612257946862
PopQA,1279,0.860749991009458,0.32519006800632344,1.809478308208032,2.876736205763165
PopQA,1280,0.8763523457232066,0.3841346577543255,2.9465441762363764,1.8060278904165301
PopQA,1281,0.880130958773343,0.4173154198811333,2.5331234651324985,2.16217895212069
PopQA,1282,0.8756610809635206,0.3298194616113572,2.615654068983627,2.2650755605087114
PopQA,1283,0.8997225714391806,0.42124273947274754,3.307603707870976,2.7889103739700065
PopQA,1284,0.8788925419274283,0.38992939351162476,2.6565812926934536,2.6071270272493705
PopQA,1285,0.8913066609917004,0.39484381494594256,2.506624179867992,1.9552103715070188
PopQA,1286,0.882882053397367,0.451495115168156,2.1442818836236737,2.111086485876688
PopQA,1287,0.8935210180344018,0.4737397836596636,2.9875535965085707,2.6141215871022685
PopQA,1288,0.8937661038148843,0.43049622578630237,3.0572831336247797,2.727268790622185
PopQA,1289,0.8846424870975187,0.4112920412261124,3.3451286103076545,2.1438042806187694
PopQA,1290,0.9093917748917748,0.49541083074412423,3.06514585162594,2.4066144429123746
PopQA,1291,0.8905082754797666,0.4604058592148025,3.0254329790964802,3.046795753820799
PopQA,1292,0.8811480513012078,0.40922906696911693,2.4289623831746363,2.255741676635428
PopQA,1293,0.8780480283482757,0.3588591663510463,2.8045675298722363,1.8766280042390935
PopQA,1294,0.8782327218065662,0.44309409682055145,2.752541068131516,2.3572948505681595
PopQA,1295,0.8495801989655801,0.34034848751333985,3.0420384058566468,2.191296015254316
PopQA,1296,0.8865533579937553,0.4435060777300581,2.641864201209606,2.0719061711269045
PopQA,1297,0.8822210343202985,0.37926987427638986,3.0263785232317257,1.6862528803476025
PopQA,1298,0.8719043670536207,0.34880867676884164,2.229410397669619,1.7270994861319655
PopQA,1299,0.8924423002777006,0.4756977831908022,2.539858159285564,2.263217986645912
PopQA,1300,0.8961082255272015,0.38617197684010346,2.529156286909099,1.7215820290652697
PopQA,1301,0.8788974620359954,0.3896322367994003,3.0156639212139984,2.726860532474149
PopQA,1302,0.8763830037664784,0.3552859105327095,3.092861590980119,1.91129169822553
PopQA,1303,0.8943539664711511,0.43155905775548303,2.2396308370017497,2.4211440276610094
PopQA,1304,0.866745527306968,0.4034518142834219,2.946372501545595,2.186054224678962
PopQA,1305,0.9029685554479515,0.4820351688624936,2.3687639785546577,1.6765832435141534
PopQA,1306,0.8615420122469223,0.3779680328176494,2.318201770925785,1.845369417281789
PopQA,1307,0.86363579149821,0.3703718810182282,2.641977127334238,1.9791679970047285
PopQA,1308,0.8754014776365769,0.4337208113656923,2.4419879250536325,2.933399817924581
PopQA,1309,0.8974121151509286,0.43424645540622964,2.6109895947969153,2.903195925451406
PopQA,1310,0.8845666041275798,0.43066805711510153,2.3080820089057417,2.0347297885460893
PopQA,1311,0.859395072830405,0.3778408398747763,3.09202075690566,2.4841488150287563
PopQA,1312,0.8853204292888622,0.42439705837682284,2.444317749131427,2.5472081115220844
PopQA,1313,0.8830143030955465,0.36730116032042087,3.987769662305622,1.724386550464481
PopQA,1314,0.8643503369637955,0.37983783816719413,2.8412166839653716,1.2416037710796317
PopQA,1315,0.889886689308407,0.4415729776723054,2.706072785788867,1.5707016087828747
PopQA,1316,0.8808404384312711,0.4332595458185409,3.1157160152260492,1.7919315587559632
PopQA,1317,0.8877684627413966,0.412007291088711,2.4814785544365505,2.246420067178448
PopQA,1318,0.8638169341552169,0.3574413592486059,2.125739152862733,1.9175771836942723
PopQA,1319,0.8770008304797443,0.40212857243754013,3.4843959383778755,2.394873257846895
PopQA,1320,0.8938249272894941,0.42983132749636793,3.1757512625985997,1.6128465918613126
PopQA,1321,0.8749235432745066,0.5171393776029506,2.6090869995952666,2.6866183794324425
PopQA,1322,0.8552205807610205,0.3145287072903633,2.651555908373144,1.9271333933957016
PopQA,1323,0.8964916545130449,0.44991254179357815,2.8490013644314427,2.2269617996924724
PopQA,1324,0.8850833010461061,0.5148361688867441,2.916221899982994,2.436677143799758
PopQA,1325,0.9019803545664764,0.4528406248234101,2.381355400247996,1.989183286786741
PopQA,1326,0.8435794392523365,0.345888899332225,3.897718722812084,2.5068634190094388
PopQA,1327,0.8816344363271738,0.3855867425776204,2.3762860731599083,1.7388568108455016
PopQA,1328,0.9057703604806409,0.49185383137227384,2.714526858991035,2.6162121786500205
PopQA,1329,0.8739274546591619,0.3859472310594288,2.748341372907728,1.940491924223276
PopQA,1330,0.8607136476588004,0.3507836719570506,2.897211323963657,1.377889348008239
PopQA,1331,0.8731518626193068,0.3420372565483797,3.4697005737404716,2.218974451531519
PopQA,1332,0.8898145810207572,0.41230881533148156,2.628269510557001,1.4594447438860678
PopQA,1333,0.8841454651837177,0.378219387302019,2.7532419098115968,1.191447199954611
PopQA,1334,0.857350661403992,0.3810097072062827,2.6560249790057906,1.593035943334551
PopQA,1335,0.8922063619911301,0.44713357458392,2.764313408778992,1.361345825280506
PopQA,1336,0.8567726093051451,0.3653217911863415,2.6356431084582943,2.241849839899187
PopQA,1337,0.8985915571927583,0.3944443338505518,3.8961662622613917,2.209441018252179
PopQA,1338,0.8901079054845793,0.3275081008528571,2.5124996377158935,1.5981253078671667
PopQA,1339,0.9019088208704635,0.45684787321793735,2.856147917676455,1.5400986809324166
PopQA,1340,0.8744478933317716,0.40901022159811773,2.81602767883843,2.5027245889783742
PopQA,1341,0.8898755420664655,0.40388975161724416,2.685424377604157,1.930941790936712
PopQA,1342,0.9024449852323306,0.4224114133706352,2.421307015630966,1.8290150096314952
PopQA,1343,0.8784114684230917,0.4296013979083524,3.2196468561457015,1.5407580643079823
PopQA,1344,0.8749625224184078,0.4620253625574681,2.538163554744436,2.2600091706445617
PopQA,1345,0.8862316290834175,0.4368297675125777,2.960282351915492,2.4373610380243105
PopQA,1346,0.9005187654292897,0.4612267787217008,2.5825766861889483,2.0795447772360673
PopQA,1347,0.9062348230723185,0.44248863989342374,3.3961962083158745,2.063938977282064
PopQA,1348,0.8994136639545396,0.41373401162187184,3.1727221273062947,1.6965485080517062
PopQA,1349,0.8910871651688335,0.42206498674348636,3.049225740255656,2.232228479849169
PopQA,1350,0.8656701126137827,0.4086463280346733,3.226826264160577,1.2722646371194632
PopQA,1351,0.8739712320200126,0.4462914693397594,2.5469828548136393,2.5090548840532763
PopQA,1352,0.864124563920027,0.3828522170918138,2.992763163988566,2.1165544475409535
PopQA,1353,0.8895892184557439,0.4389915117830792,3.1000940184342514,2.283717389483403
PopQA,1354,0.8826595460614153,0.396868545580688,2.8154279658478103,1.403283769233815
PopQA,1355,0.8849253144654088,0.4433855474412999,2.8047271852785394,2.139088018575901
PopQA,1356,0.8889868667917449,0.43610302397869083,2.6866468225995015,1.9522755648520156
PopQA,1357,0.8767177998894418,0.37171620176131415,3.0917837225832767,1.748906140453232
PopQA,1358,0.8706219370594681,0.3429152784382493,2.851628755181543,2.4523995393993654
PopQA,1359,0.89022835521015,0.40115607768267114,3.056798898465395,1.4989964942871303
PopQA,1360,0.8671247764050085,0.41688531910518356,2.0740413815293937,1.893120958066442
PopQA,1361,0.87328963431977,0.4228593743313313,2.3032156846248357,1.859435220455432
PopQA,1362,0.8802255639097745,0.43192903804362603,3.2060976211101018,2.2872096609820263
PopQA,1363,0.8775881389290225,0.372782730347413,3.064006929568464,1.9566915989939906
PopQA,1364,0.8871105287241565,0.42843649800659594,2.2465988866647795,2.2813542837938754
PopQA,1365,0.8682952642352066,0.34462370167220746,2.37276087244374,2.1450520530539676
PopQA,1366,0.8850647845170536,0.432092598837693,2.9544144023550345,2.612397397276051
PopQA,1367,0.8562844791431429,0.3965490909216547,2.842591604997421,2.0090925547868945
PopQA,1368,0.866784286739191,0.3994104003860472,2.304386465767277,1.8932478906659238
PopQA,1369,0.8610120165227186,0.3448896068017162,3.2931914537931597,2.039138951070231
PopQA,1370,0.877586942052498,0.4005844579433572,2.61170670572581,2.769379494677462
PopQA,1371,0.8508637368711996,0.3738514000655638,3.401085716557849,1.7847900894235345
PopQA,1372,0.8537845580862341,0.369050921121008,2.561314615444169,2.069506607977503
PopQA,1373,0.8741462867532039,0.34180615324591995,2.57108009049021,2.418086989497646
PopQA,1374,0.8525212085776314,0.3952219581700255,2.473868240804923,2.102187287636116
PopQA,1375,0.8726027983505943,0.3848041470656683,2.1050266913356,2.123201318486653
PopQA,1376,0.8691768560780537,0.3422962476857901,3.2523915758926365,1.9424268141613825
PopQA,1377,0.8957021586223624,0.4654920719819028,2.4935191012361235,1.9032331793039283
PopQA,1378,0.8792169295433088,0.37672483767856635,2.7568156686114653,2.1002551250323442
PopQA,1379,0.8661211988851449,0.4233331165707512,2.4069231080343885,1.6651716036346562
PopQA,1380,0.8969281103876956,0.4776823407106489,2.611051969509953,1.6561157570940557
PopQA,1381,0.8662083876289062,0.3463269271645061,2.777193423906728,1.9685427302441592
PopQA,1382,0.8835565113402485,0.3876385580697142,2.8287496898446105,1.848123536551076
PopQA,1383,0.8885206639189038,0.4426724121604901,3.005917001847992,2.3529516076464727
PopQA,1384,0.8896433685340969,0.4126900603051731,2.0936190041186156,2.0205534392349063
PopQA,1385,0.8667425427988809,0.47388598042800756,2.9744884673238103,2.123002930803645
PopQA,1386,0.8554341943083773,0.3747532263193615,3.051684401234503,3.090836603626411
PopQA,1387,0.8803858477970627,0.3927897800560728,2.5776590209901737,2.125171831120813
PopQA,1388,0.8547504999549114,0.3555087508420528,2.585797632708156,2.3646902084781494
PopQA,1389,0.8694891573483363,0.43823348670586537,2.662756571691464,1.4935271171018498
PopQA,1390,0.8974984129320734,0.49088214173563616,2.2660288490217977,1.7302738606569161
PopQA,1391,0.8843725615379159,0.40031455061176535,2.5738662759772377,1.5434680327732964
PopQA,1392,0.8788903835685273,0.3563553694884058,2.4918811306835162,2.2703879336051065
PopQA,1393,0.8744565526255967,0.4340490092316805,2.2659036868688958,2.36132118130951
PopQA,1394,0.8464437264650003,0.34580720986064406,2.3080818481062,1.3773657497012346
PopQA,1395,0.8781966283955238,0.38550359258357936,2.8271406888148065,1.7615806971722772
PopQA,1396,0.8731906967431224,0.36944279916131717,2.467560900343668,2.7759891046925342
PopQA,1397,0.881120189690549,0.4131151842069445,2.9395121026833633,2.0528444974243967
PopQA,1398,0.8770678082553776,0.3500884667772518,2.183510437757455,1.6751625919976783
PopQA,1399,0.8964987730853674,0.43131927333117476,2.8162802089602854,2.7389034278121684
PopQA,1400,0.9017372881355934,0.4753820064970883,1.8655671618196497,2.247552500570272
PopQA,1401,0.8966679146387122,0.40481180042469156,2.2203220839664133,2.0913922660082673
PopQA,1402,0.8796900236054168,0.39562141023892317,2.9121431379411846,2.207865001245909
PopQA,1403,0.876193981660855,0.41190855480515715,2.1741612369556527,1.7799659541448472
PopQA,1404,0.8658776443682104,0.44543913576805094,2.5539704810479704,1.818565116267207
PopQA,1405,0.895749633401111,0.4689291609011425,3.0731470901970517,1.9483523817684052
PopQA,1406,0.8732585139318886,0.3801228056915526,3.5546230983012674,1.9865970330433889
PopQA,1407,0.8798642568327608,0.38914469714883926,2.5622473473267924,2.7082723681278007
PopQA,1408,0.8906975083886628,0.38006417590864555,2.602723474885584,1.725517370103237
PopQA,1409,0.8822526257600884,0.38145702293974004,2.2192873143237413,1.4962927371490649
PopQA,1410,0.8691560039370079,0.3379021759136595,2.718016607155488,1.9226153568388482
PopQA,1411,0.876522940851299,0.34854688344162355,2.5328270585644175,2.0434494063220963
PopQA,1412,0.86444532835623,0.43994434102447477,2.707753020619821,1.798542420314169
PopQA,1413,0.8640044454730428,0.4060214928601695,2.612685583586971,2.7373605531118197
PopQA,1414,0.8995167439321174,0.4375060523579675,2.3808166270285365,1.9160484254269086
PopQA,1415,0.8673819442435463,0.38215981545131417,3.115752636239688,2.012504994822279
PopQA,1416,0.8707142973152945,0.37507994394305955,2.4856104864423547,2.28878271532937
PopQA,1417,0.8750994371482177,0.38744734351919863,3.3621598851564607,1.7899728514260318
PopQA,1418,0.8672067345695484,0.40509132289338146,2.719808898936783,1.790744762105774
PopQA,1419,0.8599519778183257,0.33087530485976135,2.487220208006728,1.9987110919296294
PopQA,1420,0.879438735762751,0.455380870160188,2.138973488779733,2.9207730355940575
PopQA,1421,0.881324545307356,0.4098372613037763,2.9501656435210073,1.9923008392453407
PopQA,1422,0.8947130129574495,0.4199699271274583,3.2274364512875384,2.28075062171132
PopQA,1423,0.8999978433092263,0.4242134632499134,2.561585670792053,2.2765091443866154
PopQA,1424,0.8977809214018682,0.4179977425201271,2.848401446436175,2.8199030749683964
PopQA,1425,0.895078642526382,0.4643539515119944,2.0579998742970615,2.12517108644665
PopQA,1426,0.8864942528735633,0.420162833486755,2.6074960728718093,2.089981724098475
PopQA,1427,0.8766288384512684,0.4021571576342678,2.4114925924430004,1.8278767393242652
PopQA,1428,0.8831357098186368,0.42078696790544406,2.7609493867387553,2.4648398253399564
PopQA,1429,0.8896979457075737,0.4465798981142859,2.9166818034931237,2.597247531495461
PopQA,1430,0.8619138845113963,0.3933141611793622,3.185183537875364,1.9792155087346575
PopQA,1431,0.8218986865361619,0.3145064135160959,2.8338518639365695,2.740799635238968
PopQA,1432,0.879509224979347,0.39880506109122765,2.97957818657499,2.130810098206792
PopQA,1433,0.8372218346813471,0.2795986922046884,2.655687884960503,1.2088982558331458
PopQA,1434,0.9078294460030987,0.4048354345649376,2.944224862522041,1.9568427574954272
PopQA,1435,0.8953262187727383,0.49644575593701395,2.430850296968841,1.7451208296556782
PopQA,1436,0.8870106018866349,0.39917609472284216,2.9425604598184596,1.7657722787543493
PopQA,1437,0.8353492431655372,0.2506572771014385,2.5754663299721665,2.716173405875498
PopQA,1438,0.888010620294085,0.4361539249292526,2.8551816444681632,2.384724548011577
PopQA,1439,0.8831118357690213,0.403091774220192,2.3931725059526205,2.5634507494643963
PopQA,1440,0.8451612743838568,0.3811524725489826,3.1542464083089925,1.9188430777679368
PopQA,1441,0.8740612091625986,0.4205335234132649,2.6451504372459516,2.0176667738236667
PopQA,1442,0.8901621352197189,0.4337398899256476,2.6998192256797777,1.8553663816501962
PopQA,1443,0.8901916007574914,0.42830187803425274,3.193173941871453,2.660528304467207
PopQA,1444,0.851444808017578,0.338023589995167,2.556801733362831,2.0211216481287
PopQA,1445,0.9283296061622562,0.46169686441935137,3.4118925482326494,2.4420864365776893
PopQA,1446,0.871415909213673,0.3832900409666946,3.0241451443518677,2.1468471936685436
PopQA,1447,0.8470218352681039,0.3082929556900319,2.5980272145217,1.8140701869272762
PopQA,1448,0.8801136148367054,0.40263458557163,2.4635250095833214,1.5088629535644646
PopQA,1449,0.9063574301754613,0.4113310084630855,3.6774452578074954,2.2594777901474936
PopQA,1450,0.8869735370853522,0.3993868867439098,2.460238968651494,2.3308613261286792
PopQA,1451,0.8874828702967096,0.4249664047340138,2.487555399267943,2.1173229682159556
PopQA,1452,0.8902376910016978,0.41544894475779515,2.5288672413016933,2.133440866131821
PopQA,1453,0.8711691538623965,0.352261582849477,2.670317402421423,2.23914514167638
PopQA,1454,0.8643042316751236,0.3815619751270149,2.8749567720254947,2.3665831453173145
PopQA,1455,0.8875426594363719,0.41290096854545566,2.836328637729925,2.0000834979271165
PopQA,1456,0.9011539944459899,0.4044168253984843,2.523787547693589,2.3152607747095213
PopQA,1457,0.900792762961637,0.4440383048273501,2.2743522378208936,1.7479108511886658
PopQA,1458,0.8844302338626605,0.4605505495186536,2.8275185044385824,2.3970838136789245
PopQA,1459,0.8936427119050604,0.3946071191479751,2.8901488738952428,2.3505299316651325
PopQA,1460,0.8686245300418528,0.3966774750923252,2.036548936456787,2.580826308640459
PopQA,1461,0.8906688918558078,0.39764105654880727,2.4426702474277313,1.9548634747049713
PopQA,1462,0.8449530801893006,0.32075565229753844,2.985475283929854,2.529885278081087
PopQA,1463,0.8588229060170062,0.30571261727380183,2.4807833428285693,2.363132457322367
PopQA,1464,0.8929807290734443,0.3963312824114377,4.058531817980212,1.9358711453210644
PopQA,1465,0.8715374580800822,0.3890858815218193,2.971453341559082,2.0741273588067224
PopQA,1466,0.8875348571679512,0.4698375772461459,2.2184975510183564,2.0416028613402775
PopQA,1467,0.8755494242688189,0.37303227270430206,2.332325886267214,2.083680228441769
PopQA,1468,0.86531102304258,0.39187139496677087,2.605903529413732,1.7811063693935238
PopQA,1469,0.8990902377186454,0.3738462478270944,2.0857528274283585,1.9210487571101287
PopQA,1470,0.8976428927992013,0.43053091020397605,2.833846233220193,1.6886292844493105
PopQA,1471,0.8612547448230482,0.3927451811441256,2.8300077972010613,2.151992589606185
PopQA,1472,0.8857676588044429,0.38838513160191945,2.5369988643268306,2.0641224236740534
PopQA,1473,0.8904646568396117,0.4760249395754364,3.2827271773339155,2.345143989140803
PopQA,1474,0.8789469320066335,0.41584753295229326,2.306103844924356,2.2913887939670303
PopQA,1475,0.8858220349032551,0.41968753684773147,3.315133247421946,1.6684233999909632
PopQA,1476,0.9109569322892676,0.3999993094999011,2.4007586019328584,2.287526691739859
PopQA,1477,0.8829480017189515,0.3257998652556363,2.299803842163262,1.5336609454770374
PopQA,1478,0.8891380131537612,0.4496963016312464,2.9046081239883943,1.925508560881469
PopQA,1479,0.8938783932766513,0.40103272661853534,2.6812579378347583,2.046612833045268
PopQA,1480,0.8811137630517076,0.3683516196699738,2.8599447985295825,1.9117170712333287
PopQA,1481,0.9037985592433818,0.45038541192466325,2.579356722685341,3.533608267316021
PopQA,1482,0.8812553235315403,0.41274292971938753,2.938653788494952,1.583058096024284
PopQA,1483,0.8763889931207004,0.38883331191151715,2.4379787456565976,1.6921765791173076
PopQA,1484,0.9068226839372615,0.45848308243559366,2.663896317957886,2.0148144124046445
PopQA,1485,0.8938433466579162,0.4221191299948543,3.080189955545602,1.5296401065287812
PopQA,1486,0.8655563308493647,0.35821826140456653,2.347459102081697,2.5300854064072955
PopQA,1487,0.8862210020518404,0.37190016478822135,2.8350612019388004,1.8114855008213573
PopQA,1488,0.8595478709050678,0.4116589496762925,2.495621793408288,1.9487600657192676
PopQA,1489,0.9058317842599609,0.4507448933519598,2.9643911963122607,2.3552668792020603
PopQA,1490,0.9145756447506854,0.3751401504863068,2.4059361564838264,1.7257528043871015
PopQA,1491,0.9053057987255905,0.4592370890029587,2.989777377715591,2.3522307143960135
PopQA,1492,0.8904096757802675,0.4306161565219105,3.747756654864446,1.5390044490977124
PopQA,1493,0.866810112065558,0.39999290301392565,2.843370137054803,2.3912238254631615
PopQA,1494,0.8733957818313638,0.39664482060270684,2.828666963358297,2.4733708173420057
PopQA,1495,0.8683979416809606,0.4330191143736777,2.6484139129135245,3.020910878892007
PopQA,1496,0.8610116739255812,0.3955057348242022,2.097164820770605,2.4408275437653373
PopQA,1497,0.8681174721189592,0.35024778002611173,2.3222328190145713,2.046062550188975
PopQA,1498,0.9067494492875892,0.4610523472941466,2.665644438001257,1.9905651959741113
PopQA,1499,0.8595147805970805,0.3503630452826515,2.6824919130877785,2.615359339298805
PopQA,1500,0.9172855294360502,0.4399433112027447,2.5551925386659944,2.482384865506619
PopQA,1501,0.8518431891258295,0.3402584584052928,2.1011348861303927,2.13140518244308
PopQA,1502,0.8939566434890077,0.4657873398659998,2.6777523216765133,1.718037584583898
PopQA,1503,0.8711492435720088,0.3432833624102516,3.3315601742622203,2.079313649045768
PopQA,1504,0.923710271764164,0.47049870159292806,2.36861474445419,2.1111104033932713
PopQA,1505,0.8859885295900582,0.41428767795727534,3.167099740498479,2.125790369856766
PopQA,1506,0.8837242433561878,0.4247526549245354,3.092096906446661,2.2984825483441873
PopQA,1507,0.8698071053729441,0.3466439457756514,3.0501532070883237,1.8878315846896718
PopQA,1508,0.8789216066124241,0.42272693489636193,2.446769163828671,1.811077165373861
PopQA,1509,0.8498265408424704,0.37545805787464404,2.947231309574881,1.7453753731608779
PopQA,1510,0.8645701204411746,0.4153795123063189,3.431674552129011,2.8543241826903416
PopQA,1511,0.8720842286205415,0.38223857014545165,2.893365288955799,1.8613849445666975
PopQA,1512,0.9020250156347718,0.46896856809947757,2.3452353137387614,1.7460740688229686
PopQA,1513,0.9000293724966622,0.44910196026010857,2.71684292796113,1.9448554889028429
PopQA,1514,0.8713340821165605,0.3820479321420166,2.5247601162130016,1.3151337993227923
PopQA,1515,0.886430304476662,0.4191473039640388,2.5531768257941305,1.7704326470869054
PopQA,1516,0.8916463003891397,0.3972276952493621,2.6250911906196737,1.7685422336071084
PopQA,1517,0.8615098227167619,0.37736043908377215,3.120802305572399,3.2682548081737273
PopQA,1518,0.8743447153974033,0.38842943665158913,2.3760141620405855,2.316428966967027
PopQA,1519,0.8814209318425887,0.4076355021641723,2.8632557274385673,2.035094336943995
PopQA,1520,0.879399433760877,0.4012820068285737,2.4958848001922536,2.2107483208262435
PopQA,1521,0.8643070203472888,0.38550298787864745,2.248300210887792,2.288958537293931
PopQA,1522,0.8896129201066654,0.4411849355869677,3.161350271368946,2.650775699377965
PopQA,1523,0.876642880894883,0.3716966479724137,2.3995788664529507,2.206116676044616
PopQA,1524,0.874674907444237,0.42221054340292846,2.8085141072024076,1.4679413804732395
PopQA,1525,0.8821969758490199,0.3882755495189352,2.81948684699728,1.9531699051278637
PopQA,1526,0.904924776516685,0.49938608261039774,2.6227367202032665,2.092396369933468
PopQA,1527,0.8621412730825813,0.3605124047787784,2.6555483016513373,2.0153113669446507
PopQA,1528,0.8581211780856108,0.40272762592319544,3.784239997306062,2.8697700737243537
PopQA,1529,0.858935914552737,0.3540004395501508,3.1671544746723543,2.2761361075923316
PopQA,1530,0.8751416041929946,0.3719380792171328,2.6533090210187953,1.943710010802773
PopQA,1531,0.8778578154425611,0.44312230206711084,2.261169509388853,1.340543437459829
PopQA,1532,0.8861472552417434,0.41092361658483934,3.1906042687984737,1.9703458548026114
PopQA,1533,0.8902070316236779,0.4160254247681736,2.814886439205714,1.640910674860005
PopQA,1534,0.8245482772258526,0.3322383811242905,2.041317207069462,1.6052331079254503
PopQA,1535,0.8904587724112235,0.4367469773691681,2.6671812042159577,1.7960491545209787
PopQA,1536,0.8800838009296094,0.392686755852075,2.4026205652054267,1.8875895657717991
PopQA,1537,0.887819343528005,0.43143402754185917,3.177602455461963,2.333225128555747
PopQA,1538,0.8876385568991376,0.3734123519939851,2.719711961320436,1.7080869745652312
PopQA,1539,0.8916928153680705,0.41631253966267046,2.7403044035214377,2.34649550885103
PopQA,1540,0.8713455355648294,0.3378324765739794,3.0875506351886197,2.7395948673763586
PopQA,1541,0.9003512850316415,0.4360606771080245,3.3285776866754886,1.7524328268238984
PopQA,1542,0.8749426977126508,0.3916723958929172,2.9814247784212804,1.8559418500766471
PopQA,1543,0.8729607184419121,0.3546728126035201,2.1510908256155044,2.408728051659425
PopQA,1544,0.8919379595916328,0.46572832641281886,2.486268858082508,2.2316908532235393
PopQA,1545,0.8652516349489457,0.3522415728749234,3.150412495214645,1.6544924815991802
PopQA,1546,0.8770977701543738,0.4336221578640358,3.047175389959317,2.0349347015960233
PopQA,1547,0.8563007087988199,0.4266055035154565,2.7471326118133748,2.0789725645572057
PopQA,1548,0.8835061030664189,0.39769686633003093,2.3862916986541958,2.1591468537975405
PopQA,1549,0.9013192444182754,0.43092148460892327,2.3573564312345625,1.7877603788692826
PopQA,1550,0.8919800701035199,0.38166243254044063,2.5999380663883462,2.2869882963592554
PopQA,1551,0.8879194154784706,0.41879087653321756,2.172504153177477,1.8241104970895041
PopQA,1552,0.8900849439979419,0.4286081174695156,3.1203536033639256,2.5242560438754693
PopQA,1553,0.8698287158367652,0.4251792178968924,2.8750402339386856,2.3053180086979856
PopQA,1554,0.8516040294459511,0.36283814062498815,2.353738380349516,2.396554336239089
PopQA,1555,0.8779362313747884,0.4432901376355015,2.920889026030382,1.702804920214744
PopQA,1556,0.8772716734375576,0.43635129501782693,2.385888193711284,2.5482152497695245
PopQA,1557,0.8794262323970254,0.4547339934055642,2.5453355107822264,2.064412166177276
PopQA,1558,0.8866677107571148,0.4094463824234011,2.368620035105717,2.0738545036088256
PopQA,1559,0.8786956204829748,0.37391291642799085,2.7084726429293173,2.402915334609186
PopQA,1560,0.8510726674957332,0.4118984964454169,2.8673296530414514,2.2981182084839764
PopQA,1561,0.863034820740217,0.4358140138224036,2.687428264173086,2.585764846383989
PopQA,1562,0.8811314408057238,0.39381222784289943,2.376257799934298,1.7478831939812678
PopQA,1563,0.8826429894889954,0.41583054080886067,2.597952797727427,2.0349913933913104
PopQA,1564,0.8799604972275578,0.3937119823856738,2.73920562836926,2.298122148353222
PopQA,1565,0.8597637764149132,0.3547521169846638,2.5043606105579546,2.102676000892277
PopQA,1566,0.8760193773292575,0.3893537922428548,1.9982336463468728,1.9797595671097803
PopQA,1567,0.843948723992477,0.3871423085333007,2.833519263041054,2.0217825754529866
PopQA,1568,0.9032933083176986,0.46266273999235763,2.749905091677531,1.8844623703069094
PopQA,1569,0.8878746532270652,0.3480697836624198,2.610984263839023,2.425796277741198
PopQA,1570,0.8789668054597541,0.4320192643446431,2.830794798079104,2.0702221186096734
PopQA,1571,0.8735551927736886,0.3464463547180872,2.5274635662265688,1.8035268239154374
PopQA,1572,0.8847517730496455,0.3550648310891226,2.98249736142349,1.8497826666085604
PopQA,1573,0.8759962756052142,0.4239002464568206,2.4977226477658108,1.7850593539593762
PopQA,1574,0.8890753223209034,0.43775061536440857,2.511297491469704,1.8431879812908862
PopQA,1575,0.8984465030312814,0.4088389979435517,2.7017726728707756,2.00066451200664
PopQA,1576,0.8642301000323347,0.3537549847374299,2.905601857502142,2.267226282866268
PopQA,1577,0.8936939374167847,0.4372440028189097,2.4258865507708234,2.0619913200186297
PopQA,1578,0.8924349720512855,0.4520150707082555,3.0079960900569658,2.5895677144895384
PopQA,1579,0.8852390694854891,0.4539354298759989,2.942829265580747,1.9489436659096555
PopQA,1580,0.8862977716655338,0.413021891774929,2.9251491525770192,3.1577084977569156
PopQA,1581,0.900298561698659,0.40230146362925,2.5594531347361444,1.6711702339941297
PopQA,1582,0.8635378779268015,0.3817491157935802,2.384572643240493,1.9897781077399546
PopQA,1583,0.8876878098899259,0.3962659707326409,2.3931380421613495,2.1303243190221637
PopQA,1584,0.883523302571817,0.4349759112175852,2.916870503823565,2.066414607935128
PopQA,1585,0.8927449540535854,0.39933071924678715,3.312666364349095,2.6246967874059015
PopQA,1586,0.8808776436729193,0.4412085061499989,2.2318965519262504,2.184467733797542
PopQA,1587,0.8742796610169492,0.4368316502086064,3.093634888802498,2.247675790715695
PopQA,1588,0.8498049055638258,0.32471083050175814,2.9069268543767697,2.1160586371609487
PopQA,1589,0.883536030265532,0.39886579468365013,2.4024058769683307,2.6356998119555364
PopQA,1590,0.8766251253402091,0.4446229932631922,2.5892741506589525,1.6959015924942342
PopQA,1591,0.9044264069264069,0.39599176712683976,2.9412478753686013,2.247713917333276
PopQA,1592,0.9070462844501307,0.3876087495115701,3.1175558188620442,1.8194775487254164
PopQA,1593,0.859634468905992,0.3924118501218687,2.6712085297141566,2.0266217606853307
PopQA,1594,0.8911012795310952,0.4206102099617211,2.4927268930803383,2.132441754992803
PopQA,1595,0.852225193366763,0.3520074902174611,2.715109615532518,2.652112093915239
PopQA,1596,0.874453882509623,0.36215286786325535,2.613006115473952,2.195950983509999
PopQA,1597,0.9035484159656346,0.4382212221756185,3.495065550687352,2.2968280801994942
PopQA,1598,0.8832563417890521,0.41871437990303306,2.6480818623082674,2.1639338954582406
PopQA,1599,0.8881134256971757,0.4151382739658338,2.6187276729462012,1.7537883317464604
PopQA,1600,0.8837240869284381,0.40899362101410497,3.0188545100738904,1.871317934736156
PopQA,1601,0.8755044870240116,0.4624470197116957,3.043138780689992,1.5856891161744766
PopQA,1602,0.8826378986866792,0.3883943230301969,2.9934695609858357,1.6083616516567116
PopQA,1603,0.9049893190921228,0.45475492224198727,2.5489341280406963,2.0936997020922767
PopQA,1604,0.9070312033888193,0.44898895071361467,3.1666729850642974,1.4284447338466826
PopQA,1605,0.8953266508815978,0.45973667649324196,2.9423164277332785,2.212848291443191
PopQA,1606,0.8696534860344028,0.3311847845873848,2.7204877921079342,1.6603147154657867
PopQA,1607,0.8990922227201096,0.4150757918390815,2.599279190173403,2.069087807925994
PopQA,1608,0.9086437769885887,0.4373644708931292,2.434159431268537,2.345496024786279
PopQA,1609,0.8703097748481159,0.3657718905742758,2.5575413523574237,1.5460998903203613
PopQA,1610,0.8698072693899461,0.3489856585354508,2.66487126598006,2.0177225437614132
PopQA,1611,0.8746446653546618,0.37673849243059243,3.4097152119650675,1.9782522549675976
PopQA,1612,0.8767604513120832,0.3787347677101301,2.6311009385552286,1.8729449314853184
PopQA,1613,0.875427405098623,0.40886431821827474,2.31649094601454,2.2269421737003907
PopQA,1614,0.8827158004538074,0.473084032285506,3.1036874419584075,1.9059982973915632
PopQA,1615,0.9162461522934855,0.5402989670874533,3.2513344493822744,2.3392129170956255
PopQA,1616,0.8826708050861589,0.4274158264032088,2.527419690859372,2.004047924145112
PopQA,1617,0.8434552736982643,0.3449116091109181,2.4712047123871943,1.7689185248271557
PopQA,1618,0.8564661515820455,0.36323078636538864,2.4833307422886173,1.8271360919488095
PopQA,1619,0.8673015705072177,0.40627131033712405,2.894295897342062,2.361601089110475
PopQA,1620,0.8621560050511371,0.30188605170787736,2.6518826394070603,2.3013809195688437
PopQA,1621,0.838477444950994,0.3097302742995531,2.500532789539565,1.510489249909605
PopQA,1622,0.8552968363971357,0.3525281525803947,2.443373443462181,2.712517123398879
PopQA,1623,0.90763252465575,0.42899219223864427,2.6162575701657245,2.389410424528306
PopQA,1624,0.8564651648774044,0.33984075996873947,2.113084773361241,1.9699195546420003
PopQA,1625,0.8642715182016067,0.35646930536704224,3.1153676734319795,1.7455089991914414
PopQA,1626,0.8765846802897701,0.37796832623167426,2.5078636978669726,1.970758472297027
PopQA,1627,0.8554338351929751,0.3364909026822343,2.436213214446016,1.7116491037184831
PopQA,1628,0.8668352313664764,0.38508102469116257,2.955187190131318,1.78547982010693
PopQA,1629,0.867863497860067,0.402693194035331,2.9815240281239146,2.20983676510937
PopQA,1630,0.8831404574075008,0.3802978943621831,2.296157406308567,1.6773455219356839
PopQA,1631,0.8790215588723052,0.38232668946777104,2.8562813403385157,1.806645259349744
PopQA,1632,0.8756176522743502,0.40861028461889154,3.4513252706560733,2.3535544706491205
PopQA,1633,0.9031883061225536,0.43946591547678904,2.650459633986806,2.2740737323271447
PopQA,1634,0.862502493579034,0.35340399080367385,2.361882005456683,2.006162148352434
PopQA,1635,0.8903886987655157,0.4381732464900214,2.883744988028793,2.3191194774238206
PopQA,1636,0.8926419430985215,0.39397584624761034,2.6368421337138015,2.24749109657544
PopQA,1637,0.8877135959393919,0.4307115899692125,2.3495762856218665,2.222096934460628
PopQA,1638,0.8549717514124294,0.39018485343254405,2.6079594666686168,1.8578887056707007
PopQA,1639,0.8876308731551299,0.3951007720031302,3.3712574464471374,2.3651126210729645
PopQA,1640,0.8795356744408437,0.40566412851700206,2.87014553771345,2.3153536027673285
PopQA,1641,0.8595222634508349,0.3046536317553696,2.835363977731684,2.17132801161714
PopQA,1642,0.8380672048943476,0.328333793788426,2.9800119636246434,2.0646058850984206
PopQA,1643,0.8903221047196008,0.39389902775420216,2.4814192555679804,2.057158063387833
PopQA,1644,0.8656558087960828,0.35580471297309735,2.73037809721871,2.4455400303435533
PopQA,1645,0.8853725693152215,0.43817961275370765,4.099745493774656,1.7063780476590564
PopQA,1646,0.8562017305953764,0.41733085938898357,2.2754852567390382,2.722182751438858
PopQA,1647,0.9043017356475301,0.4177237682026162,2.601289121176411,3.0576394070148116
PopQA,1648,0.8958013689784321,0.40069546267339434,2.6197403503766044,2.862587011416129
PopQA,1649,0.8967709081092357,0.3390049576721568,2.8718324462644205,2.3093594861255604
PopQA,1650,0.8732785489073316,0.36122389879577166,2.518911770417177,2.0066608979182132
PopQA,1651,0.8977594016964096,0.39856112758765194,2.6350450965368766,1.590375318891499
PopQA,1652,0.8871780257094349,0.41265233761474773,2.7642479535239333,1.593204880677698
PopQA,1653,0.8710522906661484,0.4074644522713695,2.2910314010920767,2.6051146233929123
PopQA,1654,0.8537521095804388,0.2988860603143186,2.940363086688227,2.1214802893491127
PopQA,1655,0.8789091243561442,0.48970193091438025,2.624515940508287,1.8376957205578368
PopQA,1656,0.8619180810019454,0.3132764951996142,2.530080690555655,1.4587379785901702
PopQA,1657,0.8541215493484664,0.3917309021191992,2.9956431345405155,3.5885730987571094
PopQA,1658,0.9061369247114255,0.47714426125267456,2.966531188674625,3.3210157318668787
PopQA,1659,0.8647194260012852,0.353724811613472,2.9315400749428675,1.5434966665154075
PopQA,1660,0.8911483192979256,0.4366044732368834,2.303210680185509,1.8149109083598338
PopQA,1661,0.8574396798170383,0.4329630154274711,2.5615904694436464,1.972666686929052
PopQA,1662,0.8717630999250094,0.3307183124647792,2.502784485664445,2.49205222142253
PopQA,1663,0.8841001074448718,0.3886573783140218,2.538199349076677,2.197119177767027
PopQA,1664,0.9027181650684646,0.4477733901347527,3.16895673267914,1.489780484872277
PopQA,1665,0.8733595800524934,0.4196738822460749,3.213176373789427,2.1352662266144256
PopQA,1666,0.9123447065300938,0.42150592263115355,3.2166949546888355,2.0976286624124
PopQA,1667,0.8980481460484129,0.41871568930534814,2.4703978837733964,2.59103990765484
PopQA,1668,0.8815690459576679,0.347127552661582,2.580319845417395,2.62341785577532
PopQA,1669,0.8793018271364729,0.3707798915470425,2.468628310416379,2.22913760188703
PopQA,1670,0.8776251416979893,0.45851256588505934,2.1731254677788745,2.3123890412517203
PopQA,1671,0.8763240081908046,0.3914824905094253,2.965264089676724,2.0094057093272966
PopQA,1672,0.8848363553363359,0.40068252856882314,2.8037002250181575,1.8663629066018965
PopQA,1673,0.8911796730505339,0.48801744394930757,2.4120148367549588,2.469291910174646
PopQA,1674,0.8893648525009068,0.41174958690499863,2.1705667382853324,2.151747133165836
PopQA,1675,0.899776041508325,0.4563771461653518,2.6655232886167664,2.0632123990052937
PopQA,1676,0.88678628942826,0.45730712093564313,2.628576448819836,3.1780787339368404
PopQA,1677,0.8933789883106619,0.40232362236867575,2.896513730731792,1.9595074190171091
PopQA,1678,0.8940267022696928,0.356045064489258,2.956021534796095,2.3110058817952686
PopQA,1679,0.8717670138428526,0.4064585297787348,3.220691878490107,2.4426163349254377
PopQA,1680,0.8806754686741931,0.4287746866023374,2.257296861507604,2.9364093097589126
PopQA,1681,0.8921477557957982,0.42832942464604634,2.8467482291519763,1.6158935777694663
PopQA,1682,0.8947593180964093,0.42205597617288254,2.2638892929308434,1.9768616619534458
PopQA,1683,0.8595838752200723,0.4437828310574119,2.9835077389959763,1.4826676785510535
PopQA,1684,0.8475841344303188,0.29208509859185733,2.7165679704000576,2.4861133777938917
PopQA,1685,0.8727780107752362,0.35532084998381414,2.329778893160585,1.8672361973331773
PopQA,1686,0.8795303814784672,0.43688315953670054,2.27184334713464,2.316855780228048
PopQA,1687,0.8882281060196964,0.37994185275586884,2.7822107667549703,2.300720728311285
PopQA,1688,0.9017773518918539,0.4504344920672127,2.310309727859304,2.1989457538119765
PopQA,1689,0.8951605254422156,0.4246666056162532,2.8342523080401247,2.2172115895852316
PopQA,1690,0.8452107567229519,0.3334964938627447,2.707224750347771,1.4838703818876469
PopQA,1691,0.8815067745500689,0.4012221072179084,2.5892160230776016,2.5173191156837205
PopQA,1692,0.8782629616263683,0.47378140184692735,2.6317604774416514,1.9204927990709444
PopQA,1693,0.875316168446389,0.3989523881522137,2.6973780310172297,1.780092864330662
PopQA,1694,0.8991854845982059,0.42273337187396215,2.521219944933587,1.9754035413918576
PopQA,1695,0.8617757974945113,0.4185405764728252,2.1390779390627266,2.2260354526191217
PopQA,1696,0.8736981803454162,0.4207591702637553,2.442212104407015,2.3995795910588678
PopQA,1697,0.8829283300710282,0.4001862614281181,2.93357495012565,2.529048189961817
PopQA,1698,0.8938692470273613,0.4441180022956692,2.728708409500999,2.632945648750573
PopQA,1699,0.8638786741713571,0.4154377038160938,2.218121129038918,2.410943369862786
PopQA,1700,0.8655997498436522,0.3983570369357456,1.9532268676605697,3.1336361844365417
PopQA,1701,0.8749376237013113,0.3563168792570015,2.3054181261947417,2.4006465497937506
PopQA,1702,0.8980010311211098,0.38914438633470017,3.5407022248750435,2.741208903067312
PopQA,1703,0.9020577260164961,0.4726221899121599,2.6987868941067017,1.7271502644231311
PopQA,1704,0.8937748391629887,0.39328846715556426,2.28649411758445,2.6447772261178373
PopQA,1705,0.8663249606129106,0.40177016314394876,2.845825399166597,1.8453105532841498
PopQA,1706,0.8662953143183365,0.3347070246045402,2.485969494985226,1.778357786442255
PopQA,1707,0.9054587472371448,0.49701768115125605,2.364634673847594,2.8725022882977735
PopQA,1708,0.8793600221952362,0.4061994224002593,2.2950259723540505,1.8960774184417577
PopQA,1709,0.8888916528468767,0.4415325984731565,3.5024630821907854,2.0632518658096144
PopQA,1710,0.8828297246141686,0.4112747168148126,2.647083393110118,2.1987031847584313
PopQA,1711,0.8753748125937033,0.4038861765484946,2.9170389965249988,1.9432311120572439
PopQA,1712,0.8548905025023866,0.39955843311328465,2.598556438516171,2.2300697102539706
PopQA,1713,0.865192529055735,0.3679649324397391,2.4522971816400445,1.8456326759536863
PopQA,1714,0.8764628373324886,0.3720706733251959,2.152954139500119,2.004978244105609
PopQA,1715,0.8809587792373395,0.3536463608126972,3.2112717053743345,1.5983137445483488
PopQA,1716,0.8699530127142068,0.35991439390048624,2.5781062855031145,2.202949827329278
PopQA,1717,0.9108599283104468,0.4410000117463549,2.372481030942119,2.037144494701335
PopQA,1718,0.8938170784974416,0.38773613365240883,2.679913246566336,1.9470855002847107
PopQA,1719,0.8787798270528431,0.38305748965428055,3.3227557172381634,1.5642117846349435
PopQA,1720,0.8762474474672288,0.4106331101826716,2.6104914965797463,2.2417580252934677
PopQA,1721,0.8772742004390035,0.4310340564718457,2.4824133593983095,2.4858463794826138
PopQA,1722,0.8759631087475399,0.37689481055011337,2.679435949733921,2.184997694608479
PopQA,1723,0.8898519357003902,0.4572521598510566,2.4044001176395198,1.605413087221428
PopQA,1724,0.8578731504376154,0.33864264195749005,2.8443461524751155,1.2494809057482457
PopQA,1725,0.9074940715044533,0.5077848081510283,3.3295182633656943,2.72178379514253
PopQA,1726,0.8947053116662624,0.44725868880532427,2.370932519729002,2.700790283792087
PopQA,1727,0.8704312416555408,0.41666986450770166,2.52004510934588,2.121104565544794
PopQA,1728,0.8841108144192256,0.4085081800061494,2.33546910317598,2.3571876747662084
PopQA,1729,0.8848757485463015,0.429132438529281,2.676239122773479,2.1072914365212725
PopQA,1730,0.8926301204536933,0.40574826478537035,2.5649795898007373,2.50538499395206
PopQA,1731,0.8556293756897082,0.38750199198110513,2.9202802997987782,2.4671725346956883
PopQA,1732,0.8877650737809049,0.42239039159824493,2.8100768208377063,1.7213410509669311
PopQA,1733,0.9074789495757654,0.49307679339765736,3.238983358653946,2.3020554226272916
PopQA,1734,0.8728744211027675,0.3682624864389128,2.2273776016637035,2.3133557984872537
PopQA,1735,0.860768425682108,0.3947019888547022,2.4451213301419346,1.9143528147043205
PopQA,1736,0.8953271028037384,0.4195120491034348,2.4381323176410206,2.049388980532287
PopQA,1737,0.8704512683578105,0.3789230006281542,3.62111509307196,1.730037070300934
PopQA,1738,0.8838186244289532,0.41677711802408784,2.8726593402877136,1.7688966788962772
PopQA,1739,0.8641166094384657,0.37743962040447254,3.536857534943164,2.2095933416988482
PopQA,1740,0.906698499834879,0.42552587484428406,2.765683623531092,1.9040045291279282
PopQA,1741,0.8899428716577285,0.38694986264902,2.4370302056577646,2.2790403142928852
PopQA,1742,0.854571873197701,0.41367290318298644,3.1887430104170376,2.0634045482398973
PopQA,1743,0.9039275202354672,0.48036350308135917,2.6218835114137944,2.139881561011427
PopQA,1744,0.9115567957740109,0.49780955411607974,2.8148099887172755,1.9304026589892813
PopQA,1745,0.8816923402383829,0.4020444572943751,2.8859333856716836,1.6971993918663735
PopQA,1746,0.8711381347121656,0.4556336415800313,2.8675292209321785,1.8954187482825886
PopQA,1747,0.894150547772327,0.4107798788505349,3.348592235108539,1.6152795334791263
PopQA,1748,0.8775122968174859,0.4315180326216472,2.8583290812604667,2.2133091926898283
PopQA,1749,0.8842211694903945,0.4147629264548306,2.3100861757111737,2.670795383168444
PopQA,1750,0.907147275398309,0.4523227603304391,2.3633663583568585,1.4878036939741253
PopQA,1751,0.8632354685060378,0.398801140717876,3.233248960773684,2.2289589861834855
PopQA,1752,0.9064670597088456,0.46983202261119583,2.6020491285727365,1.9362562834882475
PopQA,1753,0.8576616155874248,0.394446004355954,2.700167226792062,2.211160758630946
PopQA,1754,0.8683264613145767,0.392165531244994,3.0061371978576434,1.8311841650599823
PopQA,1755,0.8673671044402751,0.3673313850048212,3.4237363026035212,2.26724415107641
PopQA,1756,0.8726910016977929,0.3989100526202494,2.3983300566338612,2.046564136516719
PopQA,1757,0.8774634210681912,0.4440637446886341,2.7061747291844913,1.7673911809276266
PopQA,1758,0.876927605897345,0.42650595667983193,3.077321391298905,2.354927927952038
PopQA,1759,0.8485158180143211,0.39096021764577876,2.6243909302489596,2.6207600617741598
PopQA,1760,0.8921763129767639,0.4584753945969127,2.4814183908433893,2.989880675266689
PopQA,1761,0.8740149276350686,0.43230117190803186,2.4444817609785994,2.2066642139684376
PopQA,1762,0.8971424621204979,0.4094042518299812,2.3888565598623868,1.717195679767047
PopQA,1763,0.8883602009367855,0.4085760481221955,2.9247085080903776,2.307795624637015
PopQA,1764,0.89219970814459,0.3985620995514334,3.1906435036555014,2.6017401636320927
PopQA,1765,0.8844567997331259,0.42768597107484385,2.911971412218915,1.708649535775362
PopQA,1766,0.8886744961992818,0.4251474172450706,2.1184043485170636,2.147541304342975
PopQA,1767,0.8714213534786605,0.3659186050846268,3.3742392921179922,2.075961228710696
PopQA,1768,0.8679444205701188,0.3232186516834668,2.6857014504850407,1.9137959956157578
PopQA,1769,0.8694227188081937,0.36812296416222956,2.6035786905435057,1.967080684396036
PopQA,1770,0.88733719085185,0.3750766698124659,3.6074912220395348,2.377307784723341
PopQA,1771,0.8654533734422001,0.3447298806579738,2.26669897568388,1.83409721275386
PopQA,1772,0.855896927908815,0.3635040687292967,2.5143417747953047,1.936430813878695
PopQA,1773,0.8952015495996115,0.4528366250801427,3.326521021518027,2.2323736845662077
PopQA,1774,0.8920836648480714,0.4487783176478412,3.160591497974212,2.6532294049692955
PopQA,1775,0.8672259896829537,0.3940888869482622,2.479864822939084,2.315232328502833
PopQA,1776,0.8409577226521395,0.36408094631012056,2.88429674961849,1.8067699796744676
PopQA,1777,0.8987452681059945,0.4661367586894026,3.2269500570398986,2.7693526991843047
PopQA,1778,0.8708944994799979,0.39773521679315593,2.7238593734207295,2.768420569466084
PopQA,1779,0.8433121034843962,0.3476355424629164,2.5710626516196706,1.8544614351851874
PopQA,1780,0.9214582960443888,0.4883011835616319,2.688760551232214,2.5233981450557548
PopQA,1781,0.8979524702939337,0.44628303565574895,3.2147192815915857,2.9736302541837825
PopQA,1782,0.8856279607289458,0.4381093687488467,2.523368802595516,1.75508309487461
PopQA,1783,0.8576746394224393,0.4263868230151529,2.518878738182615,1.6690054623721082
PopQA,1784,0.8992809667032682,0.39441061307259534,2.369314862046784,1.8271007533086183
PopQA,1785,0.8767652631799339,0.4523348532283719,2.941836757409048,1.977074461798502
PopQA,1786,0.8441812024468329,0.3061727523994332,2.0818285667468466,1.6230699104827293
PopQA,1787,0.8782749484839565,0.3798665209312465,2.2627956438845924,1.710422639478222
PopQA,1788,0.8738535288471901,0.3809212664625594,3.4580956860326917,1.9539816485195627
PopQA,1789,0.8771278940972783,0.3574144776701183,2.649485005504762,1.9769598915025273
PopQA,1790,0.843977884210646,0.3178570998821877,2.5074932123733955,1.4532117564929925
PopQA,1791,0.8735974660439147,0.3760371293491549,2.456049880235982,2.041246734910611
PopQA,1792,0.8569860459521231,0.3560370708339264,2.1733289925135866,2.1529212587834445
PopQA,1793,0.8849919942439628,0.4208358887095895,3.853992513487639,1.9466364659177775
PopQA,1794,0.8861792164732573,0.4197824266411621,2.8906988789266794,1.7969224622070457
PopQA,1795,0.8619222054590903,0.3268679671671658,3.075940876981375,2.2960643454568146
PopQA,1796,0.8871395490964548,0.3933040529079792,2.1273402477863628,1.9023196956607833
PopQA,1797,0.8933772454366444,0.37252167091911087,3.032274528491847,1.7979355887167263
PopQA,1798,0.8588429049567019,0.3103178554604407,3.3884343043385265,1.891830789975655
PopQA,1799,0.8854284748324484,0.3585135457161866,2.664595803351626,2.628523225054135
PopQA,1800,0.9083884367351167,0.45509602253352677,2.7816297732357143,2.4048214950366202
PopQA,1801,0.8615755302737091,0.375441935325295,2.5405918071758635,2.300404274848774
PopQA,1802,0.9234632843791721,0.45176306538665423,2.8994834179659765,1.5005681776089843
PopQA,1803,0.8831724212897998,0.4083753997434933,2.5003103179948294,2.937891439031591
PopQA,1804,0.8863394614395741,0.39256858679817086,2.6997893218113633,1.8021013811721682
PopQA,1805,0.87044933362489,0.3671207126896329,2.474105752786745,2.338042852015712
PopQA,1806,0.8636194926568759,0.3510926139232358,2.862232281243517,2.190317074806005
PopQA,1807,0.8635454627434132,0.30084529693053297,2.420331719587635,1.8810771467409975
PopQA,1808,0.8754614896626316,0.41997608721067103,2.985194917591206,1.8147852383137741
PopQA,1809,0.9081591074460345,0.44464469902934123,2.4916510182309124,1.8303757898566153
PopQA,1810,0.8993373207033878,0.4335497826679412,2.6279050425986292,1.9333015814218257
PopQA,1811,0.8868075942833178,0.3719305426613268,2.9777094549791996,1.4917523583720154
PopQA,1812,0.8850731637214697,0.42698144458027637,2.5465702581030825,2.2514128767084096
PopQA,1813,0.8606526765867425,0.4327712366795994,2.710299146652088,1.5104196118484754
PopQA,1814,0.8551271905288196,0.3868378186075167,3.111775248885658,2.2406079259399347
PopQA,1815,0.8822610640301318,0.4642558003260335,2.3988727059951165,1.997101008587907
PopQA,1816,0.8687663551401869,0.3751276968201374,2.7912650222742204,2.4661599307801616
PopQA,1817,0.8889582828037838,0.44256071558892845,2.8076042444856832,1.6693516604856045
PopQA,1818,0.8938808130916853,0.41211022001762154,3.2747087535471233,2.2607543977932885
PopQA,1819,0.9074407691226096,0.4282780877453339,2.517823966822366,1.7029972449183686
PopQA,1820,0.8772716267762911,0.40828834522272556,2.3711140433564295,1.870911634319823
PopQA,1821,0.8801764266736931,0.3756341831334015,2.526509084217292,2.6561810262686563
PopQA,1822,0.8682567642350336,0.37443351548467485,2.7728180542505405,1.5593171620881132
PopQA,1823,0.8603924820342732,0.3409254810421249,2.304070363573083,1.917201039702852
PopQA,1824,0.8891247672253259,0.36377042126770404,2.1687032427631396,1.8060098197536019
PopQA,1825,0.8406087953015327,0.352401261587807,3.289482540510038,2.2130273528519875
PopQA,1826,0.8635426138516329,0.4157736765416559,3.060685989536127,1.6433027695574307
PopQA,1827,0.8644339767766301,0.3759225942037908,3.006181161105209,1.6049862290740244
PopQA,1828,0.8597001171772789,0.3644818697597635,3.5372396510251662,2.3690021068717066
PopQA,1829,0.8975949285414717,0.3809977907486504,2.738208525629754,2.836930247015693
PopQA,1830,0.8821098611911137,0.3708280629371202,3.2921738975555632,2.00100783358015
PopQA,1831,0.8736553344389166,0.39872074795032686,2.753270766380522,1.7837403416391167
PopQA,1832,0.8949405878674171,0.39318118636638905,2.8907546913155366,2.352393715949029
PopQA,1833,0.866939975872598,0.3306562218078747,2.8735356702157486,2.1020384137304586
PopQA,1834,0.8930178870487533,0.3526707089038729,3.0507502218703166,2.1194723347580293
PopQA,1835,0.8872827029773604,0.38981462092055696,2.480772298402656,2.638639761409086
PopQA,1836,0.8877986241400876,0.46787918876170664,3.0555848930469525,1.6783839736732518
PopQA,1837,0.8743428974575238,0.3777145891347203,2.5850386224185176,2.3139307232061728
PopQA,1838,0.8801143938076645,0.3804276005919158,2.844444365682671,1.716022639072491
PopQA,1839,0.8652232378860278,0.38988681044403467,2.8871439121044475,1.9177475698452602
PopQA,1840,0.8733328057562717,0.331996389027553,3.0143696213365536,1.1841898970784568
PopQA,1841,0.857800751384476,0.34669959174261905,2.7380727080491027,2.6297114173882243
PopQA,1842,0.8910570225091536,0.471889280109451,2.6779318745521947,1.463964383282664
PopQA,1843,0.9077036048064084,0.40621913524475833,2.804303632641076,2.3690526091263124
PopQA,1844,0.8847294372294372,0.4094583359148177,2.4399358138738743,1.5939875812958144
PopQA,1845,0.8697635077071151,0.41428264535481013,3.159213599405639,1.4315013574463642
PopQA,1846,0.8797328022911459,0.3750760190711321,2.7975583824177725,2.413114728571373
PopQA,1847,0.868082663913712,0.34770725865814256,2.415973311829981,1.6060687865916685
PopQA,1848,0.869158963040686,0.4027642966572824,2.7362284050603973,2.3306524222584803
PopQA,1849,0.8601100084996725,0.33156735300310475,2.673490716001722,2.2119541748609755
PopQA,1850,0.8726924802904671,0.4263767112418232,3.4738873088419564,1.764128763388003
PopQA,1851,0.8744345126669162,0.4040312262263488,2.5554303538976413,1.9958905440093835
PopQA,1852,0.86382649364337,0.34048632496529846,2.5831543250999456,2.4094984071943784
PopQA,1853,0.8886189031549989,0.46075428009153824,3.2598008762613984,2.4874153017342
PopQA,1854,0.8660904307407069,0.41780428215752247,3.5060530401895242,2.0165268048530947
PopQA,1855,0.8874082220558259,0.40611082144045824,3.2170609406627224,1.8795834124432278
PopQA,1856,0.924727136422934,0.502860306767888,2.5118203719638026,2.0985961924468457
PopQA,1857,0.9106672641314691,0.45859905436804776,3.473737283215845,2.067261006858339
PopQA,1858,0.8513398379157964,0.40064304280293056,2.5005094988200773,2.158811374814196
PopQA,1859,0.8909152265740081,0.4143235969814038,2.986527654502921,2.100208484490227
PopQA,1860,0.8879387116948092,0.44459950227772305,2.4745892644992877,2.3195015975713678
PopQA,1861,0.8655593754476437,0.35174158197078764,2.4509287321174686,1.8062122759071513
PopQA,1862,0.9223263142816215,0.5113937401821956,3.2054425805898896,2.276326869546205
PopQA,1863,0.857812382739212,0.35108589504759335,2.4350679371833137,1.8264874180515283
PopQA,1864,0.8686510470162581,0.4307623766399583,2.4648355633332777,1.9650833690045038
PopQA,1865,0.8801019238453326,0.3514859814773321,2.935246903269533,2.305163286358501
PopQA,1866,0.884962835906232,0.43851173001995536,2.5351221842304654,1.7077201222413063
PopQA,1867,0.8918837691851657,0.4195201175246874,2.3912224608295887,2.0634604767935016
PopQA,1868,0.8951977401129944,0.4869516632173965,2.164323952078573,2.5450962120592426
PopQA,1869,0.8723318116457958,0.377586030452977,2.2624803880620283,2.906531795568213
PopQA,1870,0.8973325124899928,0.43959527505687335,2.123852187551716,2.9318973120631027
PopQA,1871,0.8888073528449227,0.46183873866215747,2.2769241094080392,1.5193143053772986
PopQA,1872,0.886803316444035,0.3903890925167061,2.5895098056490298,2.0138690851244796
PopQA,1873,0.9117017936339731,0.40097469803487124,2.771196996128267,2.183648770281996
PopQA,1874,0.9135212191552707,0.45860581563291203,2.7084908924866222,2.6171961919123943
PopQA,1875,0.912066291432145,0.5110989358977265,3.1417225148765535,1.8174615205967959
PopQA,1876,0.8981506077080639,0.4298792083472885,2.5897582189982633,1.9837555815051537
PopQA,1877,0.9100472149423853,0.4554523997848388,2.990430156691285,1.8513765771870965
PopQA,1878,0.8557831986086132,0.3538416340497734,2.8108002588254575,1.8876329237936542
PopQA,1879,0.9049719867696551,0.46159459670389175,2.407647408631711,1.7190211974516525
PopQA,1880,0.8716516158178774,0.4055297337637694,2.0553649106837257,2.092949858282668
PopQA,1881,0.8690441387449719,0.3823338173842882,2.8124697850564053,1.9408198802371917
PopQA,1882,0.8801302013352093,0.37849003455441554,3.5130096987908987,2.138755847084702
PopQA,1883,0.8816208188040812,0.3769665996844056,2.7827331269940254,2.4122024765617733
PopQA,1884,0.8488306299509619,0.42687326967684014,3.058123964960101,2.105788340078617
PopQA,1885,0.8881522940851301,0.4027179030053018,2.3511670094201724,2.5773743533811846
PopQA,1886,0.891711661993119,0.44058042326669,2.2177757383870533,1.7333871995299999
PopQA,1887,0.896175984758662,0.42393284231656114,2.916127208537537,1.956038846372108
PopQA,1888,0.8726969138645786,0.36796727201873997,2.74366087215298,1.9443096958476043
PopQA,1889,0.8768621778159044,0.4397797293538422,2.430309326989449,1.6126427303118451
PopQA,1890,0.889411697419247,0.45055123350889736,3.0489675268148737,2.254785431425011
PopQA,1891,0.8910518855745773,0.41256777632041886,2.728056522492916,1.991916629213518
PopQA,1892,0.8606090069386131,0.37662185692795175,2.718729221825596,1.7075539976016776
PopQA,1893,0.875052468614229,0.4168354000062373,2.0560327502808637,1.4251159630132744
PopQA,1894,0.8491662261274808,0.3297024733046685,2.798603347350069,3.077349255073685
PopQA,1895,0.8409379508666522,0.37284079240891227,2.171435440828426,1.9260086108896146
PopQA,1896,0.8684780788074202,0.3871149738948326,2.8490135139840524,2.2578217720697307
PopQA,1897,0.8696467840168629,0.3917592248647932,2.3422940373048013,2.0971559606256878
PopQA,1898,0.8935916443329341,0.3873995419068661,3.1531758800137824,2.276407931811183
PopQA,1899,0.8513665254237288,0.36122162613158804,2.905197560620422,2.26573891770987
PopQA,1900,0.8544700460829493,0.32086509585150647,2.736170193252313,2.197273384975147
PopQA,1901,0.8936456373858566,0.41285582412425265,2.4399619142599764,2.2974757337883864
PopQA,1902,0.8946322825305022,0.477262525861181,2.191196285997621,1.6772287936907375
PopQA,1903,0.8825802913815852,0.43838897903291313,2.6798413999963566,2.094158422755863
PopQA,1904,0.9035975671737879,0.43561202963452517,2.662081514771959,1.9988573202292297
PopQA,1905,0.8642594916694667,0.39135905238974394,2.566797132717357,1.8083940293904843
PopQA,1906,0.898716135590224,0.37994484787118143,2.469971973420776,2.205304781937845
PopQA,1907,0.8602358794454099,0.37949939230453034,2.948582639894432,2.077907100133497
PopQA,1908,0.868803738317757,0.37448506932941084,3.015053356909633,2.2112999423148407
PopQA,1909,0.8739334041666862,0.37979364375235997,2.5417280190494105,1.818845139607172
PopQA,1910,0.8867266684117291,0.3712910139154857,3.160138636181582,2.5980631516037334
PopQA,1911,0.8845065176908753,0.37530551832729436,3.3246562625503793,1.7076912900940697
PopQA,1912,0.859018967081786,0.3506617620274236,2.571764843325239,1.6436256482289688
PopQA,1913,0.8999057173583183,0.49359661171440244,3.102308129535456,2.1463952745575465
PopQA,1914,0.8741543749018471,0.38129952143265305,2.7486538852085105,1.9909473539282017
PopQA,1915,0.8974258911819887,0.4448003267598022,2.7585360794130955,2.098536061413908
PopQA,1916,0.8787188548779964,0.3713217756036393,4.035806036945994,2.3435437915968556
PopQA,1917,0.8756569367701372,0.4255399527506665,2.4311875996894523,2.0698573558055062
PopQA,1918,0.877194056033208,0.4166634667560253,2.32645462419308,1.675366839006506
PopQA,1919,0.9111571437544491,0.49284035303964985,3.2155329714602234,1.6733664860699982
PopQA,1920,0.8595208262864276,0.41543281931911885,2.511136182318861,2.527364019906654
PopQA,1921,0.8934751286449399,0.48254271949139205,2.0065889384085076,2.321318716298863
PopQA,1922,0.8824966510467724,0.38972803298855335,2.3042903755970787,2.3824687665342013
PopQA,1923,0.8798483605747376,0.39229100154499763,3.3574272986991716,2.054272768342974
PopQA,1924,0.8716902379957405,0.42844255226923583,2.7792564170160583,2.762663212342378
PopQA,1925,0.8510767975281902,0.3798332986373899,2.969000147758942,1.825801806058022
PopQA,1926,0.875683578104139,0.3706454497652591,2.910241434979072,2.7459281063441203
PopQA,1927,0.8763915794911532,0.3933090163177184,2.223067968848831,1.8993874644337567
PopQA,1928,0.8783929239985024,0.38866559345857304,2.618166425575057,1.9698490847040242
PopQA,1929,0.8633935515561681,0.3796651368427813,2.6439653398558782,2.5374812257622392
PopQA,1930,0.8693338342098673,0.41245307126914765,2.402093138719059,2.1741453335013783
PopQA,1931,0.8478766866662903,0.3160505393777294,3.2618748043908057,2.3864965388067136
PopQA,1932,0.9049474247575873,0.46769247489931454,2.6523715172195392,2.133778187619213
PopQA,1933,0.8925024507665382,0.43820128274349557,2.809457045260104,2.1273437795723886
PopQA,1934,0.8716736108203174,0.4819502860783331,2.9421835692850244,2.53375399919372
PopQA,1935,0.905363240315554,0.4023195519917902,2.6948455474599284,2.714538941059032
PopQA,1936,0.8697614487040687,0.4234450621230499,3.0065401066763884,2.5730610356281183
PopQA,1937,0.8853437494924558,0.41483484327031894,2.980092493074799,1.4960041968529174
PopQA,1938,0.8649446690785273,0.3856980098452572,2.306972920895249,2.5628749984210693
PopQA,1939,0.8925041973395325,0.4469335657166233,2.6096590306272756,2.202931579228774
PopQA,1940,0.8659694565206376,0.39661893545977467,3.1870689086746404,1.7475815800139531
PopQA,1941,0.8874239251916817,0.5198578890782647,2.74288372386986,1.5773227157354432
PopQA,1942,0.8657211734134811,0.42607509141947175,3.0778689818287264,2.2640169113710638
PopQA,1943,0.8791899102595198,0.4401950880857711,2.935050678768553,1.7400859304133243
PopQA,1944,0.8898567540466982,0.4088306921281556,2.879353749462723,2.1982430294617594
PopQA,1945,0.890190109027119,0.43208342950084155,2.3681052391257342,2.474929435758221
PopQA,1946,0.8815119048218432,0.4288532900348849,3.142650536389467,2.0222999484666087
PopQA,1947,0.8696897673936863,0.39943450329354274,2.8159720418581777,2.3279356003142566
PopQA,1948,0.8592104266121088,0.4123729115671921,3.3235710704003742,1.3898215040925956
PopQA,1949,0.8703381623416409,0.40837604517454573,2.3466119409558392,1.7268359315409934
PopQA,1950,0.888842959363153,0.44881742428319477,2.1609699542668195,1.706674790675081
PopQA,1951,0.8791677066433712,0.4547460738868524,2.86640267041034,1.6941150881176055
PopQA,1952,0.8625090573743496,0.3451847263930178,2.8790379610686383,3.0379987987764427
PopQA,1953,0.8607191994996874,0.4038595075972684,2.324827834714212,2.3201760767702977
PopQA,1954,0.9019481819192705,0.49452066626607744,3.147269344440345,1.850566680365642
PopQA,1955,0.8927276249515691,0.42639044992374237,2.505318166241554,2.0229228622536906
PopQA,1956,0.8835547217010631,0.3487957759131087,2.487516573951706,3.9821962495781804
PopQA,1957,0.8637213833659758,0.3301512102880785,2.896289800479064,2.3426299981043246
PopQA,1958,0.8194850054147826,0.34154931714373876,3.3392072350383706,1.8602827337003403
PopQA,1959,0.8807580037664783,0.4586793959887979,2.9738557583130687,2.122708840908137
PopQA,1960,0.907344106563508,0.4840093456423804,3.4849423458139084,1.7687012310882675
PopQA,1961,0.8632477178510112,0.42075612865781536,2.791274358221893,1.7779803034820998
PopQA,1962,0.9025946015756167,0.4774209047203988,2.575130063919922,3.00073856349059
PopQA,1963,0.9266769676386297,0.43893052394089704,3.0458172546086564,3.025904448984884
PopQA,1964,0.8898047072573081,0.4615040766341332,2.65680536792286,2.137412044068359
PopQA,1965,0.902266932822104,0.42132268820632557,3.5151127792383967,2.270957974855493
PopQA,1966,0.8684806254081898,0.4522801904668635,2.9037507122119335,1.3417448588912573
PopQA,1967,0.8658646616541352,0.38458037847950116,2.952405330617146,2.080224877904785
PopQA,1968,0.8803362753440038,0.4426228384722494,3.1429096862671067,1.9600654490595992
PopQA,1969,0.8855331841909022,0.3850528994792343,2.9974886954984434,1.9513283374484358
PopQA,1970,0.8796691484484912,0.3868735716876054,2.786599313818088,1.716241913753314
PopQA,1971,0.8631859971312078,0.38937511540445563,2.1945740977341215,1.4066973123462376
PopQA,1972,0.8891017136539524,0.385129468491259,2.3008574895853693,1.8617029131060194
PopQA,1973,0.8834128072526277,0.42388660009864004,2.267572741610136,1.9666347341969777
PopQA,1974,0.9005739535426514,0.4300660499748632,2.6206739674777633,2.5830702822580704
PopQA,1975,0.8871570904711208,0.4241686060395679,2.5499861349036,2.113879830700473
PopQA,1976,0.8672791718079303,0.4284681630591566,2.5296200827706006,1.498990273517716
PopQA,1977,0.87982983180821,0.4279905092008203,3.437859052183663,2.4931278643647445
PopQA,1978,0.879121663657967,0.3938476753275689,2.6690168498337075,2.1368269325558695
PopQA,1979,0.860440795345786,0.36954478274697317,2.634143044399467,2.2767024084050025
PopQA,1980,0.8745107918074676,0.384491011710111,2.3412796738097224,2.7957469658827017
PopQA,1981,0.9044223327805417,0.5091927348040552,2.475167357414363,2.292687789674507
PopQA,1982,0.8684862218161847,0.42015072520426255,2.8451330172636196,1.6387703007928607
PopQA,1983,0.8988971236097614,0.4709103070552532,3.4304377563421578,1.920345901394849
PopQA,1984,0.9082379655316514,0.4426889219905518,2.8232154257589688,1.6985459035006862
PopQA,1985,0.9066759391562541,0.48344344375943504,2.546160003351716,1.830753848772938
PopQA,1986,0.9093931697252078,0.4209480585130478,4.346315149416876,2.5284713416779905
PopQA,1987,0.8832021390840751,0.33879445225958155,2.876040799425278,1.4346071533359208
PopQA,1988,0.8830809308446645,0.47894188260354625,2.234927802858459,1.9354084649900147
PopQA,1989,0.8874121929661333,0.3877506599485759,3.0594864215985065,1.6689844371079576
PopQA,1990,0.8936524399484731,0.4554472802688692,2.5845070802318135,2.48367356593865
PopQA,1991,0.8386352259928783,0.31781823893601924,2.8577409884750593,2.1989286201605025
PopQA,1992,0.8773638118719762,0.3667862548352291,2.478742993279241,1.9199551336039742
PopQA,1993,0.8811449623528433,0.3977129887064372,2.5167610154978632,2.0726104563493983
PopQA,1994,0.8771572898544474,0.42593904965143736,2.308956131700891,2.5464508032880238
PopQA,1995,0.8794063809883605,0.4599613666424027,3.4859977124740267,2.581658694953952
PopQA,1996,0.8543750583128318,0.42925894330455827,2.868186198126883,3.11534867804098
PopQA,1997,0.8772981058775873,0.3882174893513321,2.861150584321363,2.15846965334524
PopQA,1998,0.8757539050587877,0.3638954913930349,2.6706686645217115,2.281258213046332
PopQA,1999,0.876199834337594,0.42246225793707276,2.9395067129148686,3.183520448795344
