source_group_id,cell,d1_predicted_label,seg_predicted_label,d1_l_A,d1_l_B,d1_d_raw,seg_l_A,seg_l_B,seg_d_raw,label_match,l_A_bf16_ulp,l_B_bf16_ulp,d_raw_abs_diff
05677026bd7ad785bb85a02f4258464dc4476b9c08d7f52ac641e994b9b13c2a,OO,A,A,15.375,-1.078125,16.453125,14.9375,-1.53125,16.46875,True,14.0,116.0,0.015625
05677026bd7ad785bb85a02f4258464dc4476b9c08d7f52ac641e994b9b13c2a,OS,B,B,-7.0,14.875,-21.875,-7.125,14.8125,-21.9375,True,8.0,2.0,0.0625
05677026bd7ad785bb85a02f4258464dc4476b9c08d7f52ac641e994b9b13c2a,SO,B,B,3.0,16.875,-13.875,2.53125,16.875,-14.34375,True,60.0,0.0,0.46875
05677026bd7ad785bb85a02f4258464dc4476b9c08d7f52ac641e994b9b13c2a,SS,B,B,3.75,17.875,-14.125,3.640625,18.125,-14.484375,True,14.0,4.0,0.359375
06efe48e5f13ce79575b3df69ff31f1debe36fda0879f1ee34b6bf34d82a7e75,OO,A,A,14.8125,-1.1953125,16.0078125,14.6875,-1.375,16.0625,True,4.0,46.0,0.0546875
06efe48e5f13ce79575b3df69ff31f1debe36fda0879f1ee34b6bf34d82a7e75,OS,B,B,-4.71875,16.125,-20.84375,-4.9375,15.75,-20.6875,True,14.0,6.0,0.15625
06efe48e5f13ce79575b3df69ff31f1debe36fda0879f1ee34b6bf34d82a7e75,SO,B,B,-0.96484375,15.1875,-16.15234375,-1.4453125,14.8125,-16.2578125,True,246.0,12.0,0.10546875
06efe48e5f13ce79575b3df69ff31f1debe36fda0879f1ee34b6bf34d82a7e75,SS,B,B,0.369140625,17.5,-17.130859375,0.384765625,17.5,-17.115234375,True,16.0,0.0,0.015625
0a10ac3133a9f765768b242af148337eaa1355bf976f5ec1b1904d0d49b74d69,OO,A,A,16.375,-0.0032196044921875,16.378219604492188,16.5,0.1630859375,16.3369140625,True,2.0,21798.0,0.0413055419921875
0a10ac3133a9f765768b242af148337eaa1355bf976f5ec1b1904d0d49b74d69,OS,B,B,-5.03125,14.125,-19.15625,-4.78125,14.25,-19.03125,True,16.0,4.0,0.125
0a10ac3133a9f765768b242af148337eaa1355bf976f5ec1b1904d0d49b74d69,SO,B,B,11.8125,16.375,-4.5625,11.9375,16.375,-4.4375,True,4.0,0.0,0.125
0a10ac3133a9f765768b242af148337eaa1355bf976f5ec1b1904d0d49b74d69,SS,B,B,13.375,16.375,-3.0,13.25,16.5,-3.25,True,4.0,2.0,0.25
0e5e53a12a3532a8b292e0da9c32e962c792c48de4cf14ea151217f38da9e546,OO,A,A,14.375,-3.734375,18.109375,14.625,-3.515625,18.140625,True,8.0,28.0,0.03125
0e5e53a12a3532a8b292e0da9c32e962c792c48de4cf14ea151217f38da9e546,OS,B,B,-4.09375,15.625,-19.71875,-3.921875,16.125,-20.046875,True,11.0,16.0,0.328125
0e5e53a12a3532a8b292e0da9c32e962c792c48de4cf14ea151217f38da9e546,SO,B,B,-2.125,14.9375,-17.0625,-2.046875,15.0,-17.046875,True,10.0,2.0,0.015625
0e5e53a12a3532a8b292e0da9c32e962c792c48de4cf14ea151217f38da9e546,SS,B,B,4.28125,18.5,-14.21875,4.25,18.625,-14.375,True,2.0,2.0,0.15625
0e6720dd58fc316e965e53fb88c5ce64e44eec09e9871c0869bdb0d5aac8fb45,OO,A,A,14.375,-4.09375,18.46875,14.125,-4.1875,18.3125,True,8.0,6.0,0.15625
0e6720dd58fc316e965e53fb88c5ce64e44eec09e9871c0869bdb0d5aac8fb45,OS,B,B,-6.5,15.25,-21.75,-6.53125,15.1875,-21.71875,True,2.0,2.0,0.03125
0e6720dd58fc316e965e53fb88c5ce64e44eec09e9871c0869bdb0d5aac8fb45,SO,B,B,2.5625,15.6875,-13.125,2.75,15.5625,-12.8125,True,24.0,4.0,0.3125
0e6720dd58fc316e965e53fb88c5ce64e44eec09e9871c0869bdb0d5aac8fb45,SS,B,B,0.53515625,16.875,-16.33984375,0.52734375,17.125,-16.59765625,True,4.0,4.0,0.2578125
0f7d3b6b43185a49146f9aaa61004619b4a66588a563e78ee9496ebd709b0e37,OO,A,A,16.25,2.484375,13.765625,15.9375,2.3125,13.625,True,5.0,22.0,0.140625
0f7d3b6b43185a49146f9aaa61004619b4a66588a563e78ee9496ebd709b0e37,OS,B,B,-5.15625,14.9375,-20.09375,-5.4375,14.625,-20.0625,True,18.0,10.0,0.03125
0f7d3b6b43185a49146f9aaa61004619b4a66588a563e78ee9496ebd709b0e37,SO,B,B,-4.3125,13.6875,-18.0,-4.40625,13.8125,-18.21875,True,6.0,4.0,0.21875
0f7d3b6b43185a49146f9aaa61004619b4a66588a563e78ee9496ebd709b0e37,SS,A,A,16.625,8.5625,8.0625,17.0,9.125,7.875,True,6.0,18.0,0.1875
10c688835407c6795fb879cb2535d55f0927bb85029e051e3aa4de6c67c47398,OO,A,A,15.875,-0.9609375,16.8359375,15.8125,-0.83203125,16.64453125,True,2.0,66.0,0.19140625
10c688835407c6795fb879cb2535d55f0927bb85029e051e3aa4de6c67c47398,OS,B,B,-3.296875,15.875,-19.171875,-3.15625,15.875,-19.03125,True,18.0,0.0,0.140625
10c688835407c6795fb879cb2535d55f0927bb85029e051e3aa4de6c67c47398,SO,B,B,12.4375,16.5,-4.0625,12.25,16.75,-4.5,True,6.0,4.0,0.4375
10c688835407c6795fb879cb2535d55f0927bb85029e051e3aa4de6c67c47398,SS,B,B,6.125,17.125,-11.0,5.875,17.25,-11.375,True,16.0,2.0,0.375
10d1ca49154e403b4cc726dc01e324f7682258a89f9d3e5dfcb79cf6f7ae6c5c,OO,A,A,17.375,2.78125,14.59375,17.25,2.9375,14.3125,True,2.0,20.0,0.28125
10d1ca49154e403b4cc726dc01e324f7682258a89f9d3e5dfcb79cf6f7ae6c5c,OS,B,B,-6.09375,15.3125,-21.40625,-6.0625,15.4375,-21.5,True,2.0,4.0,0.09375
10d1ca49154e403b4cc726dc01e324f7682258a89f9d3e5dfcb79cf6f7ae6c5c,SO,B,B,-3.203125,15.375,-18.578125,-3.328125,15.1875,-18.515625,True,16.0,6.0,0.0625
10d1ca49154e403b4cc726dc01e324f7682258a89f9d3e5dfcb79cf6f7ae6c5c,SS,B,B,1.6875,17.125,-15.4375,1.4921875,17.125,-15.6328125,True,50.0,0.0,0.1953125
121e26ee9b46cb89d2b26ca75281dd4a9e3fc03bacd4c01f7791bd5ede17b716,OO,A,A,15.125,1.671875,13.453125,14.8125,1.3828125,13.4296875,True,10.0,74.0,0.0234375
121e26ee9b46cb89d2b26ca75281dd4a9e3fc03bacd4c01f7791bd5ede17b716,OS,B,B,-5.875,15.8125,-21.6875,-6.28125,15.75,-22.03125,True,26.0,2.0,0.34375
121e26ee9b46cb89d2b26ca75281dd4a9e3fc03bacd4c01f7791bd5ede17b716,SO,B,B,-1.265625,14.1875,-15.453125,-1.6953125,13.875,-15.5703125,True,110.0,10.0,0.1171875
121e26ee9b46cb89d2b26ca75281dd4a9e3fc03bacd4c01f7791bd5ede17b716,SS,B,B,8.3125,19.25,-10.9375,8.125,19.25,-11.125,True,6.0,0.0,0.1875
13fcd9e40a8a4329cdef20721434615139e6b2dc95f180fe2e64a67038331f22,OO,A,A,15.5,-2.5,18.0,15.5,-2.4375,17.9375,True,0.0,8.0,0.0625
13fcd9e40a8a4329cdef20721434615139e6b2dc95f180fe2e64a67038331f22,OS,B,B,-5.8125,14.5,-20.3125,-5.6875,14.8125,-20.5,True,8.0,10.0,0.1875
13fcd9e40a8a4329cdef20721434615139e6b2dc95f180fe2e64a67038331f22,SO,B,B,4.21875,16.625,-12.40625,4.9375,16.875,-11.9375,True,46.0,4.0,0.46875
13fcd9e40a8a4329cdef20721434615139e6b2dc95f180fe2e64a67038331f22,SS,B,B,4.09375,17.125,-13.03125,4.40625,17.5,-13.09375,True,20.0,6.0,0.0625
143ba7a15fe9c68797c08230ee3931a9dfcfe6f873640ca2fd4f8623e0c2972b,OO,A,A,15.375,-2.015625,17.390625,15.25,-2.28125,17.53125,True,4.0,34.0,0.140625
143ba7a15fe9c68797c08230ee3931a9dfcfe6f873640ca2fd4f8623e0c2972b,OS,B,B,-1.640625,15.5,-17.140625,-1.953125,15.0,-16.953125,True,80.0,16.0,0.1875
143ba7a15fe9c68797c08230ee3931a9dfcfe6f873640ca2fd4f8623e0c2972b,SO,B,B,-4.78125,14.75,-19.53125,-5.0625,14.6875,-19.75,True,18.0,2.0,0.21875
143ba7a15fe9c68797c08230ee3931a9dfcfe6f873640ca2fd4f8623e0c2972b,SS,A,A,18.0,10.9375,7.0625,17.75,10.25,7.5,True,4.0,22.0,0.4375
199078912aef9601d43fbb41eeeb0ec45ab7f752eb6378b83eae3b082379161c,OO,A,A,14.75,-2.28125,17.03125,14.4375,-2.390625,16.828125,True,10.0,14.0,0.203125
199078912aef9601d43fbb41eeeb0ec45ab7f752eb6378b83eae3b082379161c,OS,B,B,-7.96875,14.3125,-22.28125,-7.9375,14.1875,-22.125,True,2.0,4.0,0.15625
199078912aef9601d43fbb41eeeb0ec45ab7f752eb6378b83eae3b082379161c,SO,B,B,-2.65625,14.6875,-17.34375,-1.7109375,15.0,-16.7109375,True,121.0,10.0,0.6328125
199078912aef9601d43fbb41eeeb0ec45ab7f752eb6378b83eae3b082379161c,SS,B,B,-2.921875,15.125,-18.046875,-3.03125,15.375,-18.40625,True,14.0,8.0,0.359375
1a07b80e58d0120531bcefee7ba132e3bd77bef834bc592741b579d8a1952ad2,OO,A,A,15.375,-2.03125,17.40625,15.25,-2.4375,17.6875,True,4.0,52.0,0.28125
1a07b80e58d0120531bcefee7ba132e3bd77bef834bc592741b579d8a1952ad2,OS,B,B,-6.5,15.4375,-21.9375,-6.65625,15.4375,-22.09375,True,10.0,0.0,0.15625
1a07b80e58d0120531bcefee7ba132e3bd77bef834bc592741b579d8a1952ad2,SO,B,B,-4.25,13.625,-17.875,-4.53125,13.375,-17.90625,True,18.0,8.0,0.03125
1a07b80e58d0120531bcefee7ba132e3bd77bef834bc592741b579d8a1952ad2,SS,B,B,5.4375,17.25,-11.8125,5.78125,17.5,-11.71875,True,22.0,4.0,0.09375
1a2ede8310b68c121c2eebd7ad1c6b47b21796df96ea64159dbc9e76f1ae27ba,OO,A,A,14.375,-2.59375,16.96875,14.125,-2.796875,16.921875,True,8.0,26.0,0.046875
1a2ede8310b68c121c2eebd7ad1c6b47b21796df96ea64159dbc9e76f1ae27ba,OS,B,B,-6.96875,14.8125,-21.78125,-6.96875,14.8125,-21.78125,True,0.0,0.0,0.0
1a2ede8310b68c121c2eebd7ad1c6b47b21796df96ea64159dbc9e76f1ae27ba,SO,B,B,1.1484375,14.9375,-13.7890625,1.2578125,15.0,-13.7421875,True,28.0,2.0,0.046875
1a2ede8310b68c121c2eebd7ad1c6b47b21796df96ea64159dbc9e76f1ae27ba,SS,B,B,9.125,18.5,-9.375,9.375,18.625,-9.25,True,8.0,2.0,0.125
1b113718103da2934eb80b31e07a36abff54f00e7334be16390372856a3b6d5c,OO,A,A,13.375,-0.359375,13.734375,13.3125,-0.50390625,13.81640625,True,2.0,148.0,0.08203125
1b113718103da2934eb80b31e07a36abff54f00e7334be16390372856a3b6d5c,OS,B,B,-5.125,14.625,-19.75,-5.0625,14.8125,-19.875,True,4.0,6.0,0.125
1b113718103da2934eb80b31e07a36abff54f00e7334be16390372856a3b6d5c,SO,B,B,-5.03125,14.0,-19.03125,-5.03125,14.0625,-19.09375,True,0.0,2.0,0.0625
1b113718103da2934eb80b31e07a36abff54f00e7334be16390372856a3b6d5c,SS,B,B,0.451171875,15.5625,-15.111328125,0.1865234375,15.375,-15.1884765625,True,271.0,6.0,0.0771484375
1b534c132ccabe1a0e4a1e184b5e57df190c3eef651eeb6d0cce1944eb689ffd,OO,A,A,15.5,-1.875,17.375,15.3125,-1.9609375,17.2734375,True,6.0,22.0,0.1015625
1b534c132ccabe1a0e4a1e184b5e57df190c3eef651eeb6d0cce1944eb689ffd,OS,B,B,-5.5,16.125,-21.625,-5.625,15.875,-21.5,True,8.0,4.0,0.125
1b534c132ccabe1a0e4a1e184b5e57df190c3eef651eeb6d0cce1944eb689ffd,SO,B,B,13.125,15.0625,-1.9375,12.5,15.375,-2.875,True,20.0,10.0,0.9375
1b534c132ccabe1a0e4a1e184b5e57df190c3eef651eeb6d0cce1944eb689ffd,SS,B,B,0.3125,15.4375,-15.125,0.1064453125,15.3125,-15.2060546875,True,211.0,4.0,0.0810546875
1be6fa12bbdbfbd851812045dffe0981b2fdc90feaecff40cbe7d533433160fb,OO,A,A,13.6875,-4.5625,18.25,14.0,-4.375,18.375,True,10.0,12.0,0.125
1be6fa12bbdbfbd851812045dffe0981b2fdc90feaecff40cbe7d533433160fb,OS,B,B,-5.59375,15.625,-21.21875,-5.375,15.875,-21.25,True,14.0,8.0,0.03125
1be6fa12bbdbfbd851812045dffe0981b2fdc90feaecff40cbe7d533433160fb,SO,A,A,14.5625,5.34375,9.21875,14.4375,4.875,9.5625,True,4.0,30.0,0.34375
1be6fa12bbdbfbd851812045dffe0981b2fdc90feaecff40cbe7d533433160fb,SS,B,B,-0.181640625,16.25,-16.431640625,-0.1767578125,16.25,-16.4267578125,True,10.0,0.0,0.0048828125
1beb2aa5b13171309874a37d5260ebb4e081a26981486965e2d55ecbd0e23e72,OO,A,A,15.4375,-0.83203125,16.26953125,15.3125,-1.1875,16.5,True,4.0,182.0,0.23046875
1beb2aa5b13171309874a37d5260ebb4e081a26981486965e2d55ecbd0e23e72,OS,B,B,-6.625,14.0,-20.625,-6.53125,14.0625,-20.59375,True,6.0,2.0,0.03125
1beb2aa5b13171309874a37d5260ebb4e081a26981486965e2d55ecbd0e23e72,SO,B,B,-4.03125,14.0625,-18.09375,-3.875,14.125,-18.0,True,10.0,2.0,0.09375
1beb2aa5b13171309874a37d5260ebb4e081a26981486965e2d55ecbd0e23e72,SS,A,A,16.0,4.90625,11.09375,16.0,5.0,11.0,True,0.0,6.0,0.09375
1c35548b29d8511a72048aa2f5760aa0375a344a23b694ddc903a3c3b9d10eb8,OO,A,A,15.125,-1.5859375,16.7109375,14.875,-1.46875,16.34375,True,8.0,30.0,0.3671875
1c35548b29d8511a72048aa2f5760aa0375a344a23b694ddc903a3c3b9d10eb8,OS,B,B,-7.9375,14.8125,-22.75,-7.875,15.125,-23.0,True,4.0,10.0,0.25
1c35548b29d8511a72048aa2f5760aa0375a344a23b694ddc903a3c3b9d10eb8,SO,B,B,-5.0625,14.125,-19.1875,-5.375,13.6875,-19.0625,True,20.0,14.0,0.125
1c35548b29d8511a72048aa2f5760aa0375a344a23b694ddc903a3c3b9d10eb8,SS,B,B,11.0,17.125,-6.125,11.0625,17.125,-6.0625,True,2.0,0.0,0.0625
1e775ec427e192a7277498b2b5f22a189e2fd5e4a7ebe9a5d7ceb04d0edb4bea,OO,A,A,14.125,-1.40625,15.53125,14.0625,-1.1328125,15.1953125,True,2.0,70.0,0.3359375
1e775ec427e192a7277498b2b5f22a189e2fd5e4a7ebe9a5d7ceb04d0edb4bea,OS,B,B,-6.4375,15.875,-22.3125,-6.28125,15.9375,-22.21875,True,10.0,2.0,0.09375
1e775ec427e192a7277498b2b5f22a189e2fd5e4a7ebe9a5d7ceb04d0edb4bea,SO,B,B,-4.15625,14.5,-18.65625,-4.40625,14.375,-18.78125,True,16.0,4.0,0.125
1e775ec427e192a7277498b2b5f22a189e2fd5e4a7ebe9a5d7ceb04d0edb4bea,SS,B,B,2.03125,17.125,-15.09375,1.9609375,17.25,-15.2890625,True,9.0,2.0,0.1953125
20ca76d8e4f85568513476a52df419d075d3dd5fc5ccecf57f95ac7dd8fc87e6,OO,A,A,14.5625,-3.828125,18.390625,14.125,-4.125,18.25,True,14.0,38.0,0.140625
20ca76d8e4f85568513476a52df419d075d3dd5fc5ccecf57f95ac7dd8fc87e6,OS,B,B,-4.28125,15.75,-20.03125,-4.46875,15.875,-20.34375,True,12.0,4.0,0.3125
20ca76d8e4f85568513476a52df419d075d3dd5fc5ccecf57f95ac7dd8fc87e6,SO,B,B,-4.40625,14.3125,-18.71875,-4.3125,14.375,-18.6875,True,6.0,2.0,0.03125
20ca76d8e4f85568513476a52df419d075d3dd5fc5ccecf57f95ac7dd8fc87e6,SS,B,B,2.359375,17.75,-15.390625,2.140625,17.75,-15.609375,True,28.0,0.0,0.21875
21b042f63c92b50654186c8fe4187eace9b61ae49c15626476e5b27ce23675bb,OO,A,A,16.125,-0.734375,16.859375,16.125,-0.66796875,16.79296875,True,0.0,34.0,0.06640625
21b042f63c92b50654186c8fe4187eace9b61ae49c15626476e5b27ce23675bb,OS,B,B,-7.1875,14.25,-21.4375,-7.25,14.25,-21.5,True,4.0,0.0,0.0625
21b042f63c92b50654186c8fe4187eace9b61ae49c15626476e5b27ce23675bb,SO,B,B,1.4140625,15.8125,-14.3984375,0.90234375,15.5,-14.59765625,True,131.0,10.0,0.19921875
21b042f63c92b50654186c8fe4187eace9b61ae49c15626476e5b27ce23675bb,SS,B,B,0.21484375,16.25,-16.03515625,-0.052001953125,16.0,-16.052001953125,True,546.5,4.0,0.016845703125
21e85b4efb563c2c7d719cd82eed25f1248ca7f7c8365f703644ce3dc4ad3f31,OO,A,A,13.5625,-2.828125,16.390625,13.8125,-2.5,16.3125,True,8.0,42.0,0.078125
21e85b4efb563c2c7d719cd82eed25f1248ca7f7c8365f703644ce3dc4ad3f31,OS,B,B,-5.0625,15.5,-20.5625,-4.875,15.5625,-20.4375,True,12.0,2.0,0.125
21e85b4efb563c2c7d719cd82eed25f1248ca7f7c8365f703644ce3dc4ad3f31,SO,B,B,-0.265625,14.4375,-14.703125,-0.12451171875,14.4375,-14.56201171875,True,144.5,0.0,0.14111328125
21e85b4efb563c2c7d719cd82eed25f1248ca7f7c8365f703644ce3dc4ad3f31,SS,B,B,6.65625,16.75,-10.09375,6.53125,16.75,-10.21875,True,8.0,0.0,0.125
230f4886e25e9c27f1c5aeb6202ef50688d4072ec21a5516491ea31cdf4274d7,OO,A,A,15.375,-1.859375,17.234375,15.1875,-1.9609375,17.1484375,True,6.0,26.0,0.0859375
230f4886e25e9c27f1c5aeb6202ef50688d4072ec21a5516491ea31cdf4274d7,OS,B,B,-4.96875,14.9375,-19.90625,-5.03125,15.0,-20.03125,True,4.0,2.0,0.125
230f4886e25e9c27f1c5aeb6202ef50688d4072ec21a5516491ea31cdf4274d7,SO,B,B,-1.8046875,14.4375,-16.2421875,-1.7109375,14.5,-16.2109375,True,24.0,2.0,0.03125
230f4886e25e9c27f1c5aeb6202ef50688d4072ec21a5516491ea31cdf4274d7,SS,B,B,4.375,16.0,-11.625,4.5,16.25,-11.75,True,8.0,4.0,0.125
23b2da192ff61c4753bc05910769816eed0a3667db2a4b773622bce58081ef84,OO,A,A,13.5,-3.875,17.375,13.625,-3.984375,17.609375,True,4.0,14.0,0.234375
23b2da192ff61c4753bc05910769816eed0a3667db2a4b773622bce58081ef84,OS,B,B,-5.375,16.5,-21.875,-5.375,16.625,-22.0,True,0.0,2.0,0.125
23b2da192ff61c4753bc05910769816eed0a3667db2a4b773622bce58081ef84,SO,B,B,-2.1875,15.0625,-17.25,-2.046875,15.0,-17.046875,True,18.0,2.0,0.203125
23b2da192ff61c4753bc05910769816eed0a3667db2a4b773622bce58081ef84,SS,B,B,4.6875,17.875,-13.1875,4.65625,18.125,-13.46875,True,2.0,4.0,0.28125
24b91442961df4239a123354c44e53dab4a44f7cff6e66fec314c22e1b1540ea,OO,A,A,16.375,-3.09375,19.46875,16.5,-3.125,19.625,True,2.0,4.0,0.15625
24b91442961df4239a123354c44e53dab4a44f7cff6e66fec314c22e1b1540ea,OS,B,B,-2.484375,16.5,-18.984375,-2.453125,16.375,-18.828125,True,4.0,2.0,0.15625
24b91442961df4239a123354c44e53dab4a44f7cff6e66fec314c22e1b1540ea,SO,B,B,-2.359375,15.3125,-17.671875,-2.21875,15.375,-17.59375,True,18.0,2.0,0.078125
24b91442961df4239a123354c44e53dab4a44f7cff6e66fec314c22e1b1540ea,SS,B,B,8.25,17.25,-9.0,8.125,17.375,-9.25,True,4.0,2.0,0.25
273e7a2bbe79fb45e3da5b01c63233ca2a0293e88be678371d45e6e734eb3687,OO,A,A,14.8125,-0.52734375,15.33984375,14.9375,-0.328125,15.265625,True,4.0,102.0,0.07421875
273e7a2bbe79fb45e3da5b01c63233ca2a0293e88be678371d45e6e734eb3687,OS,B,B,-4.875,14.1875,-19.0625,-4.71875,14.125,-18.84375,True,10.0,2.0,0.21875
273e7a2bbe79fb45e3da5b01c63233ca2a0293e88be678371d45e6e734eb3687,SO,B,B,-2.28125,13.75,-16.03125,-2.265625,13.6875,-15.953125,True,2.0,2.0,0.078125
273e7a2bbe79fb45e3da5b01c63233ca2a0293e88be678371d45e6e734eb3687,SS,A,A,16.0,7.65625,8.34375,15.8125,7.90625,7.90625,True,3.0,16.0,0.4375
2a20d544ff618b9501d9400c452e6e02e2e866fa2d6a08fb345c2ffb4f633edb,OO,A,A,13.5625,-4.625,18.1875,13.875,-4.46875,18.34375,True,10.0,10.0,0.15625
2a20d544ff618b9501d9400c452e6e02e2e866fa2d6a08fb345c2ffb4f633edb,OS,B,B,-6.21875,15.4375,-21.65625,-6.125,15.3125,-21.4375,True,6.0,4.0,0.21875
2a20d544ff618b9501d9400c452e6e02e2e866fa2d6a08fb345c2ffb4f633edb,SO,B,B,-2.765625,14.875,-17.640625,-2.265625,15.0625,-17.328125,True,64.0,6.0,0.3125
2a20d544ff618b9501d9400c452e6e02e2e866fa2d6a08fb345c2ffb4f633edb,SS,B,B,-2.25,16.75,-19.0,-2.078125,16.625,-18.703125,True,22.0,2.0,0.296875
2b8a5200282c3f8748e7a842c78898590dde7c3432e54daf87ca95ce25b4c54e,OO,A,A,16.125,-1.671875,17.796875,15.8125,-1.703125,17.515625,True,5.0,8.0,0.28125
2b8a5200282c3f8748e7a842c78898590dde7c3432e54daf87ca95ce25b4c54e,OS,B,B,-6.625,14.6875,-21.3125,-6.71875,14.625,-21.34375,True,6.0,2.0,0.03125
2b8a5200282c3f8748e7a842c78898590dde7c3432e54daf87ca95ce25b4c54e,SO,B,B,-1.6015625,14.0,-15.6015625,-2.0,14.0625,-16.0625,True,102.0,2.0,0.4609375
2b8a5200282c3f8748e7a842c78898590dde7c3432e54daf87ca95ce25b4c54e,SS,B,B,7.875,17.5,-9.625,7.53125,17.25,-9.71875,True,22.0,4.0,0.09375
2dc8c8368d496987fff43c67a7613468467b611e116687d0980c83a39cd910aa,OO,A,A,15.5,-2.40625,17.90625,15.25,-2.46875,17.71875,True,8.0,8.0,0.1875
2dc8c8368d496987fff43c67a7613468467b611e116687d0980c83a39cd910aa,OS,B,B,-7.4375,14.875,-22.3125,-7.5,14.8125,-22.3125,True,4.0,2.0,0.0
2dc8c8368d496987fff43c67a7613468467b611e116687d0980c83a39cd910aa,SO,B,B,-5.125,14.75,-19.875,-5.0,14.875,-19.875,True,8.0,4.0,0.0
2dc8c8368d496987fff43c67a7613468467b611e116687d0980c83a39cd910aa,SS,A,A,14.8125,4.0625,10.75,15.0,4.09375,10.90625,True,6.0,2.0,0.15625
2f4703494c2a9ce69c4a05d3a0f85a95e69e0b7a1564dc0cfba14f55769487d6,OO,A,A,14.0625,-2.453125,16.515625,13.875,-2.5625,16.4375,True,6.0,14.0,0.078125
2f4703494c2a9ce69c4a05d3a0f85a95e69e0b7a1564dc0cfba14f55769487d6,OS,B,B,-7.25,15.375,-22.625,-7.1875,15.4375,-22.625,True,4.0,2.0,0.0
2f4703494c2a9ce69c4a05d3a0f85a95e69e0b7a1564dc0cfba14f55769487d6,SO,B,B,5.65625,16.75,-11.09375,7.21875,17.0,-9.78125,True,100.0,4.0,1.3125
2f4703494c2a9ce69c4a05d3a0f85a95e69e0b7a1564dc0cfba14f55769487d6,SS,B,B,-0.25390625,17.5,-17.75390625,-0.29296875,17.625,-17.91796875,True,40.0,2.0,0.1640625
31bc2caab699df9cd3f29bcee3a64a7be3446b3056011e8d837007ac97aec033,OO,A,A,15.0625,-0.671875,15.734375,15.0,-0.68359375,15.68359375,True,2.0,6.0,0.05078125
31bc2caab699df9cd3f29bcee3a64a7be3446b3056011e8d837007ac97aec033,OS,B,B,-7.03125,14.1875,-21.21875,-7.0,14.25,-21.25,True,2.0,2.0,0.03125
31bc2caab699df9cd3f29bcee3a64a7be3446b3056011e8d837007ac97aec033,SO,B,B,0.3203125,16.625,-16.3046875,0.05029296875,16.5,-16.44970703125,True,276.5,2.0,0.14501953125
31bc2caab699df9cd3f29bcee3a64a7be3446b3056011e8d837007ac97aec033,SS,B,B,3.671875,17.125,-13.453125,3.5625,17.125,-13.5625,True,14.0,0.0,0.109375
32433ec8d7c816d84564c39977c687496178d90300834bb1c8fb5dbe8c496afd,OO,A,A,15.875,-3.0,18.875,15.75,-2.890625,18.640625,True,4.0,14.0,0.234375
32433ec8d7c816d84564c39977c687496178d90300834bb1c8fb5dbe8c496afd,OS,B,B,-6.90625,14.75,-21.65625,-6.78125,14.875,-21.65625,True,8.0,4.0,0.0
32433ec8d7c816d84564c39977c687496178d90300834bb1c8fb5dbe8c496afd,SO,B,B,0.294921875,14.875,-14.580078125,0.41015625,14.75,-14.33984375,True,118.0,4.0,0.240234375
32433ec8d7c816d84564c39977c687496178d90300834bb1c8fb5dbe8c496afd,SS,B,B,8.0,19.125,-11.125,7.4375,19.0,-11.5625,True,18.0,2.0,0.4375
329dd7e54066ef13a3da213f7f3b6cff598c5899634f90f2aa842bf03bdfe22b,OO,A,A,14.3125,-3.453125,17.765625,14.5625,-3.609375,18.171875,True,8.0,20.0,0.40625
329dd7e54066ef13a3da213f7f3b6cff598c5899634f90f2aa842bf03bdfe22b,OS,B,B,-5.53125,15.375,-20.90625,-5.5,15.25,-20.75,True,2.0,4.0,0.15625
329dd7e54066ef13a3da213f7f3b6cff598c5899634f90f2aa842bf03bdfe22b,SO,B,B,0.83203125,15.3125,-14.48046875,0.9375,15.375,-14.4375,True,54.0,2.0,0.04296875
329dd7e54066ef13a3da213f7f3b6cff598c5899634f90f2aa842bf03bdfe22b,SS,B,B,-2.25,16.375,-18.625,-2.046875,16.375,-18.421875,True,26.0,0.0,0.203125
32a5842122bca8ce29d1bd38d6bee5bd0cd4ff77f6e85b6df20e866683e9e9d8,OO,A,A,16.375,1.6796875,14.6953125,16.25,1.9296875,14.3203125,True,2.0,64.0,0.375
32a5842122bca8ce29d1bd38d6bee5bd0cd4ff77f6e85b6df20e866683e9e9d8,OS,B,B,-6.1875,14.875,-21.0625,-6.34375,14.6875,-21.03125,True,10.0,6.0,0.03125
32a5842122bca8ce29d1bd38d6bee5bd0cd4ff77f6e85b6df20e866683e9e9d8,SO,A,A,15.5625,7.6875,7.875,15.4375,7.5625,7.875,True,4.0,8.0,0.0
32a5842122bca8ce29d1bd38d6bee5bd0cd4ff77f6e85b6df20e866683e9e9d8,SS,B,B,1.1484375,16.75,-15.6015625,1.0703125,16.5,-15.4296875,True,20.0,4.0,0.171875
335059d400355094616bc325ef0848eda0060b94b91bf17aa229387a74b6c2fe,OO,A,A,15.625,-0.83984375,16.46484375,15.5,-0.73828125,16.23828125,True,4.0,52.0,0.2265625
335059d400355094616bc325ef0848eda0060b94b91bf17aa229387a74b6c2fe,OS,B,B,-7.28125,15.25,-22.53125,-7.40625,15.0625,-22.46875,True,8.0,6.0,0.0625
335059d400355094616bc325ef0848eda0060b94b91bf17aa229387a74b6c2fe,SO,B,B,-3.140625,13.9375,-17.078125,-3.171875,13.875,-17.046875,True,4.0,2.0,0.03125
335059d400355094616bc325ef0848eda0060b94b91bf17aa229387a74b6c2fe,SS,B,B,0.83203125,17.0,-16.16796875,0.6796875,17.0,-16.3203125,True,78.0,0.0,0.15234375
37fd7343def15a982f55039a6fd91953c9aec931123a52d0f01f0e4298e0f327,OO,A,A,16.5,0.3984375,16.1015625,17.0,0.921875,16.078125,True,8.0,536.0,0.0234375
37fd7343def15a982f55039a6fd91953c9aec931123a52d0f01f0e4298e0f327,OS,B,B,-5.96875,16.25,-22.21875,-5.9375,16.375,-22.3125,True,2.0,2.0,0.09375
37fd7343def15a982f55039a6fd91953c9aec931123a52d0f01f0e4298e0f327,SO,B,B,-1.8671875,15.25,-17.1171875,-1.71875,15.3125,-17.03125,True,38.0,2.0,0.0859375
37fd7343def15a982f55039a6fd91953c9aec931123a52d0f01f0e4298e0f327,SS,B,B,0.37890625,17.5,-17.12109375,0.494140625,17.625,-17.130859375,True,118.0,2.0,0.009765625
38197b9f21a2cbc6219c9edadf1b00c23fd75944c8ed0462d4fb2984382e2454,OO,A,A,13.625,-3.546875,17.171875,13.3125,-3.8125,17.125,True,10.0,34.0,0.046875
38197b9f21a2cbc6219c9edadf1b00c23fd75944c8ed0462d4fb2984382e2454,OS,B,B,-3.828125,15.0625,-18.890625,-3.890625,15.0,-18.890625,True,8.0,2.0,0.0
38197b9f21a2cbc6219c9edadf1b00c23fd75944c8ed0462d4fb2984382e2454,SO,B,B,-3.0,15.8125,-18.8125,-2.78125,16.25,-19.03125,True,28.0,14.0,0.21875
38197b9f21a2cbc6219c9edadf1b00c23fd75944c8ed0462d4fb2984382e2454,SS,A,A,14.375,1.2265625,13.1484375,14.25,0.7109375,13.5390625,True,4.0,132.0,0.390625
3832009ffefb8053acc8f41b409ffc903ba02cb06ee1f396131afe3a64f7f714,OO,A,A,13.6875,-1.828125,15.515625,13.8125,-1.734375,15.546875,True,4.0,24.0,0.03125
3832009ffefb8053acc8f41b409ffc903ba02cb06ee1f396131afe3a64f7f714,OS,B,B,-6.96875,14.75,-21.71875,-7.03125,14.6875,-21.71875,True,4.0,2.0,0.0
3832009ffefb8053acc8f41b409ffc903ba02cb06ee1f396131afe3a64f7f714,SO,B,B,-7.28125,13.5,-20.78125,-6.90625,13.625,-20.53125,True,24.0,4.0,0.25
3832009ffefb8053acc8f41b409ffc903ba02cb06ee1f396131afe3a64f7f714,SS,A,A,14.4375,-1.359375,15.796875,14.3125,-1.296875,15.609375,True,4.0,16.0,0.1875
3975f704337b080024800027d2e29bc96ed1f384966e94429dc7897299354c6c,OO,A,A,14.5625,-4.3125,18.875,14.375,-4.375,18.75,True,6.0,4.0,0.125
3975f704337b080024800027d2e29bc96ed1f384966e94429dc7897299354c6c,OS,B,B,-6.25,15.375,-21.625,-5.9375,15.6875,-21.625,True,20.0,10.0,0.0
3975f704337b080024800027d2e29bc96ed1f384966e94429dc7897299354c6c,SO,B,B,10.875,17.0,-6.125,12.0,16.75,-4.75,True,36.0,4.0,1.375
3975f704337b080024800027d2e29bc96ed1f384966e94429dc7897299354c6c,SS,B,B,1.6171875,17.375,-15.7578125,1.46875,17.25,-15.78125,True,38.0,2.0,0.0234375
398a76fc83c24119abafed142f0472b7bf7450ccca75cac5e41f71c680f8b506,OO,A,A,15.5,-3.046875,18.546875,15.375,-3.203125,18.578125,True,4.0,20.0,0.03125
398a76fc83c24119abafed142f0472b7bf7450ccca75cac5e41f71c680f8b506,OS,B,B,-5.15625,15.75,-20.90625,-5.375,15.9375,-21.3125,True,14.0,6.0,0.40625
398a76fc83c24119abafed142f0472b7bf7450ccca75cac5e41f71c680f8b506,SO,B,B,13.1875,15.375,-2.1875,14.0,15.25,-1.25,True,26.0,4.0,0.9375
398a76fc83c24119abafed142f0472b7bf7450ccca75cac5e41f71c680f8b506,SS,A,A,16.875,6.65625,10.21875,16.625,6.375,10.25,True,4.0,18.0,0.03125
39f61c2d75b7fe6d51ef30f35eec36827fd3e075b56c61c3a34d13069985a50f,OO,A,A,14.625,-4.46875,19.09375,14.625,-4.53125,19.15625,True,0.0,4.0,0.0625
39f61c2d75b7fe6d51ef30f35eec36827fd3e075b56c61c3a34d13069985a50f,OS,B,B,-4.71875,14.875,-19.59375,-4.625,15.0,-19.625,True,6.0,4.0,0.03125
39f61c2d75b7fe6d51ef30f35eec36827fd3e075b56c61c3a34d13069985a50f,SO,B,B,-4.65625,15.5,-20.15625,-4.1875,15.625,-19.8125,True,30.0,4.0,0.34375
39f61c2d75b7fe6d51ef30f35eec36827fd3e075b56c61c3a34d13069985a50f,SS,A,A,16.875,5.0625,11.8125,17.0,5.78125,11.21875,True,2.0,46.0,0.59375
3adcd84400767f05f41b0270094c7e4a8e857511c7e63e9255e8ee6eb09c1f2e,OO,A,A,14.25,0.78125,13.46875,14.4375,0.5859375,13.8515625,True,6.0,100.0,0.3828125
3adcd84400767f05f41b0270094c7e4a8e857511c7e63e9255e8ee6eb09c1f2e,OS,B,B,-4.8125,13.875,-18.6875,-4.78125,13.75,-18.53125,True,2.0,4.0,0.15625
3adcd84400767f05f41b0270094c7e4a8e857511c7e63e9255e8ee6eb09c1f2e,SO,B,B,-2.046875,15.625,-17.671875,-1.8671875,15.5625,-17.4296875,True,23.0,2.0,0.2421875
3adcd84400767f05f41b0270094c7e4a8e857511c7e63e9255e8ee6eb09c1f2e,SS,A,A,14.6875,1.5390625,13.1484375,14.5625,1.4140625,13.1484375,True,4.0,32.0,0.0
3d03e1bbfc46d35670f0c6fca59977c81f4a8cdc88a6bca7a3d60ab8063a471e,OO,A,A,14.625,-0.54296875,15.16796875,14.75,-0.31640625,15.06640625,True,4.0,116.0,0.1015625
3d03e1bbfc46d35670f0c6fca59977c81f4a8cdc88a6bca7a3d60ab8063a471e,OS,B,B,-4.65625,15.5625,-20.21875,-5.0,15.5,-20.5,True,22.0,2.0,0.28125
3d03e1bbfc46d35670f0c6fca59977c81f4a8cdc88a6bca7a3d60ab8063a471e,SO,B,B,-2.765625,15.0625,-17.828125,-3.078125,14.9375,-18.015625,True,40.0,4.0,0.1875
3d03e1bbfc46d35670f0c6fca59977c81f4a8cdc88a6bca7a3d60ab8063a471e,SS,B,B,10.625,17.875,-7.25,10.875,17.875,-7.0,True,8.0,0.0,0.25
3d13ddd9f6cad6c1c863e4fbdaa8409a5c0dfafcc2eea2766fabd1b1c6e015d6,OO,A,A,13.8125,-5.125,18.9375,13.4375,-5.1875,18.625,True,12.0,4.0,0.3125
3d13ddd9f6cad6c1c863e4fbdaa8409a5c0dfafcc2eea2766fabd1b1c6e015d6,OS,B,B,-7.15625,14.0,-21.15625,-7.28125,14.0,-21.28125,True,8.0,0.0,0.125
3d13ddd9f6cad6c1c863e4fbdaa8409a5c0dfafcc2eea2766fabd1b1c6e015d6,SO,B,B,-5.78125,14.875,-20.65625,-5.625,15.0,-20.625,True,10.0,4.0,0.03125
3d13ddd9f6cad6c1c863e4fbdaa8409a5c0dfafcc2eea2766fabd1b1c6e015d6,SS,A,A,17.75,7.6875,10.0625,17.875,7.6875,10.1875,True,2.0,0.0,0.125
3d63d7febc2e16bbd6a1ae6283266aae607bf41661d0ebe4b433e6bbf8b36422,OO,A,A,14.75,1.796875,12.953125,14.75,2.03125,12.71875,True,0.0,60.0,0.234375
3d63d7febc2e16bbd6a1ae6283266aae607bf41661d0ebe4b433e6bbf8b36422,OS,B,B,-5.4375,15.8125,-21.25,-5.4375,15.6875,-21.125,True,0.0,4.0,0.125
3d63d7febc2e16bbd6a1ae6283266aae607bf41661d0ebe4b433e6bbf8b36422,SO,B,B,-4.5625,15.0625,-19.625,-4.65625,15.0625,-19.71875,True,6.0,0.0,0.09375
3d63d7febc2e16bbd6a1ae6283266aae607bf41661d0ebe4b433e6bbf8b36422,SS,B,B,2.515625,16.875,-14.359375,2.53125,16.875,-14.34375,True,2.0,0.0,0.015625
3dd056aadf1ba84092fcc9b21ef87dd26564c3486de97f4306b599e30773fdc6,OO,A,A,14.0625,-4.53125,18.59375,14.25,-4.28125,18.53125,True,6.0,16.0,0.0625
3dd056aadf1ba84092fcc9b21ef87dd26564c3486de97f4306b599e30773fdc6,OS,B,B,-7.125,16.0,-23.125,-7.21875,16.125,-23.34375,True,6.0,2.0,0.21875
3dd056aadf1ba84092fcc9b21ef87dd26564c3486de97f4306b599e30773fdc6,SO,B,B,2.234375,15.3125,-13.078125,2.453125,15.1875,-12.734375,True,28.0,4.0,0.34375
3dd056aadf1ba84092fcc9b21ef87dd26564c3486de97f4306b599e30773fdc6,SS,B,B,0.87890625,17.5,-16.62109375,0.703125,17.75,-17.046875,True,90.0,4.0,0.42578125
3eb632ea98f9fce2b2a44308e6ff72c9c6ae3b443f9d0183474b60876eccb773,OO,A,A,14.875,-1.234375,16.109375,14.5625,-1.5859375,16.1484375,True,10.0,90.0,0.0390625
3eb632ea98f9fce2b2a44308e6ff72c9c6ae3b443f9d0183474b60876eccb773,OS,B,B,-6.40625,15.5,-21.90625,-6.59375,15.625,-22.21875,True,12.0,4.0,0.3125
3eb632ea98f9fce2b2a44308e6ff72c9c6ae3b443f9d0183474b60876eccb773,SO,B,B,-1.4140625,15.6875,-17.1015625,-1.890625,15.5625,-17.453125,True,122.0,4.0,0.3515625
3eb632ea98f9fce2b2a44308e6ff72c9c6ae3b443f9d0183474b60876eccb773,SS,B,B,8.4375,16.125,-7.6875,7.46875,16.25,-8.78125,True,31.0,2.0,1.09375
3ee096de72cb3b0dfd08b81812498b3c90600256873b702dfe6c8228f2c9c0a4,OO,A,A,15.375,-2.875,18.25,15.25,-2.71875,17.96875,True,4.0,20.0,0.28125
3ee096de72cb3b0dfd08b81812498b3c90600256873b702dfe6c8228f2c9c0a4,OS,B,B,-6.78125,14.125,-20.90625,-6.75,14.1875,-20.9375,True,2.0,2.0,0.03125
3ee096de72cb3b0dfd08b81812498b3c90600256873b702dfe6c8228f2c9c0a4,SO,B,B,-4.375,14.625,-19.0,-4.46875,14.625,-19.09375,True,6.0,0.0,0.09375
3ee096de72cb3b0dfd08b81812498b3c90600256873b702dfe6c8228f2c9c0a4,SS,A,A,15.4375,4.75,10.6875,15.4375,4.53125,10.90625,True,0.0,14.0,0.21875
3f4368f134d45f2838ffaafce8c9a314e61a3bcb5d4e22c3fd0f72b73d01aa8a,OO,A,A,13.75,-2.140625,15.890625,13.5,-2.296875,15.796875,True,8.0,20.0,0.09375
3f4368f134d45f2838ffaafce8c9a314e61a3bcb5d4e22c3fd0f72b73d01aa8a,OS,B,B,-5.78125,15.0625,-20.84375,-5.84375,14.875,-20.71875,True,4.0,6.0,0.125
3f4368f134d45f2838ffaafce8c9a314e61a3bcb5d4e22c3fd0f72b73d01aa8a,SO,B,B,-2.4375,14.0625,-16.5,-2.734375,13.9375,-16.671875,True,38.0,4.0,0.171875
3f4368f134d45f2838ffaafce8c9a314e61a3bcb5d4e22c3fd0f72b73d01aa8a,SS,B,B,14.5,17.5,-3.0,15.25,17.375,-2.125,True,24.0,2.0,0.875
3f7112327a3cfef5de23e93e4a1880826ae70b39c367298aad1f40d9c3d98af2,OO,A,A,17.125,4.03125,13.09375,17.375,4.46875,12.90625,True,4.0,28.0,0.1875
3f7112327a3cfef5de23e93e4a1880826ae70b39c367298aad1f40d9c3d98af2,OS,B,B,-4.21875,14.8125,-19.03125,-4.1875,14.9375,-19.125,True,2.0,4.0,0.09375
3f7112327a3cfef5de23e93e4a1880826ae70b39c367298aad1f40d9c3d98af2,SO,B,B,-4.28125,15.0,-19.28125,-4.28125,15.25,-19.53125,True,0.0,8.0,0.25
3f7112327a3cfef5de23e93e4a1880826ae70b39c367298aad1f40d9c3d98af2,SS,A,A,14.5625,4.625,9.9375,15.125,5.125,10.0,True,18.0,32.0,0.0625
406903d1cda4ad5f13b43d25e0af38e781a94521fedb3f39765befa05ecf9299,OO,A,A,15.0625,-2.09375,17.15625,15.1875,-2.0625,17.25,True,4.0,4.0,0.09375
406903d1cda4ad5f13b43d25e0af38e781a94521fedb3f39765befa05ecf9299,OS,B,B,-5.625,16.0,-21.625,-5.53125,16.125,-21.65625,True,6.0,2.0,0.03125
406903d1cda4ad5f13b43d25e0af38e781a94521fedb3f39765befa05ecf9299,SO,B,B,-3.484375,15.6875,-19.171875,-3.34375,15.6875,-19.03125,True,18.0,0.0,0.140625
406903d1cda4ad5f13b43d25e0af38e781a94521fedb3f39765befa05ecf9299,SS,B,B,-0.423828125,17.5,-17.923828125,-0.486328125,17.5,-17.986328125,True,64.0,0.0,0.0625
41488a0975678237b0b358441e37e50020b7824ca58dc2ad8b6b05dbf1dce1e4,OO,A,A,14.5,-2.796875,17.296875,14.25,-2.796875,17.046875,True,8.0,0.0,0.25
41488a0975678237b0b358441e37e50020b7824ca58dc2ad8b6b05dbf1dce1e4,OS,B,B,-6.34375,16.0,-22.34375,-6.3125,16.0,-22.3125,True,2.0,0.0,0.03125
41488a0975678237b0b358441e37e50020b7824ca58dc2ad8b6b05dbf1dce1e4,SO,B,B,13.3125,14.25,-0.9375,13.25,14.1875,-0.9375,True,2.0,2.0,0.0
41488a0975678237b0b358441e37e50020b7824ca58dc2ad8b6b05dbf1dce1e4,SS,B,B,-1.859375,16.625,-18.484375,-2.015625,16.5,-18.515625,True,40.0,2.0,0.03125
41972e19b17353b471daa83ca263985b90734a684c6cf04de158ceba557bba20,OO,A,A,16.0,-0.73828125,16.73828125,16.0,-0.75,16.75,True,0.0,6.0,0.01171875
41972e19b17353b471daa83ca263985b90734a684c6cf04de158ceba557bba20,OS,B,B,-7.96875,14.9375,-22.90625,-7.90625,14.9375,-22.84375,True,4.0,0.0,0.0625
41972e19b17353b471daa83ca263985b90734a684c6cf04de158ceba557bba20,SO,B,B,-3.09375,14.125,-17.21875,-3.03125,14.125,-17.15625,True,8.0,0.0,0.0625
41972e19b17353b471daa83ca263985b90734a684c6cf04de158ceba557bba20,SS,B,B,3.71875,17.0,-13.28125,3.25,16.75,-13.5,True,60.0,4.0,0.21875
41bd5c2285dcb3536e999fcd7e2cde21de5cfa8bb2e9842810c6ae8f29e05588,OO,A,A,14.9375,-2.9375,17.875,14.875,-2.828125,17.703125,True,2.0,14.0,0.171875
41bd5c2285dcb3536e999fcd7e2cde21de5cfa8bb2e9842810c6ae8f29e05588,OS,B,B,-8.125,14.4375,-22.5625,-8.3125,14.5,-22.8125,True,6.0,2.0,0.25
41bd5c2285dcb3536e999fcd7e2cde21de5cfa8bb2e9842810c6ae8f29e05588,SO,B,B,-6.5625,14.75,-21.3125,-6.375,14.875,-21.25,True,12.0,4.0,0.0625
41bd5c2285dcb3536e999fcd7e2cde21de5cfa8bb2e9842810c6ae8f29e05588,SS,B,B,13.75,15.625,-1.875,14.6875,15.25,-0.5625,True,30.0,12.0,1.3125
41f4f125f31ef8e2c24b2b54d17e9ec1332933a5182bb658df2b71e74210f07a,OO,A,A,15.5625,-1.8515625,17.4140625,15.375,-1.9609375,17.3359375,True,6.0,28.0,0.078125
41f4f125f31ef8e2c24b2b54d17e9ec1332933a5182bb658df2b71e74210f07a,OS,B,B,-2.984375,14.9375,-17.921875,-2.859375,15.0,-17.859375,True,16.0,2.0,0.0625
41f4f125f31ef8e2c24b2b54d17e9ec1332933a5182bb658df2b71e74210f07a,SO,B,B,-4.40625,16.0,-20.40625,-4.28125,15.9375,-20.21875,True,8.0,1.0,0.1875
41f4f125f31ef8e2c24b2b54d17e9ec1332933a5182bb658df2b71e74210f07a,SS,B,B,9.6875,17.5,-7.8125,9.1875,17.5,-8.3125,True,16.0,0.0,0.5
425597e7c6465516510ec8386f5266b416983270bf2da29be80104b652ec25af,OO,A,A,15.875,-1.3515625,17.2265625,16.0,-1.4765625,17.4765625,True,4.0,32.0,0.25
425597e7c6465516510ec8386f5266b416983270bf2da29be80104b652ec25af,OS,B,B,-6.34375,15.75,-22.09375,-6.5,15.6875,-22.1875,True,10.0,2.0,0.09375
425597e7c6465516510ec8386f5266b416983270bf2da29be80104b652ec25af,SO,B,B,1.0,14.9375,-13.9375,0.890625,14.6875,-13.796875,True,28.0,8.0,0.140625
425597e7c6465516510ec8386f5266b416983270bf2da29be80104b652ec25af,SS,B,B,-1.5,16.625,-18.125,-1.5859375,16.625,-18.2109375,True,22.0,0.0,0.0859375
4271cfe8b61a8a3393e85c06aa38d43ea9b075538d57c363e9ce3260328b75b4,OO,A,A,14.1875,0.1279296875,14.0595703125,14.0625,0.07763671875,13.98486328125,True,4.0,103.0,0.07470703125
4271cfe8b61a8a3393e85c06aa38d43ea9b075538d57c363e9ce3260328b75b4,OS,B,B,-6.96875,15.0625,-22.03125,-6.96875,15.125,-22.09375,True,0.0,2.0,0.0625
4271cfe8b61a8a3393e85c06aa38d43ea9b075538d57c363e9ce3260328b75b4,SO,B,B,-0.46484375,14.125,-14.58984375,-0.80859375,14.125,-14.93359375,True,352.0,0.0,0.34375
4271cfe8b61a8a3393e85c06aa38d43ea9b075538d57c363e9ce3260328b75b4,SS,B,B,8.625,18.125,-9.5,8.875,18.125,-9.25,True,8.0,0.0,0.25
439ffe75992797ee13316de00c9d6aa9971cb83d549d64af220f741dded7b4d2,OO,A,A,15.375,-0.07958984375,15.45458984375,15.0625,-0.279296875,15.341796875,True,10.0,818.0,0.11279296875
439ffe75992797ee13316de00c9d6aa9971cb83d549d64af220f741dded7b4d2,OS,B,B,-6.28125,14.9375,-21.21875,-6.5,14.9375,-21.4375,True,14.0,0.0,0.21875
439ffe75992797ee13316de00c9d6aa9971cb83d549d64af220f741dded7b4d2,SO,B,B,-2.21875,14.9375,-17.15625,-2.59375,14.6875,-17.28125,True,48.0,8.0,0.125
439ffe75992797ee13316de00c9d6aa9971cb83d549d64af220f741dded7b4d2,SS,B,B,3.6875,16.5,-12.8125,3.921875,16.75,-12.828125,True,30.0,4.0,0.015625
47ccd792c57b9a4d617bbe4826f0c86753850106491369e516ebbb767746ddec,OO,A,A,13.5625,-3.9375,17.5,13.5,-3.8125,17.3125,True,2.0,16.0,0.1875
47ccd792c57b9a4d617bbe4826f0c86753850106491369e516ebbb767746ddec,OS,B,B,-6.5625,15.125,-21.6875,-6.53125,15.0625,-21.59375,True,2.0,2.0,0.09375
47ccd792c57b9a4d617bbe4826f0c86753850106491369e516ebbb767746ddec,SO,B,B,10.6875,15.875,-5.1875,10.4375,15.875,-5.4375,True,8.0,0.0,0.25
47ccd792c57b9a4d617bbe4826f0c86753850106491369e516ebbb767746ddec,SS,B,B,-0.330078125,17.125,-17.455078125,-0.0986328125,17.25,-17.3486328125,True,237.0,2.0,0.1064453125
4ac100f8d53d9f95785c499a24bff4d96fdeced0966b21ee7403971c9268cd5a,OO,A,A,14.875,-3.59375,18.46875,14.8125,-3.53125,18.34375,True,2.0,8.0,0.125
4ac100f8d53d9f95785c499a24bff4d96fdeced0966b21ee7403971c9268cd5a,OS,B,B,-6.03125,14.25,-20.28125,-6.34375,14.125,-20.46875,True,20.0,4.0,0.1875
4ac100f8d53d9f95785c499a24bff4d96fdeced0966b21ee7403971c9268cd5a,SO,B,B,-1.4453125,14.25,-15.6953125,-1.8984375,13.8125,-15.7109375,True,116.0,14.0,0.015625
4ac100f8d53d9f95785c499a24bff4d96fdeced0966b21ee7403971c9268cd5a,SS,B,B,4.96875,18.5,-13.53125,4.125,18.125,-14.0,True,54.0,6.0,0.46875
4c22a7020fcc075f9f948b5b4c877ceab447932756009ccd5e0296cb1c4146fd,OO,A,A,14.125,-3.734375,17.859375,14.0625,-3.78125,17.84375,True,2.0,6.0,0.015625
4c22a7020fcc075f9f948b5b4c877ceab447932756009ccd5e0296cb1c4146fd,OS,B,B,-6.75,14.6875,-21.4375,-6.84375,14.625,-21.46875,True,6.0,2.0,0.03125
4c22a7020fcc075f9f948b5b4c877ceab447932756009ccd5e0296cb1c4146fd,SO,B,B,6.15625,16.375,-10.21875,6.03125,16.375,-10.34375,True,8.0,0.0,0.125
4c22a7020fcc075f9f948b5b4c877ceab447932756009ccd5e0296cb1c4146fd,SS,B,B,8.25,17.875,-9.625,8.0625,17.875,-9.8125,True,6.0,0.0,0.1875
50e89b0ddd95fe081a170155268d88b5637809604696c7a6f1e8c642f2b54c5a,OO,A,A,14.3125,-2.6875,17.0,14.125,-2.625,16.75,True,6.0,8.0,0.25
50e89b0ddd95fe081a170155268d88b5637809604696c7a6f1e8c642f2b54c5a,OS,B,B,-7.09375,15.625,-22.71875,-7.0625,15.6875,-22.75,True,2.0,2.0,0.03125
50e89b0ddd95fe081a170155268d88b5637809604696c7a6f1e8c642f2b54c5a,SO,B,B,3.25,15.625,-12.375,3.5,15.625,-12.125,True,32.0,0.0,0.25
50e89b0ddd95fe081a170155268d88b5637809604696c7a6f1e8c642f2b54c5a,SS,B,B,4.96875,16.625,-11.65625,5.0,16.625,-11.625,True,2.0,0.0,0.03125
510f55edebf39d8098e25f20bf735eb0ce82fee4ce7abf755d8d378d0ae4f9c5,OO,A,A,14.125,-3.265625,17.390625,14.3125,-3.0625,17.375,True,6.0,26.0,0.015625
510f55edebf39d8098e25f20bf735eb0ce82fee4ce7abf755d8d378d0ae4f9c5,OS,B,B,-5.6875,15.0,-20.6875,-5.25,15.4375,-20.6875,True,28.0,14.0,0.0
510f55edebf39d8098e25f20bf735eb0ce82fee4ce7abf755d8d378d0ae4f9c5,SO,B,B,7.5625,15.9375,-8.375,7.5625,16.125,-8.5625,True,0.0,6.0,0.1875
510f55edebf39d8098e25f20bf735eb0ce82fee4ce7abf755d8d378d0ae4f9c5,SS,B,B,3.390625,17.875,-14.484375,3.15625,17.5,-14.34375,True,30.0,6.0,0.140625
52aba3c550dabe11b7e047ff5a4addc223e7b2d24ee14924ca69cfc2dae3b724,OO,A,A,14.125,-0.361328125,14.486328125,14.1875,-0.30859375,14.49609375,True,2.0,54.0,0.009765625
52aba3c550dabe11b7e047ff5a4addc223e7b2d24ee14924ca69cfc2dae3b724,OS,B,B,-6.3125,14.5625,-20.875,-6.375,14.4375,-20.8125,True,4.0,4.0,0.0625
52aba3c550dabe11b7e047ff5a4addc223e7b2d24ee14924ca69cfc2dae3b724,SO,A,A,15.5,11.3125,4.1875,15.4375,11.4375,4.0,True,2.0,4.0,0.1875
52aba3c550dabe11b7e047ff5a4addc223e7b2d24ee14924ca69cfc2dae3b724,SS,B,B,3.671875,17.0,-13.328125,3.609375,17.125,-13.515625,True,8.0,2.0,0.1875
53a9a275a436d8bd4aa6f496fd454816a1ff515b21770e062f15a0df2cb4322d,OO,A,A,14.5,-2.46875,16.96875,14.6875,-2.28125,16.96875,True,6.0,24.0,0.0
53a9a275a436d8bd4aa6f496fd454816a1ff515b21770e062f15a0df2cb4322d,OS,B,B,-4.25,16.0,-20.25,-4.1875,16.25,-20.4375,True,4.0,4.0,0.1875
53a9a275a436d8bd4aa6f496fd454816a1ff515b21770e062f15a0df2cb4322d,SO,B,A,13.0625,14.25,-1.1875,13.9375,13.6875,0.25,False,28.0,18.0,1.4375
53a9a275a436d8bd4aa6f496fd454816a1ff515b21770e062f15a0df2cb4322d,SS,B,B,8.9375,17.375,-8.4375,9.0,17.125,-8.125,True,2.0,4.0,0.3125
55bfeb38bb86d674bb85783339e06d4ca643b0f5c853ac48be50f1c5d7d61737,OO,A,A,14.1875,-2.96875,17.15625,14.0625,-2.953125,17.015625,True,4.0,2.0,0.140625
55bfeb38bb86d674bb85783339e06d4ca643b0f5c853ac48be50f1c5d7d61737,OS,B,B,-5.8125,16.375,-22.1875,-6.0,16.125,-22.125,True,12.0,4.0,0.0625
55bfeb38bb86d674bb85783339e06d4ca643b0f5c853ac48be50f1c5d7d61737,SO,B,B,-3.171875,13.875,-17.046875,-2.90625,14.125,-17.03125,True,34.0,8.0,0.015625
55bfeb38bb86d674bb85783339e06d4ca643b0f5c853ac48be50f1c5d7d61737,SS,B,B,-3.265625,16.0,-19.265625,-3.046875,16.25,-19.296875,True,28.0,4.0,0.03125
56295692530fff758ebf02124a935e66aace3d3a9b0fb05e6722c4c59406320d,OO,A,A,15.875,1.7421875,14.1328125,15.8125,1.8125,14.0,True,2.0,18.0,0.1328125
56295692530fff758ebf02124a935e66aace3d3a9b0fb05e6722c4c59406320d,OS,B,B,-6.46875,15.8125,-22.28125,-6.625,15.5625,-22.1875,True,10.0,8.0,0.09375
56295692530fff758ebf02124a935e66aace3d3a9b0fb05e6722c4c59406320d,SO,B,B,-3.390625,15.1875,-18.578125,-3.21875,15.1875,-18.40625,True,22.0,0.0,0.171875
56295692530fff758ebf02124a935e66aace3d3a9b0fb05e6722c4c59406320d,SS,A,A,17.25,15.5625,1.6875,16.625,16.0,0.625,True,10.0,14.0,1.0625
56b5b5d57e2db717fd38c32b39134d4a952db244beb8ba70c8bb0c9abcfbff87,OO,A,A,15.25,-0.11376953125,15.36376953125,15.1875,-0.5546875,15.7421875,True,2.0,1806.0,0.37841796875
56b5b5d57e2db717fd38c32b39134d4a952db244beb8ba70c8bb0c9abcfbff87,OS,B,B,-3.90625,16.25,-20.15625,-4.0,16.375,-20.375,True,12.0,2.0,0.21875
56b5b5d57e2db717fd38c32b39134d4a952db244beb8ba70c8bb0c9abcfbff87,SO,B,B,-3.53125,15.25,-18.78125,-3.796875,15.25,-19.046875,True,34.0,0.0,0.265625
56b5b5d57e2db717fd38c32b39134d4a952db244beb8ba70c8bb0c9abcfbff87,SS,B,B,0.9921875,17.5,-16.5078125,1.1328125,17.75,-16.6171875,True,72.0,4.0,0.109375
58216f6a2c4312095699a92dde2ec6bc05825a71c6fd9a3b626ee32be792f58c,OO,A,A,15.875,1.421875,14.453125,15.75,1.1796875,14.5703125,True,4.0,62.0,0.1171875
58216f6a2c4312095699a92dde2ec6bc05825a71c6fd9a3b626ee32be792f58c,OS,B,B,-4.34375,14.875,-19.21875,-4.15625,15.1875,-19.34375,True,12.0,10.0,0.125
58216f6a2c4312095699a92dde2ec6bc05825a71c6fd9a3b626ee32be792f58c,SO,B,B,3.453125,14.875,-11.421875,3.734375,15.125,-11.390625,True,36.0,8.0,0.03125
58216f6a2c4312095699a92dde2ec6bc05825a71c6fd9a3b626ee32be792f58c,SS,A,A,16.75,6.75,10.0,16.875,6.96875,9.90625,True,2.0,14.0,0.09375
5853dac42c8100da6718a861125bb63c48ba2105a68839a98f110fcb506f21e8,OO,A,A,14.5625,-1.375,15.9375,14.5,-1.6484375,16.1484375,True,2.0,70.0,0.2109375
5853dac42c8100da6718a861125bb63c48ba2105a68839a98f110fcb506f21e8,OS,B,B,-5.40625,14.625,-20.03125,-5.5,14.625,-20.125,True,6.0,0.0,0.09375
5853dac42c8100da6718a861125bb63c48ba2105a68839a98f110fcb506f21e8,SO,B,B,-3.734375,15.375,-19.109375,-3.703125,15.3125,-19.015625,True,4.0,2.0,0.09375
5853dac42c8100da6718a861125bb63c48ba2105a68839a98f110fcb506f21e8,SS,A,A,15.25,12.4375,2.8125,15.0,12.625,2.375,True,8.0,6.0,0.4375
59b21d2adbc8aeb7d1272b57f94d07d961cf8112476bac3dc3965706527a80b5,OO,A,A,13.375,-3.0,16.375,13.125,-3.3125,16.4375,True,8.0,40.0,0.0625
59b21d2adbc8aeb7d1272b57f94d07d961cf8112476bac3dc3965706527a80b5,OS,B,B,-6.875,15.1875,-22.0625,-6.90625,15.0,-21.90625,True,2.0,6.0,0.15625
59b21d2adbc8aeb7d1272b57f94d07d961cf8112476bac3dc3965706527a80b5,SO,B,B,2.890625,16.0,-13.109375,2.6875,15.875,-13.1875,True,26.0,2.0,0.078125
59b21d2adbc8aeb7d1272b57f94d07d961cf8112476bac3dc3965706527a80b5,SS,B,B,6.875,17.625,-10.75,6.34375,17.375,-11.03125,True,34.0,4.0,0.28125
5aebcd3347946c824254e282941f2290d2f5558c9ff4d18b116fe12bc6432466,OO,A,A,14.5,-2.515625,17.015625,14.25,-2.453125,16.703125,True,8.0,8.0,0.3125
5aebcd3347946c824254e282941f2290d2f5558c9ff4d18b116fe12bc6432466,OS,B,B,-7.84375,15.625,-23.46875,-7.90625,15.375,-23.28125,True,4.0,8.0,0.1875
5aebcd3347946c824254e282941f2290d2f5558c9ff4d18b116fe12bc6432466,SO,A,A,14.9375,11.0625,3.875,14.9375,10.0625,4.875,True,0.0,32.0,1.0
5aebcd3347946c824254e282941f2290d2f5558c9ff4d18b116fe12bc6432466,SS,B,B,-1.125,15.9375,-17.0625,-0.373046875,16.125,-16.498046875,True,192.5,6.0,0.564453125
5af325bc6e29771297a7d9b3b33082db45f759378a47f70408b80e536f8173a8,OO,A,A,14.6875,-2.203125,16.890625,14.875,-2.25,17.125,True,6.0,6.0,0.234375
5af325bc6e29771297a7d9b3b33082db45f759378a47f70408b80e536f8173a8,OS,B,B,-5.625,15.1875,-20.8125,-5.6875,15.125,-20.8125,True,4.0,2.0,0.0
5af325bc6e29771297a7d9b3b33082db45f759378a47f70408b80e536f8173a8,SO,B,B,-3.203125,15.125,-18.328125,-3.359375,14.9375,-18.296875,True,20.0,6.0,0.03125
5af325bc6e29771297a7d9b3b33082db45f759378a47f70408b80e536f8173a8,SS,B,B,-0.30859375,17.125,-17.43359375,-0.6015625,17.25,-17.8515625,True,300.0,2.0,0.41796875
5c17097227a0fb55737cf52c70ec318d3ba1110d71a8c71b697802393b2c64df,OO,A,A,15.1875,-0.75,15.9375,15.5,-0.58203125,16.08203125,True,10.0,86.0,0.14453125
5c17097227a0fb55737cf52c70ec318d3ba1110d71a8c71b697802393b2c64df,OS,B,B,-5.75,14.75,-20.5,-5.59375,15.0625,-20.65625,True,10.0,10.0,0.15625
5c17097227a0fb55737cf52c70ec318d3ba1110d71a8c71b697802393b2c64df,SO,B,B,-4.28125,14.25,-18.53125,-4.0,14.375,-18.375,True,18.0,4.0,0.15625
5c17097227a0fb55737cf52c70ec318d3ba1110d71a8c71b697802393b2c64df,SS,A,A,15.625,1.125,14.5,15.6875,1.0859375,14.6015625,True,2.0,10.0,0.1015625
5da4110576e81a798a7c9eb3d4e2c0637adfdb17a24836f5997ee49a554c1edd,OO,A,A,14.75,-2.890625,17.640625,14.8125,-2.984375,17.796875,True,2.0,12.0,0.15625
5da4110576e81a798a7c9eb3d4e2c0637adfdb17a24836f5997ee49a554c1edd,OS,B,B,-6.3125,13.625,-19.9375,-6.4375,13.375,-19.8125,True,8.0,8.0,0.125
5da4110576e81a798a7c9eb3d4e2c0637adfdb17a24836f5997ee49a554c1edd,SO,A,A,15.0,9.0,6.0,15.125,9.125,6.0,True,4.0,4.0,0.0
5da4110576e81a798a7c9eb3d4e2c0637adfdb17a24836f5997ee49a554c1edd,SS,A,A,13.625,-2.015625,15.640625,13.6875,-2.09375,15.78125,True,2.0,10.0,0.140625
5ffe4a411d668a603219b8508d8727ca5e0d1c9c7ec961398c4324e421f50265,OO,A,A,15.0,-1.78125,16.78125,15.0625,-1.9296875,16.9921875,True,2.0,38.0,0.2109375
5ffe4a411d668a603219b8508d8727ca5e0d1c9c7ec961398c4324e421f50265,OS,B,B,-6.28125,15.625,-21.90625,-6.375,15.6875,-22.0625,True,6.0,2.0,0.15625
5ffe4a411d668a603219b8508d8727ca5e0d1c9c7ec961398c4324e421f50265,SO,B,B,7.5,17.0,-9.5,8.125,16.625,-8.5,True,40.0,6.0,1.0
5ffe4a411d668a603219b8508d8727ca5e0d1c9c7ec961398c4324e421f50265,SS,B,B,-0.22265625,17.875,-18.09765625,-0.494140625,17.875,-18.369140625,True,556.0,0.0,0.271484375
615e53d88676086fc33a4ec1643b3b9372f1df9941c8919af9533b858c168cb5,OO,A,A,16.75,7.46875,9.28125,17.375,8.4375,8.9375,True,10.0,62.0,0.34375
615e53d88676086fc33a4ec1643b3b9372f1df9941c8919af9533b858c168cb5,OS,B,B,-6.34375,14.875,-21.21875,-6.15625,14.9375,-21.09375,True,12.0,2.0,0.125
615e53d88676086fc33a4ec1643b3b9372f1df9941c8919af9533b858c168cb5,SO,B,B,-4.84375,14.375,-19.21875,-5.09375,14.125,-19.21875,True,16.0,8.0,0.0
615e53d88676086fc33a4ec1643b3b9372f1df9941c8919af9533b858c168cb5,SS,B,B,-3.03125,15.8125,-18.84375,-3.140625,15.9375,-19.078125,True,14.0,4.0,0.234375
61f61c49fa8e53da2fd368165bddd59e5ef621a2b37a36c79954c8346723602e,OO,A,A,17.625,5.15625,12.46875,17.5,5.0625,12.4375,True,2.0,6.0,0.03125
61f61c49fa8e53da2fd368165bddd59e5ef621a2b37a36c79954c8346723602e,OS,B,B,-6.75,14.5625,-21.3125,-6.9375,14.25,-21.1875,True,12.0,10.0,0.125
61f61c49fa8e53da2fd368165bddd59e5ef621a2b37a36c79954c8346723602e,SO,B,B,-5.84375,15.25,-21.09375,-5.78125,15.375,-21.15625,True,4.0,4.0,0.0625
61f61c49fa8e53da2fd368165bddd59e5ef621a2b37a36c79954c8346723602e,SS,B,B,4.5,17.25,-12.75,4.40625,17.25,-12.84375,True,6.0,0.0,0.09375
6215cf61f682532748483804f0bec679f57e2deeb2019bd3c4e390f10a27f94f,OO,A,A,16.25,-2.671875,18.921875,16.0,-2.625,18.625,True,4.0,6.0,0.296875
6215cf61f682532748483804f0bec679f57e2deeb2019bd3c4e390f10a27f94f,OS,B,B,-6.34375,14.375,-20.71875,-6.5,14.0,-20.5,True,10.0,12.0,0.21875
6215cf61f682532748483804f0bec679f57e2deeb2019bd3c4e390f10a27f94f,SO,B,B,5.78125,16.375,-10.59375,6.0,16.5,-10.5,True,14.0,2.0,0.09375
6215cf61f682532748483804f0bec679f57e2deeb2019bd3c4e390f10a27f94f,SS,B,B,0.96875,17.0,-16.03125,0.91015625,16.625,-15.71484375,True,30.0,6.0,0.31640625
6255ffb540c8565db9b69a1e2e888c6be68f9efe8cfe9d8374f3e350a40ab457,OO,A,A,16.375,-0.1416015625,16.5166015625,16.625,0.0517578125,16.5732421875,True,4.0,396.0,0.056640625
6255ffb540c8565db9b69a1e2e888c6be68f9efe8cfe9d8374f3e350a40ab457,OS,B,B,-6.8125,15.4375,-22.25,-6.96875,15.375,-22.34375,True,10.0,2.0,0.09375
6255ffb540c8565db9b69a1e2e888c6be68f9efe8cfe9d8374f3e350a40ab457,SO,B,B,-4.0625,14.125,-18.1875,-4.03125,14.1875,-18.21875,True,2.0,2.0,0.03125
6255ffb540c8565db9b69a1e2e888c6be68f9efe8cfe9d8374f3e350a40ab457,SS,A,A,13.75,3.09375,10.65625,14.0625,3.359375,10.703125,True,10.0,34.0,0.046875
6b2143e219142ba475d18f254b29ea753624c43f12e7092097d953e83ba3000a,OO,A,A,14.875,0.921875,13.953125,15.0625,0.8671875,14.1953125,True,6.0,28.0,0.2421875
6b2143e219142ba475d18f254b29ea753624c43f12e7092097d953e83ba3000a,OS,B,B,-3.65625,16.25,-19.90625,-3.59375,16.375,-19.96875,True,8.0,2.0,0.0625
6b2143e219142ba475d18f254b29ea753624c43f12e7092097d953e83ba3000a,SO,B,B,3.953125,16.25,-12.296875,3.6875,16.125,-12.4375,True,34.0,2.0,0.140625
6b2143e219142ba475d18f254b29ea753624c43f12e7092097d953e83ba3000a,SS,A,A,16.5,12.6875,3.8125,16.75,13.4375,3.3125,True,4.0,24.0,0.5
6b6dae961d88a80107784712b74ddf87ea5065d3083b52d379ae2ec75cebb215,OO,A,A,18.25,5.78125,12.46875,18.125,6.09375,12.03125,True,2.0,20.0,0.4375
6b6dae961d88a80107784712b74ddf87ea5065d3083b52d379ae2ec75cebb215,OS,B,B,-4.875,17.375,-22.25,-4.75,17.375,-22.125,True,8.0,0.0,0.125
6b6dae961d88a80107784712b74ddf87ea5065d3083b52d379ae2ec75cebb215,SO,B,B,-1.5234375,16.375,-17.8984375,-1.5234375,16.25,-17.7734375,True,0.0,2.0,0.125
6b6dae961d88a80107784712b74ddf87ea5065d3083b52d379ae2ec75cebb215,SS,B,B,1.53125,17.0,-15.46875,1.5390625,17.125,-15.5859375,True,2.0,2.0,0.1171875
6bc77d7264217b8bfb37ed46f9fc8f6f03293dbe9224c882328d052099453476,OO,A,A,14.375,-1.6015625,15.9765625,14.4375,-1.71875,16.15625,True,2.0,30.0,0.1796875
6bc77d7264217b8bfb37ed46f9fc8f6f03293dbe9224c882328d052099453476,OS,B,B,-7.0,15.6875,-22.6875,-6.875,15.8125,-22.6875,True,8.0,4.0,0.0
6bc77d7264217b8bfb37ed46f9fc8f6f03293dbe9224c882328d052099453476,SO,B,B,-3.5625,14.6875,-18.25,-3.8125,14.625,-18.4375,True,32.0,2.0,0.1875
6bc77d7264217b8bfb37ed46f9fc8f6f03293dbe9224c882328d052099453476,SS,B,B,-0.7421875,17.125,-17.8671875,-0.15234375,17.25,-17.40234375,True,302.0,2.0,0.46484375
6bc87279df1f0b1ff747915a2abedad7fcd660bf27fceefe7b6b4be661911960,OO,A,A,17.0,3.609375,13.390625,16.625,3.25,13.375,True,6.0,46.0,0.015625
6bc87279df1f0b1ff747915a2abedad7fcd660bf27fceefe7b6b4be661911960,OS,B,B,-2.9375,15.75,-18.6875,-2.5625,15.8125,-18.375,True,48.0,2.0,0.3125
6bc87279df1f0b1ff747915a2abedad7fcd660bf27fceefe7b6b4be661911960,SO,B,B,-6.96875,13.0,-19.96875,-7.03125,12.8125,-19.84375,True,4.0,6.0,0.125
6bc87279df1f0b1ff747915a2abedad7fcd660bf27fceefe7b6b4be661911960,SS,B,B,2.03125,17.375,-15.34375,1.65625,17.125,-15.46875,True,48.0,4.0,0.125
6bebdee54546eedaf50b51ca9d6ae84301d1fc8651a5422c8f161163c5b906dc,OO,A,A,14.875,-3.609375,18.484375,14.625,-3.953125,18.578125,True,8.0,44.0,0.09375
6bebdee54546eedaf50b51ca9d6ae84301d1fc8651a5422c8f161163c5b906dc,OS,B,B,-5.0625,14.0625,-19.125,-5.21875,13.875,-19.09375,True,10.0,6.0,0.03125
6bebdee54546eedaf50b51ca9d6ae84301d1fc8651a5422c8f161163c5b906dc,SO,B,B,-7.125,14.875,-22.0,-7.1875,14.625,-21.8125,True,4.0,8.0,0.1875
6bebdee54546eedaf50b51ca9d6ae84301d1fc8651a5422c8f161163c5b906dc,SS,A,A,17.75,13.6875,4.0625,17.75,14.0625,3.6875,True,0.0,12.0,0.375
6cdd3522d9eaedecac19afc40a9005f527a589edcb5b98bbe453230b5d0ca2bd,OO,A,A,14.8125,-0.9609375,15.7734375,15.0,-0.86328125,15.86328125,True,6.0,50.0,0.08984375
6cdd3522d9eaedecac19afc40a9005f527a589edcb5b98bbe453230b5d0ca2bd,OS,B,B,-5.96875,14.875,-20.84375,-6.4375,14.4375,-20.875,True,30.0,14.0,0.03125
6cdd3522d9eaedecac19afc40a9005f527a589edcb5b98bbe453230b5d0ca2bd,SO,B,B,-5.0625,13.3125,-18.375,-4.96875,13.3125,-18.28125,True,6.0,0.0,0.09375
6cdd3522d9eaedecac19afc40a9005f527a589edcb5b98bbe453230b5d0ca2bd,SS,A,A,12.875,-1.921875,14.796875,12.5,-2.296875,14.796875,True,12.0,96.0,0.0
6ce15494c22ddb7450de80c33b37e57d1f5c7c2c4f3608b8e11053de0e9d44f3,OO,A,A,13.6875,-3.75,17.4375,14.0,-3.6875,17.6875,True,10.0,8.0,0.25
6ce15494c22ddb7450de80c33b37e57d1f5c7c2c4f3608b8e11053de0e9d44f3,OS,B,B,-7.8125,15.6875,-23.5,-7.875,15.625,-23.5,True,4.0,2.0,0.0
6ce15494c22ddb7450de80c33b37e57d1f5c7c2c4f3608b8e11053de0e9d44f3,SO,B,B,3.25,16.625,-13.375,3.21875,16.75,-13.53125,True,4.0,2.0,0.15625
6ce15494c22ddb7450de80c33b37e57d1f5c7c2c4f3608b8e11053de0e9d44f3,SS,B,B,-2.265625,16.375,-18.640625,-2.0,16.625,-18.625,True,34.0,4.0,0.015625
6dd3c98e72585bcf228341dc2750f03d27c670e98803ecd3ede73796a9feeaf1,OO,A,A,15.625,-1.7890625,17.4140625,15.6875,-1.5859375,17.2734375,True,2.0,52.0,0.140625
6dd3c98e72585bcf228341dc2750f03d27c670e98803ecd3ede73796a9feeaf1,OS,B,B,-2.171875,17.375,-19.546875,-2.578125,17.375,-19.953125,True,52.0,0.0,0.40625
6dd3c98e72585bcf228341dc2750f03d27c670e98803ecd3ede73796a9feeaf1,SO,B,B,1.4453125,17.125,-15.6796875,1.234375,17.0,-15.765625,True,54.0,2.0,0.0859375
6dd3c98e72585bcf228341dc2750f03d27c670e98803ecd3ede73796a9feeaf1,SS,B,B,0.470703125,18.0,-17.529296875,0.6328125,18.375,-17.7421875,True,166.0,6.0,0.212890625
6ddeecbc02f2ffe9006070f939bce5fa8999d16a0e6c024b39163206e364e10f,OO,A,A,16.625,-0.5234375,17.1484375,16.75,-0.44140625,17.19140625,True,2.0,42.0,0.04296875
6ddeecbc02f2ffe9006070f939bce5fa8999d16a0e6c024b39163206e364e10f,OS,B,B,-6.375,15.5,-21.875,-6.375,15.5625,-21.9375,True,0.0,2.0,0.0625
6ddeecbc02f2ffe9006070f939bce5fa8999d16a0e6c024b39163206e364e10f,SO,B,B,-1.90625,13.875,-15.78125,-1.609375,14.0625,-15.671875,True,76.0,6.0,0.109375
6ddeecbc02f2ffe9006070f939bce5fa8999d16a0e6c024b39163206e364e10f,SS,B,B,-1.71875,16.625,-18.34375,-1.453125,16.75,-18.203125,True,68.0,2.0,0.140625
6e10294b05a6de9d4e5483961b207eeec4a804817c437c5ffa5577336edac801,OO,A,A,14.9375,-0.361328125,15.298828125,14.75,-0.5703125,15.3203125,True,6.0,214.0,0.021484375
6e10294b05a6de9d4e5483961b207eeec4a804817c437c5ffa5577336edac801,OS,B,B,-4.5,15.0625,-19.5625,-4.375,15.1875,-19.5625,True,8.0,4.0,0.0
6e10294b05a6de9d4e5483961b207eeec4a804817c437c5ffa5577336edac801,SO,B,B,-4.125,15.375,-19.5,-4.65625,14.9375,-19.59375,True,34.0,14.0,0.09375
6e10294b05a6de9d4e5483961b207eeec4a804817c437c5ffa5577336edac801,SS,A,A,16.5,4.96875,11.53125,16.5,4.90625,11.59375,True,0.0,4.0,0.0625
6f17b25ae06b263b38dc906ddf0ee72e91d2235171291091a43585a1c55263a4,OO,A,A,16.625,4.3125,12.3125,16.5,4.28125,12.21875,True,2.0,2.0,0.09375
6f17b25ae06b263b38dc906ddf0ee72e91d2235171291091a43585a1c55263a4,OS,B,B,-5.3125,14.875,-20.1875,-5.09375,15.125,-20.21875,True,14.0,8.0,0.03125
6f17b25ae06b263b38dc906ddf0ee72e91d2235171291091a43585a1c55263a4,SO,B,B,-3.578125,14.5,-18.078125,-3.65625,14.5,-18.15625,True,10.0,0.0,0.078125
6f17b25ae06b263b38dc906ddf0ee72e91d2235171291091a43585a1c55263a4,SS,B,B,3.875,17.375,-13.5,3.875,17.25,-13.375,True,0.0,2.0,0.125
6f20891d4fbbf36a868ef4d6543496c6ca675d18fb0c79eeb2f864c4a2a65d1a,OO,A,A,14.875,-3.359375,18.234375,14.5625,-3.640625,18.203125,True,10.0,36.0,0.03125
6f20891d4fbbf36a868ef4d6543496c6ca675d18fb0c79eeb2f864c4a2a65d1a,OS,B,B,-7.8125,15.6875,-23.5,-7.59375,16.125,-23.71875,True,14.0,14.0,0.21875
6f20891d4fbbf36a868ef4d6543496c6ca675d18fb0c79eeb2f864c4a2a65d1a,SO,B,B,-3.671875,15.25,-18.921875,-3.28125,15.4375,-18.71875,True,50.0,6.0,0.203125
6f20891d4fbbf36a868ef4d6543496c6ca675d18fb0c79eeb2f864c4a2a65d1a,SS,B,B,-3.03125,16.75,-19.78125,-2.859375,16.875,-19.734375,True,22.0,2.0,0.046875
6fe3e27510c2d45cf3bc5f48a43f3f9b0f5bcfd61b08a8167b199bd40fc56c11,OO,A,A,16.5,-1.6640625,18.1640625,16.625,-1.7578125,18.3828125,True,2.0,24.0,0.21875
6fe3e27510c2d45cf3bc5f48a43f3f9b0f5bcfd61b08a8167b199bd40fc56c11,OS,B,B,-4.40625,15.0,-19.40625,-4.46875,14.9375,-19.40625,True,4.0,2.0,0.0
6fe3e27510c2d45cf3bc5f48a43f3f9b0f5bcfd61b08a8167b199bd40fc56c11,SO,B,B,7.59375,16.0,-8.40625,7.78125,15.875,-8.09375,True,12.0,2.0,0.3125
6fe3e27510c2d45cf3bc5f48a43f3f9b0f5bcfd61b08a8167b199bd40fc56c11,SS,B,B,-0.86328125,15.5625,-16.42578125,-0.6796875,15.625,-16.3046875,True,94.0,2.0,0.12109375
6ffbd9b9795989778a37dfc5868aeb0b9078a0370e24e5ca96e692ad3a9dbb0a,OO,A,A,17.625,6.6875,10.9375,17.875,7.1875,10.6875,True,4.0,32.0,0.25
6ffbd9b9795989778a37dfc5868aeb0b9078a0370e24e5ca96e692ad3a9dbb0a,OS,B,B,-5.28125,16.0,-21.28125,-5.25,16.0,-21.25,True,2.0,0.0,0.03125
6ffbd9b9795989778a37dfc5868aeb0b9078a0370e24e5ca96e692ad3a9dbb0a,SO,B,B,-1.90625,15.5625,-17.46875,-1.6328125,15.9375,-17.5703125,True,70.0,12.0,0.1015625
6ffbd9b9795989778a37dfc5868aeb0b9078a0370e24e5ca96e692ad3a9dbb0a,SS,B,B,0.953125,17.875,-16.921875,1.0234375,17.875,-16.8515625,True,36.0,0.0,0.0703125
71f1274bf08beee7a3769accd9e3c8a51314d5289247f9e114fb8bafa53bb1ac,OO,A,A,14.75,-3.03125,17.78125,14.6875,-2.9375,17.625,True,2.0,12.0,0.15625
71f1274bf08beee7a3769accd9e3c8a51314d5289247f9e114fb8bafa53bb1ac,OS,B,B,-7.0625,13.25,-20.3125,-7.0625,13.25,-20.3125,True,0.0,0.0,0.0
71f1274bf08beee7a3769accd9e3c8a51314d5289247f9e114fb8bafa53bb1ac,SO,B,B,-4.125,13.125,-17.25,-4.0625,12.9375,-17.0,True,4.0,6.0,0.25
71f1274bf08beee7a3769accd9e3c8a51314d5289247f9e114fb8bafa53bb1ac,SS,A,A,13.5,-1.1640625,14.6640625,13.5625,-1.2734375,14.8359375,True,2.0,28.0,0.171875
76da1b679586705525ee875bdc8b0d1767d6ed57efa3f21fdafab78c35f4a084,OO,A,A,15.0,-2.234375,17.234375,14.8125,-2.359375,17.171875,True,6.0,16.0,0.0625
76da1b679586705525ee875bdc8b0d1767d6ed57efa3f21fdafab78c35f4a084,OS,B,B,-6.5625,15.25,-21.8125,-6.65625,15.25,-21.90625,True,6.0,0.0,0.09375
76da1b679586705525ee875bdc8b0d1767d6ed57efa3f21fdafab78c35f4a084,SO,B,B,-2.171875,15.75,-17.921875,-1.9296875,16.0,-17.9296875,True,31.0,8.0,0.0078125
76da1b679586705525ee875bdc8b0d1767d6ed57efa3f21fdafab78c35f4a084,SS,B,B,2.078125,16.875,-14.796875,2.375,17.125,-14.75,True,38.0,4.0,0.046875
788876e1b5c09ad34b156c2244f70441c80075d509e1527ec22555a72eeb7db6,OO,A,A,14.5625,-2.0,16.5625,14.6875,-2.21875,16.90625,True,4.0,28.0,0.34375
788876e1b5c09ad34b156c2244f70441c80075d509e1527ec22555a72eeb7db6,OS,B,B,-6.75,14.3125,-21.0625,-6.625,14.25,-20.875,True,8.0,2.0,0.1875
788876e1b5c09ad34b156c2244f70441c80075d509e1527ec22555a72eeb7db6,SO,B,B,5.3125,17.25,-11.9375,4.84375,17.125,-12.28125,True,30.0,2.0,0.34375
788876e1b5c09ad34b156c2244f70441c80075d509e1527ec22555a72eeb7db6,SS,A,A,16.25,6.9375,9.3125,16.625,7.96875,8.65625,True,6.0,66.0,0.65625
788927faccfd32ff6d16678442de476ecad200eae740119b74261dc3094829fb,OO,A,A,14.125,-3.1875,17.3125,14.1875,-3.328125,17.515625,True,2.0,18.0,0.203125
788927faccfd32ff6d16678442de476ecad200eae740119b74261dc3094829fb,OS,B,B,-7.125,12.75,-19.875,-6.875,12.8125,-19.6875,True,16.0,2.0,0.1875
788927faccfd32ff6d16678442de476ecad200eae740119b74261dc3094829fb,SO,B,B,2.40625,16.625,-14.21875,2.71875,16.75,-14.03125,True,40.0,2.0,0.1875
788927faccfd32ff6d16678442de476ecad200eae740119b74261dc3094829fb,SS,B,B,11.75,16.75,-5.0,11.75,16.625,-4.875,True,0.0,2.0,0.125
788c34ef73e5ccaf4376fc748a0275e60532beed1cab5c8e3bcc7dd363c8537c,OO,A,A,14.6875,-0.953125,15.640625,14.875,-0.90234375,15.77734375,True,6.0,26.0,0.13671875
788c34ef73e5ccaf4376fc748a0275e60532beed1cab5c8e3bcc7dd363c8537c,OS,B,B,-7.21875,15.0625,-22.28125,-6.59375,15.5,-22.09375,True,40.0,14.0,0.1875
788c34ef73e5ccaf4376fc748a0275e60532beed1cab5c8e3bcc7dd363c8537c,SO,B,B,8.4375,15.8125,-7.375,8.75,15.8125,-7.0625,True,10.0,0.0,0.3125
788c34ef73e5ccaf4376fc748a0275e60532beed1cab5c8e3bcc7dd363c8537c,SS,B,B,0.859375,17.75,-16.890625,1.015625,17.75,-16.734375,True,80.0,0.0,0.15625
7ac34260dc94d314d3558af30a19c45350584a3259272e494b7b690422dd661f,OO,A,A,14.9375,-2.53125,17.46875,14.875,-2.71875,17.59375,True,2.0,24.0,0.125
7ac34260dc94d314d3558af30a19c45350584a3259272e494b7b690422dd661f,OS,B,B,-6.65625,14.625,-21.28125,-6.75,14.5625,-21.3125,True,6.0,2.0,0.03125
7ac34260dc94d314d3558af30a19c45350584a3259272e494b7b690422dd661f,SO,B,B,-5.1875,14.0,-19.1875,-5.28125,13.9375,-19.21875,True,6.0,2.0,0.03125
7ac34260dc94d314d3558af30a19c45350584a3259272e494b7b690422dd661f,SS,B,B,9.875,18.25,-8.375,9.8125,18.125,-8.3125,True,2.0,2.0,0.0625
7ca502c87aaf48633f254cf4f029007113e462645d89eb77dc5336148736535b,OO,A,A,16.875,1.90625,14.96875,16.625,2.265625,14.359375,True,4.0,92.0,0.609375
7ca502c87aaf48633f254cf4f029007113e462645d89eb77dc5336148736535b,OS,B,B,-5.0625,15.9375,-21.0,-5.03125,16.0,-21.03125,True,2.0,2.0,0.03125
7ca502c87aaf48633f254cf4f029007113e462645d89eb77dc5336148736535b,SO,B,B,1.3828125,15.8125,-14.4296875,1.9375,16.125,-14.1875,True,142.0,10.0,0.2421875
7ca502c87aaf48633f254cf4f029007113e462645d89eb77dc5336148736535b,SS,B,B,-1.609375,16.5,-18.109375,-1.5859375,16.75,-18.3359375,True,6.0,4.0,0.2265625
7d17895daf33aa644e6b588c7e429b6bfd5bc962e94b358e347c3f915384da54,OO,A,A,14.625,-2.0,16.625,14.5,-1.828125,16.328125,True,4.0,22.0,0.296875
7d17895daf33aa644e6b588c7e429b6bfd5bc962e94b358e347c3f915384da54,OS,B,B,-6.375,15.4375,-21.8125,-6.84375,15.125,-21.96875,True,30.0,10.0,0.15625
7d17895daf33aa644e6b588c7e429b6bfd5bc962e94b358e347c3f915384da54,SO,B,B,-0.8203125,15.0625,-15.8828125,-0.97265625,15.25,-16.22265625,True,78.0,6.0,0.33984375
7d17895daf33aa644e6b588c7e429b6bfd5bc962e94b358e347c3f915384da54,SS,B,B,7.53125,18.625,-11.09375,7.21875,18.75,-11.53125,True,20.0,2.0,0.4375
7e32fa7cf5ca42d16222f5523f4bea95acd53df81ba18e3de93b4e23833406dd,OO,A,A,15.3125,-2.578125,17.890625,15.4375,-2.25,17.6875,True,4.0,42.0,0.203125
7e32fa7cf5ca42d16222f5523f4bea95acd53df81ba18e3de93b4e23833406dd,OS,B,B,-3.6875,15.375,-19.0625,-3.34375,15.5625,-18.90625,True,44.0,6.0,0.15625
7e32fa7cf5ca42d16222f5523f4bea95acd53df81ba18e3de93b4e23833406dd,SO,B,B,-3.328125,14.75,-18.078125,-3.34375,14.9375,-18.28125,True,2.0,6.0,0.203125
7e32fa7cf5ca42d16222f5523f4bea95acd53df81ba18e3de93b4e23833406dd,SS,B,B,1.5390625,17.375,-15.8359375,1.2421875,17.375,-16.1328125,True,76.0,0.0,0.296875
801ea8780af5ab0b2c3cc77a3f4ac2b6c0bcddac3942f28db77284b3fab8c8b0,OO,A,A,14.625,-1.28125,15.90625,14.6875,-1.515625,16.203125,True,2.0,60.0,0.296875
801ea8780af5ab0b2c3cc77a3f4ac2b6c0bcddac3942f28db77284b3fab8c8b0,OS,B,B,-7.4375,15.1875,-22.625,-7.4375,15.1875,-22.625,True,0.0,0.0,0.0
801ea8780af5ab0b2c3cc77a3f4ac2b6c0bcddac3942f28db77284b3fab8c8b0,SO,A,A,13.6875,11.6875,2.0,13.5625,11.5625,2.0,True,4.0,4.0,0.0
801ea8780af5ab0b2c3cc77a3f4ac2b6c0bcddac3942f28db77284b3fab8c8b0,SS,B,B,-2.640625,14.875,-17.515625,-2.65625,14.875,-17.53125,True,2.0,0.0,0.015625
84ab9cc3d020ac95fe7fca05196e2a35dc0cf1eecf0da504facb46e1881eeb39,OO,A,A,19.625,11.9375,7.6875,19.875,11.25,8.625,True,4.0,22.0,0.9375
84ab9cc3d020ac95fe7fca05196e2a35dc0cf1eecf0da504facb46e1881eeb39,OS,B,B,-3.0625,17.125,-20.1875,-3.015625,17.375,-20.390625,True,6.0,4.0,0.203125
84ab9cc3d020ac95fe7fca05196e2a35dc0cf1eecf0da504facb46e1881eeb39,SO,B,B,-1.3359375,16.125,-17.4609375,-1.296875,16.125,-17.421875,True,10.0,0.0,0.0390625
84ab9cc3d020ac95fe7fca05196e2a35dc0cf1eecf0da504facb46e1881eeb39,SS,B,B,3.78125,18.875,-15.09375,4.46875,19.125,-14.65625,True,88.0,4.0,0.4375
84b4aabec1529e21986e9e63913501fc41337699a474a00cf5b119c9a021868e,OO,A,A,15.5,-3.265625,18.765625,15.5625,-3.015625,18.578125,True,2.0,32.0,0.1875
84b4aabec1529e21986e9e63913501fc41337699a474a00cf5b119c9a021868e,OS,B,B,-5.59375,14.5625,-20.15625,-5.5,14.6875,-20.1875,True,6.0,4.0,0.03125
84b4aabec1529e21986e9e63913501fc41337699a474a00cf5b119c9a021868e,SO,A,A,12.9375,11.875,1.0625,13.375,10.875,2.5,True,14.0,32.0,1.4375
84b4aabec1529e21986e9e63913501fc41337699a474a00cf5b119c9a021868e,SS,B,B,-1.734375,15.4375,-17.171875,-1.65625,15.5625,-17.21875,True,20.0,4.0,0.046875
86297af299924f76b8956048c63fa84a663c50aca292898344ed31a1cb48fd71,OO,A,A,14.875,-1.9921875,16.8671875,14.75,-2.0,16.75,True,4.0,2.0,0.1171875
86297af299924f76b8956048c63fa84a663c50aca292898344ed31a1cb48fd71,OS,B,B,-5.5625,15.625,-21.1875,-5.40625,15.8125,-21.21875,True,10.0,6.0,0.03125
86297af299924f76b8956048c63fa84a663c50aca292898344ed31a1cb48fd71,SO,B,B,-2.015625,14.25,-16.265625,-1.796875,14.375,-16.171875,True,28.0,4.0,0.09375
86297af299924f76b8956048c63fa84a663c50aca292898344ed31a1cb48fd71,SS,B,B,1.34375,17.75,-16.40625,1.7109375,17.625,-15.9140625,True,94.0,2.0,0.4921875
86919f6991beb95325ed45558f32834d3d57e83085e8390b259364160ef24e81,OO,A,A,14.25,-1.4296875,15.6796875,14.5,-1.0546875,15.5546875,True,8.0,96.0,0.125
86919f6991beb95325ed45558f32834d3d57e83085e8390b259364160ef24e81,OS,B,B,-5.1875,15.1875,-20.375,-5.1875,15.1875,-20.375,True,0.0,0.0,0.0
86919f6991beb95325ed45558f32834d3d57e83085e8390b259364160ef24e81,SO,B,B,-3.765625,13.6875,-17.453125,-3.6875,13.625,-17.3125,True,10.0,2.0,0.140625
86919f6991beb95325ed45558f32834d3d57e83085e8390b259364160ef24e81,SS,B,B,-1.28125,16.625,-17.90625,-1.359375,16.5,-17.859375,True,20.0,2.0,0.046875
87f8c0fd0b06dd3ec294b9dd1326d4154e4e63e85e0d9c6abca67da45ad29605,OO,A,A,15.9375,-1.625,17.5625,15.75,-1.734375,17.484375,True,6.0,28.0,0.078125
87f8c0fd0b06dd3ec294b9dd1326d4154e4e63e85e0d9c6abca67da45ad29605,OS,B,B,-4.0,15.6875,-19.6875,-4.21875,16.0,-20.21875,True,14.0,10.0,0.53125
87f8c0fd0b06dd3ec294b9dd1326d4154e4e63e85e0d9c6abca67da45ad29605,SO,B,B,-1.25,15.3125,-16.5625,-1.078125,15.4375,-16.515625,True,44.0,4.0,0.046875
87f8c0fd0b06dd3ec294b9dd1326d4154e4e63e85e0d9c6abca67da45ad29605,SS,B,B,2.375,18.5,-16.125,2.5,18.625,-16.125,True,16.0,2.0,0.0
895b905fe243a9dd7b626e5d8e0985821bbf640290f5d6837b2433b3780ec4a6,OO,A,A,15.5,-0.205078125,15.705078125,15.5625,-0.28515625,15.84765625,True,2.0,164.0,0.142578125
895b905fe243a9dd7b626e5d8e0985821bbf640290f5d6837b2433b3780ec4a6,OS,B,B,-3.921875,14.25,-18.171875,-4.09375,14.0,-18.09375,True,22.0,8.0,0.078125
895b905fe243a9dd7b626e5d8e0985821bbf640290f5d6837b2433b3780ec4a6,SO,A,A,15.125,14.9375,0.1875,15.4375,14.5,0.9375,True,10.0,14.0,0.75
895b905fe243a9dd7b626e5d8e0985821bbf640290f5d6837b2433b3780ec4a6,SS,A,A,16.0,2.078125,13.921875,16.5,2.34375,14.15625,True,8.0,34.0,0.234375
89e01c538ebbb197fda81d378cfb9526161fa6370e6b72b1af232bc48d51f4a2,OO,A,A,15.125,-1.78125,16.90625,15.0625,-1.8828125,16.9453125,True,2.0,26.0,0.0390625
89e01c538ebbb197fda81d378cfb9526161fa6370e6b72b1af232bc48d51f4a2,OS,B,B,-6.71875,16.0,-22.71875,-6.65625,16.125,-22.78125,True,4.0,2.0,0.0625
89e01c538ebbb197fda81d378cfb9526161fa6370e6b72b1af232bc48d51f4a2,SO,B,B,9.5625,13.75,-4.1875,9.8125,13.8125,-4.0,True,8.0,2.0,0.1875
89e01c538ebbb197fda81d378cfb9526161fa6370e6b72b1af232bc48d51f4a2,SS,B,B,2.71875,17.5,-14.78125,2.90625,17.375,-14.46875,True,24.0,2.0,0.3125
8a997b3cc2c043287907667bd7d69ee45a4c50724967de92fba36f9e4a8076d4,OO,A,A,14.5625,-3.421875,17.984375,14.5625,-3.234375,17.796875,True,0.0,24.0,0.1875
8a997b3cc2c043287907667bd7d69ee45a4c50724967de92fba36f9e4a8076d4,OS,B,B,-4.75,15.5625,-20.3125,-4.9375,15.5,-20.4375,True,12.0,2.0,0.125
8a997b3cc2c043287907667bd7d69ee45a4c50724967de92fba36f9e4a8076d4,SO,B,B,7.15625,16.75,-9.59375,6.78125,16.625,-9.84375,True,24.0,2.0,0.25
8a997b3cc2c043287907667bd7d69ee45a4c50724967de92fba36f9e4a8076d4,SS,B,B,4.75,17.25,-12.5,5.09375,17.375,-12.28125,True,22.0,2.0,0.21875
8c4e292978fa72f89377d47c958fcb532d76bf1fc00a70f9d4e1966f067c29d5,OO,A,A,14.1875,-1.390625,15.578125,14.25,-1.40625,15.65625,True,2.0,4.0,0.078125
8c4e292978fa72f89377d47c958fcb532d76bf1fc00a70f9d4e1966f067c29d5,OS,B,B,-6.25,14.6875,-20.9375,-6.4375,14.6875,-21.125,True,12.0,0.0,0.1875
8c4e292978fa72f89377d47c958fcb532d76bf1fc00a70f9d4e1966f067c29d5,SO,B,B,-3.234375,13.9375,-17.171875,-3.34375,14.0,-17.34375,True,14.0,2.0,0.171875
8c4e292978fa72f89377d47c958fcb532d76bf1fc00a70f9d4e1966f067c29d5,SS,B,B,5.0625,16.875,-11.8125,5.375,16.875,-11.5,True,20.0,0.0,0.3125
8e63f950b177c6f1acee25e35005d2a081fbdc51abe07d934642ad1e7b23256b,OO,A,A,13.25,-3.3125,16.5625,13.125,-3.421875,16.546875,True,4.0,14.0,0.015625
8e63f950b177c6f1acee25e35005d2a081fbdc51abe07d934642ad1e7b23256b,OS,B,B,-5.59375,16.25,-21.84375,-5.46875,16.125,-21.59375,True,8.0,2.0,0.25
8e63f950b177c6f1acee25e35005d2a081fbdc51abe07d934642ad1e7b23256b,SO,B,B,-0.060791015625,15.4375,-15.498291015625,-0.384765625,15.4375,-15.822265625,True,2654.0,0.0,0.323974609375
8e63f950b177c6f1acee25e35005d2a081fbdc51abe07d934642ad1e7b23256b,SS,B,B,-0.91796875,17.125,-18.04296875,-1.09375,17.125,-18.21875,True,90.0,0.0,0.17578125
8fce14c379feba472876fb2aa26bac14c2f1373c3764020af2347decdd813f21,OO,A,A,15.25,-0.314453125,15.564453125,15.3125,-0.431640625,15.744140625,True,2.0,120.0,0.1796875
8fce14c379feba472876fb2aa26bac14c2f1373c3764020af2347decdd813f21,OS,B,B,-5.1875,14.75,-19.9375,-5.5,14.6875,-20.1875,True,20.0,2.0,0.25
8fce14c379feba472876fb2aa26bac14c2f1373c3764020af2347decdd813f21,SO,B,B,-3.421875,13.6875,-17.109375,-3.421875,13.75,-17.171875,True,0.0,2.0,0.0625
8fce14c379feba472876fb2aa26bac14c2f1373c3764020af2347decdd813f21,SS,B,B,3.515625,17.375,-13.859375,3.296875,17.25,-13.953125,True,28.0,2.0,0.09375
9015a63195c2e27cd74439ad9d40649115256058f8218ba88e280ff140087102,OO,A,A,13.6875,-4.15625,17.84375,13.5,-4.5,18.0,True,6.0,22.0,0.15625
9015a63195c2e27cd74439ad9d40649115256058f8218ba88e280ff140087102,OS,B,B,-7.15625,16.875,-24.03125,-7.21875,17.0,-24.21875,True,4.0,2.0,0.1875
9015a63195c2e27cd74439ad9d40649115256058f8218ba88e280ff140087102,SO,B,B,7.65625,16.375,-8.71875,7.03125,16.5,-9.46875,True,40.0,2.0,0.75
9015a63195c2e27cd74439ad9d40649115256058f8218ba88e280ff140087102,SS,B,B,1.609375,18.0,-16.390625,1.75,17.875,-16.125,True,36.0,2.0,0.265625
9272c3b8d12a64ff6030063a0a5ddeb2ebac32976a533c022723bb2a8743d4d2,OO,A,A,16.75,-0.006591796875,16.756591796875,16.375,-0.181640625,16.556640625,True,6.0,11472.0,0.199951171875
9272c3b8d12a64ff6030063a0a5ddeb2ebac32976a533c022723bb2a8743d4d2,OS,B,B,-4.28125,16.125,-20.40625,-4.375,16.125,-20.5,True,6.0,0.0,0.09375
9272c3b8d12a64ff6030063a0a5ddeb2ebac32976a533c022723bb2a8743d4d2,SO,B,B,-1.8828125,13.6875,-15.5703125,-1.5546875,13.8125,-15.3671875,True,84.0,4.0,0.203125
9272c3b8d12a64ff6030063a0a5ddeb2ebac32976a533c022723bb2a8743d4d2,SS,B,B,7.21875,17.875,-10.65625,7.84375,18.125,-10.28125,True,40.0,4.0,0.375
92aafe1dda864da442bd8a0884ef9728e8135620225fa175ec14144edffec931,OO,A,A,14.1875,-2.515625,16.703125,13.875,-2.59375,16.46875,True,10.0,10.0,0.234375
92aafe1dda864da442bd8a0884ef9728e8135620225fa175ec14144edffec931,OS,B,B,-5.59375,15.0625,-20.65625,-5.59375,15.25,-20.84375,True,0.0,6.0,0.1875
92aafe1dda864da442bd8a0884ef9728e8135620225fa175ec14144edffec931,SO,B,B,-1.765625,14.6875,-16.453125,-2.28125,14.625,-16.90625,True,132.0,2.0,0.453125
92aafe1dda864da442bd8a0884ef9728e8135620225fa175ec14144edffec931,SS,A,A,16.5,15.375,1.125,16.375,15.6875,0.6875,True,2.0,10.0,0.4375
955271f457a865b6538de58e05ec976217c17a96cc31ccb2c72e86fe77e6cce0,OO,A,A,13.6875,-2.109375,15.796875,13.625,-2.546875,16.171875,True,2.0,56.0,0.375
955271f457a865b6538de58e05ec976217c17a96cc31ccb2c72e86fe77e6cce0,OS,B,B,-7.0,14.75,-21.75,-6.90625,14.75,-21.65625,True,6.0,0.0,0.09375
955271f457a865b6538de58e05ec976217c17a96cc31ccb2c72e86fe77e6cce0,SO,B,B,-2.734375,14.625,-17.359375,-2.59375,14.75,-17.34375,True,18.0,4.0,0.015625
955271f457a865b6538de58e05ec976217c17a96cc31ccb2c72e86fe77e6cce0,SS,B,B,-0.123046875,15.875,-15.998046875,-0.8125,15.75,-16.5625,True,2824.0,4.0,0.564453125
9605a6042a7f9978526d1a45d4d230805e7843b08bcf7d058bbf8d93fcdc7147,OO,A,A,15.5,-1.671875,17.171875,15.8125,-1.5859375,17.3984375,True,10.0,22.0,0.2265625
9605a6042a7f9978526d1a45d4d230805e7843b08bcf7d058bbf8d93fcdc7147,OS,B,B,-6.8125,16.0,-22.8125,-6.6875,16.125,-22.8125,True,8.0,2.0,0.0
9605a6042a7f9978526d1a45d4d230805e7843b08bcf7d058bbf8d93fcdc7147,SO,B,B,-0.2578125,15.8125,-16.0703125,0.421875,15.6875,-15.265625,True,696.0,4.0,0.8046875
9605a6042a7f9978526d1a45d4d230805e7843b08bcf7d058bbf8d93fcdc7147,SS,B,B,0.97265625,18.125,-17.15234375,0.5546875,17.75,-17.1953125,True,214.0,6.0,0.04296875
991e13498e76b0fa28ad7f9a37a2033c1dcd871ee5f9c8a0a038797010bc4e6f,OO,A,A,15.75,1.421875,14.328125,15.4375,1.359375,14.078125,True,10.0,16.0,0.25
991e13498e76b0fa28ad7f9a37a2033c1dcd871ee5f9c8a0a038797010bc4e6f,OS,B,B,-5.8125,15.4375,-21.25,-5.75,15.4375,-21.1875,True,4.0,0.0,0.0625
991e13498e76b0fa28ad7f9a37a2033c1dcd871ee5f9c8a0a038797010bc4e6f,SO,B,B,-2.5625,15.6875,-18.25,-2.515625,15.625,-18.140625,True,6.0,2.0,0.109375
991e13498e76b0fa28ad7f9a37a2033c1dcd871ee5f9c8a0a038797010bc4e6f,SS,B,B,6.03125,17.875,-11.84375,5.6875,17.875,-12.1875,True,22.0,0.0,0.34375
996c03db13b8afd1e8707f383cef74de8100202bf05fe3c73c48798528923df0,OO,A,A,16.75,-0.1962890625,16.9462890625,16.625,-0.314453125,16.939453125,True,2.0,242.0,0.0068359375
996c03db13b8afd1e8707f383cef74de8100202bf05fe3c73c48798528923df0,OS,B,B,-5.9375,15.5,-21.4375,-5.8125,15.625,-21.4375,True,8.0,4.0,0.0
996c03db13b8afd1e8707f383cef74de8100202bf05fe3c73c48798528923df0,SO,B,B,-3.96875,14.125,-18.09375,-4.03125,14.1875,-18.21875,True,8.0,2.0,0.125
996c03db13b8afd1e8707f383cef74de8100202bf05fe3c73c48798528923df0,SS,A,A,16.75,5.0,11.75,16.5,4.625,11.875,True,4.0,24.0,0.125
9a48b8a8d35c10c9696fa88651a5e839600948a47294a46721caa270613cc5cd,OO,A,A,14.5625,-3.5625,18.125,14.375,-3.484375,17.859375,True,6.0,10.0,0.265625
9a48b8a8d35c10c9696fa88651a5e839600948a47294a46721caa270613cc5cd,OS,B,B,-4.40625,15.5625,-19.96875,-4.40625,15.375,-19.78125,True,0.0,6.0,0.1875
9a48b8a8d35c10c9696fa88651a5e839600948a47294a46721caa270613cc5cd,SO,B,A,13.125,13.5,-0.375,13.5,13.125,0.375,False,12.0,12.0,0.75
9a48b8a8d35c10c9696fa88651a5e839600948a47294a46721caa270613cc5cd,SS,B,B,10.5625,15.875,-5.3125,10.3125,16.375,-6.0625,True,8.0,16.0,0.75
9a95b89b7aed4069296c76ff091de2e4b363583c73a648a5c37edbc80ebe97ee,OO,A,A,16.125,0.82421875,15.30078125,16.375,1.203125,15.171875,True,4.0,194.0,0.12890625
9a95b89b7aed4069296c76ff091de2e4b363583c73a648a5c37edbc80ebe97ee,OS,B,B,-6.28125,16.375,-22.65625,-6.3125,16.5,-22.8125,True,2.0,2.0,0.15625
9a95b89b7aed4069296c76ff091de2e4b363583c73a648a5c37edbc80ebe97ee,SO,B,B,2.15625,16.0,-13.84375,2.9375,16.375,-13.4375,True,100.0,6.0,0.40625
9a95b89b7aed4069296c76ff091de2e4b363583c73a648a5c37edbc80ebe97ee,SS,B,B,-1.5625,17.5,-19.0625,-1.2890625,17.375,-18.6640625,True,70.0,2.0,0.3984375
9cd58e1d566fb4441d8b7dbbbe6746c56c82824181c0896e95ccbc243d4f2626,OO,A,A,15.375,-1.1484375,16.5234375,15.4375,-1.40625,16.84375,True,2.0,66.0,0.3203125
9cd58e1d566fb4441d8b7dbbbe6746c56c82824181c0896e95ccbc243d4f2626,OS,B,B,-7.0,14.875,-21.875,-7.0625,14.8125,-21.875,True,4.0,2.0,0.0
9cd58e1d566fb4441d8b7dbbbe6746c56c82824181c0896e95ccbc243d4f2626,SO,B,B,-5.3125,13.9375,-19.25,-5.21875,13.9375,-19.15625,True,6.0,0.0,0.09375
9cd58e1d566fb4441d8b7dbbbe6746c56c82824181c0896e95ccbc243d4f2626,SS,A,A,14.4375,-0.88671875,15.32421875,14.4375,-1.1484375,15.5859375,True,0.0,134.0,0.26171875
9fac6c285cc8c76a315fdb0ebc87d9b13258b066e1a43bf98a0b3f0c4041ec93,OO,A,A,15.0,-0.44921875,15.44921875,15.0,-0.361328125,15.361328125,True,0.0,90.0,0.087890625
9fac6c285cc8c76a315fdb0ebc87d9b13258b066e1a43bf98a0b3f0c4041ec93,OS,B,B,-7.75,13.625,-21.375,-7.8125,13.5625,-21.375,True,4.0,2.0,0.0
9fac6c285cc8c76a315fdb0ebc87d9b13258b066e1a43bf98a0b3f0c4041ec93,SO,B,B,-2.953125,16.375,-19.328125,-3.03125,16.375,-19.40625,True,10.0,0.0,0.078125
9fac6c285cc8c76a315fdb0ebc87d9b13258b066e1a43bf98a0b3f0c4041ec93,SS,B,B,2.5,17.25,-14.75,2.453125,17.0,-14.546875,True,6.0,4.0,0.203125
9fb3ba35b4c9be26de8fe444e1d8057bdc8018f5a3c044b453d270a222474319,OO,A,A,14.4375,-3.765625,18.203125,13.875,-4.03125,17.90625,True,18.0,34.0,0.296875
9fb3ba35b4c9be26de8fe444e1d8057bdc8018f5a3c044b453d270a222474319,OS,B,B,-6.625,15.625,-22.25,-6.59375,15.6875,-22.28125,True,2.0,2.0,0.03125
9fb3ba35b4c9be26de8fe444e1d8057bdc8018f5a3c044b453d270a222474319,SO,B,B,1.6953125,16.375,-14.6796875,1.7265625,16.375,-14.6484375,True,8.0,0.0,0.03125
9fb3ba35b4c9be26de8fe444e1d8057bdc8018f5a3c044b453d270a222474319,SS,B,B,0.259765625,17.0,-16.740234375,0.12353515625,17.0,-16.87646484375,True,139.5,0.0,0.13623046875
a2aed8ae91384128577f7d97b413b47249fa8eea55b7860ee373095c2671a43d,OO,A,A,15.25,-0.94140625,16.19140625,15.375,-0.8828125,16.2578125,True,4.0,30.0,0.06640625
a2aed8ae91384128577f7d97b413b47249fa8eea55b7860ee373095c2671a43d,OS,B,B,-7.03125,15.125,-22.15625,-6.875,15.1875,-22.0625,True,10.0,2.0,0.09375
a2aed8ae91384128577f7d97b413b47249fa8eea55b7860ee373095c2671a43d,SO,B,B,-5.8125,13.8125,-19.625,-6.1875,13.8125,-20.0,True,24.0,0.0,0.375
a2aed8ae91384128577f7d97b413b47249fa8eea55b7860ee373095c2671a43d,SS,A,A,15.375,3.375,12.0,15.4375,3.421875,12.015625,True,2.0,6.0,0.015625
a2c1a94c57d112205546cf50db6313a864cb117283441b2d9ceba73cdfdb5d4c,OO,A,A,15.125,-0.8125,15.9375,15.5,-0.6640625,16.1640625,True,12.0,76.0,0.2265625
a2c1a94c57d112205546cf50db6313a864cb117283441b2d9ceba73cdfdb5d4c,OS,B,B,-6.8125,14.625,-21.4375,-6.8125,14.5625,-21.375,True,0.0,2.0,0.0625
a2c1a94c57d112205546cf50db6313a864cb117283441b2d9ceba73cdfdb5d4c,SO,B,B,-4.625,14.4375,-19.0625,-4.65625,14.3125,-18.96875,True,2.0,4.0,0.09375
a2c1a94c57d112205546cf50db6313a864cb117283441b2d9ceba73cdfdb5d4c,SS,B,B,14.8125,15.5625,-0.75,15.0,15.0625,-0.0625,True,6.0,16.0,0.6875
a3a450f9313ceaddb2009d36def5be6496af9497d6dacd33873b70792a7047d7,OO,A,A,15.6875,-1.7734375,17.4609375,15.625,-1.953125,17.578125,True,2.0,46.0,0.1171875
a3a450f9313ceaddb2009d36def5be6496af9497d6dacd33873b70792a7047d7,OS,B,B,-4.34375,15.5,-19.84375,-4.53125,15.4375,-19.96875,True,12.0,2.0,0.125
a3a450f9313ceaddb2009d36def5be6496af9497d6dacd33873b70792a7047d7,SO,B,B,-0.5859375,16.0,-16.5859375,-0.5546875,15.9375,-16.4921875,True,16.0,1.0,0.09375
a3a450f9313ceaddb2009d36def5be6496af9497d6dacd33873b70792a7047d7,SS,B,B,5.84375,18.75,-12.90625,5.8125,18.75,-12.9375,True,2.0,0.0,0.03125
a4ae82dae765d416ea2a087fedfefe60d89e5f7da5262c2d1d12fc40956fc27b,OO,A,A,16.25,-0.609375,16.859375,16.125,-0.62890625,16.75390625,True,2.0,10.0,0.10546875
a4ae82dae765d416ea2a087fedfefe60d89e5f7da5262c2d1d12fc40956fc27b,OS,B,B,-5.53125,14.0,-19.53125,-5.625,13.875,-19.5,True,6.0,4.0,0.03125
a4ae82dae765d416ea2a087fedfefe60d89e5f7da5262c2d1d12fc40956fc27b,SO,B,B,-3.78125,13.75,-17.53125,-3.9375,13.125,-17.0625,True,20.0,20.0,0.46875
a4ae82dae765d416ea2a087fedfefe60d89e5f7da5262c2d1d12fc40956fc27b,SS,B,B,1.1953125,15.8125,-14.6171875,1.09375,15.6875,-14.59375,True,26.0,4.0,0.0234375
a6f1302baac87b0fda4e2648522e2317160e4b5cb7be118bd813d61557cdc3a8,OO,A,A,15.5,-1.9296875,17.4296875,15.375,-1.9375,17.3125,True,4.0,2.0,0.1171875
a6f1302baac87b0fda4e2648522e2317160e4b5cb7be118bd813d61557cdc3a8,OS,B,B,-7.34375,15.0,-22.34375,-7.46875,14.9375,-22.40625,True,8.0,2.0,0.0625
a6f1302baac87b0fda4e2648522e2317160e4b5cb7be118bd813d61557cdc3a8,SO,B,B,-2.5625,15.5,-18.0625,-2.421875,15.625,-18.046875,True,18.0,4.0,0.015625
a6f1302baac87b0fda4e2648522e2317160e4b5cb7be118bd813d61557cdc3a8,SS,B,B,1.1796875,16.75,-15.5703125,1.1953125,17.0,-15.8046875,True,4.0,4.0,0.234375
a928a83babef545b9d62a4e50b0120478ba9b641722f710f84539cbcab78933e,OO,A,A,15.4375,-2.609375,18.046875,15.125,-2.8125,17.9375,True,10.0,26.0,0.109375
a928a83babef545b9d62a4e50b0120478ba9b641722f710f84539cbcab78933e,OS,B,B,-6.6875,14.5,-21.1875,-6.96875,14.3125,-21.28125,True,18.0,6.0,0.09375
a928a83babef545b9d62a4e50b0120478ba9b641722f710f84539cbcab78933e,SO,B,B,-4.09375,15.5,-19.59375,-4.21875,15.375,-19.59375,True,8.0,4.0,0.0
a928a83babef545b9d62a4e50b0120478ba9b641722f710f84539cbcab78933e,SS,B,B,-0.51953125,16.625,-17.14453125,-0.76953125,16.375,-17.14453125,True,128.0,4.0,0.0
aa0de654a47e927de2c6a19cd70be9c55ef99ca29bcbffadba1426d74621f407,OO,A,A,13.4375,-1.921875,15.359375,13.0625,-2.234375,15.296875,True,12.0,80.0,0.0625
aa0de654a47e927de2c6a19cd70be9c55ef99ca29bcbffadba1426d74621f407,OS,B,B,-6.9375,13.75,-20.6875,-6.65625,13.6875,-20.34375,True,18.0,2.0,0.34375
aa0de654a47e927de2c6a19cd70be9c55ef99ca29bcbffadba1426d74621f407,SO,B,B,-3.515625,14.6875,-18.203125,-3.46875,14.4375,-17.90625,True,6.0,8.0,0.296875
aa0de654a47e927de2c6a19cd70be9c55ef99ca29bcbffadba1426d74621f407,SS,A,A,14.9375,3.9375,11.0,14.375,3.703125,10.671875,True,18.0,30.0,0.328125
ad1614a31df5db29c425dece10e5666125bf46471cacda20678e408c7751b55b,OO,A,A,14.75,-1.8984375,16.6484375,14.9375,-1.6640625,16.6015625,True,6.0,60.0,0.046875
ad1614a31df5db29c425dece10e5666125bf46471cacda20678e408c7751b55b,OS,B,B,-7.0,15.25,-22.25,-7.03125,15.25,-22.28125,True,2.0,0.0,0.03125
ad1614a31df5db29c425dece10e5666125bf46471cacda20678e408c7751b55b,SO,B,B,1.2109375,16.625,-15.4140625,0.875,16.375,-15.5,True,86.0,4.0,0.0859375
ad1614a31df5db29c425dece10e5666125bf46471cacda20678e408c7751b55b,SS,B,B,6.21875,17.5,-11.28125,6.625,17.75,-11.125,True,26.0,4.0,0.15625
ad6dc70331b4074cde617f42131d13f1e3c1af0539732fa3690dfd1b4601c772,OO,A,A,14.4375,-1.65625,16.09375,14.3125,-1.7265625,16.0390625,True,4.0,18.0,0.0546875
ad6dc70331b4074cde617f42131d13f1e3c1af0539732fa3690dfd1b4601c772,OS,B,B,-6.8125,14.5,-21.3125,-7.0625,14.5625,-21.625,True,16.0,2.0,0.3125
ad6dc70331b4074cde617f42131d13f1e3c1af0539732fa3690dfd1b4601c772,SO,B,B,-7.625,13.5625,-21.1875,-7.21875,13.6875,-20.90625,True,26.0,4.0,0.28125
ad6dc70331b4074cde617f42131d13f1e3c1af0539732fa3690dfd1b4601c772,SS,A,A,14.0,2.40625,11.59375,14.4375,2.546875,11.890625,True,14.0,18.0,0.296875
aee813e27e89661fc9afd1439ece3bb24fca269c35c599cc759ff24ddab57bef,OO,A,A,13.9375,-2.53125,16.46875,13.6875,-3.03125,16.71875,True,8.0,64.0,0.25
aee813e27e89661fc9afd1439ece3bb24fca269c35c599cc759ff24ddab57bef,OS,B,B,-5.6875,15.5625,-21.25,-5.65625,15.4375,-21.09375,True,2.0,4.0,0.15625
aee813e27e89661fc9afd1439ece3bb24fca269c35c599cc759ff24ddab57bef,SO,B,B,-3.984375,14.75,-18.734375,-4.25,14.4375,-18.6875,True,34.0,10.0,0.046875
aee813e27e89661fc9afd1439ece3bb24fca269c35c599cc759ff24ddab57bef,SS,B,B,5.84375,18.375,-12.53125,5.40625,18.625,-13.21875,True,28.0,4.0,0.6875
afc87744cffd489b70b9003f8e95ecaa14bf49486ff5c2ba5e5e3cb6da485feb,OO,A,A,15.0625,1.359375,13.703125,15.0,1.2734375,13.7265625,True,2.0,22.0,0.0234375
afc87744cffd489b70b9003f8e95ecaa14bf49486ff5c2ba5e5e3cb6da485feb,OS,B,B,-2.5625,14.0625,-16.625,-2.46875,14.4375,-16.90625,True,12.0,12.0,0.28125
afc87744cffd489b70b9003f8e95ecaa14bf49486ff5c2ba5e5e3cb6da485feb,SO,B,B,-1.8203125,15.9375,-17.7578125,-1.8515625,16.125,-17.9765625,True,8.0,6.0,0.21875
afc87744cffd489b70b9003f8e95ecaa14bf49486ff5c2ba5e5e3cb6da485feb,SS,A,A,13.375,-2.890625,16.265625,13.5625,-2.703125,16.265625,True,6.0,24.0,0.0
b0ca1c666147d22f0df1f657e2ad37f82c2dbd72fbee073ecaf339a15bf590b3,OO,A,A,16.0,1.1328125,14.8671875,15.9375,1.265625,14.671875,True,1.0,34.0,0.1953125
b0ca1c666147d22f0df1f657e2ad37f82c2dbd72fbee073ecaf339a15bf590b3,OS,B,B,-5.1875,15.25,-20.4375,-5.1875,15.25,-20.4375,True,0.0,0.0,0.0
b0ca1c666147d22f0df1f657e2ad37f82c2dbd72fbee073ecaf339a15bf590b3,SO,B,B,-5.71875,14.8125,-20.53125,-5.59375,15.1875,-20.78125,True,8.0,12.0,0.25
b0ca1c666147d22f0df1f657e2ad37f82c2dbd72fbee073ecaf339a15bf590b3,SS,A,A,15.75,3.25,12.5,15.8125,3.71875,12.09375,True,2.0,60.0,0.40625
b10e5786ee75f4f3ceb61466f5ae6502ae2ed584a3774015c01efaaac098caeb,OO,A,A,17.125,1.953125,15.171875,17.125,1.9296875,15.1953125,True,0.0,6.0,0.0234375
b10e5786ee75f4f3ceb61466f5ae6502ae2ed584a3774015c01efaaac098caeb,OS,B,B,-6.6875,15.0625,-21.75,-6.59375,15.25,-21.84375,True,6.0,6.0,0.09375
b10e5786ee75f4f3ceb61466f5ae6502ae2ed584a3774015c01efaaac098caeb,SO,B,B,1.828125,16.375,-14.546875,1.8671875,16.625,-14.7578125,True,10.0,4.0,0.2109375
b10e5786ee75f4f3ceb61466f5ae6502ae2ed584a3774015c01efaaac098caeb,SS,B,B,3.765625,17.125,-13.359375,3.8125,17.125,-13.3125,True,6.0,0.0,0.046875
bb16e19b3e8abd378a0f469eb8c62aade0d44c020067925db7aa302329933e1f,OO,A,A,13.3125,-2.671875,15.984375,13.4375,-2.5,15.9375,True,4.0,22.0,0.046875
bb16e19b3e8abd378a0f469eb8c62aade0d44c020067925db7aa302329933e1f,OS,B,B,-7.53125,14.3125,-21.84375,-7.46875,14.5625,-22.03125,True,4.0,8.0,0.1875
bb16e19b3e8abd378a0f469eb8c62aade0d44c020067925db7aa302329933e1f,SO,B,B,-5.875,14.0,-19.875,-5.84375,14.125,-19.96875,True,2.0,4.0,0.09375
bb16e19b3e8abd378a0f469eb8c62aade0d44c020067925db7aa302329933e1f,SS,A,B,14.25,13.75,0.5,13.875,14.0625,-0.1875,False,12.0,10.0,0.6875
bc9443215df6e659661924bfd50a16aacd685a79178c8e261d1879090e174438,OO,A,A,14.375,-2.109375,16.484375,14.1875,-2.21875,16.40625,True,6.0,14.0,0.078125
bc9443215df6e659661924bfd50a16aacd685a79178c8e261d1879090e174438,OS,B,B,-6.125,14.4375,-20.5625,-6.03125,14.25,-20.28125,True,6.0,6.0,0.28125
bc9443215df6e659661924bfd50a16aacd685a79178c8e261d1879090e174438,SO,B,B,-2.875,15.25,-18.125,-2.609375,15.375,-17.984375,True,34.0,4.0,0.140625
bc9443215df6e659661924bfd50a16aacd685a79178c8e261d1879090e174438,SS,B,B,6.5,18.0,-11.5,6.5,18.0,-11.5,True,0.0,0.0,0.0
c05526ecb6806b268e9e1896b8832f5831fbeb2e6e65a2642a6efbf9f043656c,OO,A,A,16.75,-0.8125,17.5625,16.75,-0.80859375,17.55859375,True,0.0,2.0,0.00390625
c05526ecb6806b268e9e1896b8832f5831fbeb2e6e65a2642a6efbf9f043656c,OS,B,B,0.376953125,15.1875,-14.810546875,0.50390625,15.125,-14.62109375,True,130.0,2.0,0.189453125
c05526ecb6806b268e9e1896b8832f5831fbeb2e6e65a2642a6efbf9f043656c,SO,B,B,6.96875,16.0,-9.03125,7.28125,16.25,-8.96875,True,20.0,4.0,0.0625
c05526ecb6806b268e9e1896b8832f5831fbeb2e6e65a2642a6efbf9f043656c,SS,A,A,15.5,-0.412109375,15.912109375,15.4375,-0.197265625,15.634765625,True,2.0,220.0,0.27734375
c0a4432df2163f61270b31abc1cd02b4d758686d3080aac555dab98e4f269c2a,OO,A,A,15.1875,-1.7265625,16.9140625,15.1875,-1.96875,17.15625,True,0.0,62.0,0.2421875
c0a4432df2163f61270b31abc1cd02b4d758686d3080aac555dab98e4f269c2a,OS,B,B,-7.59375,15.0,-22.59375,-7.78125,14.9375,-22.71875,True,12.0,2.0,0.125
c0a4432df2163f61270b31abc1cd02b4d758686d3080aac555dab98e4f269c2a,SO,B,B,0.546875,15.8125,-15.265625,0.5625,15.875,-15.3125,True,8.0,2.0,0.046875
c0a4432df2163f61270b31abc1cd02b4d758686d3080aac555dab98e4f269c2a,SS,B,B,-1.515625,16.625,-18.140625,-1.4453125,16.75,-18.1953125,True,18.0,2.0,0.0546875
c491b430b29ef0c7341dc243289a6432e66d64339e24cb28b235957ddf51ea73,OO,A,A,15.75,-1.375,17.125,15.625,-1.703125,17.328125,True,4.0,84.0,0.203125
c491b430b29ef0c7341dc243289a6432e66d64339e24cb28b235957ddf51ea73,OS,B,B,-6.8125,14.5625,-21.375,-6.875,14.3125,-21.1875,True,4.0,8.0,0.1875
c491b430b29ef0c7341dc243289a6432e66d64339e24cb28b235957ddf51ea73,SO,B,B,-5.5,14.125,-19.625,-5.53125,14.1875,-19.71875,True,2.0,2.0,0.09375
c491b430b29ef0c7341dc243289a6432e66d64339e24cb28b235957ddf51ea73,SS,B,B,4.59375,16.625,-12.03125,4.78125,16.75,-11.96875,True,12.0,2.0,0.0625
c505e2cc19abc2f41063f5d37e09bc1a723e9df14647d24a3299b05ef4dc8215,OO,A,A,14.75,-2.015625,16.765625,14.5,-2.109375,16.609375,True,8.0,12.0,0.15625
c505e2cc19abc2f41063f5d37e09bc1a723e9df14647d24a3299b05ef4dc8215,OS,B,B,-7.34375,15.125,-22.46875,-7.25,14.875,-22.125,True,6.0,8.0,0.34375
c505e2cc19abc2f41063f5d37e09bc1a723e9df14647d24a3299b05ef4dc8215,SO,B,B,-7.09375,14.4375,-21.53125,-7.0625,14.375,-21.4375,True,2.0,2.0,0.09375
c505e2cc19abc2f41063f5d37e09bc1a723e9df14647d24a3299b05ef4dc8215,SS,A,A,13.875,1.671875,12.203125,13.8125,1.53125,12.28125,True,2.0,36.0,0.078125
c8ded625a3e1509e8f29407e3829f984e30c7a027c73183e023546d735e6a8b0,OO,A,A,15.0625,-2.5,17.5625,15.1875,-2.5625,17.75,True,4.0,8.0,0.1875
c8ded625a3e1509e8f29407e3829f984e30c7a027c73183e023546d735e6a8b0,OS,B,B,-5.75,16.75,-22.5,-5.75,16.75,-22.5,True,0.0,0.0,0.0
c8ded625a3e1509e8f29407e3829f984e30c7a027c73183e023546d735e6a8b0,SO,B,B,1.5,16.125,-14.625,1.8515625,16.375,-14.5234375,True,90.0,4.0,0.1015625
c8ded625a3e1509e8f29407e3829f984e30c7a027c73183e023546d735e6a8b0,SS,B,B,-1.59375,17.625,-19.21875,-1.5390625,17.375,-18.9140625,True,14.0,4.0,0.3046875
c91329e2685632636eaaab9e0a16a9e716884030ecd7ec704d19ad29fe870db6,OO,A,A,14.9375,-0.9609375,15.8984375,14.625,-1.046875,15.671875,True,10.0,44.0,0.2265625
c91329e2685632636eaaab9e0a16a9e716884030ecd7ec704d19ad29fe870db6,OS,B,B,-5.78125,15.125,-20.90625,-5.5625,15.375,-20.9375,True,14.0,8.0,0.03125
c91329e2685632636eaaab9e0a16a9e716884030ecd7ec704d19ad29fe870db6,SO,B,B,-2.484375,13.5,-15.984375,-2.203125,13.625,-15.828125,True,36.0,4.0,0.15625
c91329e2685632636eaaab9e0a16a9e716884030ecd7ec704d19ad29fe870db6,SS,B,B,0.60546875,16.125,-15.51953125,0.6484375,15.9375,-15.2890625,True,22.0,3.0,0.23046875
cac0fa7214cbe64d0ab89e006dbeb1ae517eefeda15cb3aa8bcd8b699fbf7f54,OO,A,A,13.375,-3.359375,16.734375,13.375,-3.625,17.0,True,0.0,34.0,0.265625
cac0fa7214cbe64d0ab89e006dbeb1ae517eefeda15cb3aa8bcd8b699fbf7f54,OS,B,B,-8.1875,14.875,-23.0625,-8.25,14.8125,-23.0625,True,2.0,2.0,0.0
cac0fa7214cbe64d0ab89e006dbeb1ae517eefeda15cb3aa8bcd8b699fbf7f54,SO,B,B,4.21875,15.5625,-11.34375,2.828125,15.3125,-12.484375,True,89.0,8.0,1.140625
cac0fa7214cbe64d0ab89e006dbeb1ae517eefeda15cb3aa8bcd8b699fbf7f54,SS,B,B,-1.2734375,16.125,-17.3984375,-1.6875,15.8125,-17.5,True,106.0,5.0,0.1015625
cc50a44f4933ce813b8cb212ba62698d3ce88e09c0bbc97b3982ded33080a34b,OO,A,A,14.5,-3.296875,17.796875,14.625,-3.125,17.75,True,4.0,22.0,0.046875
cc50a44f4933ce813b8cb212ba62698d3ce88e09c0bbc97b3982ded33080a34b,OS,B,B,-6.3125,15.6875,-22.0,-6.34375,15.6875,-22.03125,True,2.0,0.0,0.03125
cc50a44f4933ce813b8cb212ba62698d3ce88e09c0bbc97b3982ded33080a34b,SO,B,B,-2.046875,14.6875,-16.734375,-1.953125,14.75,-16.703125,True,12.0,2.0,0.03125
cc50a44f4933ce813b8cb212ba62698d3ce88e09c0bbc97b3982ded33080a34b,SS,B,B,0.96875,16.25,-15.28125,0.7421875,16.125,-15.3828125,True,116.0,2.0,0.1015625
cdb209dfdd30b70226f07ea3b2a1d66934b12cde4d1418a7e0eb8415102cefbf,OO,A,A,15.9375,3.59375,12.34375,16.125,3.59375,12.53125,True,6.0,0.0,0.1875
cdb209dfdd30b70226f07ea3b2a1d66934b12cde4d1418a7e0eb8415102cefbf,OS,B,B,-4.40625,15.0625,-19.46875,-4.3125,15.0,-19.3125,True,6.0,2.0,0.15625
cdb209dfdd30b70226f07ea3b2a1d66934b12cde4d1418a7e0eb8415102cefbf,SO,B,B,4.34375,15.9375,-11.59375,4.375,16.125,-11.75,True,2.0,6.0,0.15625
cdb209dfdd30b70226f07ea3b2a1d66934b12cde4d1418a7e0eb8415102cefbf,SS,B,B,8.625,17.125,-8.5,8.1875,17.0,-8.8125,True,14.0,2.0,0.3125
ce418392d0f5b3d30a62289bda84082443e573f72af0cb4e771adddf4912a672,OO,A,A,15.375,0.48046875,14.89453125,15.5,0.62890625,14.87109375,True,4.0,152.0,0.0234375
ce418392d0f5b3d30a62289bda84082443e573f72af0cb4e771adddf4912a672,OS,B,B,-4.34375,15.5,-19.84375,-4.5625,15.4375,-20.0,True,14.0,2.0,0.15625
ce418392d0f5b3d30a62289bda84082443e573f72af0cb4e771adddf4912a672,SO,B,B,-0.9140625,15.0,-15.9140625,-1.046875,14.9375,-15.984375,True,68.0,2.0,0.0703125
ce418392d0f5b3d30a62289bda84082443e573f72af0cb4e771adddf4912a672,SS,A,A,16.875,9.75,7.125,16.875,10.25,6.625,True,0.0,16.0,0.5
cea8b197e0ac37ba00febf6c4e1bde145a44edf5947f2bfb92cd7b0acb1457db,OO,A,A,15.625,0.734375,14.890625,15.75,0.88671875,14.86328125,True,4.0,78.0,0.02734375
cea8b197e0ac37ba00febf6c4e1bde145a44edf5947f2bfb92cd7b0acb1457db,OS,B,B,-7.375,15.1875,-22.5625,-7.34375,15.0,-22.34375,True,2.0,6.0,0.21875
cea8b197e0ac37ba00febf6c4e1bde145a44edf5947f2bfb92cd7b0acb1457db,SO,B,B,-1.515625,15.0,-16.515625,-1.828125,14.875,-16.703125,True,80.0,4.0,0.1875
cea8b197e0ac37ba00febf6c4e1bde145a44edf5947f2bfb92cd7b0acb1457db,SS,B,B,5.6875,17.5,-11.8125,5.6875,17.5,-11.8125,True,0.0,0.0,0.0
d0d48352cdbd19507f0a552246d2a2168bc1dfc2e3863af994305ead2aae7dd3,OO,A,A,14.3125,-2.546875,16.859375,14.5625,-2.609375,17.171875,True,8.0,8.0,0.3125
d0d48352cdbd19507f0a552246d2a2168bc1dfc2e3863af994305ead2aae7dd3,OS,B,B,-5.875,15.375,-21.25,-5.9375,15.25,-21.1875,True,4.0,4.0,0.0625
d0d48352cdbd19507f0a552246d2a2168bc1dfc2e3863af994305ead2aae7dd3,SO,A,A,14.625,10.875,3.75,14.1875,10.6875,3.5,True,14.0,6.0,0.25
d0d48352cdbd19507f0a552246d2a2168bc1dfc2e3863af994305ead2aae7dd3,SS,B,B,-2.5,14.1875,-16.6875,-2.28125,14.25,-16.53125,True,28.0,2.0,0.15625
d0dedac3786f3c50237add4d7bfb2121d310f476830a81ea6feb08305f5cf3e2,OO,A,A,15.8125,2.78125,13.03125,15.4375,2.640625,12.796875,True,12.0,18.0,0.234375
d0dedac3786f3c50237add4d7bfb2121d310f476830a81ea6feb08305f5cf3e2,OS,B,B,-5.90625,15.5625,-21.46875,-5.90625,15.5625,-21.46875,True,0.0,0.0,0.0
d0dedac3786f3c50237add4d7bfb2121d310f476830a81ea6feb08305f5cf3e2,SO,B,B,-6.34375,13.6875,-20.03125,-6.28125,13.8125,-20.09375,True,4.0,4.0,0.0625
d0dedac3786f3c50237add4d7bfb2121d310f476830a81ea6feb08305f5cf3e2,SS,B,B,0.76953125,18.5,-17.73046875,0.72265625,18.375,-17.65234375,True,24.0,2.0,0.078125
d31bdff62a5431cefbafc1ddcca80f33a7b9e4e9d9f4bde3097e57f2a64305ba,OO,A,A,14.375,-1.7734375,16.1484375,14.5,-1.6640625,16.1640625,True,4.0,28.0,0.015625
d31bdff62a5431cefbafc1ddcca80f33a7b9e4e9d9f4bde3097e57f2a64305ba,OS,B,B,-6.4375,16.875,-23.3125,-6.15625,17.0,-23.15625,True,18.0,2.0,0.15625
d31bdff62a5431cefbafc1ddcca80f33a7b9e4e9d9f4bde3097e57f2a64305ba,SO,A,A,15.625,11.375,4.25,15.625,11.1875,4.4375,True,0.0,6.0,0.1875
d31bdff62a5431cefbafc1ddcca80f33a7b9e4e9d9f4bde3097e57f2a64305ba,SS,B,B,6.59375,18.375,-11.78125,6.3125,18.125,-11.8125,True,18.0,4.0,0.03125
d35369d23dcfca940802e819edbb63fe588d8bcdb32d728cabfe82a68292ab6a,OO,A,A,16.125,0.98828125,15.13671875,16.0,0.890625,15.109375,True,2.0,50.0,0.02734375
d35369d23dcfca940802e819edbb63fe588d8bcdb32d728cabfe82a68292ab6a,OS,B,B,-4.59375,13.6875,-18.28125,-4.15625,13.875,-18.03125,True,28.0,6.0,0.25
d35369d23dcfca940802e819edbb63fe588d8bcdb32d728cabfe82a68292ab6a,SO,B,B,2.140625,16.0,-13.859375,2.546875,16.25,-13.703125,True,52.0,4.0,0.15625
d35369d23dcfca940802e819edbb63fe588d8bcdb32d728cabfe82a68292ab6a,SS,A,A,16.375,1.6640625,14.7109375,16.25,1.5625,14.6875,True,2.0,26.0,0.0234375
d35de5394da8e8af12e0fa779b01cf8497c1cc6f87f64264f948bc187b357d73,OO,A,A,15.0625,-1.5703125,16.6328125,14.875,-1.7265625,16.6015625,True,6.0,40.0,0.03125
d35de5394da8e8af12e0fa779b01cf8497c1cc6f87f64264f948bc187b357d73,OS,B,B,-7.46875,15.6875,-23.15625,-7.5,15.5625,-23.0625,True,2.0,4.0,0.09375
d35de5394da8e8af12e0fa779b01cf8497c1cc6f87f64264f948bc187b357d73,SO,B,B,-1.5546875,14.4375,-15.9921875,-1.5703125,14.3125,-15.8828125,True,4.0,4.0,0.109375
d35de5394da8e8af12e0fa779b01cf8497c1cc6f87f64264f948bc187b357d73,SS,B,B,8.0625,18.625,-10.5625,7.90625,18.75,-10.84375,True,5.0,2.0,0.28125
d3f802c5c147cd1fb842715b1ad21f6f8e9faa2d9d00ce60d1fce94c4304ff1e,OO,A,A,14.25,-3.71875,17.96875,14.25,-3.9375,18.1875,True,0.0,28.0,0.21875
d3f802c5c147cd1fb842715b1ad21f6f8e9faa2d9d00ce60d1fce94c4304ff1e,OS,B,B,-5.0625,16.25,-21.3125,-4.6875,16.5,-21.1875,True,24.0,4.0,0.125
d3f802c5c147cd1fb842715b1ad21f6f8e9faa2d9d00ce60d1fce94c4304ff1e,SO,B,B,-4.75,15.25,-20.0,-4.46875,15.25,-19.71875,True,18.0,0.0,0.28125
d3f802c5c147cd1fb842715b1ad21f6f8e9faa2d9d00ce60d1fce94c4304ff1e,SS,B,B,8.6875,18.375,-9.6875,8.75,18.5,-9.75,True,2.0,2.0,0.0625
d4241ccb0b12c49180c5b46a1c5f7c5fe602cec9b4deb75282437541050b5fcb,OO,A,A,13.375,-3.953125,17.328125,13.3125,-4.21875,17.53125,True,2.0,34.0,0.203125
d4241ccb0b12c49180c5b46a1c5f7c5fe602cec9b4deb75282437541050b5fcb,OS,B,B,-6.03125,16.25,-22.28125,-5.96875,16.375,-22.34375,True,4.0,2.0,0.0625
d4241ccb0b12c49180c5b46a1c5f7c5fe602cec9b4deb75282437541050b5fcb,SO,A,A,14.8125,14.125,0.6875,14.5625,13.9375,0.625,True,8.0,6.0,0.0625
d4241ccb0b12c49180c5b46a1c5f7c5fe602cec9b4deb75282437541050b5fcb,SS,B,B,5.5625,18.375,-12.8125,5.28125,18.25,-12.96875,True,18.0,2.0,0.15625
d716b45450cc92f0207e397647f2e955120b268a9c3a06f632f6beb374da68a3,OO,A,A,15.6875,-1.65625,17.34375,15.9375,-1.265625,17.203125,True,8.0,100.0,0.140625
d716b45450cc92f0207e397647f2e955120b268a9c3a06f632f6beb374da68a3,OS,B,B,-7.65625,15.5625,-23.21875,-7.75,15.625,-23.375,True,6.0,2.0,0.15625
d716b45450cc92f0207e397647f2e955120b268a9c3a06f632f6beb374da68a3,SO,B,B,-0.0341796875,15.0,-15.0341796875,0.19921875,14.9375,-14.73828125,True,1912.0,2.0,0.2958984375
d716b45450cc92f0207e397647f2e955120b268a9c3a06f632f6beb374da68a3,SS,B,B,-1.828125,16.125,-17.953125,-1.8125,16.125,-17.9375,True,4.0,0.0,0.015625
d7bf00bba92da939b45008d97af6b4c84e6278724e013e42d7b4e27c38110458,OO,A,A,14.0625,-2.890625,16.953125,14.0,-2.953125,16.953125,True,2.0,8.0,0.0
d7bf00bba92da939b45008d97af6b4c84e6278724e013e42d7b4e27c38110458,OS,B,B,-7.71875,14.6875,-22.40625,-7.75,14.6875,-22.4375,True,2.0,0.0,0.03125
d7bf00bba92da939b45008d97af6b4c84e6278724e013e42d7b4e27c38110458,SO,B,B,1.34375,16.125,-14.78125,1.3203125,15.9375,-14.6171875,True,6.0,3.0,0.1640625
d7bf00bba92da939b45008d97af6b4c84e6278724e013e42d7b4e27c38110458,SS,A,A,13.5625,2.578125,10.984375,13.875,3.25,10.625,True,10.0,86.0,0.359375
d9c7c3a3d62120d82c1b75cbfaa8055c1c35fc78cc555030391d0f1e55c6d7cb,OO,A,A,14.5625,-2.484375,17.046875,14.375,-2.578125,16.953125,True,6.0,12.0,0.09375
d9c7c3a3d62120d82c1b75cbfaa8055c1c35fc78cc555030391d0f1e55c6d7cb,OS,B,B,-6.65625,14.3125,-20.96875,-6.5625,14.25,-20.8125,True,6.0,2.0,0.15625
d9c7c3a3d62120d82c1b75cbfaa8055c1c35fc78cc555030391d0f1e55c6d7cb,SO,B,B,-4.28125,13.1875,-17.46875,-4.21875,13.5,-17.71875,True,4.0,10.0,0.25
d9c7c3a3d62120d82c1b75cbfaa8055c1c35fc78cc555030391d0f1e55c6d7cb,SS,B,B,2.53125,17.5,-14.96875,2.15625,17.25,-15.09375,True,48.0,4.0,0.125
db2cc1ea75160c34bce816a645a9c82d6f0612c69f4ddc628944665334960a3c,OO,A,A,14.625,-2.59375,17.21875,14.5625,-2.6875,17.25,True,2.0,12.0,0.03125
db2cc1ea75160c34bce816a645a9c82d6f0612c69f4ddc628944665334960a3c,OS,B,B,-5.53125,15.9375,-21.46875,-5.875,15.75,-21.625,True,22.0,6.0,0.15625
db2cc1ea75160c34bce816a645a9c82d6f0612c69f4ddc628944665334960a3c,SO,B,B,-3.203125,15.5,-18.703125,-3.265625,15.375,-18.640625,True,8.0,4.0,0.0625
db2cc1ea75160c34bce816a645a9c82d6f0612c69f4ddc628944665334960a3c,SS,B,B,6.5,18.375,-11.875,6.25,18.25,-12.0,True,16.0,2.0,0.125
dbc748607fd562ae9060d46dab8422056efb10dc54a5f2c8b485d3a6bc8711fe,OO,A,A,16.25,-3.140625,19.390625,16.625,-2.90625,19.53125,True,6.0,30.0,0.140625
dbc748607fd562ae9060d46dab8422056efb10dc54a5f2c8b485d3a6bc8711fe,OS,B,B,-6.4375,14.6875,-21.125,-6.375,14.6875,-21.0625,True,4.0,0.0,0.0625
dbc748607fd562ae9060d46dab8422056efb10dc54a5f2c8b485d3a6bc8711fe,SO,B,B,5.28125,17.875,-12.59375,6.0625,17.75,-11.6875,True,50.0,2.0,0.90625
dbc748607fd562ae9060d46dab8422056efb10dc54a5f2c8b485d3a6bc8711fe,SS,B,B,5.34375,17.75,-12.40625,5.5625,17.75,-12.1875,True,14.0,0.0,0.21875
df92f58df4cc2c2dbde60b361c69ab0eb8f2334109a3b3b00348f897e9ca68f9,OO,A,A,16.875,0.259765625,16.615234375,17.0,0.359375,16.640625,True,2.0,102.0,0.025390625
df92f58df4cc2c2dbde60b361c69ab0eb8f2334109a3b3b00348f897e9ca68f9,OS,B,B,-7.1875,15.4375,-22.625,-7.375,15.3125,-22.6875,True,12.0,4.0,0.0625
df92f58df4cc2c2dbde60b361c69ab0eb8f2334109a3b3b00348f897e9ca68f9,SO,B,B,10.9375,16.0,-5.0625,10.875,16.125,-5.25,True,2.0,2.0,0.1875
df92f58df4cc2c2dbde60b361c69ab0eb8f2334109a3b3b00348f897e9ca68f9,SS,B,B,4.4375,18.0,-13.5625,4.125,17.75,-13.625,True,20.0,4.0,0.0625
e08e53f8618d77cfcb833bf74cc19624c1264d5c4f951bdc414d285aef892c2a,OO,A,A,14.375,-1.9609375,16.3359375,14.5,-1.8046875,16.3046875,True,4.0,40.0,0.03125
e08e53f8618d77cfcb833bf74cc19624c1264d5c4f951bdc414d285aef892c2a,OS,B,B,-7.0,14.625,-21.625,-7.03125,14.625,-21.65625,True,2.0,0.0,0.03125
e08e53f8618d77cfcb833bf74cc19624c1264d5c4f951bdc414d285aef892c2a,SO,B,B,-3.640625,15.0625,-18.703125,-3.90625,14.5625,-18.46875,True,34.0,16.0,0.234375
e08e53f8618d77cfcb833bf74cc19624c1264d5c4f951bdc414d285aef892c2a,SS,A,A,16.25,13.3125,2.9375,16.375,13.625,2.75,True,2.0,10.0,0.1875
e13bf18f90782e12eff5b2a82e34a23f4c3da60257463a6615bef523cd15e752,OO,A,A,15.875,2.8125,13.0625,15.8125,2.890625,12.921875,True,2.0,10.0,0.140625
e13bf18f90782e12eff5b2a82e34a23f4c3da60257463a6615bef523cd15e752,OS,B,B,-2.75,16.25,-19.0,-2.90625,16.0,-18.90625,True,20.0,4.0,0.09375
e13bf18f90782e12eff5b2a82e34a23f4c3da60257463a6615bef523cd15e752,SO,B,B,-3.875,15.6875,-19.5625,-4.03125,15.5,-19.53125,True,20.0,6.0,0.03125
e13bf18f90782e12eff5b2a82e34a23f4c3da60257463a6615bef523cd15e752,SS,B,B,7.4375,17.75,-10.3125,7.21875,17.375,-10.15625,True,14.0,6.0,0.15625
e4af26a75545582e1ab872948ff9db6323497b6d05be6c0051b7211af10f7fd1,OO,A,A,15.9375,-0.09765625,16.03515625,15.625,0.11083984375,15.51416015625,True,10.0,854.0,0.52099609375
e4af26a75545582e1ab872948ff9db6323497b6d05be6c0051b7211af10f7fd1,OS,B,B,-4.28125,15.6875,-19.96875,-4.25,15.5625,-19.8125,True,2.0,4.0,0.15625
e4af26a75545582e1ab872948ff9db6323497b6d05be6c0051b7211af10f7fd1,SO,B,B,-4.21875,15.0625,-19.28125,-4.0625,15.25,-19.3125,True,10.0,6.0,0.03125
e4af26a75545582e1ab872948ff9db6323497b6d05be6c0051b7211af10f7fd1,SS,B,B,5.75,17.5,-11.75,5.78125,17.625,-11.84375,True,2.0,2.0,0.09375
eae655db4698b26b8506484e3d2964ae122201a1fc6e1efb5f1c16cdc3b64049,OO,A,A,15.0625,-1.421875,16.484375,15.125,-1.7578125,16.8828125,True,2.0,86.0,0.3984375
eae655db4698b26b8506484e3d2964ae122201a1fc6e1efb5f1c16cdc3b64049,OS,B,B,-6.0,15.875,-21.875,-6.1875,15.625,-21.8125,True,12.0,8.0,0.0625
eae655db4698b26b8506484e3d2964ae122201a1fc6e1efb5f1c16cdc3b64049,SO,B,B,8.625,16.875,-8.25,8.625,17.0,-8.375,True,0.0,2.0,0.125
eae655db4698b26b8506484e3d2964ae122201a1fc6e1efb5f1c16cdc3b64049,SS,B,B,-0.55078125,16.375,-16.92578125,-0.47265625,16.25,-16.72265625,True,40.0,2.0,0.203125
eb6704eeee9a9abba2fc2f51151204c4a573f0e711c727c3beb28b780a34780c,OO,A,A,13.875,-3.859375,17.734375,13.6875,-3.953125,17.640625,True,6.0,12.0,0.09375
eb6704eeee9a9abba2fc2f51151204c4a573f0e711c727c3beb28b780a34780c,OS,B,B,-5.15625,15.3125,-20.46875,-4.875,15.5,-20.375,True,18.0,6.0,0.09375
eb6704eeee9a9abba2fc2f51151204c4a573f0e711c727c3beb28b780a34780c,SO,B,B,9.0,15.5,-6.5,8.8125,15.625,-6.8125,True,6.0,4.0,0.3125
eb6704eeee9a9abba2fc2f51151204c4a573f0e711c727c3beb28b780a34780c,SS,B,B,5.53125,16.375,-10.84375,5.625,16.5,-10.875,True,6.0,2.0,0.03125
eb7109e266e4b82c5c40e57d34e79d881672c52b72920bfbadaae2073c969552,OO,A,A,19.625,7.25,12.375,19.5,7.21875,12.28125,True,2.0,2.0,0.09375
eb7109e266e4b82c5c40e57d34e79d881672c52b72920bfbadaae2073c969552,OS,B,B,-3.703125,16.25,-19.953125,-3.671875,16.375,-20.046875,True,4.0,2.0,0.09375
eb7109e266e4b82c5c40e57d34e79d881672c52b72920bfbadaae2073c969552,SO,B,B,-1.1953125,16.75,-17.9453125,-1.1171875,16.875,-17.9921875,True,20.0,2.0,0.046875
eb7109e266e4b82c5c40e57d34e79d881672c52b72920bfbadaae2073c969552,SS,B,B,5.21875,18.625,-13.40625,5.375,18.875,-13.5,True,10.0,4.0,0.09375
ec40f07be49219f365f3c31b8e4fc0335a4215a20a4ad5fe8f4ba7470503754c,OO,A,A,13.625,-2.4375,16.0625,13.75,-2.234375,15.984375,True,4.0,26.0,0.078125
ec40f07be49219f365f3c31b8e4fc0335a4215a20a4ad5fe8f4ba7470503754c,OS,B,B,-7.4375,15.0,-22.4375,-7.25,15.3125,-22.5625,True,12.0,10.0,0.125
ec40f07be49219f365f3c31b8e4fc0335a4215a20a4ad5fe8f4ba7470503754c,SO,B,B,-2.53125,13.8125,-16.34375,-2.1875,14.125,-16.3125,True,44.0,10.0,0.03125
ec40f07be49219f365f3c31b8e4fc0335a4215a20a4ad5fe8f4ba7470503754c,SS,B,B,-0.69921875,15.9375,-16.63671875,-0.6796875,16.0,-16.6796875,True,10.0,2.0,0.04296875
ec74e741d6422e5050b1abd86d31b39929eb5b8549360b4faa0a63f9262b539d,OO,A,A,14.0625,-3.015625,17.078125,14.0625,-3.234375,17.296875,True,0.0,28.0,0.21875
ec74e741d6422e5050b1abd86d31b39929eb5b8549360b4faa0a63f9262b539d,OS,B,B,-6.625,14.9375,-21.5625,-6.3125,15.0,-21.3125,True,20.0,2.0,0.25
ec74e741d6422e5050b1abd86d31b39929eb5b8549360b4faa0a63f9262b539d,SO,A,A,14.0625,11.25,2.8125,13.75,11.0625,2.6875,True,10.0,6.0,0.125
ec74e741d6422e5050b1abd86d31b39929eb5b8549360b4faa0a63f9262b539d,SS,A,A,18.375,12.875,5.5,17.75,14.375,3.375,True,10.0,48.0,2.125
ec9503c6deb0e6d6538ee9b707aa7fc898aef19d75519ddf35fe549597da80a1,OO,A,A,15.0625,-2.5625,17.625,15.0,-2.671875,17.671875,True,2.0,14.0,0.046875
ec9503c6deb0e6d6538ee9b707aa7fc898aef19d75519ddf35fe549597da80a1,OS,B,B,-6.125,14.75,-20.875,-6.15625,14.8125,-20.96875,True,2.0,2.0,0.09375
ec9503c6deb0e6d6538ee9b707aa7fc898aef19d75519ddf35fe549597da80a1,SO,B,B,-0.625,15.0,-15.625,-0.54296875,15.125,-15.66796875,True,42.0,4.0,0.04296875
ec9503c6deb0e6d6538ee9b707aa7fc898aef19d75519ddf35fe549597da80a1,SS,A,A,15.25,3.78125,11.46875,15.3125,3.5625,11.75,True,2.0,28.0,0.28125
eed93994a6adad820f6549e6e20cbe93f64f0060a52d3af8e31077710e1a77fe,OO,A,A,12.9375,-2.828125,15.765625,12.9375,-2.984375,15.921875,True,0.0,20.0,0.15625
eed93994a6adad820f6549e6e20cbe93f64f0060a52d3af8e31077710e1a77fe,OS,B,B,-7.6875,14.6875,-22.375,-7.375,14.875,-22.25,True,20.0,6.0,0.125
eed93994a6adad820f6549e6e20cbe93f64f0060a52d3af8e31077710e1a77fe,SO,B,B,5.8125,17.5,-11.6875,5.5,17.375,-11.875,True,20.0,2.0,0.1875
eed93994a6adad820f6549e6e20cbe93f64f0060a52d3af8e31077710e1a77fe,SS,B,B,5.375,18.0,-12.625,5.21875,17.875,-12.65625,True,10.0,2.0,0.03125
ef98391de8f801b35fcec12d7b524a0be5c766b9c84d2e36603c105dbd8f7116,OO,A,A,14.75,-1.53125,16.28125,14.5625,-1.5859375,16.1484375,True,6.0,14.0,0.1328125
ef98391de8f801b35fcec12d7b524a0be5c766b9c84d2e36603c105dbd8f7116,OS,B,B,-6.84375,15.25,-22.09375,-6.8125,15.1875,-22.0,True,2.0,2.0,0.09375
ef98391de8f801b35fcec12d7b524a0be5c766b9c84d2e36603c105dbd8f7116,SO,B,B,1.0078125,14.75,-13.7421875,0.7109375,14.9375,-14.2265625,True,76.0,6.0,0.484375
ef98391de8f801b35fcec12d7b524a0be5c766b9c84d2e36603c105dbd8f7116,SS,B,B,4.125,17.875,-13.75,3.890625,17.875,-13.984375,True,15.0,0.0,0.234375
ef9b265b3c0689deea4d6347e77e250fbb72b3d5b45768806264de9005b7c3e8,OO,A,A,13.8125,-3.859375,17.671875,13.5625,-3.9375,17.5,True,8.0,10.0,0.171875
ef9b265b3c0689deea4d6347e77e250fbb72b3d5b45768806264de9005b7c3e8,OS,B,B,-5.59375,15.9375,-21.53125,-5.625,15.8125,-21.4375,True,2.0,4.0,0.09375
ef9b265b3c0689deea4d6347e77e250fbb72b3d5b45768806264de9005b7c3e8,SO,B,B,-2.171875,15.1875,-17.359375,-1.8515625,15.25,-17.1015625,True,41.0,2.0,0.2578125
ef9b265b3c0689deea4d6347e77e250fbb72b3d5b45768806264de9005b7c3e8,SS,B,B,2.609375,17.5,-14.890625,2.546875,17.625,-15.078125,True,8.0,2.0,0.1875
efdaacba8f4a5c0d58c0adb6ee32c5c86d760cdb66eda6c7f7d5f2f338b4caa5,OO,A,A,14.75,-3.203125,17.953125,14.4375,-3.40625,17.84375,True,10.0,26.0,0.109375
efdaacba8f4a5c0d58c0adb6ee32c5c86d760cdb66eda6c7f7d5f2f338b4caa5,OS,B,B,-6.625,14.4375,-21.0625,-6.84375,14.3125,-21.15625,True,14.0,4.0,0.09375
efdaacba8f4a5c0d58c0adb6ee32c5c86d760cdb66eda6c7f7d5f2f338b4caa5,SO,B,B,1.25,15.9375,-14.6875,1.96875,16.0,-14.03125,True,184.0,2.0,0.65625
efdaacba8f4a5c0d58c0adb6ee32c5c86d760cdb66eda6c7f7d5f2f338b4caa5,SS,B,B,-0.2236328125,15.5,-15.7236328125,-0.37109375,15.5625,-15.93359375,True,302.0,2.0,0.2099609375
f04c5f9198427ddb50a413ef41e9cf3d877b8ffdfa63e3349044daa372bb226c,OO,A,A,15.5,-1.6171875,17.1171875,15.375,-1.9375,17.3125,True,4.0,82.0,0.1953125
f04c5f9198427ddb50a413ef41e9cf3d877b8ffdfa63e3349044daa372bb226c,OS,B,B,-5.34375,16.125,-21.46875,-5.625,16.0,-21.625,True,18.0,2.0,0.15625
f04c5f9198427ddb50a413ef41e9cf3d877b8ffdfa63e3349044daa372bb226c,SO,B,B,-2.59375,14.3125,-16.90625,-2.5,14.5,-17.0,True,12.0,6.0,0.09375
f04c5f9198427ddb50a413ef41e9cf3d877b8ffdfa63e3349044daa372bb226c,SS,B,B,0.1728515625,16.625,-16.4521484375,-0.10693359375,16.75,-16.85693359375,True,573.0,2.0,0.40478515625
f1db4d3c9b7d73d26d303534a6845276c17c7181324656367b0f21f9cb9a7bc9,OO,A,A,15.625,-1.8125,17.4375,15.6875,-1.890625,17.578125,True,2.0,20.0,0.140625
f1db4d3c9b7d73d26d303534a6845276c17c7181324656367b0f21f9cb9a7bc9,OS,B,B,-6.09375,16.0,-22.09375,-5.96875,16.25,-22.21875,True,8.0,4.0,0.125
f1db4d3c9b7d73d26d303534a6845276c17c7181324656367b0f21f9cb9a7bc9,SO,B,B,0.384765625,14.8125,-14.427734375,0.28125,14.875,-14.59375,True,106.0,2.0,0.166015625
f1db4d3c9b7d73d26d303534a6845276c17c7181324656367b0f21f9cb9a7bc9,SS,B,B,-1.484375,16.75,-18.234375,-1.3671875,17.0,-18.3671875,True,30.0,4.0,0.1328125
f20304d9829cd1ebda2d497ee0dd5a79bdc7f93d34b68baddcb228e99b81ebbe,OO,A,A,14.875,-3.28125,18.15625,14.5,-3.453125,17.953125,True,12.0,22.0,0.203125
f20304d9829cd1ebda2d497ee0dd5a79bdc7f93d34b68baddcb228e99b81ebbe,OS,B,B,-4.1875,14.3125,-18.5,-4.34375,14.125,-18.46875,True,10.0,6.0,0.03125
f20304d9829cd1ebda2d497ee0dd5a79bdc7f93d34b68baddcb228e99b81ebbe,SO,B,B,-5.21875,14.75,-19.96875,-5.625,14.625,-20.25,True,26.0,4.0,0.28125
f20304d9829cd1ebda2d497ee0dd5a79bdc7f93d34b68baddcb228e99b81ebbe,SS,B,B,8.4375,19.0,-10.5625,8.625,19.25,-10.625,True,6.0,4.0,0.0625
f2a0372b48ecb146721a5a97015730fd57d998767bee00a9570618d5b4a15334,OO,A,A,15.1875,-3.21875,18.40625,15.0,-3.4375,18.4375,True,6.0,28.0,0.03125
f2a0372b48ecb146721a5a97015730fd57d998767bee00a9570618d5b4a15334,OS,B,B,-6.84375,15.75,-22.59375,-6.96875,15.375,-22.34375,True,8.0,12.0,0.25
f2a0372b48ecb146721a5a97015730fd57d998767bee00a9570618d5b4a15334,SO,A,A,15.875,15.0,0.875,16.375,14.3125,2.0625,True,16.0,22.0,1.1875
f2a0372b48ecb146721a5a97015730fd57d998767bee00a9570618d5b4a15334,SS,B,B,-2.203125,16.0,-18.203125,-2.203125,15.75,-17.953125,True,0.0,4.0,0.25
f37d2a4996b7b5ce70513d5a92bdd7b0e05be64b6c08b51aa368154fcfad91c4,OO,A,A,16.625,1.859375,14.765625,16.75,2.5,14.25,True,2.0,164.0,0.515625
f37d2a4996b7b5ce70513d5a92bdd7b0e05be64b6c08b51aa368154fcfad91c4,OS,B,B,-5.53125,16.0,-21.53125,-5.5,16.375,-21.875,True,2.0,6.0,0.34375
f37d2a4996b7b5ce70513d5a92bdd7b0e05be64b6c08b51aa368154fcfad91c4,SO,B,B,2.984375,16.125,-13.140625,3.921875,16.625,-12.703125,True,120.0,8.0,0.4375
f37d2a4996b7b5ce70513d5a92bdd7b0e05be64b6c08b51aa368154fcfad91c4,SS,B,B,-2.46875,16.375,-18.84375,-2.296875,16.625,-18.921875,True,22.0,4.0,0.078125
f524e071bcf08ff1baad251f50a7a97999375742cfa6dd57e94b8aa3a1ceaa04,OO,A,A,15.375,0.12109375,15.25390625,15.375,0.275390625,15.099609375,True,0.0,632.0,0.154296875
f524e071bcf08ff1baad251f50a7a97999375742cfa6dd57e94b8aa3a1ceaa04,OS,B,B,-3.859375,14.6875,-18.546875,-3.734375,14.8125,-18.546875,True,16.0,4.0,0.0
f524e071bcf08ff1baad251f50a7a97999375742cfa6dd57e94b8aa3a1ceaa04,SO,B,B,-6.34375,13.8125,-20.15625,-6.375,13.6875,-20.0625,True,2.0,4.0,0.09375
f524e071bcf08ff1baad251f50a7a97999375742cfa6dd57e94b8aa3a1ceaa04,SS,A,A,17.125,6.3125,10.8125,17.0,6.25,10.75,True,2.0,4.0,0.0625
f538e6d9e25af7fa03c2210f1b0ef02f8ee12550bee0b32a4bd212ba68e29d94,OO,A,A,14.6875,-1.8515625,16.5390625,14.5625,-1.8125,16.375,True,4.0,10.0,0.1640625
f538e6d9e25af7fa03c2210f1b0ef02f8ee12550bee0b32a4bd212ba68e29d94,OS,B,B,-0.9375,14.375,-15.3125,-1.140625,14.375,-15.515625,True,104.0,0.0,0.203125
f538e6d9e25af7fa03c2210f1b0ef02f8ee12550bee0b32a4bd212ba68e29d94,SO,B,B,2.34375,16.0,-13.65625,2.40625,16.125,-13.71875,True,8.0,2.0,0.0625
f538e6d9e25af7fa03c2210f1b0ef02f8ee12550bee0b32a4bd212ba68e29d94,SS,A,A,14.6875,-2.4375,17.125,14.5,-2.625,17.125,True,6.0,24.0,0.0
f6de5c13ed4fd11307e97176a4d61e5186ee5234eb6a25331341e4aa82d86287,OO,A,A,16.5,0.98828125,15.51171875,16.25,1.203125,15.046875,True,4.0,110.0,0.46484375
f6de5c13ed4fd11307e97176a4d61e5186ee5234eb6a25331341e4aa82d86287,OS,B,B,-6.25,15.4375,-21.6875,-6.25,15.5625,-21.8125,True,0.0,4.0,0.125
f6de5c13ed4fd11307e97176a4d61e5186ee5234eb6a25331341e4aa82d86287,SO,A,A,15.75,11.8125,3.9375,16.0,12.4375,3.5625,True,8.0,20.0,0.375
f6de5c13ed4fd11307e97176a4d61e5186ee5234eb6a25331341e4aa82d86287,SS,B,B,-0.94140625,17.125,-18.06640625,-0.8203125,17.25,-18.0703125,True,62.0,2.0,0.00390625
f6e1ffc35259211e4c898f01fc2d43df8802b8a13c1581735a278c681e67bc92,OO,A,A,13.75,-3.78125,17.53125,13.9375,-3.46875,17.40625,True,6.0,40.0,0.125
f6e1ffc35259211e4c898f01fc2d43df8802b8a13c1581735a278c681e67bc92,OS,B,B,-5.375,14.0,-19.375,-5.25,13.9375,-19.1875,True,8.0,2.0,0.1875
f6e1ffc35259211e4c898f01fc2d43df8802b8a13c1581735a278c681e67bc92,SO,B,B,-4.65625,13.8125,-18.46875,-5.0625,13.5625,-18.625,True,26.0,8.0,0.15625
f6e1ffc35259211e4c898f01fc2d43df8802b8a13c1581735a278c681e67bc92,SS,A,A,14.625,-0.08447265625,14.70947265625,14.625,0.1044921875,14.5205078125,True,0.0,774.0,0.18896484375
f792425150ef401049f0567570e52700cf4a65c670dbc40e2987e227ad7b818c,OO,A,A,15.125,-2.53125,17.65625,14.9375,-2.90625,17.84375,True,6.0,48.0,0.1875
f792425150ef401049f0567570e52700cf4a65c670dbc40e2987e227ad7b818c,OS,B,B,-6.5625,14.375,-20.9375,-6.375,14.625,-21.0,True,12.0,8.0,0.0625
f792425150ef401049f0567570e52700cf4a65c670dbc40e2987e227ad7b818c,SO,B,B,-2.59375,14.25,-16.84375,-3.40625,14.125,-17.53125,True,104.0,4.0,0.6875
f792425150ef401049f0567570e52700cf4a65c670dbc40e2987e227ad7b818c,SS,B,B,0.451171875,15.9375,-15.486328125,0.6171875,15.9375,-15.3203125,True,170.0,0.0,0.166015625
f8a29966fb2123d58aa5371a0d5ef847b77b0d3a3efbd0e38dc667d80aa3db54,OO,A,A,16.25,2.0,14.25,16.25,1.9453125,14.3046875,True,0.0,7.0,0.0546875
f8a29966fb2123d58aa5371a0d5ef847b77b0d3a3efbd0e38dc667d80aa3db54,OS,B,B,-6.53125,14.9375,-21.46875,-6.40625,14.875,-21.28125,True,8.0,2.0,0.1875
f8a29966fb2123d58aa5371a0d5ef847b77b0d3a3efbd0e38dc667d80aa3db54,SO,B,B,1.3359375,15.5625,-14.2265625,1.546875,15.5625,-14.015625,True,54.0,0.0,0.2109375
f8a29966fb2123d58aa5371a0d5ef847b77b0d3a3efbd0e38dc667d80aa3db54,SS,B,B,-0.54296875,15.8125,-16.35546875,-0.56640625,15.6875,-16.25390625,True,12.0,4.0,0.1015625
fa86e109c063366a399a71e8f1b5d56e1cd7ca60dcb9782a5c568d18bc8838d8,OO,A,A,14.8125,-2.140625,16.953125,14.9375,-2.21875,17.15625,True,4.0,10.0,0.203125
fa86e109c063366a399a71e8f1b5d56e1cd7ca60dcb9782a5c568d18bc8838d8,OS,B,B,-5.1875,15.3125,-20.5,-5.28125,15.3125,-20.59375,True,6.0,0.0,0.09375
fa86e109c063366a399a71e8f1b5d56e1cd7ca60dcb9782a5c568d18bc8838d8,SO,B,B,-4.375,15.3125,-19.6875,-4.4375,15.125,-19.5625,True,4.0,6.0,0.125
fa86e109c063366a399a71e8f1b5d56e1cd7ca60dcb9782a5c568d18bc8838d8,SS,B,B,14.75,15.875,-1.125,15.0,15.5,-0.5,True,8.0,12.0,0.625
fb5830d3a45b1646a07299fbfcfec7df52b57bf6253116db62f1d7c0ad326c2b,OO,A,A,17.375,2.484375,14.890625,17.375,2.5,14.875,True,0.0,2.0,0.015625
fb5830d3a45b1646a07299fbfcfec7df52b57bf6253116db62f1d7c0ad326c2b,OS,B,B,-4.90625,14.75,-19.65625,-4.875,14.75,-19.625,True,2.0,0.0,0.03125
fb5830d3a45b1646a07299fbfcfec7df52b57bf6253116db62f1d7c0ad326c2b,SO,B,B,-2.578125,14.0,-16.578125,-2.78125,13.875,-16.65625,True,26.0,4.0,0.078125
fb5830d3a45b1646a07299fbfcfec7df52b57bf6253116db62f1d7c0ad326c2b,SS,A,A,16.625,10.625,6.0,16.625,10.4375,6.1875,True,0.0,6.0,0.1875
fb5af5f7dd217463205da05462b43b882bc5694f0971c8bf093ea12e349625a6,OO,A,A,14.125,-1.109375,15.234375,14.125,-1.0703125,15.1953125,True,0.0,10.0,0.0390625
fb5af5f7dd217463205da05462b43b882bc5694f0971c8bf093ea12e349625a6,OS,B,B,-5.96875,15.6875,-21.65625,-5.75,15.875,-21.625,True,14.0,6.0,0.03125
fb5af5f7dd217463205da05462b43b882bc5694f0971c8bf093ea12e349625a6,SO,B,B,0.388671875,15.9375,-15.548828125,0.1357421875,15.8125,-15.6767578125,True,259.0,4.0,0.1279296875
fb5af5f7dd217463205da05462b43b882bc5694f0971c8bf093ea12e349625a6,SS,B,B,-1.359375,15.875,-17.234375,-1.265625,16.0,-17.265625,True,24.0,4.0,0.03125
fe8d6ea33b2967974ed5d5bb87deaec20c56d3847aeb51fca31b56797035a3a8,OO,A,A,14.375,-3.71875,18.09375,14.3125,-3.828125,18.140625,True,2.0,14.0,0.046875
fe8d6ea33b2967974ed5d5bb87deaec20c56d3847aeb51fca31b56797035a3a8,OS,B,B,-7.59375,15.5625,-23.15625,-7.65625,15.4375,-23.09375,True,4.0,4.0,0.0625
fe8d6ea33b2967974ed5d5bb87deaec20c56d3847aeb51fca31b56797035a3a8,SO,B,B,-1.1875,14.25,-15.4375,-1.3203125,14.125,-15.4453125,True,34.0,4.0,0.0078125
fe8d6ea33b2967974ed5d5bb87deaec20c56d3847aeb51fca31b56797035a3a8,SS,B,B,3.28125,17.125,-13.84375,3.390625,17.25,-13.859375,True,14.0,2.0,0.015625
