source_group_id,cell,layer,position,passive_hook_applied,prediction_match_vs_D1,max_abs_delta_d_raw
05677026bd7ad785bb85a02f4258464dc4476b9c08d7f52ac641e994b9b13c2a,OO,14,R_end,1,True,0.0
05677026bd7ad785bb85a02f4258464dc4476b9c08d7f52ac641e994b9b13c2a,OO,14,C_end,1,True,0.0
05677026bd7ad785bb85a02f4258464dc4476b9c08d7f52ac641e994b9b13c2a,OO,14,D_pos,1,True,0.0
05677026bd7ad785bb85a02f4258464dc4476b9c08d7f52ac641e994b9b13c2a,OO,18,R_end,1,True,0.0
05677026bd7ad785bb85a02f4258464dc4476b9c08d7f52ac641e994b9b13c2a,OO,18,C_end,1,True,0.0
05677026bd7ad785bb85a02f4258464dc4476b9c08d7f52ac641e994b9b13c2a,OO,18,D_pos,1,True,0.0
05677026bd7ad785bb85a02f4258464dc4476b9c08d7f52ac641e994b9b13c2a,OO,22,R_end,1,True,0.0
05677026bd7ad785bb85a02f4258464dc4476b9c08d7f52ac641e994b9b13c2a,OO,22,C_end,1,True,0.0
05677026bd7ad785bb85a02f4258464dc4476b9c08d7f52ac641e994b9b13c2a,OO,22,D_pos,1,True,0.0
05677026bd7ad785bb85a02f4258464dc4476b9c08d7f52ac641e994b9b13c2a,OO,26,R_end,1,True,0.0
05677026bd7ad785bb85a02f4258464dc4476b9c08d7f52ac641e994b9b13c2a,OO,26,C_end,1,True,0.0
05677026bd7ad785bb85a02f4258464dc4476b9c08d7f52ac641e994b9b13c2a,OO,26,D_pos,1,True,0.0
05677026bd7ad785bb85a02f4258464dc4476b9c08d7f52ac641e994b9b13c2a,OS,14,R_end,1,True,0.0
05677026bd7ad785bb85a02f4258464dc4476b9c08d7f52ac641e994b9b13c2a,OS,14,C_end,1,True,0.0
05677026bd7ad785bb85a02f4258464dc4476b9c08d7f52ac641e994b9b13c2a,OS,14,D_pos,1,True,0.0
05677026bd7ad785bb85a02f4258464dc4476b9c08d7f52ac641e994b9b13c2a,OS,18,R_end,1,True,0.0
05677026bd7ad785bb85a02f4258464dc4476b9c08d7f52ac641e994b9b13c2a,OS,18,C_end,1,True,0.0
05677026bd7ad785bb85a02f4258464dc4476b9c08d7f52ac641e994b9b13c2a,OS,18,D_pos,1,True,0.0
05677026bd7ad785bb85a02f4258464dc4476b9c08d7f52ac641e994b9b13c2a,OS,22,R_end,1,True,0.0
05677026bd7ad785bb85a02f4258464dc4476b9c08d7f52ac641e994b9b13c2a,OS,22,C_end,1,True,0.0
05677026bd7ad785bb85a02f4258464dc4476b9c08d7f52ac641e994b9b13c2a,OS,22,D_pos,1,True,0.0
05677026bd7ad785bb85a02f4258464dc4476b9c08d7f52ac641e994b9b13c2a,OS,26,R_end,1,True,0.0
05677026bd7ad785bb85a02f4258464dc4476b9c08d7f52ac641e994b9b13c2a,OS,26,C_end,1,True,0.0
05677026bd7ad785bb85a02f4258464dc4476b9c08d7f52ac641e994b9b13c2a,OS,26,D_pos,1,True,0.0
05677026bd7ad785bb85a02f4258464dc4476b9c08d7f52ac641e994b9b13c2a,SO,14,R_end,1,True,0.0
05677026bd7ad785bb85a02f4258464dc4476b9c08d7f52ac641e994b9b13c2a,SO,14,C_end,1,True,0.0
05677026bd7ad785bb85a02f4258464dc4476b9c08d7f52ac641e994b9b13c2a,SO,14,D_pos,1,True,0.0
05677026bd7ad785bb85a02f4258464dc4476b9c08d7f52ac641e994b9b13c2a,SO,18,R_end,1,True,0.0
05677026bd7ad785bb85a02f4258464dc4476b9c08d7f52ac641e994b9b13c2a,SO,18,C_end,1,True,0.0
05677026bd7ad785bb85a02f4258464dc4476b9c08d7f52ac641e994b9b13c2a,SO,18,D_pos,1,True,0.0
05677026bd7ad785bb85a02f4258464dc4476b9c08d7f52ac641e994b9b13c2a,SO,22,R_end,1,True,0.0
05677026bd7ad785bb85a02f4258464dc4476b9c08d7f52ac641e994b9b13c2a,SO,22,C_end,1,True,0.0
05677026bd7ad785bb85a02f4258464dc4476b9c08d7f52ac641e994b9b13c2a,SO,22,D_pos,1,True,0.0
05677026bd7ad785bb85a02f4258464dc4476b9c08d7f52ac641e994b9b13c2a,SO,26,R_end,1,True,0.0
05677026bd7ad785bb85a02f4258464dc4476b9c08d7f52ac641e994b9b13c2a,SO,26,C_end,1,True,0.0
05677026bd7ad785bb85a02f4258464dc4476b9c08d7f52ac641e994b9b13c2a,SO,26,D_pos,1,True,0.0
05677026bd7ad785bb85a02f4258464dc4476b9c08d7f52ac641e994b9b13c2a,SS,14,R_end,1,True,0.0
05677026bd7ad785bb85a02f4258464dc4476b9c08d7f52ac641e994b9b13c2a,SS,14,C_end,1,True,0.0
05677026bd7ad785bb85a02f4258464dc4476b9c08d7f52ac641e994b9b13c2a,SS,14,D_pos,1,True,0.0
05677026bd7ad785bb85a02f4258464dc4476b9c08d7f52ac641e994b9b13c2a,SS,18,R_end,1,True,0.0
05677026bd7ad785bb85a02f4258464dc4476b9c08d7f52ac641e994b9b13c2a,SS,18,C_end,1,True,0.0
05677026bd7ad785bb85a02f4258464dc4476b9c08d7f52ac641e994b9b13c2a,SS,18,D_pos,1,True,0.0
05677026bd7ad785bb85a02f4258464dc4476b9c08d7f52ac641e994b9b13c2a,SS,22,R_end,1,True,0.0
05677026bd7ad785bb85a02f4258464dc4476b9c08d7f52ac641e994b9b13c2a,SS,22,C_end,1,True,0.0
05677026bd7ad785bb85a02f4258464dc4476b9c08d7f52ac641e994b9b13c2a,SS,22,D_pos,1,True,0.0
05677026bd7ad785bb85a02f4258464dc4476b9c08d7f52ac641e994b9b13c2a,SS,26,R_end,1,True,0.0
05677026bd7ad785bb85a02f4258464dc4476b9c08d7f52ac641e994b9b13c2a,SS,26,C_end,1,True,0.0
05677026bd7ad785bb85a02f4258464dc4476b9c08d7f52ac641e994b9b13c2a,SS,26,D_pos,1,True,0.0
06efe48e5f13ce79575b3df69ff31f1debe36fda0879f1ee34b6bf34d82a7e75,OO,14,R_end,1,True,0.0
06efe48e5f13ce79575b3df69ff31f1debe36fda0879f1ee34b6bf34d82a7e75,OO,14,C_end,1,True,0.0
06efe48e5f13ce79575b3df69ff31f1debe36fda0879f1ee34b6bf34d82a7e75,OO,14,D_pos,1,True,0.0
06efe48e5f13ce79575b3df69ff31f1debe36fda0879f1ee34b6bf34d82a7e75,OO,18,R_end,1,True,0.0
06efe48e5f13ce79575b3df69ff31f1debe36fda0879f1ee34b6bf34d82a7e75,OO,18,C_end,1,True,0.0
06efe48e5f13ce79575b3df69ff31f1debe36fda0879f1ee34b6bf34d82a7e75,OO,18,D_pos,1,True,0.0
06efe48e5f13ce79575b3df69ff31f1debe36fda0879f1ee34b6bf34d82a7e75,OO,22,R_end,1,True,0.0
06efe48e5f13ce79575b3df69ff31f1debe36fda0879f1ee34b6bf34d82a7e75,OO,22,C_end,1,True,0.0
06efe48e5f13ce79575b3df69ff31f1debe36fda0879f1ee34b6bf34d82a7e75,OO,22,D_pos,1,True,0.0
06efe48e5f13ce79575b3df69ff31f1debe36fda0879f1ee34b6bf34d82a7e75,OO,26,R_end,1,True,0.0
06efe48e5f13ce79575b3df69ff31f1debe36fda0879f1ee34b6bf34d82a7e75,OO,26,C_end,1,True,0.0
06efe48e5f13ce79575b3df69ff31f1debe36fda0879f1ee34b6bf34d82a7e75,OO,26,D_pos,1,True,0.0
06efe48e5f13ce79575b3df69ff31f1debe36fda0879f1ee34b6bf34d82a7e75,OS,14,R_end,1,True,0.0
06efe48e5f13ce79575b3df69ff31f1debe36fda0879f1ee34b6bf34d82a7e75,OS,14,C_end,1,True,0.0
06efe48e5f13ce79575b3df69ff31f1debe36fda0879f1ee34b6bf34d82a7e75,OS,14,D_pos,1,True,0.0
06efe48e5f13ce79575b3df69ff31f1debe36fda0879f1ee34b6bf34d82a7e75,OS,18,R_end,1,True,0.0
06efe48e5f13ce79575b3df69ff31f1debe36fda0879f1ee34b6bf34d82a7e75,OS,18,C_end,1,True,0.0
06efe48e5f13ce79575b3df69ff31f1debe36fda0879f1ee34b6bf34d82a7e75,OS,18,D_pos,1,True,0.0
06efe48e5f13ce79575b3df69ff31f1debe36fda0879f1ee34b6bf34d82a7e75,OS,22,R_end,1,True,0.0
06efe48e5f13ce79575b3df69ff31f1debe36fda0879f1ee34b6bf34d82a7e75,OS,22,C_end,1,True,0.0
06efe48e5f13ce79575b3df69ff31f1debe36fda0879f1ee34b6bf34d82a7e75,OS,22,D_pos,1,True,0.0
06efe48e5f13ce79575b3df69ff31f1debe36fda0879f1ee34b6bf34d82a7e75,OS,26,R_end,1,True,0.0
06efe48e5f13ce79575b3df69ff31f1debe36fda0879f1ee34b6bf34d82a7e75,OS,26,C_end,1,True,0.0
06efe48e5f13ce79575b3df69ff31f1debe36fda0879f1ee34b6bf34d82a7e75,OS,26,D_pos,1,True,0.0
06efe48e5f13ce79575b3df69ff31f1debe36fda0879f1ee34b6bf34d82a7e75,SO,14,R_end,1,True,0.0
06efe48e5f13ce79575b3df69ff31f1debe36fda0879f1ee34b6bf34d82a7e75,SO,14,C_end,1,True,0.0
06efe48e5f13ce79575b3df69ff31f1debe36fda0879f1ee34b6bf34d82a7e75,SO,14,D_pos,1,True,0.0
06efe48e5f13ce79575b3df69ff31f1debe36fda0879f1ee34b6bf34d82a7e75,SO,18,R_end,1,True,0.0
06efe48e5f13ce79575b3df69ff31f1debe36fda0879f1ee34b6bf34d82a7e75,SO,18,C_end,1,True,0.0
06efe48e5f13ce79575b3df69ff31f1debe36fda0879f1ee34b6bf34d82a7e75,SO,18,D_pos,1,True,0.0
06efe48e5f13ce79575b3df69ff31f1debe36fda0879f1ee34b6bf34d82a7e75,SO,22,R_end,1,True,0.0
06efe48e5f13ce79575b3df69ff31f1debe36fda0879f1ee34b6bf34d82a7e75,SO,22,C_end,1,True,0.0
06efe48e5f13ce79575b3df69ff31f1debe36fda0879f1ee34b6bf34d82a7e75,SO,22,D_pos,1,True,0.0
06efe48e5f13ce79575b3df69ff31f1debe36fda0879f1ee34b6bf34d82a7e75,SO,26,R_end,1,True,0.0
06efe48e5f13ce79575b3df69ff31f1debe36fda0879f1ee34b6bf34d82a7e75,SO,26,C_end,1,True,0.0
06efe48e5f13ce79575b3df69ff31f1debe36fda0879f1ee34b6bf34d82a7e75,SO,26,D_pos,1,True,0.0
06efe48e5f13ce79575b3df69ff31f1debe36fda0879f1ee34b6bf34d82a7e75,SS,14,R_end,1,True,0.0
06efe48e5f13ce79575b3df69ff31f1debe36fda0879f1ee34b6bf34d82a7e75,SS,14,C_end,1,True,0.0
06efe48e5f13ce79575b3df69ff31f1debe36fda0879f1ee34b6bf34d82a7e75,SS,14,D_pos,1,True,0.0
06efe48e5f13ce79575b3df69ff31f1debe36fda0879f1ee34b6bf34d82a7e75,SS,18,R_end,1,True,0.0
06efe48e5f13ce79575b3df69ff31f1debe36fda0879f1ee34b6bf34d82a7e75,SS,18,C_end,1,True,0.0
06efe48e5f13ce79575b3df69ff31f1debe36fda0879f1ee34b6bf34d82a7e75,SS,18,D_pos,1,True,0.0
06efe48e5f13ce79575b3df69ff31f1debe36fda0879f1ee34b6bf34d82a7e75,SS,22,R_end,1,True,0.0
06efe48e5f13ce79575b3df69ff31f1debe36fda0879f1ee34b6bf34d82a7e75,SS,22,C_end,1,True,0.0
06efe48e5f13ce79575b3df69ff31f1debe36fda0879f1ee34b6bf34d82a7e75,SS,22,D_pos,1,True,0.0
06efe48e5f13ce79575b3df69ff31f1debe36fda0879f1ee34b6bf34d82a7e75,SS,26,R_end,1,True,0.0
06efe48e5f13ce79575b3df69ff31f1debe36fda0879f1ee34b6bf34d82a7e75,SS,26,C_end,1,True,0.0
06efe48e5f13ce79575b3df69ff31f1debe36fda0879f1ee34b6bf34d82a7e75,SS,26,D_pos,1,True,0.0
0a10ac3133a9f765768b242af148337eaa1355bf976f5ec1b1904d0d49b74d69,OO,14,R_end,1,True,0.0
0a10ac3133a9f765768b242af148337eaa1355bf976f5ec1b1904d0d49b74d69,OO,14,C_end,1,True,0.0
0a10ac3133a9f765768b242af148337eaa1355bf976f5ec1b1904d0d49b74d69,OO,14,D_pos,1,True,0.0
0a10ac3133a9f765768b242af148337eaa1355bf976f5ec1b1904d0d49b74d69,OO,18,R_end,1,True,0.0
0a10ac3133a9f765768b242af148337eaa1355bf976f5ec1b1904d0d49b74d69,OO,18,C_end,1,True,0.0
0a10ac3133a9f765768b242af148337eaa1355bf976f5ec1b1904d0d49b74d69,OO,18,D_pos,1,True,0.0
0a10ac3133a9f765768b242af148337eaa1355bf976f5ec1b1904d0d49b74d69,OO,22,R_end,1,True,0.0
0a10ac3133a9f765768b242af148337eaa1355bf976f5ec1b1904d0d49b74d69,OO,22,C_end,1,True,0.0
0a10ac3133a9f765768b242af148337eaa1355bf976f5ec1b1904d0d49b74d69,OO,22,D_pos,1,True,0.0
0a10ac3133a9f765768b242af148337eaa1355bf976f5ec1b1904d0d49b74d69,OO,26,R_end,1,True,0.0
0a10ac3133a9f765768b242af148337eaa1355bf976f5ec1b1904d0d49b74d69,OO,26,C_end,1,True,0.0
0a10ac3133a9f765768b242af148337eaa1355bf976f5ec1b1904d0d49b74d69,OO,26,D_pos,1,True,0.0
0a10ac3133a9f765768b242af148337eaa1355bf976f5ec1b1904d0d49b74d69,OS,14,R_end,1,True,0.0
0a10ac3133a9f765768b242af148337eaa1355bf976f5ec1b1904d0d49b74d69,OS,14,C_end,1,True,0.0
0a10ac3133a9f765768b242af148337eaa1355bf976f5ec1b1904d0d49b74d69,OS,14,D_pos,1,True,0.0
0a10ac3133a9f765768b242af148337eaa1355bf976f5ec1b1904d0d49b74d69,OS,18,R_end,1,True,0.0
0a10ac3133a9f765768b242af148337eaa1355bf976f5ec1b1904d0d49b74d69,OS,18,C_end,1,True,0.0
0a10ac3133a9f765768b242af148337eaa1355bf976f5ec1b1904d0d49b74d69,OS,18,D_pos,1,True,0.0
0a10ac3133a9f765768b242af148337eaa1355bf976f5ec1b1904d0d49b74d69,OS,22,R_end,1,True,0.0
0a10ac3133a9f765768b242af148337eaa1355bf976f5ec1b1904d0d49b74d69,OS,22,C_end,1,True,0.0
0a10ac3133a9f765768b242af148337eaa1355bf976f5ec1b1904d0d49b74d69,OS,22,D_pos,1,True,0.0
0a10ac3133a9f765768b242af148337eaa1355bf976f5ec1b1904d0d49b74d69,OS,26,R_end,1,True,0.0
0a10ac3133a9f765768b242af148337eaa1355bf976f5ec1b1904d0d49b74d69,OS,26,C_end,1,True,0.0
0a10ac3133a9f765768b242af148337eaa1355bf976f5ec1b1904d0d49b74d69,OS,26,D_pos,1,True,0.0
0a10ac3133a9f765768b242af148337eaa1355bf976f5ec1b1904d0d49b74d69,SO,14,R_end,1,True,0.0
0a10ac3133a9f765768b242af148337eaa1355bf976f5ec1b1904d0d49b74d69,SO,14,C_end,1,True,0.0
0a10ac3133a9f765768b242af148337eaa1355bf976f5ec1b1904d0d49b74d69,SO,14,D_pos,1,True,0.0
0a10ac3133a9f765768b242af148337eaa1355bf976f5ec1b1904d0d49b74d69,SO,18,R_end,1,True,0.0
0a10ac3133a9f765768b242af148337eaa1355bf976f5ec1b1904d0d49b74d69,SO,18,C_end,1,True,0.0
0a10ac3133a9f765768b242af148337eaa1355bf976f5ec1b1904d0d49b74d69,SO,18,D_pos,1,True,0.0
0a10ac3133a9f765768b242af148337eaa1355bf976f5ec1b1904d0d49b74d69,SO,22,R_end,1,True,0.0
0a10ac3133a9f765768b242af148337eaa1355bf976f5ec1b1904d0d49b74d69,SO,22,C_end,1,True,0.0
0a10ac3133a9f765768b242af148337eaa1355bf976f5ec1b1904d0d49b74d69,SO,22,D_pos,1,True,0.0
0a10ac3133a9f765768b242af148337eaa1355bf976f5ec1b1904d0d49b74d69,SO,26,R_end,1,True,0.0
0a10ac3133a9f765768b242af148337eaa1355bf976f5ec1b1904d0d49b74d69,SO,26,C_end,1,True,0.0
0a10ac3133a9f765768b242af148337eaa1355bf976f5ec1b1904d0d49b74d69,SO,26,D_pos,1,True,0.0
0a10ac3133a9f765768b242af148337eaa1355bf976f5ec1b1904d0d49b74d69,SS,14,R_end,1,True,0.0
0a10ac3133a9f765768b242af148337eaa1355bf976f5ec1b1904d0d49b74d69,SS,14,C_end,1,True,0.0
0a10ac3133a9f765768b242af148337eaa1355bf976f5ec1b1904d0d49b74d69,SS,14,D_pos,1,True,0.0
0a10ac3133a9f765768b242af148337eaa1355bf976f5ec1b1904d0d49b74d69,SS,18,R_end,1,True,0.0
0a10ac3133a9f765768b242af148337eaa1355bf976f5ec1b1904d0d49b74d69,SS,18,C_end,1,True,0.0
0a10ac3133a9f765768b242af148337eaa1355bf976f5ec1b1904d0d49b74d69,SS,18,D_pos,1,True,0.0
0a10ac3133a9f765768b242af148337eaa1355bf976f5ec1b1904d0d49b74d69,SS,22,R_end,1,True,0.0
0a10ac3133a9f765768b242af148337eaa1355bf976f5ec1b1904d0d49b74d69,SS,22,C_end,1,True,0.0
0a10ac3133a9f765768b242af148337eaa1355bf976f5ec1b1904d0d49b74d69,SS,22,D_pos,1,True,0.0
0a10ac3133a9f765768b242af148337eaa1355bf976f5ec1b1904d0d49b74d69,SS,26,R_end,1,True,0.0
0a10ac3133a9f765768b242af148337eaa1355bf976f5ec1b1904d0d49b74d69,SS,26,C_end,1,True,0.0
0a10ac3133a9f765768b242af148337eaa1355bf976f5ec1b1904d0d49b74d69,SS,26,D_pos,1,True,0.0
0e5e53a12a3532a8b292e0da9c32e962c792c48de4cf14ea151217f38da9e546,OO,14,R_end,1,True,0.0
0e5e53a12a3532a8b292e0da9c32e962c792c48de4cf14ea151217f38da9e546,OO,14,C_end,1,True,0.0
0e5e53a12a3532a8b292e0da9c32e962c792c48de4cf14ea151217f38da9e546,OO,14,D_pos,1,True,0.0
0e5e53a12a3532a8b292e0da9c32e962c792c48de4cf14ea151217f38da9e546,OO,18,R_end,1,True,0.0
0e5e53a12a3532a8b292e0da9c32e962c792c48de4cf14ea151217f38da9e546,OO,18,C_end,1,True,0.0
0e5e53a12a3532a8b292e0da9c32e962c792c48de4cf14ea151217f38da9e546,OO,18,D_pos,1,True,0.0
0e5e53a12a3532a8b292e0da9c32e962c792c48de4cf14ea151217f38da9e546,OO,22,R_end,1,True,0.0
0e5e53a12a3532a8b292e0da9c32e962c792c48de4cf14ea151217f38da9e546,OO,22,C_end,1,True,0.0
0e5e53a12a3532a8b292e0da9c32e962c792c48de4cf14ea151217f38da9e546,OO,22,D_pos,1,True,0.0
0e5e53a12a3532a8b292e0da9c32e962c792c48de4cf14ea151217f38da9e546,OO,26,R_end,1,True,0.0
0e5e53a12a3532a8b292e0da9c32e962c792c48de4cf14ea151217f38da9e546,OO,26,C_end,1,True,0.0
0e5e53a12a3532a8b292e0da9c32e962c792c48de4cf14ea151217f38da9e546,OO,26,D_pos,1,True,0.0
0e5e53a12a3532a8b292e0da9c32e962c792c48de4cf14ea151217f38da9e546,OS,14,R_end,1,True,0.0
0e5e53a12a3532a8b292e0da9c32e962c792c48de4cf14ea151217f38da9e546,OS,14,C_end,1,True,0.0
0e5e53a12a3532a8b292e0da9c32e962c792c48de4cf14ea151217f38da9e546,OS,14,D_pos,1,True,0.0
0e5e53a12a3532a8b292e0da9c32e962c792c48de4cf14ea151217f38da9e546,OS,18,R_end,1,True,0.0
0e5e53a12a3532a8b292e0da9c32e962c792c48de4cf14ea151217f38da9e546,OS,18,C_end,1,True,0.0
0e5e53a12a3532a8b292e0da9c32e962c792c48de4cf14ea151217f38da9e546,OS,18,D_pos,1,True,0.0
0e5e53a12a3532a8b292e0da9c32e962c792c48de4cf14ea151217f38da9e546,OS,22,R_end,1,True,0.0
0e5e53a12a3532a8b292e0da9c32e962c792c48de4cf14ea151217f38da9e546,OS,22,C_end,1,True,0.0
0e5e53a12a3532a8b292e0da9c32e962c792c48de4cf14ea151217f38da9e546,OS,22,D_pos,1,True,0.0
0e5e53a12a3532a8b292e0da9c32e962c792c48de4cf14ea151217f38da9e546,OS,26,R_end,1,True,0.0
0e5e53a12a3532a8b292e0da9c32e962c792c48de4cf14ea151217f38da9e546,OS,26,C_end,1,True,0.0
0e5e53a12a3532a8b292e0da9c32e962c792c48de4cf14ea151217f38da9e546,OS,26,D_pos,1,True,0.0
0e5e53a12a3532a8b292e0da9c32e962c792c48de4cf14ea151217f38da9e546,SO,14,R_end,1,True,0.0
0e5e53a12a3532a8b292e0da9c32e962c792c48de4cf14ea151217f38da9e546,SO,14,C_end,1,True,0.0
0e5e53a12a3532a8b292e0da9c32e962c792c48de4cf14ea151217f38da9e546,SO,14,D_pos,1,True,0.0
0e5e53a12a3532a8b292e0da9c32e962c792c48de4cf14ea151217f38da9e546,SO,18,R_end,1,True,0.0
0e5e53a12a3532a8b292e0da9c32e962c792c48de4cf14ea151217f38da9e546,SO,18,C_end,1,True,0.0
0e5e53a12a3532a8b292e0da9c32e962c792c48de4cf14ea151217f38da9e546,SO,18,D_pos,1,True,0.0
0e5e53a12a3532a8b292e0da9c32e962c792c48de4cf14ea151217f38da9e546,SO,22,R_end,1,True,0.0
0e5e53a12a3532a8b292e0da9c32e962c792c48de4cf14ea151217f38da9e546,SO,22,C_end,1,True,0.0
0e5e53a12a3532a8b292e0da9c32e962c792c48de4cf14ea151217f38da9e546,SO,22,D_pos,1,True,0.0
0e5e53a12a3532a8b292e0da9c32e962c792c48de4cf14ea151217f38da9e546,SO,26,R_end,1,True,0.0
0e5e53a12a3532a8b292e0da9c32e962c792c48de4cf14ea151217f38da9e546,SO,26,C_end,1,True,0.0
0e5e53a12a3532a8b292e0da9c32e962c792c48de4cf14ea151217f38da9e546,SO,26,D_pos,1,True,0.0
0e5e53a12a3532a8b292e0da9c32e962c792c48de4cf14ea151217f38da9e546,SS,14,R_end,1,True,0.0
0e5e53a12a3532a8b292e0da9c32e962c792c48de4cf14ea151217f38da9e546,SS,14,C_end,1,True,0.0
0e5e53a12a3532a8b292e0da9c32e962c792c48de4cf14ea151217f38da9e546,SS,14,D_pos,1,True,0.0
0e5e53a12a3532a8b292e0da9c32e962c792c48de4cf14ea151217f38da9e546,SS,18,R_end,1,True,0.0
0e5e53a12a3532a8b292e0da9c32e962c792c48de4cf14ea151217f38da9e546,SS,18,C_end,1,True,0.0
0e5e53a12a3532a8b292e0da9c32e962c792c48de4cf14ea151217f38da9e546,SS,18,D_pos,1,True,0.0
0e5e53a12a3532a8b292e0da9c32e962c792c48de4cf14ea151217f38da9e546,SS,22,R_end,1,True,0.0
0e5e53a12a3532a8b292e0da9c32e962c792c48de4cf14ea151217f38da9e546,SS,22,C_end,1,True,0.0
0e5e53a12a3532a8b292e0da9c32e962c792c48de4cf14ea151217f38da9e546,SS,22,D_pos,1,True,0.0
0e5e53a12a3532a8b292e0da9c32e962c792c48de4cf14ea151217f38da9e546,SS,26,R_end,1,True,0.0
0e5e53a12a3532a8b292e0da9c32e962c792c48de4cf14ea151217f38da9e546,SS,26,C_end,1,True,0.0
0e5e53a12a3532a8b292e0da9c32e962c792c48de4cf14ea151217f38da9e546,SS,26,D_pos,1,True,0.0
0e6720dd58fc316e965e53fb88c5ce64e44eec09e9871c0869bdb0d5aac8fb45,OO,14,R_end,1,True,0.0
0e6720dd58fc316e965e53fb88c5ce64e44eec09e9871c0869bdb0d5aac8fb45,OO,14,C_end,1,True,0.0
0e6720dd58fc316e965e53fb88c5ce64e44eec09e9871c0869bdb0d5aac8fb45,OO,14,D_pos,1,True,0.0
0e6720dd58fc316e965e53fb88c5ce64e44eec09e9871c0869bdb0d5aac8fb45,OO,18,R_end,1,True,0.0
0e6720dd58fc316e965e53fb88c5ce64e44eec09e9871c0869bdb0d5aac8fb45,OO,18,C_end,1,True,0.0
0e6720dd58fc316e965e53fb88c5ce64e44eec09e9871c0869bdb0d5aac8fb45,OO,18,D_pos,1,True,0.0
0e6720dd58fc316e965e53fb88c5ce64e44eec09e9871c0869bdb0d5aac8fb45,OO,22,R_end,1,True,0.0
0e6720dd58fc316e965e53fb88c5ce64e44eec09e9871c0869bdb0d5aac8fb45,OO,22,C_end,1,True,0.0
0e6720dd58fc316e965e53fb88c5ce64e44eec09e9871c0869bdb0d5aac8fb45,OO,22,D_pos,1,True,0.0
0e6720dd58fc316e965e53fb88c5ce64e44eec09e9871c0869bdb0d5aac8fb45,OO,26,R_end,1,True,0.0
0e6720dd58fc316e965e53fb88c5ce64e44eec09e9871c0869bdb0d5aac8fb45,OO,26,C_end,1,True,0.0
0e6720dd58fc316e965e53fb88c5ce64e44eec09e9871c0869bdb0d5aac8fb45,OO,26,D_pos,1,True,0.0
0e6720dd58fc316e965e53fb88c5ce64e44eec09e9871c0869bdb0d5aac8fb45,OS,14,R_end,1,True,0.0
0e6720dd58fc316e965e53fb88c5ce64e44eec09e9871c0869bdb0d5aac8fb45,OS,14,C_end,1,True,0.0
0e6720dd58fc316e965e53fb88c5ce64e44eec09e9871c0869bdb0d5aac8fb45,OS,14,D_pos,1,True,0.0
0e6720dd58fc316e965e53fb88c5ce64e44eec09e9871c0869bdb0d5aac8fb45,OS,18,R_end,1,True,0.0
0e6720dd58fc316e965e53fb88c5ce64e44eec09e9871c0869bdb0d5aac8fb45,OS,18,C_end,1,True,0.0
0e6720dd58fc316e965e53fb88c5ce64e44eec09e9871c0869bdb0d5aac8fb45,OS,18,D_pos,1,True,0.0
0e6720dd58fc316e965e53fb88c5ce64e44eec09e9871c0869bdb0d5aac8fb45,OS,22,R_end,1,True,0.0
0e6720dd58fc316e965e53fb88c5ce64e44eec09e9871c0869bdb0d5aac8fb45,OS,22,C_end,1,True,0.0
0e6720dd58fc316e965e53fb88c5ce64e44eec09e9871c0869bdb0d5aac8fb45,OS,22,D_pos,1,True,0.0
0e6720dd58fc316e965e53fb88c5ce64e44eec09e9871c0869bdb0d5aac8fb45,OS,26,R_end,1,True,0.0
0e6720dd58fc316e965e53fb88c5ce64e44eec09e9871c0869bdb0d5aac8fb45,OS,26,C_end,1,True,0.0
0e6720dd58fc316e965e53fb88c5ce64e44eec09e9871c0869bdb0d5aac8fb45,OS,26,D_pos,1,True,0.0
0e6720dd58fc316e965e53fb88c5ce64e44eec09e9871c0869bdb0d5aac8fb45,SO,14,R_end,1,True,0.0
0e6720dd58fc316e965e53fb88c5ce64e44eec09e9871c0869bdb0d5aac8fb45,SO,14,C_end,1,True,0.0
0e6720dd58fc316e965e53fb88c5ce64e44eec09e9871c0869bdb0d5aac8fb45,SO,14,D_pos,1,True,0.0
0e6720dd58fc316e965e53fb88c5ce64e44eec09e9871c0869bdb0d5aac8fb45,SO,18,R_end,1,True,0.0
0e6720dd58fc316e965e53fb88c5ce64e44eec09e9871c0869bdb0d5aac8fb45,SO,18,C_end,1,True,0.0
0e6720dd58fc316e965e53fb88c5ce64e44eec09e9871c0869bdb0d5aac8fb45,SO,18,D_pos,1,True,0.0
0e6720dd58fc316e965e53fb88c5ce64e44eec09e9871c0869bdb0d5aac8fb45,SO,22,R_end,1,True,0.0
0e6720dd58fc316e965e53fb88c5ce64e44eec09e9871c0869bdb0d5aac8fb45,SO,22,C_end,1,True,0.0
0e6720dd58fc316e965e53fb88c5ce64e44eec09e9871c0869bdb0d5aac8fb45,SO,22,D_pos,1,True,0.0
0e6720dd58fc316e965e53fb88c5ce64e44eec09e9871c0869bdb0d5aac8fb45,SO,26,R_end,1,True,0.0
0e6720dd58fc316e965e53fb88c5ce64e44eec09e9871c0869bdb0d5aac8fb45,SO,26,C_end,1,True,0.0
0e6720dd58fc316e965e53fb88c5ce64e44eec09e9871c0869bdb0d5aac8fb45,SO,26,D_pos,1,True,0.0
0e6720dd58fc316e965e53fb88c5ce64e44eec09e9871c0869bdb0d5aac8fb45,SS,14,R_end,1,True,0.0
0e6720dd58fc316e965e53fb88c5ce64e44eec09e9871c0869bdb0d5aac8fb45,SS,14,C_end,1,True,0.0
0e6720dd58fc316e965e53fb88c5ce64e44eec09e9871c0869bdb0d5aac8fb45,SS,14,D_pos,1,True,0.0
0e6720dd58fc316e965e53fb88c5ce64e44eec09e9871c0869bdb0d5aac8fb45,SS,18,R_end,1,True,0.0
0e6720dd58fc316e965e53fb88c5ce64e44eec09e9871c0869bdb0d5aac8fb45,SS,18,C_end,1,True,0.0
0e6720dd58fc316e965e53fb88c5ce64e44eec09e9871c0869bdb0d5aac8fb45,SS,18,D_pos,1,True,0.0
0e6720dd58fc316e965e53fb88c5ce64e44eec09e9871c0869bdb0d5aac8fb45,SS,22,R_end,1,True,0.0
0e6720dd58fc316e965e53fb88c5ce64e44eec09e9871c0869bdb0d5aac8fb45,SS,22,C_end,1,True,0.0
0e6720dd58fc316e965e53fb88c5ce64e44eec09e9871c0869bdb0d5aac8fb45,SS,22,D_pos,1,True,0.0
0e6720dd58fc316e965e53fb88c5ce64e44eec09e9871c0869bdb0d5aac8fb45,SS,26,R_end,1,True,0.0
0e6720dd58fc316e965e53fb88c5ce64e44eec09e9871c0869bdb0d5aac8fb45,SS,26,C_end,1,True,0.0
0e6720dd58fc316e965e53fb88c5ce64e44eec09e9871c0869bdb0d5aac8fb45,SS,26,D_pos,1,True,0.0
0f7d3b6b43185a49146f9aaa61004619b4a66588a563e78ee9496ebd709b0e37,OO,14,R_end,1,True,0.0
0f7d3b6b43185a49146f9aaa61004619b4a66588a563e78ee9496ebd709b0e37,OO,14,C_end,1,True,0.0
0f7d3b6b43185a49146f9aaa61004619b4a66588a563e78ee9496ebd709b0e37,OO,14,D_pos,1,True,0.0
0f7d3b6b43185a49146f9aaa61004619b4a66588a563e78ee9496ebd709b0e37,OO,18,R_end,1,True,0.0
0f7d3b6b43185a49146f9aaa61004619b4a66588a563e78ee9496ebd709b0e37,OO,18,C_end,1,True,0.0
0f7d3b6b43185a49146f9aaa61004619b4a66588a563e78ee9496ebd709b0e37,OO,18,D_pos,1,True,0.0
0f7d3b6b43185a49146f9aaa61004619b4a66588a563e78ee9496ebd709b0e37,OO,22,R_end,1,True,0.0
0f7d3b6b43185a49146f9aaa61004619b4a66588a563e78ee9496ebd709b0e37,OO,22,C_end,1,True,0.0
0f7d3b6b43185a49146f9aaa61004619b4a66588a563e78ee9496ebd709b0e37,OO,22,D_pos,1,True,0.0
0f7d3b6b43185a49146f9aaa61004619b4a66588a563e78ee9496ebd709b0e37,OO,26,R_end,1,True,0.0
0f7d3b6b43185a49146f9aaa61004619b4a66588a563e78ee9496ebd709b0e37,OO,26,C_end,1,True,0.0
0f7d3b6b43185a49146f9aaa61004619b4a66588a563e78ee9496ebd709b0e37,OO,26,D_pos,1,True,0.0
0f7d3b6b43185a49146f9aaa61004619b4a66588a563e78ee9496ebd709b0e37,OS,14,R_end,1,True,0.0
0f7d3b6b43185a49146f9aaa61004619b4a66588a563e78ee9496ebd709b0e37,OS,14,C_end,1,True,0.0
0f7d3b6b43185a49146f9aaa61004619b4a66588a563e78ee9496ebd709b0e37,OS,14,D_pos,1,True,0.0
0f7d3b6b43185a49146f9aaa61004619b4a66588a563e78ee9496ebd709b0e37,OS,18,R_end,1,True,0.0
0f7d3b6b43185a49146f9aaa61004619b4a66588a563e78ee9496ebd709b0e37,OS,18,C_end,1,True,0.0
0f7d3b6b43185a49146f9aaa61004619b4a66588a563e78ee9496ebd709b0e37,OS,18,D_pos,1,True,0.0
0f7d3b6b43185a49146f9aaa61004619b4a66588a563e78ee9496ebd709b0e37,OS,22,R_end,1,True,0.0
0f7d3b6b43185a49146f9aaa61004619b4a66588a563e78ee9496ebd709b0e37,OS,22,C_end,1,True,0.0
0f7d3b6b43185a49146f9aaa61004619b4a66588a563e78ee9496ebd709b0e37,OS,22,D_pos,1,True,0.0
0f7d3b6b43185a49146f9aaa61004619b4a66588a563e78ee9496ebd709b0e37,OS,26,R_end,1,True,0.0
0f7d3b6b43185a49146f9aaa61004619b4a66588a563e78ee9496ebd709b0e37,OS,26,C_end,1,True,0.0
0f7d3b6b43185a49146f9aaa61004619b4a66588a563e78ee9496ebd709b0e37,OS,26,D_pos,1,True,0.0
0f7d3b6b43185a49146f9aaa61004619b4a66588a563e78ee9496ebd709b0e37,SO,14,R_end,1,True,0.0
0f7d3b6b43185a49146f9aaa61004619b4a66588a563e78ee9496ebd709b0e37,SO,14,C_end,1,True,0.0
0f7d3b6b43185a49146f9aaa61004619b4a66588a563e78ee9496ebd709b0e37,SO,14,D_pos,1,True,0.0
0f7d3b6b43185a49146f9aaa61004619b4a66588a563e78ee9496ebd709b0e37,SO,18,R_end,1,True,0.0
0f7d3b6b43185a49146f9aaa61004619b4a66588a563e78ee9496ebd709b0e37,SO,18,C_end,1,True,0.0
0f7d3b6b43185a49146f9aaa61004619b4a66588a563e78ee9496ebd709b0e37,SO,18,D_pos,1,True,0.0
0f7d3b6b43185a49146f9aaa61004619b4a66588a563e78ee9496ebd709b0e37,SO,22,R_end,1,True,0.0
0f7d3b6b43185a49146f9aaa61004619b4a66588a563e78ee9496ebd709b0e37,SO,22,C_end,1,True,0.0
0f7d3b6b43185a49146f9aaa61004619b4a66588a563e78ee9496ebd709b0e37,SO,22,D_pos,1,True,0.0
0f7d3b6b43185a49146f9aaa61004619b4a66588a563e78ee9496ebd709b0e37,SO,26,R_end,1,True,0.0
0f7d3b6b43185a49146f9aaa61004619b4a66588a563e78ee9496ebd709b0e37,SO,26,C_end,1,True,0.0
0f7d3b6b43185a49146f9aaa61004619b4a66588a563e78ee9496ebd709b0e37,SO,26,D_pos,1,True,0.0
0f7d3b6b43185a49146f9aaa61004619b4a66588a563e78ee9496ebd709b0e37,SS,14,R_end,1,True,0.0
0f7d3b6b43185a49146f9aaa61004619b4a66588a563e78ee9496ebd709b0e37,SS,14,C_end,1,True,0.0
0f7d3b6b43185a49146f9aaa61004619b4a66588a563e78ee9496ebd709b0e37,SS,14,D_pos,1,True,0.0
0f7d3b6b43185a49146f9aaa61004619b4a66588a563e78ee9496ebd709b0e37,SS,18,R_end,1,True,0.0
0f7d3b6b43185a49146f9aaa61004619b4a66588a563e78ee9496ebd709b0e37,SS,18,C_end,1,True,0.0
0f7d3b6b43185a49146f9aaa61004619b4a66588a563e78ee9496ebd709b0e37,SS,18,D_pos,1,True,0.0
0f7d3b6b43185a49146f9aaa61004619b4a66588a563e78ee9496ebd709b0e37,SS,22,R_end,1,True,0.0
0f7d3b6b43185a49146f9aaa61004619b4a66588a563e78ee9496ebd709b0e37,SS,22,C_end,1,True,0.0
0f7d3b6b43185a49146f9aaa61004619b4a66588a563e78ee9496ebd709b0e37,SS,22,D_pos,1,True,0.0
0f7d3b6b43185a49146f9aaa61004619b4a66588a563e78ee9496ebd709b0e37,SS,26,R_end,1,True,0.0
0f7d3b6b43185a49146f9aaa61004619b4a66588a563e78ee9496ebd709b0e37,SS,26,C_end,1,True,0.0
0f7d3b6b43185a49146f9aaa61004619b4a66588a563e78ee9496ebd709b0e37,SS,26,D_pos,1,True,0.0
10c688835407c6795fb879cb2535d55f0927bb85029e051e3aa4de6c67c47398,OO,14,R_end,1,True,0.0
10c688835407c6795fb879cb2535d55f0927bb85029e051e3aa4de6c67c47398,OO,14,C_end,1,True,0.0
10c688835407c6795fb879cb2535d55f0927bb85029e051e3aa4de6c67c47398,OO,14,D_pos,1,True,0.0
10c688835407c6795fb879cb2535d55f0927bb85029e051e3aa4de6c67c47398,OO,18,R_end,1,True,0.0
10c688835407c6795fb879cb2535d55f0927bb85029e051e3aa4de6c67c47398,OO,18,C_end,1,True,0.0
10c688835407c6795fb879cb2535d55f0927bb85029e051e3aa4de6c67c47398,OO,18,D_pos,1,True,0.0
10c688835407c6795fb879cb2535d55f0927bb85029e051e3aa4de6c67c47398,OO,22,R_end,1,True,0.0
10c688835407c6795fb879cb2535d55f0927bb85029e051e3aa4de6c67c47398,OO,22,C_end,1,True,0.0
10c688835407c6795fb879cb2535d55f0927bb85029e051e3aa4de6c67c47398,OO,22,D_pos,1,True,0.0
10c688835407c6795fb879cb2535d55f0927bb85029e051e3aa4de6c67c47398,OO,26,R_end,1,True,0.0
10c688835407c6795fb879cb2535d55f0927bb85029e051e3aa4de6c67c47398,OO,26,C_end,1,True,0.0
10c688835407c6795fb879cb2535d55f0927bb85029e051e3aa4de6c67c47398,OO,26,D_pos,1,True,0.0
10c688835407c6795fb879cb2535d55f0927bb85029e051e3aa4de6c67c47398,OS,14,R_end,1,True,0.0
10c688835407c6795fb879cb2535d55f0927bb85029e051e3aa4de6c67c47398,OS,14,C_end,1,True,0.0
10c688835407c6795fb879cb2535d55f0927bb85029e051e3aa4de6c67c47398,OS,14,D_pos,1,True,0.0
10c688835407c6795fb879cb2535d55f0927bb85029e051e3aa4de6c67c47398,OS,18,R_end,1,True,0.0
10c688835407c6795fb879cb2535d55f0927bb85029e051e3aa4de6c67c47398,OS,18,C_end,1,True,0.0
10c688835407c6795fb879cb2535d55f0927bb85029e051e3aa4de6c67c47398,OS,18,D_pos,1,True,0.0
10c688835407c6795fb879cb2535d55f0927bb85029e051e3aa4de6c67c47398,OS,22,R_end,1,True,0.0
10c688835407c6795fb879cb2535d55f0927bb85029e051e3aa4de6c67c47398,OS,22,C_end,1,True,0.0
10c688835407c6795fb879cb2535d55f0927bb85029e051e3aa4de6c67c47398,OS,22,D_pos,1,True,0.0
10c688835407c6795fb879cb2535d55f0927bb85029e051e3aa4de6c67c47398,OS,26,R_end,1,True,0.0
10c688835407c6795fb879cb2535d55f0927bb85029e051e3aa4de6c67c47398,OS,26,C_end,1,True,0.0
10c688835407c6795fb879cb2535d55f0927bb85029e051e3aa4de6c67c47398,OS,26,D_pos,1,True,0.0
10c688835407c6795fb879cb2535d55f0927bb85029e051e3aa4de6c67c47398,SO,14,R_end,1,True,0.0
10c688835407c6795fb879cb2535d55f0927bb85029e051e3aa4de6c67c47398,SO,14,C_end,1,True,0.0
10c688835407c6795fb879cb2535d55f0927bb85029e051e3aa4de6c67c47398,SO,14,D_pos,1,True,0.0
10c688835407c6795fb879cb2535d55f0927bb85029e051e3aa4de6c67c47398,SO,18,R_end,1,True,0.0
10c688835407c6795fb879cb2535d55f0927bb85029e051e3aa4de6c67c47398,SO,18,C_end,1,True,0.0
10c688835407c6795fb879cb2535d55f0927bb85029e051e3aa4de6c67c47398,SO,18,D_pos,1,True,0.0
10c688835407c6795fb879cb2535d55f0927bb85029e051e3aa4de6c67c47398,SO,22,R_end,1,True,0.0
10c688835407c6795fb879cb2535d55f0927bb85029e051e3aa4de6c67c47398,SO,22,C_end,1,True,0.0
10c688835407c6795fb879cb2535d55f0927bb85029e051e3aa4de6c67c47398,SO,22,D_pos,1,True,0.0
10c688835407c6795fb879cb2535d55f0927bb85029e051e3aa4de6c67c47398,SO,26,R_end,1,True,0.0
10c688835407c6795fb879cb2535d55f0927bb85029e051e3aa4de6c67c47398,SO,26,C_end,1,True,0.0
10c688835407c6795fb879cb2535d55f0927bb85029e051e3aa4de6c67c47398,SO,26,D_pos,1,True,0.0
10c688835407c6795fb879cb2535d55f0927bb85029e051e3aa4de6c67c47398,SS,14,R_end,1,True,0.0
10c688835407c6795fb879cb2535d55f0927bb85029e051e3aa4de6c67c47398,SS,14,C_end,1,True,0.0
10c688835407c6795fb879cb2535d55f0927bb85029e051e3aa4de6c67c47398,SS,14,D_pos,1,True,0.0
10c688835407c6795fb879cb2535d55f0927bb85029e051e3aa4de6c67c47398,SS,18,R_end,1,True,0.0
10c688835407c6795fb879cb2535d55f0927bb85029e051e3aa4de6c67c47398,SS,18,C_end,1,True,0.0
10c688835407c6795fb879cb2535d55f0927bb85029e051e3aa4de6c67c47398,SS,18,D_pos,1,True,0.0
10c688835407c6795fb879cb2535d55f0927bb85029e051e3aa4de6c67c47398,SS,22,R_end,1,True,0.0
10c688835407c6795fb879cb2535d55f0927bb85029e051e3aa4de6c67c47398,SS,22,C_end,1,True,0.0
10c688835407c6795fb879cb2535d55f0927bb85029e051e3aa4de6c67c47398,SS,22,D_pos,1,True,0.0
10c688835407c6795fb879cb2535d55f0927bb85029e051e3aa4de6c67c47398,SS,26,R_end,1,True,0.0
10c688835407c6795fb879cb2535d55f0927bb85029e051e3aa4de6c67c47398,SS,26,C_end,1,True,0.0
10c688835407c6795fb879cb2535d55f0927bb85029e051e3aa4de6c67c47398,SS,26,D_pos,1,True,0.0
10d1ca49154e403b4cc726dc01e324f7682258a89f9d3e5dfcb79cf6f7ae6c5c,OO,14,R_end,1,True,0.0
10d1ca49154e403b4cc726dc01e324f7682258a89f9d3e5dfcb79cf6f7ae6c5c,OO,14,C_end,1,True,0.0
10d1ca49154e403b4cc726dc01e324f7682258a89f9d3e5dfcb79cf6f7ae6c5c,OO,14,D_pos,1,True,0.0
10d1ca49154e403b4cc726dc01e324f7682258a89f9d3e5dfcb79cf6f7ae6c5c,OO,18,R_end,1,True,0.0
10d1ca49154e403b4cc726dc01e324f7682258a89f9d3e5dfcb79cf6f7ae6c5c,OO,18,C_end,1,True,0.0
10d1ca49154e403b4cc726dc01e324f7682258a89f9d3e5dfcb79cf6f7ae6c5c,OO,18,D_pos,1,True,0.0
10d1ca49154e403b4cc726dc01e324f7682258a89f9d3e5dfcb79cf6f7ae6c5c,OO,22,R_end,1,True,0.0
10d1ca49154e403b4cc726dc01e324f7682258a89f9d3e5dfcb79cf6f7ae6c5c,OO,22,C_end,1,True,0.0
10d1ca49154e403b4cc726dc01e324f7682258a89f9d3e5dfcb79cf6f7ae6c5c,OO,22,D_pos,1,True,0.0
10d1ca49154e403b4cc726dc01e324f7682258a89f9d3e5dfcb79cf6f7ae6c5c,OO,26,R_end,1,True,0.0
10d1ca49154e403b4cc726dc01e324f7682258a89f9d3e5dfcb79cf6f7ae6c5c,OO,26,C_end,1,True,0.0
10d1ca49154e403b4cc726dc01e324f7682258a89f9d3e5dfcb79cf6f7ae6c5c,OO,26,D_pos,1,True,0.0
10d1ca49154e403b4cc726dc01e324f7682258a89f9d3e5dfcb79cf6f7ae6c5c,OS,14,R_end,1,True,0.0
10d1ca49154e403b4cc726dc01e324f7682258a89f9d3e5dfcb79cf6f7ae6c5c,OS,14,C_end,1,True,0.0
10d1ca49154e403b4cc726dc01e324f7682258a89f9d3e5dfcb79cf6f7ae6c5c,OS,14,D_pos,1,True,0.0
10d1ca49154e403b4cc726dc01e324f7682258a89f9d3e5dfcb79cf6f7ae6c5c,OS,18,R_end,1,True,0.0
10d1ca49154e403b4cc726dc01e324f7682258a89f9d3e5dfcb79cf6f7ae6c5c,OS,18,C_end,1,True,0.0
10d1ca49154e403b4cc726dc01e324f7682258a89f9d3e5dfcb79cf6f7ae6c5c,OS,18,D_pos,1,True,0.0
10d1ca49154e403b4cc726dc01e324f7682258a89f9d3e5dfcb79cf6f7ae6c5c,OS,22,R_end,1,True,0.0
10d1ca49154e403b4cc726dc01e324f7682258a89f9d3e5dfcb79cf6f7ae6c5c,OS,22,C_end,1,True,0.0
10d1ca49154e403b4cc726dc01e324f7682258a89f9d3e5dfcb79cf6f7ae6c5c,OS,22,D_pos,1,True,0.0
10d1ca49154e403b4cc726dc01e324f7682258a89f9d3e5dfcb79cf6f7ae6c5c,OS,26,R_end,1,True,0.0
10d1ca49154e403b4cc726dc01e324f7682258a89f9d3e5dfcb79cf6f7ae6c5c,OS,26,C_end,1,True,0.0
10d1ca49154e403b4cc726dc01e324f7682258a89f9d3e5dfcb79cf6f7ae6c5c,OS,26,D_pos,1,True,0.0
10d1ca49154e403b4cc726dc01e324f7682258a89f9d3e5dfcb79cf6f7ae6c5c,SO,14,R_end,1,True,0.0
10d1ca49154e403b4cc726dc01e324f7682258a89f9d3e5dfcb79cf6f7ae6c5c,SO,14,C_end,1,True,0.0
10d1ca49154e403b4cc726dc01e324f7682258a89f9d3e5dfcb79cf6f7ae6c5c,SO,14,D_pos,1,True,0.0
10d1ca49154e403b4cc726dc01e324f7682258a89f9d3e5dfcb79cf6f7ae6c5c,SO,18,R_end,1,True,0.0
10d1ca49154e403b4cc726dc01e324f7682258a89f9d3e5dfcb79cf6f7ae6c5c,SO,18,C_end,1,True,0.0
10d1ca49154e403b4cc726dc01e324f7682258a89f9d3e5dfcb79cf6f7ae6c5c,SO,18,D_pos,1,True,0.0
10d1ca49154e403b4cc726dc01e324f7682258a89f9d3e5dfcb79cf6f7ae6c5c,SO,22,R_end,1,True,0.0
10d1ca49154e403b4cc726dc01e324f7682258a89f9d3e5dfcb79cf6f7ae6c5c,SO,22,C_end,1,True,0.0
10d1ca49154e403b4cc726dc01e324f7682258a89f9d3e5dfcb79cf6f7ae6c5c,SO,22,D_pos,1,True,0.0
10d1ca49154e403b4cc726dc01e324f7682258a89f9d3e5dfcb79cf6f7ae6c5c,SO,26,R_end,1,True,0.0
10d1ca49154e403b4cc726dc01e324f7682258a89f9d3e5dfcb79cf6f7ae6c5c,SO,26,C_end,1,True,0.0
10d1ca49154e403b4cc726dc01e324f7682258a89f9d3e5dfcb79cf6f7ae6c5c,SO,26,D_pos,1,True,0.0
10d1ca49154e403b4cc726dc01e324f7682258a89f9d3e5dfcb79cf6f7ae6c5c,SS,14,R_end,1,True,0.0
10d1ca49154e403b4cc726dc01e324f7682258a89f9d3e5dfcb79cf6f7ae6c5c,SS,14,C_end,1,True,0.0
10d1ca49154e403b4cc726dc01e324f7682258a89f9d3e5dfcb79cf6f7ae6c5c,SS,14,D_pos,1,True,0.0
10d1ca49154e403b4cc726dc01e324f7682258a89f9d3e5dfcb79cf6f7ae6c5c,SS,18,R_end,1,True,0.0
10d1ca49154e403b4cc726dc01e324f7682258a89f9d3e5dfcb79cf6f7ae6c5c,SS,18,C_end,1,True,0.0
10d1ca49154e403b4cc726dc01e324f7682258a89f9d3e5dfcb79cf6f7ae6c5c,SS,18,D_pos,1,True,0.0
10d1ca49154e403b4cc726dc01e324f7682258a89f9d3e5dfcb79cf6f7ae6c5c,SS,22,R_end,1,True,0.0
10d1ca49154e403b4cc726dc01e324f7682258a89f9d3e5dfcb79cf6f7ae6c5c,SS,22,C_end,1,True,0.0
10d1ca49154e403b4cc726dc01e324f7682258a89f9d3e5dfcb79cf6f7ae6c5c,SS,22,D_pos,1,True,0.0
10d1ca49154e403b4cc726dc01e324f7682258a89f9d3e5dfcb79cf6f7ae6c5c,SS,26,R_end,1,True,0.0
10d1ca49154e403b4cc726dc01e324f7682258a89f9d3e5dfcb79cf6f7ae6c5c,SS,26,C_end,1,True,0.0
10d1ca49154e403b4cc726dc01e324f7682258a89f9d3e5dfcb79cf6f7ae6c5c,SS,26,D_pos,1,True,0.0
121e26ee9b46cb89d2b26ca75281dd4a9e3fc03bacd4c01f7791bd5ede17b716,OO,14,R_end,1,True,0.0
121e26ee9b46cb89d2b26ca75281dd4a9e3fc03bacd4c01f7791bd5ede17b716,OO,14,C_end,1,True,0.0
121e26ee9b46cb89d2b26ca75281dd4a9e3fc03bacd4c01f7791bd5ede17b716,OO,14,D_pos,1,True,0.0
121e26ee9b46cb89d2b26ca75281dd4a9e3fc03bacd4c01f7791bd5ede17b716,OO,18,R_end,1,True,0.0
121e26ee9b46cb89d2b26ca75281dd4a9e3fc03bacd4c01f7791bd5ede17b716,OO,18,C_end,1,True,0.0
121e26ee9b46cb89d2b26ca75281dd4a9e3fc03bacd4c01f7791bd5ede17b716,OO,18,D_pos,1,True,0.0
121e26ee9b46cb89d2b26ca75281dd4a9e3fc03bacd4c01f7791bd5ede17b716,OO,22,R_end,1,True,0.0
121e26ee9b46cb89d2b26ca75281dd4a9e3fc03bacd4c01f7791bd5ede17b716,OO,22,C_end,1,True,0.0
121e26ee9b46cb89d2b26ca75281dd4a9e3fc03bacd4c01f7791bd5ede17b716,OO,22,D_pos,1,True,0.0
121e26ee9b46cb89d2b26ca75281dd4a9e3fc03bacd4c01f7791bd5ede17b716,OO,26,R_end,1,True,0.0
121e26ee9b46cb89d2b26ca75281dd4a9e3fc03bacd4c01f7791bd5ede17b716,OO,26,C_end,1,True,0.0
121e26ee9b46cb89d2b26ca75281dd4a9e3fc03bacd4c01f7791bd5ede17b716,OO,26,D_pos,1,True,0.0
121e26ee9b46cb89d2b26ca75281dd4a9e3fc03bacd4c01f7791bd5ede17b716,OS,14,R_end,1,True,0.0
121e26ee9b46cb89d2b26ca75281dd4a9e3fc03bacd4c01f7791bd5ede17b716,OS,14,C_end,1,True,0.0
121e26ee9b46cb89d2b26ca75281dd4a9e3fc03bacd4c01f7791bd5ede17b716,OS,14,D_pos,1,True,0.0
121e26ee9b46cb89d2b26ca75281dd4a9e3fc03bacd4c01f7791bd5ede17b716,OS,18,R_end,1,True,0.0
121e26ee9b46cb89d2b26ca75281dd4a9e3fc03bacd4c01f7791bd5ede17b716,OS,18,C_end,1,True,0.0
121e26ee9b46cb89d2b26ca75281dd4a9e3fc03bacd4c01f7791bd5ede17b716,OS,18,D_pos,1,True,0.0
121e26ee9b46cb89d2b26ca75281dd4a9e3fc03bacd4c01f7791bd5ede17b716,OS,22,R_end,1,True,0.0
121e26ee9b46cb89d2b26ca75281dd4a9e3fc03bacd4c01f7791bd5ede17b716,OS,22,C_end,1,True,0.0
121e26ee9b46cb89d2b26ca75281dd4a9e3fc03bacd4c01f7791bd5ede17b716,OS,22,D_pos,1,True,0.0
121e26ee9b46cb89d2b26ca75281dd4a9e3fc03bacd4c01f7791bd5ede17b716,OS,26,R_end,1,True,0.0
121e26ee9b46cb89d2b26ca75281dd4a9e3fc03bacd4c01f7791bd5ede17b716,OS,26,C_end,1,True,0.0
121e26ee9b46cb89d2b26ca75281dd4a9e3fc03bacd4c01f7791bd5ede17b716,OS,26,D_pos,1,True,0.0
121e26ee9b46cb89d2b26ca75281dd4a9e3fc03bacd4c01f7791bd5ede17b716,SO,14,R_end,1,True,0.0
121e26ee9b46cb89d2b26ca75281dd4a9e3fc03bacd4c01f7791bd5ede17b716,SO,14,C_end,1,True,0.0
121e26ee9b46cb89d2b26ca75281dd4a9e3fc03bacd4c01f7791bd5ede17b716,SO,14,D_pos,1,True,0.0
121e26ee9b46cb89d2b26ca75281dd4a9e3fc03bacd4c01f7791bd5ede17b716,SO,18,R_end,1,True,0.0
121e26ee9b46cb89d2b26ca75281dd4a9e3fc03bacd4c01f7791bd5ede17b716,SO,18,C_end,1,True,0.0
121e26ee9b46cb89d2b26ca75281dd4a9e3fc03bacd4c01f7791bd5ede17b716,SO,18,D_pos,1,True,0.0
121e26ee9b46cb89d2b26ca75281dd4a9e3fc03bacd4c01f7791bd5ede17b716,SO,22,R_end,1,True,0.0
121e26ee9b46cb89d2b26ca75281dd4a9e3fc03bacd4c01f7791bd5ede17b716,SO,22,C_end,1,True,0.0
121e26ee9b46cb89d2b26ca75281dd4a9e3fc03bacd4c01f7791bd5ede17b716,SO,22,D_pos,1,True,0.0
121e26ee9b46cb89d2b26ca75281dd4a9e3fc03bacd4c01f7791bd5ede17b716,SO,26,R_end,1,True,0.0
121e26ee9b46cb89d2b26ca75281dd4a9e3fc03bacd4c01f7791bd5ede17b716,SO,26,C_end,1,True,0.0
121e26ee9b46cb89d2b26ca75281dd4a9e3fc03bacd4c01f7791bd5ede17b716,SO,26,D_pos,1,True,0.0
121e26ee9b46cb89d2b26ca75281dd4a9e3fc03bacd4c01f7791bd5ede17b716,SS,14,R_end,1,True,0.0
121e26ee9b46cb89d2b26ca75281dd4a9e3fc03bacd4c01f7791bd5ede17b716,SS,14,C_end,1,True,0.0
121e26ee9b46cb89d2b26ca75281dd4a9e3fc03bacd4c01f7791bd5ede17b716,SS,14,D_pos,1,True,0.0
121e26ee9b46cb89d2b26ca75281dd4a9e3fc03bacd4c01f7791bd5ede17b716,SS,18,R_end,1,True,0.0
121e26ee9b46cb89d2b26ca75281dd4a9e3fc03bacd4c01f7791bd5ede17b716,SS,18,C_end,1,True,0.0
121e26ee9b46cb89d2b26ca75281dd4a9e3fc03bacd4c01f7791bd5ede17b716,SS,18,D_pos,1,True,0.0
121e26ee9b46cb89d2b26ca75281dd4a9e3fc03bacd4c01f7791bd5ede17b716,SS,22,R_end,1,True,0.0
121e26ee9b46cb89d2b26ca75281dd4a9e3fc03bacd4c01f7791bd5ede17b716,SS,22,C_end,1,True,0.0
121e26ee9b46cb89d2b26ca75281dd4a9e3fc03bacd4c01f7791bd5ede17b716,SS,22,D_pos,1,True,0.0
121e26ee9b46cb89d2b26ca75281dd4a9e3fc03bacd4c01f7791bd5ede17b716,SS,26,R_end,1,True,0.0
121e26ee9b46cb89d2b26ca75281dd4a9e3fc03bacd4c01f7791bd5ede17b716,SS,26,C_end,1,True,0.0
121e26ee9b46cb89d2b26ca75281dd4a9e3fc03bacd4c01f7791bd5ede17b716,SS,26,D_pos,1,True,0.0
13fcd9e40a8a4329cdef20721434615139e6b2dc95f180fe2e64a67038331f22,OO,14,R_end,1,True,0.0
13fcd9e40a8a4329cdef20721434615139e6b2dc95f180fe2e64a67038331f22,OO,14,C_end,1,True,0.0
13fcd9e40a8a4329cdef20721434615139e6b2dc95f180fe2e64a67038331f22,OO,14,D_pos,1,True,0.0
13fcd9e40a8a4329cdef20721434615139e6b2dc95f180fe2e64a67038331f22,OO,18,R_end,1,True,0.0
13fcd9e40a8a4329cdef20721434615139e6b2dc95f180fe2e64a67038331f22,OO,18,C_end,1,True,0.0
13fcd9e40a8a4329cdef20721434615139e6b2dc95f180fe2e64a67038331f22,OO,18,D_pos,1,True,0.0
13fcd9e40a8a4329cdef20721434615139e6b2dc95f180fe2e64a67038331f22,OO,22,R_end,1,True,0.0
13fcd9e40a8a4329cdef20721434615139e6b2dc95f180fe2e64a67038331f22,OO,22,C_end,1,True,0.0
13fcd9e40a8a4329cdef20721434615139e6b2dc95f180fe2e64a67038331f22,OO,22,D_pos,1,True,0.0
13fcd9e40a8a4329cdef20721434615139e6b2dc95f180fe2e64a67038331f22,OO,26,R_end,1,True,0.0
13fcd9e40a8a4329cdef20721434615139e6b2dc95f180fe2e64a67038331f22,OO,26,C_end,1,True,0.0
13fcd9e40a8a4329cdef20721434615139e6b2dc95f180fe2e64a67038331f22,OO,26,D_pos,1,True,0.0
13fcd9e40a8a4329cdef20721434615139e6b2dc95f180fe2e64a67038331f22,OS,14,R_end,1,True,0.0
13fcd9e40a8a4329cdef20721434615139e6b2dc95f180fe2e64a67038331f22,OS,14,C_end,1,True,0.0
13fcd9e40a8a4329cdef20721434615139e6b2dc95f180fe2e64a67038331f22,OS,14,D_pos,1,True,0.0
13fcd9e40a8a4329cdef20721434615139e6b2dc95f180fe2e64a67038331f22,OS,18,R_end,1,True,0.0
13fcd9e40a8a4329cdef20721434615139e6b2dc95f180fe2e64a67038331f22,OS,18,C_end,1,True,0.0
13fcd9e40a8a4329cdef20721434615139e6b2dc95f180fe2e64a67038331f22,OS,18,D_pos,1,True,0.0
13fcd9e40a8a4329cdef20721434615139e6b2dc95f180fe2e64a67038331f22,OS,22,R_end,1,True,0.0
13fcd9e40a8a4329cdef20721434615139e6b2dc95f180fe2e64a67038331f22,OS,22,C_end,1,True,0.0
13fcd9e40a8a4329cdef20721434615139e6b2dc95f180fe2e64a67038331f22,OS,22,D_pos,1,True,0.0
13fcd9e40a8a4329cdef20721434615139e6b2dc95f180fe2e64a67038331f22,OS,26,R_end,1,True,0.0
13fcd9e40a8a4329cdef20721434615139e6b2dc95f180fe2e64a67038331f22,OS,26,C_end,1,True,0.0
13fcd9e40a8a4329cdef20721434615139e6b2dc95f180fe2e64a67038331f22,OS,26,D_pos,1,True,0.0
13fcd9e40a8a4329cdef20721434615139e6b2dc95f180fe2e64a67038331f22,SO,14,R_end,1,True,0.0
13fcd9e40a8a4329cdef20721434615139e6b2dc95f180fe2e64a67038331f22,SO,14,C_end,1,True,0.0
13fcd9e40a8a4329cdef20721434615139e6b2dc95f180fe2e64a67038331f22,SO,14,D_pos,1,True,0.0
13fcd9e40a8a4329cdef20721434615139e6b2dc95f180fe2e64a67038331f22,SO,18,R_end,1,True,0.0
13fcd9e40a8a4329cdef20721434615139e6b2dc95f180fe2e64a67038331f22,SO,18,C_end,1,True,0.0
13fcd9e40a8a4329cdef20721434615139e6b2dc95f180fe2e64a67038331f22,SO,18,D_pos,1,True,0.0
13fcd9e40a8a4329cdef20721434615139e6b2dc95f180fe2e64a67038331f22,SO,22,R_end,1,True,0.0
13fcd9e40a8a4329cdef20721434615139e6b2dc95f180fe2e64a67038331f22,SO,22,C_end,1,True,0.0
13fcd9e40a8a4329cdef20721434615139e6b2dc95f180fe2e64a67038331f22,SO,22,D_pos,1,True,0.0
13fcd9e40a8a4329cdef20721434615139e6b2dc95f180fe2e64a67038331f22,SO,26,R_end,1,True,0.0
13fcd9e40a8a4329cdef20721434615139e6b2dc95f180fe2e64a67038331f22,SO,26,C_end,1,True,0.0
13fcd9e40a8a4329cdef20721434615139e6b2dc95f180fe2e64a67038331f22,SO,26,D_pos,1,True,0.0
13fcd9e40a8a4329cdef20721434615139e6b2dc95f180fe2e64a67038331f22,SS,14,R_end,1,True,0.0
13fcd9e40a8a4329cdef20721434615139e6b2dc95f180fe2e64a67038331f22,SS,14,C_end,1,True,0.0
13fcd9e40a8a4329cdef20721434615139e6b2dc95f180fe2e64a67038331f22,SS,14,D_pos,1,True,0.0
13fcd9e40a8a4329cdef20721434615139e6b2dc95f180fe2e64a67038331f22,SS,18,R_end,1,True,0.0
13fcd9e40a8a4329cdef20721434615139e6b2dc95f180fe2e64a67038331f22,SS,18,C_end,1,True,0.0
13fcd9e40a8a4329cdef20721434615139e6b2dc95f180fe2e64a67038331f22,SS,18,D_pos,1,True,0.0
13fcd9e40a8a4329cdef20721434615139e6b2dc95f180fe2e64a67038331f22,SS,22,R_end,1,True,0.0
13fcd9e40a8a4329cdef20721434615139e6b2dc95f180fe2e64a67038331f22,SS,22,C_end,1,True,0.0
13fcd9e40a8a4329cdef20721434615139e6b2dc95f180fe2e64a67038331f22,SS,22,D_pos,1,True,0.0
13fcd9e40a8a4329cdef20721434615139e6b2dc95f180fe2e64a67038331f22,SS,26,R_end,1,True,0.0
13fcd9e40a8a4329cdef20721434615139e6b2dc95f180fe2e64a67038331f22,SS,26,C_end,1,True,0.0
13fcd9e40a8a4329cdef20721434615139e6b2dc95f180fe2e64a67038331f22,SS,26,D_pos,1,True,0.0
143ba7a15fe9c68797c08230ee3931a9dfcfe6f873640ca2fd4f8623e0c2972b,OO,14,R_end,1,True,0.0
143ba7a15fe9c68797c08230ee3931a9dfcfe6f873640ca2fd4f8623e0c2972b,OO,14,C_end,1,True,0.0
143ba7a15fe9c68797c08230ee3931a9dfcfe6f873640ca2fd4f8623e0c2972b,OO,14,D_pos,1,True,0.0
143ba7a15fe9c68797c08230ee3931a9dfcfe6f873640ca2fd4f8623e0c2972b,OO,18,R_end,1,True,0.0
143ba7a15fe9c68797c08230ee3931a9dfcfe6f873640ca2fd4f8623e0c2972b,OO,18,C_end,1,True,0.0
143ba7a15fe9c68797c08230ee3931a9dfcfe6f873640ca2fd4f8623e0c2972b,OO,18,D_pos,1,True,0.0
143ba7a15fe9c68797c08230ee3931a9dfcfe6f873640ca2fd4f8623e0c2972b,OO,22,R_end,1,True,0.0
143ba7a15fe9c68797c08230ee3931a9dfcfe6f873640ca2fd4f8623e0c2972b,OO,22,C_end,1,True,0.0
143ba7a15fe9c68797c08230ee3931a9dfcfe6f873640ca2fd4f8623e0c2972b,OO,22,D_pos,1,True,0.0
143ba7a15fe9c68797c08230ee3931a9dfcfe6f873640ca2fd4f8623e0c2972b,OO,26,R_end,1,True,0.0
143ba7a15fe9c68797c08230ee3931a9dfcfe6f873640ca2fd4f8623e0c2972b,OO,26,C_end,1,True,0.0
143ba7a15fe9c68797c08230ee3931a9dfcfe6f873640ca2fd4f8623e0c2972b,OO,26,D_pos,1,True,0.0
143ba7a15fe9c68797c08230ee3931a9dfcfe6f873640ca2fd4f8623e0c2972b,OS,14,R_end,1,True,0.0
143ba7a15fe9c68797c08230ee3931a9dfcfe6f873640ca2fd4f8623e0c2972b,OS,14,C_end,1,True,0.0
143ba7a15fe9c68797c08230ee3931a9dfcfe6f873640ca2fd4f8623e0c2972b,OS,14,D_pos,1,True,0.0
143ba7a15fe9c68797c08230ee3931a9dfcfe6f873640ca2fd4f8623e0c2972b,OS,18,R_end,1,True,0.0
143ba7a15fe9c68797c08230ee3931a9dfcfe6f873640ca2fd4f8623e0c2972b,OS,18,C_end,1,True,0.0
143ba7a15fe9c68797c08230ee3931a9dfcfe6f873640ca2fd4f8623e0c2972b,OS,18,D_pos,1,True,0.0
143ba7a15fe9c68797c08230ee3931a9dfcfe6f873640ca2fd4f8623e0c2972b,OS,22,R_end,1,True,0.0
143ba7a15fe9c68797c08230ee3931a9dfcfe6f873640ca2fd4f8623e0c2972b,OS,22,C_end,1,True,0.0
143ba7a15fe9c68797c08230ee3931a9dfcfe6f873640ca2fd4f8623e0c2972b,OS,22,D_pos,1,True,0.0
143ba7a15fe9c68797c08230ee3931a9dfcfe6f873640ca2fd4f8623e0c2972b,OS,26,R_end,1,True,0.0
143ba7a15fe9c68797c08230ee3931a9dfcfe6f873640ca2fd4f8623e0c2972b,OS,26,C_end,1,True,0.0
143ba7a15fe9c68797c08230ee3931a9dfcfe6f873640ca2fd4f8623e0c2972b,OS,26,D_pos,1,True,0.0
143ba7a15fe9c68797c08230ee3931a9dfcfe6f873640ca2fd4f8623e0c2972b,SO,14,R_end,1,True,0.0
143ba7a15fe9c68797c08230ee3931a9dfcfe6f873640ca2fd4f8623e0c2972b,SO,14,C_end,1,True,0.0
143ba7a15fe9c68797c08230ee3931a9dfcfe6f873640ca2fd4f8623e0c2972b,SO,14,D_pos,1,True,0.0
143ba7a15fe9c68797c08230ee3931a9dfcfe6f873640ca2fd4f8623e0c2972b,SO,18,R_end,1,True,0.0
143ba7a15fe9c68797c08230ee3931a9dfcfe6f873640ca2fd4f8623e0c2972b,SO,18,C_end,1,True,0.0
143ba7a15fe9c68797c08230ee3931a9dfcfe6f873640ca2fd4f8623e0c2972b,SO,18,D_pos,1,True,0.0
143ba7a15fe9c68797c08230ee3931a9dfcfe6f873640ca2fd4f8623e0c2972b,SO,22,R_end,1,True,0.0
143ba7a15fe9c68797c08230ee3931a9dfcfe6f873640ca2fd4f8623e0c2972b,SO,22,C_end,1,True,0.0
143ba7a15fe9c68797c08230ee3931a9dfcfe6f873640ca2fd4f8623e0c2972b,SO,22,D_pos,1,True,0.0
143ba7a15fe9c68797c08230ee3931a9dfcfe6f873640ca2fd4f8623e0c2972b,SO,26,R_end,1,True,0.0
143ba7a15fe9c68797c08230ee3931a9dfcfe6f873640ca2fd4f8623e0c2972b,SO,26,C_end,1,True,0.0
143ba7a15fe9c68797c08230ee3931a9dfcfe6f873640ca2fd4f8623e0c2972b,SO,26,D_pos,1,True,0.0
143ba7a15fe9c68797c08230ee3931a9dfcfe6f873640ca2fd4f8623e0c2972b,SS,14,R_end,1,True,0.0
143ba7a15fe9c68797c08230ee3931a9dfcfe6f873640ca2fd4f8623e0c2972b,SS,14,C_end,1,True,0.0
143ba7a15fe9c68797c08230ee3931a9dfcfe6f873640ca2fd4f8623e0c2972b,SS,14,D_pos,1,True,0.0
143ba7a15fe9c68797c08230ee3931a9dfcfe6f873640ca2fd4f8623e0c2972b,SS,18,R_end,1,True,0.0
143ba7a15fe9c68797c08230ee3931a9dfcfe6f873640ca2fd4f8623e0c2972b,SS,18,C_end,1,True,0.0
143ba7a15fe9c68797c08230ee3931a9dfcfe6f873640ca2fd4f8623e0c2972b,SS,18,D_pos,1,True,0.0
143ba7a15fe9c68797c08230ee3931a9dfcfe6f873640ca2fd4f8623e0c2972b,SS,22,R_end,1,True,0.0
143ba7a15fe9c68797c08230ee3931a9dfcfe6f873640ca2fd4f8623e0c2972b,SS,22,C_end,1,True,0.0
143ba7a15fe9c68797c08230ee3931a9dfcfe6f873640ca2fd4f8623e0c2972b,SS,22,D_pos,1,True,0.0
143ba7a15fe9c68797c08230ee3931a9dfcfe6f873640ca2fd4f8623e0c2972b,SS,26,R_end,1,True,0.0
143ba7a15fe9c68797c08230ee3931a9dfcfe6f873640ca2fd4f8623e0c2972b,SS,26,C_end,1,True,0.0
143ba7a15fe9c68797c08230ee3931a9dfcfe6f873640ca2fd4f8623e0c2972b,SS,26,D_pos,1,True,0.0
199078912aef9601d43fbb41eeeb0ec45ab7f752eb6378b83eae3b082379161c,OO,14,R_end,1,True,0.0
199078912aef9601d43fbb41eeeb0ec45ab7f752eb6378b83eae3b082379161c,OO,14,C_end,1,True,0.0
199078912aef9601d43fbb41eeeb0ec45ab7f752eb6378b83eae3b082379161c,OO,14,D_pos,1,True,0.0
199078912aef9601d43fbb41eeeb0ec45ab7f752eb6378b83eae3b082379161c,OO,18,R_end,1,True,0.0
199078912aef9601d43fbb41eeeb0ec45ab7f752eb6378b83eae3b082379161c,OO,18,C_end,1,True,0.0
199078912aef9601d43fbb41eeeb0ec45ab7f752eb6378b83eae3b082379161c,OO,18,D_pos,1,True,0.0
199078912aef9601d43fbb41eeeb0ec45ab7f752eb6378b83eae3b082379161c,OO,22,R_end,1,True,0.0
199078912aef9601d43fbb41eeeb0ec45ab7f752eb6378b83eae3b082379161c,OO,22,C_end,1,True,0.0
199078912aef9601d43fbb41eeeb0ec45ab7f752eb6378b83eae3b082379161c,OO,22,D_pos,1,True,0.0
199078912aef9601d43fbb41eeeb0ec45ab7f752eb6378b83eae3b082379161c,OO,26,R_end,1,True,0.0
199078912aef9601d43fbb41eeeb0ec45ab7f752eb6378b83eae3b082379161c,OO,26,C_end,1,True,0.0
199078912aef9601d43fbb41eeeb0ec45ab7f752eb6378b83eae3b082379161c,OO,26,D_pos,1,True,0.0
199078912aef9601d43fbb41eeeb0ec45ab7f752eb6378b83eae3b082379161c,OS,14,R_end,1,True,0.0
199078912aef9601d43fbb41eeeb0ec45ab7f752eb6378b83eae3b082379161c,OS,14,C_end,1,True,0.0
199078912aef9601d43fbb41eeeb0ec45ab7f752eb6378b83eae3b082379161c,OS,14,D_pos,1,True,0.0
199078912aef9601d43fbb41eeeb0ec45ab7f752eb6378b83eae3b082379161c,OS,18,R_end,1,True,0.0
199078912aef9601d43fbb41eeeb0ec45ab7f752eb6378b83eae3b082379161c,OS,18,C_end,1,True,0.0
199078912aef9601d43fbb41eeeb0ec45ab7f752eb6378b83eae3b082379161c,OS,18,D_pos,1,True,0.0
199078912aef9601d43fbb41eeeb0ec45ab7f752eb6378b83eae3b082379161c,OS,22,R_end,1,True,0.0
199078912aef9601d43fbb41eeeb0ec45ab7f752eb6378b83eae3b082379161c,OS,22,C_end,1,True,0.0
199078912aef9601d43fbb41eeeb0ec45ab7f752eb6378b83eae3b082379161c,OS,22,D_pos,1,True,0.0
199078912aef9601d43fbb41eeeb0ec45ab7f752eb6378b83eae3b082379161c,OS,26,R_end,1,True,0.0
199078912aef9601d43fbb41eeeb0ec45ab7f752eb6378b83eae3b082379161c,OS,26,C_end,1,True,0.0
199078912aef9601d43fbb41eeeb0ec45ab7f752eb6378b83eae3b082379161c,OS,26,D_pos,1,True,0.0
199078912aef9601d43fbb41eeeb0ec45ab7f752eb6378b83eae3b082379161c,SO,14,R_end,1,True,0.0
199078912aef9601d43fbb41eeeb0ec45ab7f752eb6378b83eae3b082379161c,SO,14,C_end,1,True,0.0
199078912aef9601d43fbb41eeeb0ec45ab7f752eb6378b83eae3b082379161c,SO,14,D_pos,1,True,0.0
199078912aef9601d43fbb41eeeb0ec45ab7f752eb6378b83eae3b082379161c,SO,18,R_end,1,True,0.0
199078912aef9601d43fbb41eeeb0ec45ab7f752eb6378b83eae3b082379161c,SO,18,C_end,1,True,0.0
199078912aef9601d43fbb41eeeb0ec45ab7f752eb6378b83eae3b082379161c,SO,18,D_pos,1,True,0.0
199078912aef9601d43fbb41eeeb0ec45ab7f752eb6378b83eae3b082379161c,SO,22,R_end,1,True,0.0
199078912aef9601d43fbb41eeeb0ec45ab7f752eb6378b83eae3b082379161c,SO,22,C_end,1,True,0.0
199078912aef9601d43fbb41eeeb0ec45ab7f752eb6378b83eae3b082379161c,SO,22,D_pos,1,True,0.0
199078912aef9601d43fbb41eeeb0ec45ab7f752eb6378b83eae3b082379161c,SO,26,R_end,1,True,0.0
199078912aef9601d43fbb41eeeb0ec45ab7f752eb6378b83eae3b082379161c,SO,26,C_end,1,True,0.0
199078912aef9601d43fbb41eeeb0ec45ab7f752eb6378b83eae3b082379161c,SO,26,D_pos,1,True,0.0
199078912aef9601d43fbb41eeeb0ec45ab7f752eb6378b83eae3b082379161c,SS,14,R_end,1,True,0.0
199078912aef9601d43fbb41eeeb0ec45ab7f752eb6378b83eae3b082379161c,SS,14,C_end,1,True,0.0
199078912aef9601d43fbb41eeeb0ec45ab7f752eb6378b83eae3b082379161c,SS,14,D_pos,1,True,0.0
199078912aef9601d43fbb41eeeb0ec45ab7f752eb6378b83eae3b082379161c,SS,18,R_end,1,True,0.0
199078912aef9601d43fbb41eeeb0ec45ab7f752eb6378b83eae3b082379161c,SS,18,C_end,1,True,0.0
199078912aef9601d43fbb41eeeb0ec45ab7f752eb6378b83eae3b082379161c,SS,18,D_pos,1,True,0.0
199078912aef9601d43fbb41eeeb0ec45ab7f752eb6378b83eae3b082379161c,SS,22,R_end,1,True,0.0
199078912aef9601d43fbb41eeeb0ec45ab7f752eb6378b83eae3b082379161c,SS,22,C_end,1,True,0.0
199078912aef9601d43fbb41eeeb0ec45ab7f752eb6378b83eae3b082379161c,SS,22,D_pos,1,True,0.0
199078912aef9601d43fbb41eeeb0ec45ab7f752eb6378b83eae3b082379161c,SS,26,R_end,1,True,0.0
199078912aef9601d43fbb41eeeb0ec45ab7f752eb6378b83eae3b082379161c,SS,26,C_end,1,True,0.0
199078912aef9601d43fbb41eeeb0ec45ab7f752eb6378b83eae3b082379161c,SS,26,D_pos,1,True,0.0
1a07b80e58d0120531bcefee7ba132e3bd77bef834bc592741b579d8a1952ad2,OO,14,R_end,1,True,0.0
1a07b80e58d0120531bcefee7ba132e3bd77bef834bc592741b579d8a1952ad2,OO,14,C_end,1,True,0.0
1a07b80e58d0120531bcefee7ba132e3bd77bef834bc592741b579d8a1952ad2,OO,14,D_pos,1,True,0.0
1a07b80e58d0120531bcefee7ba132e3bd77bef834bc592741b579d8a1952ad2,OO,18,R_end,1,True,0.0
1a07b80e58d0120531bcefee7ba132e3bd77bef834bc592741b579d8a1952ad2,OO,18,C_end,1,True,0.0
1a07b80e58d0120531bcefee7ba132e3bd77bef834bc592741b579d8a1952ad2,OO,18,D_pos,1,True,0.0
1a07b80e58d0120531bcefee7ba132e3bd77bef834bc592741b579d8a1952ad2,OO,22,R_end,1,True,0.0
1a07b80e58d0120531bcefee7ba132e3bd77bef834bc592741b579d8a1952ad2,OO,22,C_end,1,True,0.0
1a07b80e58d0120531bcefee7ba132e3bd77bef834bc592741b579d8a1952ad2,OO,22,D_pos,1,True,0.0
1a07b80e58d0120531bcefee7ba132e3bd77bef834bc592741b579d8a1952ad2,OO,26,R_end,1,True,0.0
1a07b80e58d0120531bcefee7ba132e3bd77bef834bc592741b579d8a1952ad2,OO,26,C_end,1,True,0.0
1a07b80e58d0120531bcefee7ba132e3bd77bef834bc592741b579d8a1952ad2,OO,26,D_pos,1,True,0.0
1a07b80e58d0120531bcefee7ba132e3bd77bef834bc592741b579d8a1952ad2,OS,14,R_end,1,True,0.0
1a07b80e58d0120531bcefee7ba132e3bd77bef834bc592741b579d8a1952ad2,OS,14,C_end,1,True,0.0
1a07b80e58d0120531bcefee7ba132e3bd77bef834bc592741b579d8a1952ad2,OS,14,D_pos,1,True,0.0
1a07b80e58d0120531bcefee7ba132e3bd77bef834bc592741b579d8a1952ad2,OS,18,R_end,1,True,0.0
1a07b80e58d0120531bcefee7ba132e3bd77bef834bc592741b579d8a1952ad2,OS,18,C_end,1,True,0.0
1a07b80e58d0120531bcefee7ba132e3bd77bef834bc592741b579d8a1952ad2,OS,18,D_pos,1,True,0.0
1a07b80e58d0120531bcefee7ba132e3bd77bef834bc592741b579d8a1952ad2,OS,22,R_end,1,True,0.0
1a07b80e58d0120531bcefee7ba132e3bd77bef834bc592741b579d8a1952ad2,OS,22,C_end,1,True,0.0
1a07b80e58d0120531bcefee7ba132e3bd77bef834bc592741b579d8a1952ad2,OS,22,D_pos,1,True,0.0
1a07b80e58d0120531bcefee7ba132e3bd77bef834bc592741b579d8a1952ad2,OS,26,R_end,1,True,0.0
1a07b80e58d0120531bcefee7ba132e3bd77bef834bc592741b579d8a1952ad2,OS,26,C_end,1,True,0.0
1a07b80e58d0120531bcefee7ba132e3bd77bef834bc592741b579d8a1952ad2,OS,26,D_pos,1,True,0.0
1a07b80e58d0120531bcefee7ba132e3bd77bef834bc592741b579d8a1952ad2,SO,14,R_end,1,True,0.0
1a07b80e58d0120531bcefee7ba132e3bd77bef834bc592741b579d8a1952ad2,SO,14,C_end,1,True,0.0
1a07b80e58d0120531bcefee7ba132e3bd77bef834bc592741b579d8a1952ad2,SO,14,D_pos,1,True,0.0
1a07b80e58d0120531bcefee7ba132e3bd77bef834bc592741b579d8a1952ad2,SO,18,R_end,1,True,0.0
1a07b80e58d0120531bcefee7ba132e3bd77bef834bc592741b579d8a1952ad2,SO,18,C_end,1,True,0.0
1a07b80e58d0120531bcefee7ba132e3bd77bef834bc592741b579d8a1952ad2,SO,18,D_pos,1,True,0.0
1a07b80e58d0120531bcefee7ba132e3bd77bef834bc592741b579d8a1952ad2,SO,22,R_end,1,True,0.0
1a07b80e58d0120531bcefee7ba132e3bd77bef834bc592741b579d8a1952ad2,SO,22,C_end,1,True,0.0
1a07b80e58d0120531bcefee7ba132e3bd77bef834bc592741b579d8a1952ad2,SO,22,D_pos,1,True,0.0
1a07b80e58d0120531bcefee7ba132e3bd77bef834bc592741b579d8a1952ad2,SO,26,R_end,1,True,0.0
1a07b80e58d0120531bcefee7ba132e3bd77bef834bc592741b579d8a1952ad2,SO,26,C_end,1,True,0.0
1a07b80e58d0120531bcefee7ba132e3bd77bef834bc592741b579d8a1952ad2,SO,26,D_pos,1,True,0.0
1a07b80e58d0120531bcefee7ba132e3bd77bef834bc592741b579d8a1952ad2,SS,14,R_end,1,True,0.0
1a07b80e58d0120531bcefee7ba132e3bd77bef834bc592741b579d8a1952ad2,SS,14,C_end,1,True,0.0
1a07b80e58d0120531bcefee7ba132e3bd77bef834bc592741b579d8a1952ad2,SS,14,D_pos,1,True,0.0
1a07b80e58d0120531bcefee7ba132e3bd77bef834bc592741b579d8a1952ad2,SS,18,R_end,1,True,0.0
1a07b80e58d0120531bcefee7ba132e3bd77bef834bc592741b579d8a1952ad2,SS,18,C_end,1,True,0.0
1a07b80e58d0120531bcefee7ba132e3bd77bef834bc592741b579d8a1952ad2,SS,18,D_pos,1,True,0.0
1a07b80e58d0120531bcefee7ba132e3bd77bef834bc592741b579d8a1952ad2,SS,22,R_end,1,True,0.0
1a07b80e58d0120531bcefee7ba132e3bd77bef834bc592741b579d8a1952ad2,SS,22,C_end,1,True,0.0
1a07b80e58d0120531bcefee7ba132e3bd77bef834bc592741b579d8a1952ad2,SS,22,D_pos,1,True,0.0
1a07b80e58d0120531bcefee7ba132e3bd77bef834bc592741b579d8a1952ad2,SS,26,R_end,1,True,0.0
1a07b80e58d0120531bcefee7ba132e3bd77bef834bc592741b579d8a1952ad2,SS,26,C_end,1,True,0.0
1a07b80e58d0120531bcefee7ba132e3bd77bef834bc592741b579d8a1952ad2,SS,26,D_pos,1,True,0.0
1a2ede8310b68c121c2eebd7ad1c6b47b21796df96ea64159dbc9e76f1ae27ba,OO,14,R_end,1,True,0.0
1a2ede8310b68c121c2eebd7ad1c6b47b21796df96ea64159dbc9e76f1ae27ba,OO,14,C_end,1,True,0.0
1a2ede8310b68c121c2eebd7ad1c6b47b21796df96ea64159dbc9e76f1ae27ba,OO,14,D_pos,1,True,0.0
1a2ede8310b68c121c2eebd7ad1c6b47b21796df96ea64159dbc9e76f1ae27ba,OO,18,R_end,1,True,0.0
1a2ede8310b68c121c2eebd7ad1c6b47b21796df96ea64159dbc9e76f1ae27ba,OO,18,C_end,1,True,0.0
1a2ede8310b68c121c2eebd7ad1c6b47b21796df96ea64159dbc9e76f1ae27ba,OO,18,D_pos,1,True,0.0
1a2ede8310b68c121c2eebd7ad1c6b47b21796df96ea64159dbc9e76f1ae27ba,OO,22,R_end,1,True,0.0
1a2ede8310b68c121c2eebd7ad1c6b47b21796df96ea64159dbc9e76f1ae27ba,OO,22,C_end,1,True,0.0
1a2ede8310b68c121c2eebd7ad1c6b47b21796df96ea64159dbc9e76f1ae27ba,OO,22,D_pos,1,True,0.0
1a2ede8310b68c121c2eebd7ad1c6b47b21796df96ea64159dbc9e76f1ae27ba,OO,26,R_end,1,True,0.0
1a2ede8310b68c121c2eebd7ad1c6b47b21796df96ea64159dbc9e76f1ae27ba,OO,26,C_end,1,True,0.0
1a2ede8310b68c121c2eebd7ad1c6b47b21796df96ea64159dbc9e76f1ae27ba,OO,26,D_pos,1,True,0.0
1a2ede8310b68c121c2eebd7ad1c6b47b21796df96ea64159dbc9e76f1ae27ba,OS,14,R_end,1,True,0.0
1a2ede8310b68c121c2eebd7ad1c6b47b21796df96ea64159dbc9e76f1ae27ba,OS,14,C_end,1,True,0.0
1a2ede8310b68c121c2eebd7ad1c6b47b21796df96ea64159dbc9e76f1ae27ba,OS,14,D_pos,1,True,0.0
1a2ede8310b68c121c2eebd7ad1c6b47b21796df96ea64159dbc9e76f1ae27ba,OS,18,R_end,1,True,0.0
1a2ede8310b68c121c2eebd7ad1c6b47b21796df96ea64159dbc9e76f1ae27ba,OS,18,C_end,1,True,0.0
1a2ede8310b68c121c2eebd7ad1c6b47b21796df96ea64159dbc9e76f1ae27ba,OS,18,D_pos,1,True,0.0
1a2ede8310b68c121c2eebd7ad1c6b47b21796df96ea64159dbc9e76f1ae27ba,OS,22,R_end,1,True,0.0
1a2ede8310b68c121c2eebd7ad1c6b47b21796df96ea64159dbc9e76f1ae27ba,OS,22,C_end,1,True,0.0
1a2ede8310b68c121c2eebd7ad1c6b47b21796df96ea64159dbc9e76f1ae27ba,OS,22,D_pos,1,True,0.0
1a2ede8310b68c121c2eebd7ad1c6b47b21796df96ea64159dbc9e76f1ae27ba,OS,26,R_end,1,True,0.0
1a2ede8310b68c121c2eebd7ad1c6b47b21796df96ea64159dbc9e76f1ae27ba,OS,26,C_end,1,True,0.0
1a2ede8310b68c121c2eebd7ad1c6b47b21796df96ea64159dbc9e76f1ae27ba,OS,26,D_pos,1,True,0.0
1a2ede8310b68c121c2eebd7ad1c6b47b21796df96ea64159dbc9e76f1ae27ba,SO,14,R_end,1,True,0.0
1a2ede8310b68c121c2eebd7ad1c6b47b21796df96ea64159dbc9e76f1ae27ba,SO,14,C_end,1,True,0.0
1a2ede8310b68c121c2eebd7ad1c6b47b21796df96ea64159dbc9e76f1ae27ba,SO,14,D_pos,1,True,0.0
1a2ede8310b68c121c2eebd7ad1c6b47b21796df96ea64159dbc9e76f1ae27ba,SO,18,R_end,1,True,0.0
1a2ede8310b68c121c2eebd7ad1c6b47b21796df96ea64159dbc9e76f1ae27ba,SO,18,C_end,1,True,0.0
1a2ede8310b68c121c2eebd7ad1c6b47b21796df96ea64159dbc9e76f1ae27ba,SO,18,D_pos,1,True,0.0
1a2ede8310b68c121c2eebd7ad1c6b47b21796df96ea64159dbc9e76f1ae27ba,SO,22,R_end,1,True,0.0
1a2ede8310b68c121c2eebd7ad1c6b47b21796df96ea64159dbc9e76f1ae27ba,SO,22,C_end,1,True,0.0
1a2ede8310b68c121c2eebd7ad1c6b47b21796df96ea64159dbc9e76f1ae27ba,SO,22,D_pos,1,True,0.0
1a2ede8310b68c121c2eebd7ad1c6b47b21796df96ea64159dbc9e76f1ae27ba,SO,26,R_end,1,True,0.0
1a2ede8310b68c121c2eebd7ad1c6b47b21796df96ea64159dbc9e76f1ae27ba,SO,26,C_end,1,True,0.0
1a2ede8310b68c121c2eebd7ad1c6b47b21796df96ea64159dbc9e76f1ae27ba,SO,26,D_pos,1,True,0.0
1a2ede8310b68c121c2eebd7ad1c6b47b21796df96ea64159dbc9e76f1ae27ba,SS,14,R_end,1,True,0.0
1a2ede8310b68c121c2eebd7ad1c6b47b21796df96ea64159dbc9e76f1ae27ba,SS,14,C_end,1,True,0.0
1a2ede8310b68c121c2eebd7ad1c6b47b21796df96ea64159dbc9e76f1ae27ba,SS,14,D_pos,1,True,0.0
1a2ede8310b68c121c2eebd7ad1c6b47b21796df96ea64159dbc9e76f1ae27ba,SS,18,R_end,1,True,0.0
1a2ede8310b68c121c2eebd7ad1c6b47b21796df96ea64159dbc9e76f1ae27ba,SS,18,C_end,1,True,0.0
1a2ede8310b68c121c2eebd7ad1c6b47b21796df96ea64159dbc9e76f1ae27ba,SS,18,D_pos,1,True,0.0
1a2ede8310b68c121c2eebd7ad1c6b47b21796df96ea64159dbc9e76f1ae27ba,SS,22,R_end,1,True,0.0
1a2ede8310b68c121c2eebd7ad1c6b47b21796df96ea64159dbc9e76f1ae27ba,SS,22,C_end,1,True,0.0
1a2ede8310b68c121c2eebd7ad1c6b47b21796df96ea64159dbc9e76f1ae27ba,SS,22,D_pos,1,True,0.0
1a2ede8310b68c121c2eebd7ad1c6b47b21796df96ea64159dbc9e76f1ae27ba,SS,26,R_end,1,True,0.0
1a2ede8310b68c121c2eebd7ad1c6b47b21796df96ea64159dbc9e76f1ae27ba,SS,26,C_end,1,True,0.0
1a2ede8310b68c121c2eebd7ad1c6b47b21796df96ea64159dbc9e76f1ae27ba,SS,26,D_pos,1,True,0.0
1b113718103da2934eb80b31e07a36abff54f00e7334be16390372856a3b6d5c,OO,14,R_end,1,True,0.0
1b113718103da2934eb80b31e07a36abff54f00e7334be16390372856a3b6d5c,OO,14,C_end,1,True,0.0
1b113718103da2934eb80b31e07a36abff54f00e7334be16390372856a3b6d5c,OO,14,D_pos,1,True,0.0
1b113718103da2934eb80b31e07a36abff54f00e7334be16390372856a3b6d5c,OO,18,R_end,1,True,0.0
1b113718103da2934eb80b31e07a36abff54f00e7334be16390372856a3b6d5c,OO,18,C_end,1,True,0.0
1b113718103da2934eb80b31e07a36abff54f00e7334be16390372856a3b6d5c,OO,18,D_pos,1,True,0.0
1b113718103da2934eb80b31e07a36abff54f00e7334be16390372856a3b6d5c,OO,22,R_end,1,True,0.0
1b113718103da2934eb80b31e07a36abff54f00e7334be16390372856a3b6d5c,OO,22,C_end,1,True,0.0
1b113718103da2934eb80b31e07a36abff54f00e7334be16390372856a3b6d5c,OO,22,D_pos,1,True,0.0
1b113718103da2934eb80b31e07a36abff54f00e7334be16390372856a3b6d5c,OO,26,R_end,1,True,0.0
1b113718103da2934eb80b31e07a36abff54f00e7334be16390372856a3b6d5c,OO,26,C_end,1,True,0.0
1b113718103da2934eb80b31e07a36abff54f00e7334be16390372856a3b6d5c,OO,26,D_pos,1,True,0.0
1b113718103da2934eb80b31e07a36abff54f00e7334be16390372856a3b6d5c,OS,14,R_end,1,True,0.0
1b113718103da2934eb80b31e07a36abff54f00e7334be16390372856a3b6d5c,OS,14,C_end,1,True,0.0
1b113718103da2934eb80b31e07a36abff54f00e7334be16390372856a3b6d5c,OS,14,D_pos,1,True,0.0
1b113718103da2934eb80b31e07a36abff54f00e7334be16390372856a3b6d5c,OS,18,R_end,1,True,0.0
1b113718103da2934eb80b31e07a36abff54f00e7334be16390372856a3b6d5c,OS,18,C_end,1,True,0.0
1b113718103da2934eb80b31e07a36abff54f00e7334be16390372856a3b6d5c,OS,18,D_pos,1,True,0.0
1b113718103da2934eb80b31e07a36abff54f00e7334be16390372856a3b6d5c,OS,22,R_end,1,True,0.0
1b113718103da2934eb80b31e07a36abff54f00e7334be16390372856a3b6d5c,OS,22,C_end,1,True,0.0
1b113718103da2934eb80b31e07a36abff54f00e7334be16390372856a3b6d5c,OS,22,D_pos,1,True,0.0
1b113718103da2934eb80b31e07a36abff54f00e7334be16390372856a3b6d5c,OS,26,R_end,1,True,0.0
1b113718103da2934eb80b31e07a36abff54f00e7334be16390372856a3b6d5c,OS,26,C_end,1,True,0.0
1b113718103da2934eb80b31e07a36abff54f00e7334be16390372856a3b6d5c,OS,26,D_pos,1,True,0.0
1b113718103da2934eb80b31e07a36abff54f00e7334be16390372856a3b6d5c,SO,14,R_end,1,True,0.0
1b113718103da2934eb80b31e07a36abff54f00e7334be16390372856a3b6d5c,SO,14,C_end,1,True,0.0
1b113718103da2934eb80b31e07a36abff54f00e7334be16390372856a3b6d5c,SO,14,D_pos,1,True,0.0
1b113718103da2934eb80b31e07a36abff54f00e7334be16390372856a3b6d5c,SO,18,R_end,1,True,0.0
1b113718103da2934eb80b31e07a36abff54f00e7334be16390372856a3b6d5c,SO,18,C_end,1,True,0.0
1b113718103da2934eb80b31e07a36abff54f00e7334be16390372856a3b6d5c,SO,18,D_pos,1,True,0.0
1b113718103da2934eb80b31e07a36abff54f00e7334be16390372856a3b6d5c,SO,22,R_end,1,True,0.0
1b113718103da2934eb80b31e07a36abff54f00e7334be16390372856a3b6d5c,SO,22,C_end,1,True,0.0
1b113718103da2934eb80b31e07a36abff54f00e7334be16390372856a3b6d5c,SO,22,D_pos,1,True,0.0
1b113718103da2934eb80b31e07a36abff54f00e7334be16390372856a3b6d5c,SO,26,R_end,1,True,0.0
1b113718103da2934eb80b31e07a36abff54f00e7334be16390372856a3b6d5c,SO,26,C_end,1,True,0.0
1b113718103da2934eb80b31e07a36abff54f00e7334be16390372856a3b6d5c,SO,26,D_pos,1,True,0.0
1b113718103da2934eb80b31e07a36abff54f00e7334be16390372856a3b6d5c,SS,14,R_end,1,True,0.0
1b113718103da2934eb80b31e07a36abff54f00e7334be16390372856a3b6d5c,SS,14,C_end,1,True,0.0
1b113718103da2934eb80b31e07a36abff54f00e7334be16390372856a3b6d5c,SS,14,D_pos,1,True,0.0
1b113718103da2934eb80b31e07a36abff54f00e7334be16390372856a3b6d5c,SS,18,R_end,1,True,0.0
1b113718103da2934eb80b31e07a36abff54f00e7334be16390372856a3b6d5c,SS,18,C_end,1,True,0.0
1b113718103da2934eb80b31e07a36abff54f00e7334be16390372856a3b6d5c,SS,18,D_pos,1,True,0.0
1b113718103da2934eb80b31e07a36abff54f00e7334be16390372856a3b6d5c,SS,22,R_end,1,True,0.0
1b113718103da2934eb80b31e07a36abff54f00e7334be16390372856a3b6d5c,SS,22,C_end,1,True,0.0
1b113718103da2934eb80b31e07a36abff54f00e7334be16390372856a3b6d5c,SS,22,D_pos,1,True,0.0
1b113718103da2934eb80b31e07a36abff54f00e7334be16390372856a3b6d5c,SS,26,R_end,1,True,0.0
1b113718103da2934eb80b31e07a36abff54f00e7334be16390372856a3b6d5c,SS,26,C_end,1,True,0.0
1b113718103da2934eb80b31e07a36abff54f00e7334be16390372856a3b6d5c,SS,26,D_pos,1,True,0.0
1b534c132ccabe1a0e4a1e184b5e57df190c3eef651eeb6d0cce1944eb689ffd,OO,14,R_end,1,True,0.0
1b534c132ccabe1a0e4a1e184b5e57df190c3eef651eeb6d0cce1944eb689ffd,OO,14,C_end,1,True,0.0
1b534c132ccabe1a0e4a1e184b5e57df190c3eef651eeb6d0cce1944eb689ffd,OO,14,D_pos,1,True,0.0
1b534c132ccabe1a0e4a1e184b5e57df190c3eef651eeb6d0cce1944eb689ffd,OO,18,R_end,1,True,0.0
1b534c132ccabe1a0e4a1e184b5e57df190c3eef651eeb6d0cce1944eb689ffd,OO,18,C_end,1,True,0.0
1b534c132ccabe1a0e4a1e184b5e57df190c3eef651eeb6d0cce1944eb689ffd,OO,18,D_pos,1,True,0.0
1b534c132ccabe1a0e4a1e184b5e57df190c3eef651eeb6d0cce1944eb689ffd,OO,22,R_end,1,True,0.0
1b534c132ccabe1a0e4a1e184b5e57df190c3eef651eeb6d0cce1944eb689ffd,OO,22,C_end,1,True,0.0
1b534c132ccabe1a0e4a1e184b5e57df190c3eef651eeb6d0cce1944eb689ffd,OO,22,D_pos,1,True,0.0
1b534c132ccabe1a0e4a1e184b5e57df190c3eef651eeb6d0cce1944eb689ffd,OO,26,R_end,1,True,0.0
1b534c132ccabe1a0e4a1e184b5e57df190c3eef651eeb6d0cce1944eb689ffd,OO,26,C_end,1,True,0.0
1b534c132ccabe1a0e4a1e184b5e57df190c3eef651eeb6d0cce1944eb689ffd,OO,26,D_pos,1,True,0.0
1b534c132ccabe1a0e4a1e184b5e57df190c3eef651eeb6d0cce1944eb689ffd,OS,14,R_end,1,True,0.0
1b534c132ccabe1a0e4a1e184b5e57df190c3eef651eeb6d0cce1944eb689ffd,OS,14,C_end,1,True,0.0
1b534c132ccabe1a0e4a1e184b5e57df190c3eef651eeb6d0cce1944eb689ffd,OS,14,D_pos,1,True,0.0
1b534c132ccabe1a0e4a1e184b5e57df190c3eef651eeb6d0cce1944eb689ffd,OS,18,R_end,1,True,0.0
1b534c132ccabe1a0e4a1e184b5e57df190c3eef651eeb6d0cce1944eb689ffd,OS,18,C_end,1,True,0.0
1b534c132ccabe1a0e4a1e184b5e57df190c3eef651eeb6d0cce1944eb689ffd,OS,18,D_pos,1,True,0.0
1b534c132ccabe1a0e4a1e184b5e57df190c3eef651eeb6d0cce1944eb689ffd,OS,22,R_end,1,True,0.0
1b534c132ccabe1a0e4a1e184b5e57df190c3eef651eeb6d0cce1944eb689ffd,OS,22,C_end,1,True,0.0
1b534c132ccabe1a0e4a1e184b5e57df190c3eef651eeb6d0cce1944eb689ffd,OS,22,D_pos,1,True,0.0
1b534c132ccabe1a0e4a1e184b5e57df190c3eef651eeb6d0cce1944eb689ffd,OS,26,R_end,1,True,0.0
1b534c132ccabe1a0e4a1e184b5e57df190c3eef651eeb6d0cce1944eb689ffd,OS,26,C_end,1,True,0.0
1b534c132ccabe1a0e4a1e184b5e57df190c3eef651eeb6d0cce1944eb689ffd,OS,26,D_pos,1,True,0.0
1b534c132ccabe1a0e4a1e184b5e57df190c3eef651eeb6d0cce1944eb689ffd,SO,14,R_end,1,True,0.0
1b534c132ccabe1a0e4a1e184b5e57df190c3eef651eeb6d0cce1944eb689ffd,SO,14,C_end,1,True,0.0
1b534c132ccabe1a0e4a1e184b5e57df190c3eef651eeb6d0cce1944eb689ffd,SO,14,D_pos,1,True,0.0
1b534c132ccabe1a0e4a1e184b5e57df190c3eef651eeb6d0cce1944eb689ffd,SO,18,R_end,1,True,0.0
1b534c132ccabe1a0e4a1e184b5e57df190c3eef651eeb6d0cce1944eb689ffd,SO,18,C_end,1,True,0.0
1b534c132ccabe1a0e4a1e184b5e57df190c3eef651eeb6d0cce1944eb689ffd,SO,18,D_pos,1,True,0.0
1b534c132ccabe1a0e4a1e184b5e57df190c3eef651eeb6d0cce1944eb689ffd,SO,22,R_end,1,True,0.0
1b534c132ccabe1a0e4a1e184b5e57df190c3eef651eeb6d0cce1944eb689ffd,SO,22,C_end,1,True,0.0
1b534c132ccabe1a0e4a1e184b5e57df190c3eef651eeb6d0cce1944eb689ffd,SO,22,D_pos,1,True,0.0
1b534c132ccabe1a0e4a1e184b5e57df190c3eef651eeb6d0cce1944eb689ffd,SO,26,R_end,1,True,0.0
1b534c132ccabe1a0e4a1e184b5e57df190c3eef651eeb6d0cce1944eb689ffd,SO,26,C_end,1,True,0.0
1b534c132ccabe1a0e4a1e184b5e57df190c3eef651eeb6d0cce1944eb689ffd,SO,26,D_pos,1,True,0.0
1b534c132ccabe1a0e4a1e184b5e57df190c3eef651eeb6d0cce1944eb689ffd,SS,14,R_end,1,True,0.0
1b534c132ccabe1a0e4a1e184b5e57df190c3eef651eeb6d0cce1944eb689ffd,SS,14,C_end,1,True,0.0
1b534c132ccabe1a0e4a1e184b5e57df190c3eef651eeb6d0cce1944eb689ffd,SS,14,D_pos,1,True,0.0
1b534c132ccabe1a0e4a1e184b5e57df190c3eef651eeb6d0cce1944eb689ffd,SS,18,R_end,1,True,0.0
1b534c132ccabe1a0e4a1e184b5e57df190c3eef651eeb6d0cce1944eb689ffd,SS,18,C_end,1,True,0.0
1b534c132ccabe1a0e4a1e184b5e57df190c3eef651eeb6d0cce1944eb689ffd,SS,18,D_pos,1,True,0.0
1b534c132ccabe1a0e4a1e184b5e57df190c3eef651eeb6d0cce1944eb689ffd,SS,22,R_end,1,True,0.0
1b534c132ccabe1a0e4a1e184b5e57df190c3eef651eeb6d0cce1944eb689ffd,SS,22,C_end,1,True,0.0
1b534c132ccabe1a0e4a1e184b5e57df190c3eef651eeb6d0cce1944eb689ffd,SS,22,D_pos,1,True,0.0
1b534c132ccabe1a0e4a1e184b5e57df190c3eef651eeb6d0cce1944eb689ffd,SS,26,R_end,1,True,0.0
1b534c132ccabe1a0e4a1e184b5e57df190c3eef651eeb6d0cce1944eb689ffd,SS,26,C_end,1,True,0.0
1b534c132ccabe1a0e4a1e184b5e57df190c3eef651eeb6d0cce1944eb689ffd,SS,26,D_pos,1,True,0.0
1be6fa12bbdbfbd851812045dffe0981b2fdc90feaecff40cbe7d533433160fb,OO,14,R_end,1,True,0.0
1be6fa12bbdbfbd851812045dffe0981b2fdc90feaecff40cbe7d533433160fb,OO,14,C_end,1,True,0.0
1be6fa12bbdbfbd851812045dffe0981b2fdc90feaecff40cbe7d533433160fb,OO,14,D_pos,1,True,0.0
1be6fa12bbdbfbd851812045dffe0981b2fdc90feaecff40cbe7d533433160fb,OO,18,R_end,1,True,0.0
1be6fa12bbdbfbd851812045dffe0981b2fdc90feaecff40cbe7d533433160fb,OO,18,C_end,1,True,0.0
1be6fa12bbdbfbd851812045dffe0981b2fdc90feaecff40cbe7d533433160fb,OO,18,D_pos,1,True,0.0
1be6fa12bbdbfbd851812045dffe0981b2fdc90feaecff40cbe7d533433160fb,OO,22,R_end,1,True,0.0
1be6fa12bbdbfbd851812045dffe0981b2fdc90feaecff40cbe7d533433160fb,OO,22,C_end,1,True,0.0
1be6fa12bbdbfbd851812045dffe0981b2fdc90feaecff40cbe7d533433160fb,OO,22,D_pos,1,True,0.0
1be6fa12bbdbfbd851812045dffe0981b2fdc90feaecff40cbe7d533433160fb,OO,26,R_end,1,True,0.0
1be6fa12bbdbfbd851812045dffe0981b2fdc90feaecff40cbe7d533433160fb,OO,26,C_end,1,True,0.0
1be6fa12bbdbfbd851812045dffe0981b2fdc90feaecff40cbe7d533433160fb,OO,26,D_pos,1,True,0.0
1be6fa12bbdbfbd851812045dffe0981b2fdc90feaecff40cbe7d533433160fb,OS,14,R_end,1,True,0.0
1be6fa12bbdbfbd851812045dffe0981b2fdc90feaecff40cbe7d533433160fb,OS,14,C_end,1,True,0.0
1be6fa12bbdbfbd851812045dffe0981b2fdc90feaecff40cbe7d533433160fb,OS,14,D_pos,1,True,0.0
1be6fa12bbdbfbd851812045dffe0981b2fdc90feaecff40cbe7d533433160fb,OS,18,R_end,1,True,0.0
1be6fa12bbdbfbd851812045dffe0981b2fdc90feaecff40cbe7d533433160fb,OS,18,C_end,1,True,0.0
1be6fa12bbdbfbd851812045dffe0981b2fdc90feaecff40cbe7d533433160fb,OS,18,D_pos,1,True,0.0
1be6fa12bbdbfbd851812045dffe0981b2fdc90feaecff40cbe7d533433160fb,OS,22,R_end,1,True,0.0
1be6fa12bbdbfbd851812045dffe0981b2fdc90feaecff40cbe7d533433160fb,OS,22,C_end,1,True,0.0
1be6fa12bbdbfbd851812045dffe0981b2fdc90feaecff40cbe7d533433160fb,OS,22,D_pos,1,True,0.0
1be6fa12bbdbfbd851812045dffe0981b2fdc90feaecff40cbe7d533433160fb,OS,26,R_end,1,True,0.0
1be6fa12bbdbfbd851812045dffe0981b2fdc90feaecff40cbe7d533433160fb,OS,26,C_end,1,True,0.0
1be6fa12bbdbfbd851812045dffe0981b2fdc90feaecff40cbe7d533433160fb,OS,26,D_pos,1,True,0.0
1be6fa12bbdbfbd851812045dffe0981b2fdc90feaecff40cbe7d533433160fb,SO,14,R_end,1,True,0.0
1be6fa12bbdbfbd851812045dffe0981b2fdc90feaecff40cbe7d533433160fb,SO,14,C_end,1,True,0.0
1be6fa12bbdbfbd851812045dffe0981b2fdc90feaecff40cbe7d533433160fb,SO,14,D_pos,1,True,0.0
1be6fa12bbdbfbd851812045dffe0981b2fdc90feaecff40cbe7d533433160fb,SO,18,R_end,1,True,0.0
1be6fa12bbdbfbd851812045dffe0981b2fdc90feaecff40cbe7d533433160fb,SO,18,C_end,1,True,0.0
1be6fa12bbdbfbd851812045dffe0981b2fdc90feaecff40cbe7d533433160fb,SO,18,D_pos,1,True,0.0
1be6fa12bbdbfbd851812045dffe0981b2fdc90feaecff40cbe7d533433160fb,SO,22,R_end,1,True,0.0
1be6fa12bbdbfbd851812045dffe0981b2fdc90feaecff40cbe7d533433160fb,SO,22,C_end,1,True,0.0
1be6fa12bbdbfbd851812045dffe0981b2fdc90feaecff40cbe7d533433160fb,SO,22,D_pos,1,True,0.0
1be6fa12bbdbfbd851812045dffe0981b2fdc90feaecff40cbe7d533433160fb,SO,26,R_end,1,True,0.0
1be6fa12bbdbfbd851812045dffe0981b2fdc90feaecff40cbe7d533433160fb,SO,26,C_end,1,True,0.0
1be6fa12bbdbfbd851812045dffe0981b2fdc90feaecff40cbe7d533433160fb,SO,26,D_pos,1,True,0.0
1be6fa12bbdbfbd851812045dffe0981b2fdc90feaecff40cbe7d533433160fb,SS,14,R_end,1,True,0.0
1be6fa12bbdbfbd851812045dffe0981b2fdc90feaecff40cbe7d533433160fb,SS,14,C_end,1,True,0.0
1be6fa12bbdbfbd851812045dffe0981b2fdc90feaecff40cbe7d533433160fb,SS,14,D_pos,1,True,0.0
1be6fa12bbdbfbd851812045dffe0981b2fdc90feaecff40cbe7d533433160fb,SS,18,R_end,1,True,0.0
1be6fa12bbdbfbd851812045dffe0981b2fdc90feaecff40cbe7d533433160fb,SS,18,C_end,1,True,0.0
1be6fa12bbdbfbd851812045dffe0981b2fdc90feaecff40cbe7d533433160fb,SS,18,D_pos,1,True,0.0
1be6fa12bbdbfbd851812045dffe0981b2fdc90feaecff40cbe7d533433160fb,SS,22,R_end,1,True,0.0
1be6fa12bbdbfbd851812045dffe0981b2fdc90feaecff40cbe7d533433160fb,SS,22,C_end,1,True,0.0
1be6fa12bbdbfbd851812045dffe0981b2fdc90feaecff40cbe7d533433160fb,SS,22,D_pos,1,True,0.0
1be6fa12bbdbfbd851812045dffe0981b2fdc90feaecff40cbe7d533433160fb,SS,26,R_end,1,True,0.0
1be6fa12bbdbfbd851812045dffe0981b2fdc90feaecff40cbe7d533433160fb,SS,26,C_end,1,True,0.0
1be6fa12bbdbfbd851812045dffe0981b2fdc90feaecff40cbe7d533433160fb,SS,26,D_pos,1,True,0.0
1beb2aa5b13171309874a37d5260ebb4e081a26981486965e2d55ecbd0e23e72,OO,14,R_end,1,True,0.0
1beb2aa5b13171309874a37d5260ebb4e081a26981486965e2d55ecbd0e23e72,OO,14,C_end,1,True,0.0
1beb2aa5b13171309874a37d5260ebb4e081a26981486965e2d55ecbd0e23e72,OO,14,D_pos,1,True,0.0
1beb2aa5b13171309874a37d5260ebb4e081a26981486965e2d55ecbd0e23e72,OO,18,R_end,1,True,0.0
1beb2aa5b13171309874a37d5260ebb4e081a26981486965e2d55ecbd0e23e72,OO,18,C_end,1,True,0.0
1beb2aa5b13171309874a37d5260ebb4e081a26981486965e2d55ecbd0e23e72,OO,18,D_pos,1,True,0.0
1beb2aa5b13171309874a37d5260ebb4e081a26981486965e2d55ecbd0e23e72,OO,22,R_end,1,True,0.0
1beb2aa5b13171309874a37d5260ebb4e081a26981486965e2d55ecbd0e23e72,OO,22,C_end,1,True,0.0
1beb2aa5b13171309874a37d5260ebb4e081a26981486965e2d55ecbd0e23e72,OO,22,D_pos,1,True,0.0
1beb2aa5b13171309874a37d5260ebb4e081a26981486965e2d55ecbd0e23e72,OO,26,R_end,1,True,0.0
1beb2aa5b13171309874a37d5260ebb4e081a26981486965e2d55ecbd0e23e72,OO,26,C_end,1,True,0.0
1beb2aa5b13171309874a37d5260ebb4e081a26981486965e2d55ecbd0e23e72,OO,26,D_pos,1,True,0.0
1beb2aa5b13171309874a37d5260ebb4e081a26981486965e2d55ecbd0e23e72,OS,14,R_end,1,True,0.0
1beb2aa5b13171309874a37d5260ebb4e081a26981486965e2d55ecbd0e23e72,OS,14,C_end,1,True,0.0
1beb2aa5b13171309874a37d5260ebb4e081a26981486965e2d55ecbd0e23e72,OS,14,D_pos,1,True,0.0
1beb2aa5b13171309874a37d5260ebb4e081a26981486965e2d55ecbd0e23e72,OS,18,R_end,1,True,0.0
1beb2aa5b13171309874a37d5260ebb4e081a26981486965e2d55ecbd0e23e72,OS,18,C_end,1,True,0.0
1beb2aa5b13171309874a37d5260ebb4e081a26981486965e2d55ecbd0e23e72,OS,18,D_pos,1,True,0.0
1beb2aa5b13171309874a37d5260ebb4e081a26981486965e2d55ecbd0e23e72,OS,22,R_end,1,True,0.0
1beb2aa5b13171309874a37d5260ebb4e081a26981486965e2d55ecbd0e23e72,OS,22,C_end,1,True,0.0
1beb2aa5b13171309874a37d5260ebb4e081a26981486965e2d55ecbd0e23e72,OS,22,D_pos,1,True,0.0
1beb2aa5b13171309874a37d5260ebb4e081a26981486965e2d55ecbd0e23e72,OS,26,R_end,1,True,0.0
1beb2aa5b13171309874a37d5260ebb4e081a26981486965e2d55ecbd0e23e72,OS,26,C_end,1,True,0.0
1beb2aa5b13171309874a37d5260ebb4e081a26981486965e2d55ecbd0e23e72,OS,26,D_pos,1,True,0.0
1beb2aa5b13171309874a37d5260ebb4e081a26981486965e2d55ecbd0e23e72,SO,14,R_end,1,True,0.0
1beb2aa5b13171309874a37d5260ebb4e081a26981486965e2d55ecbd0e23e72,SO,14,C_end,1,True,0.0
1beb2aa5b13171309874a37d5260ebb4e081a26981486965e2d55ecbd0e23e72,SO,14,D_pos,1,True,0.0
1beb2aa5b13171309874a37d5260ebb4e081a26981486965e2d55ecbd0e23e72,SO,18,R_end,1,True,0.0
1beb2aa5b13171309874a37d5260ebb4e081a26981486965e2d55ecbd0e23e72,SO,18,C_end,1,True,0.0
1beb2aa5b13171309874a37d5260ebb4e081a26981486965e2d55ecbd0e23e72,SO,18,D_pos,1,True,0.0
1beb2aa5b13171309874a37d5260ebb4e081a26981486965e2d55ecbd0e23e72,SO,22,R_end,1,True,0.0
1beb2aa5b13171309874a37d5260ebb4e081a26981486965e2d55ecbd0e23e72,SO,22,C_end,1,True,0.0
1beb2aa5b13171309874a37d5260ebb4e081a26981486965e2d55ecbd0e23e72,SO,22,D_pos,1,True,0.0
1beb2aa5b13171309874a37d5260ebb4e081a26981486965e2d55ecbd0e23e72,SO,26,R_end,1,True,0.0
1beb2aa5b13171309874a37d5260ebb4e081a26981486965e2d55ecbd0e23e72,SO,26,C_end,1,True,0.0
1beb2aa5b13171309874a37d5260ebb4e081a26981486965e2d55ecbd0e23e72,SO,26,D_pos,1,True,0.0
1beb2aa5b13171309874a37d5260ebb4e081a26981486965e2d55ecbd0e23e72,SS,14,R_end,1,True,0.0
1beb2aa5b13171309874a37d5260ebb4e081a26981486965e2d55ecbd0e23e72,SS,14,C_end,1,True,0.0
1beb2aa5b13171309874a37d5260ebb4e081a26981486965e2d55ecbd0e23e72,SS,14,D_pos,1,True,0.0
1beb2aa5b13171309874a37d5260ebb4e081a26981486965e2d55ecbd0e23e72,SS,18,R_end,1,True,0.0
1beb2aa5b13171309874a37d5260ebb4e081a26981486965e2d55ecbd0e23e72,SS,18,C_end,1,True,0.0
1beb2aa5b13171309874a37d5260ebb4e081a26981486965e2d55ecbd0e23e72,SS,18,D_pos,1,True,0.0
1beb2aa5b13171309874a37d5260ebb4e081a26981486965e2d55ecbd0e23e72,SS,22,R_end,1,True,0.0
1beb2aa5b13171309874a37d5260ebb4e081a26981486965e2d55ecbd0e23e72,SS,22,C_end,1,True,0.0
1beb2aa5b13171309874a37d5260ebb4e081a26981486965e2d55ecbd0e23e72,SS,22,D_pos,1,True,0.0
1beb2aa5b13171309874a37d5260ebb4e081a26981486965e2d55ecbd0e23e72,SS,26,R_end,1,True,0.0
1beb2aa5b13171309874a37d5260ebb4e081a26981486965e2d55ecbd0e23e72,SS,26,C_end,1,True,0.0
1beb2aa5b13171309874a37d5260ebb4e081a26981486965e2d55ecbd0e23e72,SS,26,D_pos,1,True,0.0
1c35548b29d8511a72048aa2f5760aa0375a344a23b694ddc903a3c3b9d10eb8,OO,14,R_end,1,True,0.0
1c35548b29d8511a72048aa2f5760aa0375a344a23b694ddc903a3c3b9d10eb8,OO,14,C_end,1,True,0.0
1c35548b29d8511a72048aa2f5760aa0375a344a23b694ddc903a3c3b9d10eb8,OO,14,D_pos,1,True,0.0
1c35548b29d8511a72048aa2f5760aa0375a344a23b694ddc903a3c3b9d10eb8,OO,18,R_end,1,True,0.0
1c35548b29d8511a72048aa2f5760aa0375a344a23b694ddc903a3c3b9d10eb8,OO,18,C_end,1,True,0.0
1c35548b29d8511a72048aa2f5760aa0375a344a23b694ddc903a3c3b9d10eb8,OO,18,D_pos,1,True,0.0
1c35548b29d8511a72048aa2f5760aa0375a344a23b694ddc903a3c3b9d10eb8,OO,22,R_end,1,True,0.0
1c35548b29d8511a72048aa2f5760aa0375a344a23b694ddc903a3c3b9d10eb8,OO,22,C_end,1,True,0.0
1c35548b29d8511a72048aa2f5760aa0375a344a23b694ddc903a3c3b9d10eb8,OO,22,D_pos,1,True,0.0
1c35548b29d8511a72048aa2f5760aa0375a344a23b694ddc903a3c3b9d10eb8,OO,26,R_end,1,True,0.0
1c35548b29d8511a72048aa2f5760aa0375a344a23b694ddc903a3c3b9d10eb8,OO,26,C_end,1,True,0.0
1c35548b29d8511a72048aa2f5760aa0375a344a23b694ddc903a3c3b9d10eb8,OO,26,D_pos,1,True,0.0
1c35548b29d8511a72048aa2f5760aa0375a344a23b694ddc903a3c3b9d10eb8,OS,14,R_end,1,True,0.0
1c35548b29d8511a72048aa2f5760aa0375a344a23b694ddc903a3c3b9d10eb8,OS,14,C_end,1,True,0.0
1c35548b29d8511a72048aa2f5760aa0375a344a23b694ddc903a3c3b9d10eb8,OS,14,D_pos,1,True,0.0
1c35548b29d8511a72048aa2f5760aa0375a344a23b694ddc903a3c3b9d10eb8,OS,18,R_end,1,True,0.0
1c35548b29d8511a72048aa2f5760aa0375a344a23b694ddc903a3c3b9d10eb8,OS,18,C_end,1,True,0.0
1c35548b29d8511a72048aa2f5760aa0375a344a23b694ddc903a3c3b9d10eb8,OS,18,D_pos,1,True,0.0
1c35548b29d8511a72048aa2f5760aa0375a344a23b694ddc903a3c3b9d10eb8,OS,22,R_end,1,True,0.0
1c35548b29d8511a72048aa2f5760aa0375a344a23b694ddc903a3c3b9d10eb8,OS,22,C_end,1,True,0.0
1c35548b29d8511a72048aa2f5760aa0375a344a23b694ddc903a3c3b9d10eb8,OS,22,D_pos,1,True,0.0
1c35548b29d8511a72048aa2f5760aa0375a344a23b694ddc903a3c3b9d10eb8,OS,26,R_end,1,True,0.0
1c35548b29d8511a72048aa2f5760aa0375a344a23b694ddc903a3c3b9d10eb8,OS,26,C_end,1,True,0.0
1c35548b29d8511a72048aa2f5760aa0375a344a23b694ddc903a3c3b9d10eb8,OS,26,D_pos,1,True,0.0
1c35548b29d8511a72048aa2f5760aa0375a344a23b694ddc903a3c3b9d10eb8,SO,14,R_end,1,True,0.0
1c35548b29d8511a72048aa2f5760aa0375a344a23b694ddc903a3c3b9d10eb8,SO,14,C_end,1,True,0.0
1c35548b29d8511a72048aa2f5760aa0375a344a23b694ddc903a3c3b9d10eb8,SO,14,D_pos,1,True,0.0
1c35548b29d8511a72048aa2f5760aa0375a344a23b694ddc903a3c3b9d10eb8,SO,18,R_end,1,True,0.0
1c35548b29d8511a72048aa2f5760aa0375a344a23b694ddc903a3c3b9d10eb8,SO,18,C_end,1,True,0.0
1c35548b29d8511a72048aa2f5760aa0375a344a23b694ddc903a3c3b9d10eb8,SO,18,D_pos,1,True,0.0
1c35548b29d8511a72048aa2f5760aa0375a344a23b694ddc903a3c3b9d10eb8,SO,22,R_end,1,True,0.0
1c35548b29d8511a72048aa2f5760aa0375a344a23b694ddc903a3c3b9d10eb8,SO,22,C_end,1,True,0.0
1c35548b29d8511a72048aa2f5760aa0375a344a23b694ddc903a3c3b9d10eb8,SO,22,D_pos,1,True,0.0
1c35548b29d8511a72048aa2f5760aa0375a344a23b694ddc903a3c3b9d10eb8,SO,26,R_end,1,True,0.0
1c35548b29d8511a72048aa2f5760aa0375a344a23b694ddc903a3c3b9d10eb8,SO,26,C_end,1,True,0.0
1c35548b29d8511a72048aa2f5760aa0375a344a23b694ddc903a3c3b9d10eb8,SO,26,D_pos,1,True,0.0
1c35548b29d8511a72048aa2f5760aa0375a344a23b694ddc903a3c3b9d10eb8,SS,14,R_end,1,True,0.0
1c35548b29d8511a72048aa2f5760aa0375a344a23b694ddc903a3c3b9d10eb8,SS,14,C_end,1,True,0.0
1c35548b29d8511a72048aa2f5760aa0375a344a23b694ddc903a3c3b9d10eb8,SS,14,D_pos,1,True,0.0
1c35548b29d8511a72048aa2f5760aa0375a344a23b694ddc903a3c3b9d10eb8,SS,18,R_end,1,True,0.0
1c35548b29d8511a72048aa2f5760aa0375a344a23b694ddc903a3c3b9d10eb8,SS,18,C_end,1,True,0.0
1c35548b29d8511a72048aa2f5760aa0375a344a23b694ddc903a3c3b9d10eb8,SS,18,D_pos,1,True,0.0
1c35548b29d8511a72048aa2f5760aa0375a344a23b694ddc903a3c3b9d10eb8,SS,22,R_end,1,True,0.0
1c35548b29d8511a72048aa2f5760aa0375a344a23b694ddc903a3c3b9d10eb8,SS,22,C_end,1,True,0.0
1c35548b29d8511a72048aa2f5760aa0375a344a23b694ddc903a3c3b9d10eb8,SS,22,D_pos,1,True,0.0
1c35548b29d8511a72048aa2f5760aa0375a344a23b694ddc903a3c3b9d10eb8,SS,26,R_end,1,True,0.0
1c35548b29d8511a72048aa2f5760aa0375a344a23b694ddc903a3c3b9d10eb8,SS,26,C_end,1,True,0.0
1c35548b29d8511a72048aa2f5760aa0375a344a23b694ddc903a3c3b9d10eb8,SS,26,D_pos,1,True,0.0
1e775ec427e192a7277498b2b5f22a189e2fd5e4a7ebe9a5d7ceb04d0edb4bea,OO,14,R_end,1,True,0.0
1e775ec427e192a7277498b2b5f22a189e2fd5e4a7ebe9a5d7ceb04d0edb4bea,OO,14,C_end,1,True,0.0
1e775ec427e192a7277498b2b5f22a189e2fd5e4a7ebe9a5d7ceb04d0edb4bea,OO,14,D_pos,1,True,0.0
1e775ec427e192a7277498b2b5f22a189e2fd5e4a7ebe9a5d7ceb04d0edb4bea,OO,18,R_end,1,True,0.0
1e775ec427e192a7277498b2b5f22a189e2fd5e4a7ebe9a5d7ceb04d0edb4bea,OO,18,C_end,1,True,0.0
1e775ec427e192a7277498b2b5f22a189e2fd5e4a7ebe9a5d7ceb04d0edb4bea,OO,18,D_pos,1,True,0.0
1e775ec427e192a7277498b2b5f22a189e2fd5e4a7ebe9a5d7ceb04d0edb4bea,OO,22,R_end,1,True,0.0
1e775ec427e192a7277498b2b5f22a189e2fd5e4a7ebe9a5d7ceb04d0edb4bea,OO,22,C_end,1,True,0.0
1e775ec427e192a7277498b2b5f22a189e2fd5e4a7ebe9a5d7ceb04d0edb4bea,OO,22,D_pos,1,True,0.0
1e775ec427e192a7277498b2b5f22a189e2fd5e4a7ebe9a5d7ceb04d0edb4bea,OO,26,R_end,1,True,0.0
1e775ec427e192a7277498b2b5f22a189e2fd5e4a7ebe9a5d7ceb04d0edb4bea,OO,26,C_end,1,True,0.0
1e775ec427e192a7277498b2b5f22a189e2fd5e4a7ebe9a5d7ceb04d0edb4bea,OO,26,D_pos,1,True,0.0
1e775ec427e192a7277498b2b5f22a189e2fd5e4a7ebe9a5d7ceb04d0edb4bea,OS,14,R_end,1,True,0.0
1e775ec427e192a7277498b2b5f22a189e2fd5e4a7ebe9a5d7ceb04d0edb4bea,OS,14,C_end,1,True,0.0
1e775ec427e192a7277498b2b5f22a189e2fd5e4a7ebe9a5d7ceb04d0edb4bea,OS,14,D_pos,1,True,0.0
1e775ec427e192a7277498b2b5f22a189e2fd5e4a7ebe9a5d7ceb04d0edb4bea,OS,18,R_end,1,True,0.0
1e775ec427e192a7277498b2b5f22a189e2fd5e4a7ebe9a5d7ceb04d0edb4bea,OS,18,C_end,1,True,0.0
1e775ec427e192a7277498b2b5f22a189e2fd5e4a7ebe9a5d7ceb04d0edb4bea,OS,18,D_pos,1,True,0.0
1e775ec427e192a7277498b2b5f22a189e2fd5e4a7ebe9a5d7ceb04d0edb4bea,OS,22,R_end,1,True,0.0
1e775ec427e192a7277498b2b5f22a189e2fd5e4a7ebe9a5d7ceb04d0edb4bea,OS,22,C_end,1,True,0.0
1e775ec427e192a7277498b2b5f22a189e2fd5e4a7ebe9a5d7ceb04d0edb4bea,OS,22,D_pos,1,True,0.0
1e775ec427e192a7277498b2b5f22a189e2fd5e4a7ebe9a5d7ceb04d0edb4bea,OS,26,R_end,1,True,0.0
1e775ec427e192a7277498b2b5f22a189e2fd5e4a7ebe9a5d7ceb04d0edb4bea,OS,26,C_end,1,True,0.0
1e775ec427e192a7277498b2b5f22a189e2fd5e4a7ebe9a5d7ceb04d0edb4bea,OS,26,D_pos,1,True,0.0
1e775ec427e192a7277498b2b5f22a189e2fd5e4a7ebe9a5d7ceb04d0edb4bea,SO,14,R_end,1,True,0.0
1e775ec427e192a7277498b2b5f22a189e2fd5e4a7ebe9a5d7ceb04d0edb4bea,SO,14,C_end,1,True,0.0
1e775ec427e192a7277498b2b5f22a189e2fd5e4a7ebe9a5d7ceb04d0edb4bea,SO,14,D_pos,1,True,0.0
1e775ec427e192a7277498b2b5f22a189e2fd5e4a7ebe9a5d7ceb04d0edb4bea,SO,18,R_end,1,True,0.0
1e775ec427e192a7277498b2b5f22a189e2fd5e4a7ebe9a5d7ceb04d0edb4bea,SO,18,C_end,1,True,0.0
1e775ec427e192a7277498b2b5f22a189e2fd5e4a7ebe9a5d7ceb04d0edb4bea,SO,18,D_pos,1,True,0.0
1e775ec427e192a7277498b2b5f22a189e2fd5e4a7ebe9a5d7ceb04d0edb4bea,SO,22,R_end,1,True,0.0
1e775ec427e192a7277498b2b5f22a189e2fd5e4a7ebe9a5d7ceb04d0edb4bea,SO,22,C_end,1,True,0.0
1e775ec427e192a7277498b2b5f22a189e2fd5e4a7ebe9a5d7ceb04d0edb4bea,SO,22,D_pos,1,True,0.0
1e775ec427e192a7277498b2b5f22a189e2fd5e4a7ebe9a5d7ceb04d0edb4bea,SO,26,R_end,1,True,0.0
1e775ec427e192a7277498b2b5f22a189e2fd5e4a7ebe9a5d7ceb04d0edb4bea,SO,26,C_end,1,True,0.0
1e775ec427e192a7277498b2b5f22a189e2fd5e4a7ebe9a5d7ceb04d0edb4bea,SO,26,D_pos,1,True,0.0
1e775ec427e192a7277498b2b5f22a189e2fd5e4a7ebe9a5d7ceb04d0edb4bea,SS,14,R_end,1,True,0.0
1e775ec427e192a7277498b2b5f22a189e2fd5e4a7ebe9a5d7ceb04d0edb4bea,SS,14,C_end,1,True,0.0
1e775ec427e192a7277498b2b5f22a189e2fd5e4a7ebe9a5d7ceb04d0edb4bea,SS,14,D_pos,1,True,0.0
1e775ec427e192a7277498b2b5f22a189e2fd5e4a7ebe9a5d7ceb04d0edb4bea,SS,18,R_end,1,True,0.0
1e775ec427e192a7277498b2b5f22a189e2fd5e4a7ebe9a5d7ceb04d0edb4bea,SS,18,C_end,1,True,0.0
1e775ec427e192a7277498b2b5f22a189e2fd5e4a7ebe9a5d7ceb04d0edb4bea,SS,18,D_pos,1,True,0.0
1e775ec427e192a7277498b2b5f22a189e2fd5e4a7ebe9a5d7ceb04d0edb4bea,SS,22,R_end,1,True,0.0
1e775ec427e192a7277498b2b5f22a189e2fd5e4a7ebe9a5d7ceb04d0edb4bea,SS,22,C_end,1,True,0.0
1e775ec427e192a7277498b2b5f22a189e2fd5e4a7ebe9a5d7ceb04d0edb4bea,SS,22,D_pos,1,True,0.0
1e775ec427e192a7277498b2b5f22a189e2fd5e4a7ebe9a5d7ceb04d0edb4bea,SS,26,R_end,1,True,0.0
1e775ec427e192a7277498b2b5f22a189e2fd5e4a7ebe9a5d7ceb04d0edb4bea,SS,26,C_end,1,True,0.0
1e775ec427e192a7277498b2b5f22a189e2fd5e4a7ebe9a5d7ceb04d0edb4bea,SS,26,D_pos,1,True,0.0
20ca76d8e4f85568513476a52df419d075d3dd5fc5ccecf57f95ac7dd8fc87e6,OO,14,R_end,1,True,0.0
20ca76d8e4f85568513476a52df419d075d3dd5fc5ccecf57f95ac7dd8fc87e6,OO,14,C_end,1,True,0.0
20ca76d8e4f85568513476a52df419d075d3dd5fc5ccecf57f95ac7dd8fc87e6,OO,14,D_pos,1,True,0.0
20ca76d8e4f85568513476a52df419d075d3dd5fc5ccecf57f95ac7dd8fc87e6,OO,18,R_end,1,True,0.0
20ca76d8e4f85568513476a52df419d075d3dd5fc5ccecf57f95ac7dd8fc87e6,OO,18,C_end,1,True,0.0
20ca76d8e4f85568513476a52df419d075d3dd5fc5ccecf57f95ac7dd8fc87e6,OO,18,D_pos,1,True,0.0
20ca76d8e4f85568513476a52df419d075d3dd5fc5ccecf57f95ac7dd8fc87e6,OO,22,R_end,1,True,0.0
20ca76d8e4f85568513476a52df419d075d3dd5fc5ccecf57f95ac7dd8fc87e6,OO,22,C_end,1,True,0.0
20ca76d8e4f85568513476a52df419d075d3dd5fc5ccecf57f95ac7dd8fc87e6,OO,22,D_pos,1,True,0.0
20ca76d8e4f85568513476a52df419d075d3dd5fc5ccecf57f95ac7dd8fc87e6,OO,26,R_end,1,True,0.0
20ca76d8e4f85568513476a52df419d075d3dd5fc5ccecf57f95ac7dd8fc87e6,OO,26,C_end,1,True,0.0
20ca76d8e4f85568513476a52df419d075d3dd5fc5ccecf57f95ac7dd8fc87e6,OO,26,D_pos,1,True,0.0
20ca76d8e4f85568513476a52df419d075d3dd5fc5ccecf57f95ac7dd8fc87e6,OS,14,R_end,1,True,0.0
20ca76d8e4f85568513476a52df419d075d3dd5fc5ccecf57f95ac7dd8fc87e6,OS,14,C_end,1,True,0.0
20ca76d8e4f85568513476a52df419d075d3dd5fc5ccecf57f95ac7dd8fc87e6,OS,14,D_pos,1,True,0.0
20ca76d8e4f85568513476a52df419d075d3dd5fc5ccecf57f95ac7dd8fc87e6,OS,18,R_end,1,True,0.0
20ca76d8e4f85568513476a52df419d075d3dd5fc5ccecf57f95ac7dd8fc87e6,OS,18,C_end,1,True,0.0
20ca76d8e4f85568513476a52df419d075d3dd5fc5ccecf57f95ac7dd8fc87e6,OS,18,D_pos,1,True,0.0
20ca76d8e4f85568513476a52df419d075d3dd5fc5ccecf57f95ac7dd8fc87e6,OS,22,R_end,1,True,0.0
20ca76d8e4f85568513476a52df419d075d3dd5fc5ccecf57f95ac7dd8fc87e6,OS,22,C_end,1,True,0.0
20ca76d8e4f85568513476a52df419d075d3dd5fc5ccecf57f95ac7dd8fc87e6,OS,22,D_pos,1,True,0.0
20ca76d8e4f85568513476a52df419d075d3dd5fc5ccecf57f95ac7dd8fc87e6,OS,26,R_end,1,True,0.0
20ca76d8e4f85568513476a52df419d075d3dd5fc5ccecf57f95ac7dd8fc87e6,OS,26,C_end,1,True,0.0
20ca76d8e4f85568513476a52df419d075d3dd5fc5ccecf57f95ac7dd8fc87e6,OS,26,D_pos,1,True,0.0
20ca76d8e4f85568513476a52df419d075d3dd5fc5ccecf57f95ac7dd8fc87e6,SO,14,R_end,1,True,0.0
20ca76d8e4f85568513476a52df419d075d3dd5fc5ccecf57f95ac7dd8fc87e6,SO,14,C_end,1,True,0.0
20ca76d8e4f85568513476a52df419d075d3dd5fc5ccecf57f95ac7dd8fc87e6,SO,14,D_pos,1,True,0.0
20ca76d8e4f85568513476a52df419d075d3dd5fc5ccecf57f95ac7dd8fc87e6,SO,18,R_end,1,True,0.0
20ca76d8e4f85568513476a52df419d075d3dd5fc5ccecf57f95ac7dd8fc87e6,SO,18,C_end,1,True,0.0
20ca76d8e4f85568513476a52df419d075d3dd5fc5ccecf57f95ac7dd8fc87e6,SO,18,D_pos,1,True,0.0
20ca76d8e4f85568513476a52df419d075d3dd5fc5ccecf57f95ac7dd8fc87e6,SO,22,R_end,1,True,0.0
20ca76d8e4f85568513476a52df419d075d3dd5fc5ccecf57f95ac7dd8fc87e6,SO,22,C_end,1,True,0.0
20ca76d8e4f85568513476a52df419d075d3dd5fc5ccecf57f95ac7dd8fc87e6,SO,22,D_pos,1,True,0.0
20ca76d8e4f85568513476a52df419d075d3dd5fc5ccecf57f95ac7dd8fc87e6,SO,26,R_end,1,True,0.0
20ca76d8e4f85568513476a52df419d075d3dd5fc5ccecf57f95ac7dd8fc87e6,SO,26,C_end,1,True,0.0
20ca76d8e4f85568513476a52df419d075d3dd5fc5ccecf57f95ac7dd8fc87e6,SO,26,D_pos,1,True,0.0
20ca76d8e4f85568513476a52df419d075d3dd5fc5ccecf57f95ac7dd8fc87e6,SS,14,R_end,1,True,0.0
20ca76d8e4f85568513476a52df419d075d3dd5fc5ccecf57f95ac7dd8fc87e6,SS,14,C_end,1,True,0.0
20ca76d8e4f85568513476a52df419d075d3dd5fc5ccecf57f95ac7dd8fc87e6,SS,14,D_pos,1,True,0.0
20ca76d8e4f85568513476a52df419d075d3dd5fc5ccecf57f95ac7dd8fc87e6,SS,18,R_end,1,True,0.0
20ca76d8e4f85568513476a52df419d075d3dd5fc5ccecf57f95ac7dd8fc87e6,SS,18,C_end,1,True,0.0
20ca76d8e4f85568513476a52df419d075d3dd5fc5ccecf57f95ac7dd8fc87e6,SS,18,D_pos,1,True,0.0
20ca76d8e4f85568513476a52df419d075d3dd5fc5ccecf57f95ac7dd8fc87e6,SS,22,R_end,1,True,0.0
20ca76d8e4f85568513476a52df419d075d3dd5fc5ccecf57f95ac7dd8fc87e6,SS,22,C_end,1,True,0.0
20ca76d8e4f85568513476a52df419d075d3dd5fc5ccecf57f95ac7dd8fc87e6,SS,22,D_pos,1,True,0.0
20ca76d8e4f85568513476a52df419d075d3dd5fc5ccecf57f95ac7dd8fc87e6,SS,26,R_end,1,True,0.0
20ca76d8e4f85568513476a52df419d075d3dd5fc5ccecf57f95ac7dd8fc87e6,SS,26,C_end,1,True,0.0
20ca76d8e4f85568513476a52df419d075d3dd5fc5ccecf57f95ac7dd8fc87e6,SS,26,D_pos,1,True,0.0
21b042f63c92b50654186c8fe4187eace9b61ae49c15626476e5b27ce23675bb,OO,14,R_end,1,True,0.0
21b042f63c92b50654186c8fe4187eace9b61ae49c15626476e5b27ce23675bb,OO,14,C_end,1,True,0.0
21b042f63c92b50654186c8fe4187eace9b61ae49c15626476e5b27ce23675bb,OO,14,D_pos,1,True,0.0
21b042f63c92b50654186c8fe4187eace9b61ae49c15626476e5b27ce23675bb,OO,18,R_end,1,True,0.0
21b042f63c92b50654186c8fe4187eace9b61ae49c15626476e5b27ce23675bb,OO,18,C_end,1,True,0.0
21b042f63c92b50654186c8fe4187eace9b61ae49c15626476e5b27ce23675bb,OO,18,D_pos,1,True,0.0
21b042f63c92b50654186c8fe4187eace9b61ae49c15626476e5b27ce23675bb,OO,22,R_end,1,True,0.0
21b042f63c92b50654186c8fe4187eace9b61ae49c15626476e5b27ce23675bb,OO,22,C_end,1,True,0.0
21b042f63c92b50654186c8fe4187eace9b61ae49c15626476e5b27ce23675bb,OO,22,D_pos,1,True,0.0
21b042f63c92b50654186c8fe4187eace9b61ae49c15626476e5b27ce23675bb,OO,26,R_end,1,True,0.0
21b042f63c92b50654186c8fe4187eace9b61ae49c15626476e5b27ce23675bb,OO,26,C_end,1,True,0.0
21b042f63c92b50654186c8fe4187eace9b61ae49c15626476e5b27ce23675bb,OO,26,D_pos,1,True,0.0
21b042f63c92b50654186c8fe4187eace9b61ae49c15626476e5b27ce23675bb,OS,14,R_end,1,True,0.0
21b042f63c92b50654186c8fe4187eace9b61ae49c15626476e5b27ce23675bb,OS,14,C_end,1,True,0.0
21b042f63c92b50654186c8fe4187eace9b61ae49c15626476e5b27ce23675bb,OS,14,D_pos,1,True,0.0
21b042f63c92b50654186c8fe4187eace9b61ae49c15626476e5b27ce23675bb,OS,18,R_end,1,True,0.0
21b042f63c92b50654186c8fe4187eace9b61ae49c15626476e5b27ce23675bb,OS,18,C_end,1,True,0.0
21b042f63c92b50654186c8fe4187eace9b61ae49c15626476e5b27ce23675bb,OS,18,D_pos,1,True,0.0
21b042f63c92b50654186c8fe4187eace9b61ae49c15626476e5b27ce23675bb,OS,22,R_end,1,True,0.0
21b042f63c92b50654186c8fe4187eace9b61ae49c15626476e5b27ce23675bb,OS,22,C_end,1,True,0.0
21b042f63c92b50654186c8fe4187eace9b61ae49c15626476e5b27ce23675bb,OS,22,D_pos,1,True,0.0
21b042f63c92b50654186c8fe4187eace9b61ae49c15626476e5b27ce23675bb,OS,26,R_end,1,True,0.0
21b042f63c92b50654186c8fe4187eace9b61ae49c15626476e5b27ce23675bb,OS,26,C_end,1,True,0.0
21b042f63c92b50654186c8fe4187eace9b61ae49c15626476e5b27ce23675bb,OS,26,D_pos,1,True,0.0
21b042f63c92b50654186c8fe4187eace9b61ae49c15626476e5b27ce23675bb,SO,14,R_end,1,True,0.0
21b042f63c92b50654186c8fe4187eace9b61ae49c15626476e5b27ce23675bb,SO,14,C_end,1,True,0.0
21b042f63c92b50654186c8fe4187eace9b61ae49c15626476e5b27ce23675bb,SO,14,D_pos,1,True,0.0
21b042f63c92b50654186c8fe4187eace9b61ae49c15626476e5b27ce23675bb,SO,18,R_end,1,True,0.0
21b042f63c92b50654186c8fe4187eace9b61ae49c15626476e5b27ce23675bb,SO,18,C_end,1,True,0.0
21b042f63c92b50654186c8fe4187eace9b61ae49c15626476e5b27ce23675bb,SO,18,D_pos,1,True,0.0
21b042f63c92b50654186c8fe4187eace9b61ae49c15626476e5b27ce23675bb,SO,22,R_end,1,True,0.0
21b042f63c92b50654186c8fe4187eace9b61ae49c15626476e5b27ce23675bb,SO,22,C_end,1,True,0.0
21b042f63c92b50654186c8fe4187eace9b61ae49c15626476e5b27ce23675bb,SO,22,D_pos,1,True,0.0
21b042f63c92b50654186c8fe4187eace9b61ae49c15626476e5b27ce23675bb,SO,26,R_end,1,True,0.0
21b042f63c92b50654186c8fe4187eace9b61ae49c15626476e5b27ce23675bb,SO,26,C_end,1,True,0.0
21b042f63c92b50654186c8fe4187eace9b61ae49c15626476e5b27ce23675bb,SO,26,D_pos,1,True,0.0
21b042f63c92b50654186c8fe4187eace9b61ae49c15626476e5b27ce23675bb,SS,14,R_end,1,True,0.0
21b042f63c92b50654186c8fe4187eace9b61ae49c15626476e5b27ce23675bb,SS,14,C_end,1,True,0.0
21b042f63c92b50654186c8fe4187eace9b61ae49c15626476e5b27ce23675bb,SS,14,D_pos,1,True,0.0
21b042f63c92b50654186c8fe4187eace9b61ae49c15626476e5b27ce23675bb,SS,18,R_end,1,True,0.0
21b042f63c92b50654186c8fe4187eace9b61ae49c15626476e5b27ce23675bb,SS,18,C_end,1,True,0.0
21b042f63c92b50654186c8fe4187eace9b61ae49c15626476e5b27ce23675bb,SS,18,D_pos,1,True,0.0
21b042f63c92b50654186c8fe4187eace9b61ae49c15626476e5b27ce23675bb,SS,22,R_end,1,True,0.0
21b042f63c92b50654186c8fe4187eace9b61ae49c15626476e5b27ce23675bb,SS,22,C_end,1,True,0.0
21b042f63c92b50654186c8fe4187eace9b61ae49c15626476e5b27ce23675bb,SS,22,D_pos,1,True,0.0
21b042f63c92b50654186c8fe4187eace9b61ae49c15626476e5b27ce23675bb,SS,26,R_end,1,True,0.0
21b042f63c92b50654186c8fe4187eace9b61ae49c15626476e5b27ce23675bb,SS,26,C_end,1,True,0.0
21b042f63c92b50654186c8fe4187eace9b61ae49c15626476e5b27ce23675bb,SS,26,D_pos,1,True,0.0
21e85b4efb563c2c7d719cd82eed25f1248ca7f7c8365f703644ce3dc4ad3f31,OO,14,R_end,1,True,0.0
21e85b4efb563c2c7d719cd82eed25f1248ca7f7c8365f703644ce3dc4ad3f31,OO,14,C_end,1,True,0.0
21e85b4efb563c2c7d719cd82eed25f1248ca7f7c8365f703644ce3dc4ad3f31,OO,14,D_pos,1,True,0.0
21e85b4efb563c2c7d719cd82eed25f1248ca7f7c8365f703644ce3dc4ad3f31,OO,18,R_end,1,True,0.0
21e85b4efb563c2c7d719cd82eed25f1248ca7f7c8365f703644ce3dc4ad3f31,OO,18,C_end,1,True,0.0
21e85b4efb563c2c7d719cd82eed25f1248ca7f7c8365f703644ce3dc4ad3f31,OO,18,D_pos,1,True,0.0
21e85b4efb563c2c7d719cd82eed25f1248ca7f7c8365f703644ce3dc4ad3f31,OO,22,R_end,1,True,0.0
21e85b4efb563c2c7d719cd82eed25f1248ca7f7c8365f703644ce3dc4ad3f31,OO,22,C_end,1,True,0.0
21e85b4efb563c2c7d719cd82eed25f1248ca7f7c8365f703644ce3dc4ad3f31,OO,22,D_pos,1,True,0.0
21e85b4efb563c2c7d719cd82eed25f1248ca7f7c8365f703644ce3dc4ad3f31,OO,26,R_end,1,True,0.0
21e85b4efb563c2c7d719cd82eed25f1248ca7f7c8365f703644ce3dc4ad3f31,OO,26,C_end,1,True,0.0
21e85b4efb563c2c7d719cd82eed25f1248ca7f7c8365f703644ce3dc4ad3f31,OO,26,D_pos,1,True,0.0
21e85b4efb563c2c7d719cd82eed25f1248ca7f7c8365f703644ce3dc4ad3f31,OS,14,R_end,1,True,0.0
21e85b4efb563c2c7d719cd82eed25f1248ca7f7c8365f703644ce3dc4ad3f31,OS,14,C_end,1,True,0.0
21e85b4efb563c2c7d719cd82eed25f1248ca7f7c8365f703644ce3dc4ad3f31,OS,14,D_pos,1,True,0.0
21e85b4efb563c2c7d719cd82eed25f1248ca7f7c8365f703644ce3dc4ad3f31,OS,18,R_end,1,True,0.0
21e85b4efb563c2c7d719cd82eed25f1248ca7f7c8365f703644ce3dc4ad3f31,OS,18,C_end,1,True,0.0
21e85b4efb563c2c7d719cd82eed25f1248ca7f7c8365f703644ce3dc4ad3f31,OS,18,D_pos,1,True,0.0
21e85b4efb563c2c7d719cd82eed25f1248ca7f7c8365f703644ce3dc4ad3f31,OS,22,R_end,1,True,0.0
21e85b4efb563c2c7d719cd82eed25f1248ca7f7c8365f703644ce3dc4ad3f31,OS,22,C_end,1,True,0.0
21e85b4efb563c2c7d719cd82eed25f1248ca7f7c8365f703644ce3dc4ad3f31,OS,22,D_pos,1,True,0.0
21e85b4efb563c2c7d719cd82eed25f1248ca7f7c8365f703644ce3dc4ad3f31,OS,26,R_end,1,True,0.0
21e85b4efb563c2c7d719cd82eed25f1248ca7f7c8365f703644ce3dc4ad3f31,OS,26,C_end,1,True,0.0
21e85b4efb563c2c7d719cd82eed25f1248ca7f7c8365f703644ce3dc4ad3f31,OS,26,D_pos,1,True,0.0
21e85b4efb563c2c7d719cd82eed25f1248ca7f7c8365f703644ce3dc4ad3f31,SO,14,R_end,1,True,0.0
21e85b4efb563c2c7d719cd82eed25f1248ca7f7c8365f703644ce3dc4ad3f31,SO,14,C_end,1,True,0.0
21e85b4efb563c2c7d719cd82eed25f1248ca7f7c8365f703644ce3dc4ad3f31,SO,14,D_pos,1,True,0.0
21e85b4efb563c2c7d719cd82eed25f1248ca7f7c8365f703644ce3dc4ad3f31,SO,18,R_end,1,True,0.0
21e85b4efb563c2c7d719cd82eed25f1248ca7f7c8365f703644ce3dc4ad3f31,SO,18,C_end,1,True,0.0
21e85b4efb563c2c7d719cd82eed25f1248ca7f7c8365f703644ce3dc4ad3f31,SO,18,D_pos,1,True,0.0
21e85b4efb563c2c7d719cd82eed25f1248ca7f7c8365f703644ce3dc4ad3f31,SO,22,R_end,1,True,0.0
21e85b4efb563c2c7d719cd82eed25f1248ca7f7c8365f703644ce3dc4ad3f31,SO,22,C_end,1,True,0.0
21e85b4efb563c2c7d719cd82eed25f1248ca7f7c8365f703644ce3dc4ad3f31,SO,22,D_pos,1,True,0.0
21e85b4efb563c2c7d719cd82eed25f1248ca7f7c8365f703644ce3dc4ad3f31,SO,26,R_end,1,True,0.0
21e85b4efb563c2c7d719cd82eed25f1248ca7f7c8365f703644ce3dc4ad3f31,SO,26,C_end,1,True,0.0
21e85b4efb563c2c7d719cd82eed25f1248ca7f7c8365f703644ce3dc4ad3f31,SO,26,D_pos,1,True,0.0
21e85b4efb563c2c7d719cd82eed25f1248ca7f7c8365f703644ce3dc4ad3f31,SS,14,R_end,1,True,0.0
21e85b4efb563c2c7d719cd82eed25f1248ca7f7c8365f703644ce3dc4ad3f31,SS,14,C_end,1,True,0.0
21e85b4efb563c2c7d719cd82eed25f1248ca7f7c8365f703644ce3dc4ad3f31,SS,14,D_pos,1,True,0.0
21e85b4efb563c2c7d719cd82eed25f1248ca7f7c8365f703644ce3dc4ad3f31,SS,18,R_end,1,True,0.0
21e85b4efb563c2c7d719cd82eed25f1248ca7f7c8365f703644ce3dc4ad3f31,SS,18,C_end,1,True,0.0
21e85b4efb563c2c7d719cd82eed25f1248ca7f7c8365f703644ce3dc4ad3f31,SS,18,D_pos,1,True,0.0
21e85b4efb563c2c7d719cd82eed25f1248ca7f7c8365f703644ce3dc4ad3f31,SS,22,R_end,1,True,0.0
21e85b4efb563c2c7d719cd82eed25f1248ca7f7c8365f703644ce3dc4ad3f31,SS,22,C_end,1,True,0.0
21e85b4efb563c2c7d719cd82eed25f1248ca7f7c8365f703644ce3dc4ad3f31,SS,22,D_pos,1,True,0.0
21e85b4efb563c2c7d719cd82eed25f1248ca7f7c8365f703644ce3dc4ad3f31,SS,26,R_end,1,True,0.0
21e85b4efb563c2c7d719cd82eed25f1248ca7f7c8365f703644ce3dc4ad3f31,SS,26,C_end,1,True,0.0
21e85b4efb563c2c7d719cd82eed25f1248ca7f7c8365f703644ce3dc4ad3f31,SS,26,D_pos,1,True,0.0
230f4886e25e9c27f1c5aeb6202ef50688d4072ec21a5516491ea31cdf4274d7,OO,14,R_end,1,True,0.0
230f4886e25e9c27f1c5aeb6202ef50688d4072ec21a5516491ea31cdf4274d7,OO,14,C_end,1,True,0.0
230f4886e25e9c27f1c5aeb6202ef50688d4072ec21a5516491ea31cdf4274d7,OO,14,D_pos,1,True,0.0
230f4886e25e9c27f1c5aeb6202ef50688d4072ec21a5516491ea31cdf4274d7,OO,18,R_end,1,True,0.0
230f4886e25e9c27f1c5aeb6202ef50688d4072ec21a5516491ea31cdf4274d7,OO,18,C_end,1,True,0.0
230f4886e25e9c27f1c5aeb6202ef50688d4072ec21a5516491ea31cdf4274d7,OO,18,D_pos,1,True,0.0
230f4886e25e9c27f1c5aeb6202ef50688d4072ec21a5516491ea31cdf4274d7,OO,22,R_end,1,True,0.0
230f4886e25e9c27f1c5aeb6202ef50688d4072ec21a5516491ea31cdf4274d7,OO,22,C_end,1,True,0.0
230f4886e25e9c27f1c5aeb6202ef50688d4072ec21a5516491ea31cdf4274d7,OO,22,D_pos,1,True,0.0
230f4886e25e9c27f1c5aeb6202ef50688d4072ec21a5516491ea31cdf4274d7,OO,26,R_end,1,True,0.0
230f4886e25e9c27f1c5aeb6202ef50688d4072ec21a5516491ea31cdf4274d7,OO,26,C_end,1,True,0.0
230f4886e25e9c27f1c5aeb6202ef50688d4072ec21a5516491ea31cdf4274d7,OO,26,D_pos,1,True,0.0
230f4886e25e9c27f1c5aeb6202ef50688d4072ec21a5516491ea31cdf4274d7,OS,14,R_end,1,True,0.0
230f4886e25e9c27f1c5aeb6202ef50688d4072ec21a5516491ea31cdf4274d7,OS,14,C_end,1,True,0.0
230f4886e25e9c27f1c5aeb6202ef50688d4072ec21a5516491ea31cdf4274d7,OS,14,D_pos,1,True,0.0
230f4886e25e9c27f1c5aeb6202ef50688d4072ec21a5516491ea31cdf4274d7,OS,18,R_end,1,True,0.0
230f4886e25e9c27f1c5aeb6202ef50688d4072ec21a5516491ea31cdf4274d7,OS,18,C_end,1,True,0.0
230f4886e25e9c27f1c5aeb6202ef50688d4072ec21a5516491ea31cdf4274d7,OS,18,D_pos,1,True,0.0
230f4886e25e9c27f1c5aeb6202ef50688d4072ec21a5516491ea31cdf4274d7,OS,22,R_end,1,True,0.0
230f4886e25e9c27f1c5aeb6202ef50688d4072ec21a5516491ea31cdf4274d7,OS,22,C_end,1,True,0.0
230f4886e25e9c27f1c5aeb6202ef50688d4072ec21a5516491ea31cdf4274d7,OS,22,D_pos,1,True,0.0
230f4886e25e9c27f1c5aeb6202ef50688d4072ec21a5516491ea31cdf4274d7,OS,26,R_end,1,True,0.0
230f4886e25e9c27f1c5aeb6202ef50688d4072ec21a5516491ea31cdf4274d7,OS,26,C_end,1,True,0.0
230f4886e25e9c27f1c5aeb6202ef50688d4072ec21a5516491ea31cdf4274d7,OS,26,D_pos,1,True,0.0
230f4886e25e9c27f1c5aeb6202ef50688d4072ec21a5516491ea31cdf4274d7,SO,14,R_end,1,True,0.0
230f4886e25e9c27f1c5aeb6202ef50688d4072ec21a5516491ea31cdf4274d7,SO,14,C_end,1,True,0.0
230f4886e25e9c27f1c5aeb6202ef50688d4072ec21a5516491ea31cdf4274d7,SO,14,D_pos,1,True,0.0
230f4886e25e9c27f1c5aeb6202ef50688d4072ec21a5516491ea31cdf4274d7,SO,18,R_end,1,True,0.0
230f4886e25e9c27f1c5aeb6202ef50688d4072ec21a5516491ea31cdf4274d7,SO,18,C_end,1,True,0.0
230f4886e25e9c27f1c5aeb6202ef50688d4072ec21a5516491ea31cdf4274d7,SO,18,D_pos,1,True,0.0
230f4886e25e9c27f1c5aeb6202ef50688d4072ec21a5516491ea31cdf4274d7,SO,22,R_end,1,True,0.0
230f4886e25e9c27f1c5aeb6202ef50688d4072ec21a5516491ea31cdf4274d7,SO,22,C_end,1,True,0.0
230f4886e25e9c27f1c5aeb6202ef50688d4072ec21a5516491ea31cdf4274d7,SO,22,D_pos,1,True,0.0
230f4886e25e9c27f1c5aeb6202ef50688d4072ec21a5516491ea31cdf4274d7,SO,26,R_end,1,True,0.0
230f4886e25e9c27f1c5aeb6202ef50688d4072ec21a5516491ea31cdf4274d7,SO,26,C_end,1,True,0.0
230f4886e25e9c27f1c5aeb6202ef50688d4072ec21a5516491ea31cdf4274d7,SO,26,D_pos,1,True,0.0
230f4886e25e9c27f1c5aeb6202ef50688d4072ec21a5516491ea31cdf4274d7,SS,14,R_end,1,True,0.0
230f4886e25e9c27f1c5aeb6202ef50688d4072ec21a5516491ea31cdf4274d7,SS,14,C_end,1,True,0.0
230f4886e25e9c27f1c5aeb6202ef50688d4072ec21a5516491ea31cdf4274d7,SS,14,D_pos,1,True,0.0
230f4886e25e9c27f1c5aeb6202ef50688d4072ec21a5516491ea31cdf4274d7,SS,18,R_end,1,True,0.0
230f4886e25e9c27f1c5aeb6202ef50688d4072ec21a5516491ea31cdf4274d7,SS,18,C_end,1,True,0.0
230f4886e25e9c27f1c5aeb6202ef50688d4072ec21a5516491ea31cdf4274d7,SS,18,D_pos,1,True,0.0
230f4886e25e9c27f1c5aeb6202ef50688d4072ec21a5516491ea31cdf4274d7,SS,22,R_end,1,True,0.0
230f4886e25e9c27f1c5aeb6202ef50688d4072ec21a5516491ea31cdf4274d7,SS,22,C_end,1,True,0.0
230f4886e25e9c27f1c5aeb6202ef50688d4072ec21a5516491ea31cdf4274d7,SS,22,D_pos,1,True,0.0
230f4886e25e9c27f1c5aeb6202ef50688d4072ec21a5516491ea31cdf4274d7,SS,26,R_end,1,True,0.0
230f4886e25e9c27f1c5aeb6202ef50688d4072ec21a5516491ea31cdf4274d7,SS,26,C_end,1,True,0.0
230f4886e25e9c27f1c5aeb6202ef50688d4072ec21a5516491ea31cdf4274d7,SS,26,D_pos,1,True,0.0
23b2da192ff61c4753bc05910769816eed0a3667db2a4b773622bce58081ef84,OO,14,R_end,1,True,0.0
23b2da192ff61c4753bc05910769816eed0a3667db2a4b773622bce58081ef84,OO,14,C_end,1,True,0.0
23b2da192ff61c4753bc05910769816eed0a3667db2a4b773622bce58081ef84,OO,14,D_pos,1,True,0.0
23b2da192ff61c4753bc05910769816eed0a3667db2a4b773622bce58081ef84,OO,18,R_end,1,True,0.0
23b2da192ff61c4753bc05910769816eed0a3667db2a4b773622bce58081ef84,OO,18,C_end,1,True,0.0
23b2da192ff61c4753bc05910769816eed0a3667db2a4b773622bce58081ef84,OO,18,D_pos,1,True,0.0
23b2da192ff61c4753bc05910769816eed0a3667db2a4b773622bce58081ef84,OO,22,R_end,1,True,0.0
23b2da192ff61c4753bc05910769816eed0a3667db2a4b773622bce58081ef84,OO,22,C_end,1,True,0.0
23b2da192ff61c4753bc05910769816eed0a3667db2a4b773622bce58081ef84,OO,22,D_pos,1,True,0.0
23b2da192ff61c4753bc05910769816eed0a3667db2a4b773622bce58081ef84,OO,26,R_end,1,True,0.0
23b2da192ff61c4753bc05910769816eed0a3667db2a4b773622bce58081ef84,OO,26,C_end,1,True,0.0
23b2da192ff61c4753bc05910769816eed0a3667db2a4b773622bce58081ef84,OO,26,D_pos,1,True,0.0
23b2da192ff61c4753bc05910769816eed0a3667db2a4b773622bce58081ef84,OS,14,R_end,1,True,0.0
23b2da192ff61c4753bc05910769816eed0a3667db2a4b773622bce58081ef84,OS,14,C_end,1,True,0.0
23b2da192ff61c4753bc05910769816eed0a3667db2a4b773622bce58081ef84,OS,14,D_pos,1,True,0.0
23b2da192ff61c4753bc05910769816eed0a3667db2a4b773622bce58081ef84,OS,18,R_end,1,True,0.0
23b2da192ff61c4753bc05910769816eed0a3667db2a4b773622bce58081ef84,OS,18,C_end,1,True,0.0
23b2da192ff61c4753bc05910769816eed0a3667db2a4b773622bce58081ef84,OS,18,D_pos,1,True,0.0
23b2da192ff61c4753bc05910769816eed0a3667db2a4b773622bce58081ef84,OS,22,R_end,1,True,0.0
23b2da192ff61c4753bc05910769816eed0a3667db2a4b773622bce58081ef84,OS,22,C_end,1,True,0.0
23b2da192ff61c4753bc05910769816eed0a3667db2a4b773622bce58081ef84,OS,22,D_pos,1,True,0.0
23b2da192ff61c4753bc05910769816eed0a3667db2a4b773622bce58081ef84,OS,26,R_end,1,True,0.0
23b2da192ff61c4753bc05910769816eed0a3667db2a4b773622bce58081ef84,OS,26,C_end,1,True,0.0
23b2da192ff61c4753bc05910769816eed0a3667db2a4b773622bce58081ef84,OS,26,D_pos,1,True,0.0
23b2da192ff61c4753bc05910769816eed0a3667db2a4b773622bce58081ef84,SO,14,R_end,1,True,0.0
23b2da192ff61c4753bc05910769816eed0a3667db2a4b773622bce58081ef84,SO,14,C_end,1,True,0.0
23b2da192ff61c4753bc05910769816eed0a3667db2a4b773622bce58081ef84,SO,14,D_pos,1,True,0.0
23b2da192ff61c4753bc05910769816eed0a3667db2a4b773622bce58081ef84,SO,18,R_end,1,True,0.0
23b2da192ff61c4753bc05910769816eed0a3667db2a4b773622bce58081ef84,SO,18,C_end,1,True,0.0
23b2da192ff61c4753bc05910769816eed0a3667db2a4b773622bce58081ef84,SO,18,D_pos,1,True,0.0
23b2da192ff61c4753bc05910769816eed0a3667db2a4b773622bce58081ef84,SO,22,R_end,1,True,0.0
23b2da192ff61c4753bc05910769816eed0a3667db2a4b773622bce58081ef84,SO,22,C_end,1,True,0.0
23b2da192ff61c4753bc05910769816eed0a3667db2a4b773622bce58081ef84,SO,22,D_pos,1,True,0.0
23b2da192ff61c4753bc05910769816eed0a3667db2a4b773622bce58081ef84,SO,26,R_end,1,True,0.0
23b2da192ff61c4753bc05910769816eed0a3667db2a4b773622bce58081ef84,SO,26,C_end,1,True,0.0
23b2da192ff61c4753bc05910769816eed0a3667db2a4b773622bce58081ef84,SO,26,D_pos,1,True,0.0
23b2da192ff61c4753bc05910769816eed0a3667db2a4b773622bce58081ef84,SS,14,R_end,1,True,0.0
23b2da192ff61c4753bc05910769816eed0a3667db2a4b773622bce58081ef84,SS,14,C_end,1,True,0.0
23b2da192ff61c4753bc05910769816eed0a3667db2a4b773622bce58081ef84,SS,14,D_pos,1,True,0.0
23b2da192ff61c4753bc05910769816eed0a3667db2a4b773622bce58081ef84,SS,18,R_end,1,True,0.0
23b2da192ff61c4753bc05910769816eed0a3667db2a4b773622bce58081ef84,SS,18,C_end,1,True,0.0
23b2da192ff61c4753bc05910769816eed0a3667db2a4b773622bce58081ef84,SS,18,D_pos,1,True,0.0
23b2da192ff61c4753bc05910769816eed0a3667db2a4b773622bce58081ef84,SS,22,R_end,1,True,0.0
23b2da192ff61c4753bc05910769816eed0a3667db2a4b773622bce58081ef84,SS,22,C_end,1,True,0.0
23b2da192ff61c4753bc05910769816eed0a3667db2a4b773622bce58081ef84,SS,22,D_pos,1,True,0.0
23b2da192ff61c4753bc05910769816eed0a3667db2a4b773622bce58081ef84,SS,26,R_end,1,True,0.0
23b2da192ff61c4753bc05910769816eed0a3667db2a4b773622bce58081ef84,SS,26,C_end,1,True,0.0
23b2da192ff61c4753bc05910769816eed0a3667db2a4b773622bce58081ef84,SS,26,D_pos,1,True,0.0
24b91442961df4239a123354c44e53dab4a44f7cff6e66fec314c22e1b1540ea,OO,14,R_end,1,True,0.0
24b91442961df4239a123354c44e53dab4a44f7cff6e66fec314c22e1b1540ea,OO,14,C_end,1,True,0.0
24b91442961df4239a123354c44e53dab4a44f7cff6e66fec314c22e1b1540ea,OO,14,D_pos,1,True,0.0
24b91442961df4239a123354c44e53dab4a44f7cff6e66fec314c22e1b1540ea,OO,18,R_end,1,True,0.0
24b91442961df4239a123354c44e53dab4a44f7cff6e66fec314c22e1b1540ea,OO,18,C_end,1,True,0.0
24b91442961df4239a123354c44e53dab4a44f7cff6e66fec314c22e1b1540ea,OO,18,D_pos,1,True,0.0
24b91442961df4239a123354c44e53dab4a44f7cff6e66fec314c22e1b1540ea,OO,22,R_end,1,True,0.0
24b91442961df4239a123354c44e53dab4a44f7cff6e66fec314c22e1b1540ea,OO,22,C_end,1,True,0.0
24b91442961df4239a123354c44e53dab4a44f7cff6e66fec314c22e1b1540ea,OO,22,D_pos,1,True,0.0
24b91442961df4239a123354c44e53dab4a44f7cff6e66fec314c22e1b1540ea,OO,26,R_end,1,True,0.0
24b91442961df4239a123354c44e53dab4a44f7cff6e66fec314c22e1b1540ea,OO,26,C_end,1,True,0.0
24b91442961df4239a123354c44e53dab4a44f7cff6e66fec314c22e1b1540ea,OO,26,D_pos,1,True,0.0
24b91442961df4239a123354c44e53dab4a44f7cff6e66fec314c22e1b1540ea,OS,14,R_end,1,True,0.0
24b91442961df4239a123354c44e53dab4a44f7cff6e66fec314c22e1b1540ea,OS,14,C_end,1,True,0.0
24b91442961df4239a123354c44e53dab4a44f7cff6e66fec314c22e1b1540ea,OS,14,D_pos,1,True,0.0
24b91442961df4239a123354c44e53dab4a44f7cff6e66fec314c22e1b1540ea,OS,18,R_end,1,True,0.0
24b91442961df4239a123354c44e53dab4a44f7cff6e66fec314c22e1b1540ea,OS,18,C_end,1,True,0.0
24b91442961df4239a123354c44e53dab4a44f7cff6e66fec314c22e1b1540ea,OS,18,D_pos,1,True,0.0
24b91442961df4239a123354c44e53dab4a44f7cff6e66fec314c22e1b1540ea,OS,22,R_end,1,True,0.0
24b91442961df4239a123354c44e53dab4a44f7cff6e66fec314c22e1b1540ea,OS,22,C_end,1,True,0.0
24b91442961df4239a123354c44e53dab4a44f7cff6e66fec314c22e1b1540ea,OS,22,D_pos,1,True,0.0
24b91442961df4239a123354c44e53dab4a44f7cff6e66fec314c22e1b1540ea,OS,26,R_end,1,True,0.0
24b91442961df4239a123354c44e53dab4a44f7cff6e66fec314c22e1b1540ea,OS,26,C_end,1,True,0.0
24b91442961df4239a123354c44e53dab4a44f7cff6e66fec314c22e1b1540ea,OS,26,D_pos,1,True,0.0
24b91442961df4239a123354c44e53dab4a44f7cff6e66fec314c22e1b1540ea,SO,14,R_end,1,True,0.0
24b91442961df4239a123354c44e53dab4a44f7cff6e66fec314c22e1b1540ea,SO,14,C_end,1,True,0.0
24b91442961df4239a123354c44e53dab4a44f7cff6e66fec314c22e1b1540ea,SO,14,D_pos,1,True,0.0
24b91442961df4239a123354c44e53dab4a44f7cff6e66fec314c22e1b1540ea,SO,18,R_end,1,True,0.0
24b91442961df4239a123354c44e53dab4a44f7cff6e66fec314c22e1b1540ea,SO,18,C_end,1,True,0.0
24b91442961df4239a123354c44e53dab4a44f7cff6e66fec314c22e1b1540ea,SO,18,D_pos,1,True,0.0
24b91442961df4239a123354c44e53dab4a44f7cff6e66fec314c22e1b1540ea,SO,22,R_end,1,True,0.0
24b91442961df4239a123354c44e53dab4a44f7cff6e66fec314c22e1b1540ea,SO,22,C_end,1,True,0.0
24b91442961df4239a123354c44e53dab4a44f7cff6e66fec314c22e1b1540ea,SO,22,D_pos,1,True,0.0
24b91442961df4239a123354c44e53dab4a44f7cff6e66fec314c22e1b1540ea,SO,26,R_end,1,True,0.0
24b91442961df4239a123354c44e53dab4a44f7cff6e66fec314c22e1b1540ea,SO,26,C_end,1,True,0.0
24b91442961df4239a123354c44e53dab4a44f7cff6e66fec314c22e1b1540ea,SO,26,D_pos,1,True,0.0
24b91442961df4239a123354c44e53dab4a44f7cff6e66fec314c22e1b1540ea,SS,14,R_end,1,True,0.0
24b91442961df4239a123354c44e53dab4a44f7cff6e66fec314c22e1b1540ea,SS,14,C_end,1,True,0.0
24b91442961df4239a123354c44e53dab4a44f7cff6e66fec314c22e1b1540ea,SS,14,D_pos,1,True,0.0
24b91442961df4239a123354c44e53dab4a44f7cff6e66fec314c22e1b1540ea,SS,18,R_end,1,True,0.0
24b91442961df4239a123354c44e53dab4a44f7cff6e66fec314c22e1b1540ea,SS,18,C_end,1,True,0.0
24b91442961df4239a123354c44e53dab4a44f7cff6e66fec314c22e1b1540ea,SS,18,D_pos,1,True,0.0
24b91442961df4239a123354c44e53dab4a44f7cff6e66fec314c22e1b1540ea,SS,22,R_end,1,True,0.0
24b91442961df4239a123354c44e53dab4a44f7cff6e66fec314c22e1b1540ea,SS,22,C_end,1,True,0.0
24b91442961df4239a123354c44e53dab4a44f7cff6e66fec314c22e1b1540ea,SS,22,D_pos,1,True,0.0
24b91442961df4239a123354c44e53dab4a44f7cff6e66fec314c22e1b1540ea,SS,26,R_end,1,True,0.0
24b91442961df4239a123354c44e53dab4a44f7cff6e66fec314c22e1b1540ea,SS,26,C_end,1,True,0.0
24b91442961df4239a123354c44e53dab4a44f7cff6e66fec314c22e1b1540ea,SS,26,D_pos,1,True,0.0
273e7a2bbe79fb45e3da5b01c63233ca2a0293e88be678371d45e6e734eb3687,OO,14,R_end,1,True,0.0
273e7a2bbe79fb45e3da5b01c63233ca2a0293e88be678371d45e6e734eb3687,OO,14,C_end,1,True,0.0
273e7a2bbe79fb45e3da5b01c63233ca2a0293e88be678371d45e6e734eb3687,OO,14,D_pos,1,True,0.0
273e7a2bbe79fb45e3da5b01c63233ca2a0293e88be678371d45e6e734eb3687,OO,18,R_end,1,True,0.0
273e7a2bbe79fb45e3da5b01c63233ca2a0293e88be678371d45e6e734eb3687,OO,18,C_end,1,True,0.0
273e7a2bbe79fb45e3da5b01c63233ca2a0293e88be678371d45e6e734eb3687,OO,18,D_pos,1,True,0.0
273e7a2bbe79fb45e3da5b01c63233ca2a0293e88be678371d45e6e734eb3687,OO,22,R_end,1,True,0.0
273e7a2bbe79fb45e3da5b01c63233ca2a0293e88be678371d45e6e734eb3687,OO,22,C_end,1,True,0.0
273e7a2bbe79fb45e3da5b01c63233ca2a0293e88be678371d45e6e734eb3687,OO,22,D_pos,1,True,0.0
273e7a2bbe79fb45e3da5b01c63233ca2a0293e88be678371d45e6e734eb3687,OO,26,R_end,1,True,0.0
273e7a2bbe79fb45e3da5b01c63233ca2a0293e88be678371d45e6e734eb3687,OO,26,C_end,1,True,0.0
273e7a2bbe79fb45e3da5b01c63233ca2a0293e88be678371d45e6e734eb3687,OO,26,D_pos,1,True,0.0
273e7a2bbe79fb45e3da5b01c63233ca2a0293e88be678371d45e6e734eb3687,OS,14,R_end,1,True,0.0
273e7a2bbe79fb45e3da5b01c63233ca2a0293e88be678371d45e6e734eb3687,OS,14,C_end,1,True,0.0
273e7a2bbe79fb45e3da5b01c63233ca2a0293e88be678371d45e6e734eb3687,OS,14,D_pos,1,True,0.0
273e7a2bbe79fb45e3da5b01c63233ca2a0293e88be678371d45e6e734eb3687,OS,18,R_end,1,True,0.0
273e7a2bbe79fb45e3da5b01c63233ca2a0293e88be678371d45e6e734eb3687,OS,18,C_end,1,True,0.0
273e7a2bbe79fb45e3da5b01c63233ca2a0293e88be678371d45e6e734eb3687,OS,18,D_pos,1,True,0.0
273e7a2bbe79fb45e3da5b01c63233ca2a0293e88be678371d45e6e734eb3687,OS,22,R_end,1,True,0.0
273e7a2bbe79fb45e3da5b01c63233ca2a0293e88be678371d45e6e734eb3687,OS,22,C_end,1,True,0.0
273e7a2bbe79fb45e3da5b01c63233ca2a0293e88be678371d45e6e734eb3687,OS,22,D_pos,1,True,0.0
273e7a2bbe79fb45e3da5b01c63233ca2a0293e88be678371d45e6e734eb3687,OS,26,R_end,1,True,0.0
273e7a2bbe79fb45e3da5b01c63233ca2a0293e88be678371d45e6e734eb3687,OS,26,C_end,1,True,0.0
273e7a2bbe79fb45e3da5b01c63233ca2a0293e88be678371d45e6e734eb3687,OS,26,D_pos,1,True,0.0
273e7a2bbe79fb45e3da5b01c63233ca2a0293e88be678371d45e6e734eb3687,SO,14,R_end,1,True,0.0
273e7a2bbe79fb45e3da5b01c63233ca2a0293e88be678371d45e6e734eb3687,SO,14,C_end,1,True,0.0
273e7a2bbe79fb45e3da5b01c63233ca2a0293e88be678371d45e6e734eb3687,SO,14,D_pos,1,True,0.0
273e7a2bbe79fb45e3da5b01c63233ca2a0293e88be678371d45e6e734eb3687,SO,18,R_end,1,True,0.0
273e7a2bbe79fb45e3da5b01c63233ca2a0293e88be678371d45e6e734eb3687,SO,18,C_end,1,True,0.0
273e7a2bbe79fb45e3da5b01c63233ca2a0293e88be678371d45e6e734eb3687,SO,18,D_pos,1,True,0.0
273e7a2bbe79fb45e3da5b01c63233ca2a0293e88be678371d45e6e734eb3687,SO,22,R_end,1,True,0.0
273e7a2bbe79fb45e3da5b01c63233ca2a0293e88be678371d45e6e734eb3687,SO,22,C_end,1,True,0.0
273e7a2bbe79fb45e3da5b01c63233ca2a0293e88be678371d45e6e734eb3687,SO,22,D_pos,1,True,0.0
273e7a2bbe79fb45e3da5b01c63233ca2a0293e88be678371d45e6e734eb3687,SO,26,R_end,1,True,0.0
273e7a2bbe79fb45e3da5b01c63233ca2a0293e88be678371d45e6e734eb3687,SO,26,C_end,1,True,0.0
273e7a2bbe79fb45e3da5b01c63233ca2a0293e88be678371d45e6e734eb3687,SO,26,D_pos,1,True,0.0
273e7a2bbe79fb45e3da5b01c63233ca2a0293e88be678371d45e6e734eb3687,SS,14,R_end,1,True,0.0
273e7a2bbe79fb45e3da5b01c63233ca2a0293e88be678371d45e6e734eb3687,SS,14,C_end,1,True,0.0
273e7a2bbe79fb45e3da5b01c63233ca2a0293e88be678371d45e6e734eb3687,SS,14,D_pos,1,True,0.0
273e7a2bbe79fb45e3da5b01c63233ca2a0293e88be678371d45e6e734eb3687,SS,18,R_end,1,True,0.0
273e7a2bbe79fb45e3da5b01c63233ca2a0293e88be678371d45e6e734eb3687,SS,18,C_end,1,True,0.0
273e7a2bbe79fb45e3da5b01c63233ca2a0293e88be678371d45e6e734eb3687,SS,18,D_pos,1,True,0.0
273e7a2bbe79fb45e3da5b01c63233ca2a0293e88be678371d45e6e734eb3687,SS,22,R_end,1,True,0.0
273e7a2bbe79fb45e3da5b01c63233ca2a0293e88be678371d45e6e734eb3687,SS,22,C_end,1,True,0.0
273e7a2bbe79fb45e3da5b01c63233ca2a0293e88be678371d45e6e734eb3687,SS,22,D_pos,1,True,0.0
273e7a2bbe79fb45e3da5b01c63233ca2a0293e88be678371d45e6e734eb3687,SS,26,R_end,1,True,0.0
273e7a2bbe79fb45e3da5b01c63233ca2a0293e88be678371d45e6e734eb3687,SS,26,C_end,1,True,0.0
273e7a2bbe79fb45e3da5b01c63233ca2a0293e88be678371d45e6e734eb3687,SS,26,D_pos,1,True,0.0
2a20d544ff618b9501d9400c452e6e02e2e866fa2d6a08fb345c2ffb4f633edb,OO,14,R_end,1,True,0.0
2a20d544ff618b9501d9400c452e6e02e2e866fa2d6a08fb345c2ffb4f633edb,OO,14,C_end,1,True,0.0
2a20d544ff618b9501d9400c452e6e02e2e866fa2d6a08fb345c2ffb4f633edb,OO,14,D_pos,1,True,0.0
2a20d544ff618b9501d9400c452e6e02e2e866fa2d6a08fb345c2ffb4f633edb,OO,18,R_end,1,True,0.0
2a20d544ff618b9501d9400c452e6e02e2e866fa2d6a08fb345c2ffb4f633edb,OO,18,C_end,1,True,0.0
2a20d544ff618b9501d9400c452e6e02e2e866fa2d6a08fb345c2ffb4f633edb,OO,18,D_pos,1,True,0.0
2a20d544ff618b9501d9400c452e6e02e2e866fa2d6a08fb345c2ffb4f633edb,OO,22,R_end,1,True,0.0
2a20d544ff618b9501d9400c452e6e02e2e866fa2d6a08fb345c2ffb4f633edb,OO,22,C_end,1,True,0.0
2a20d544ff618b9501d9400c452e6e02e2e866fa2d6a08fb345c2ffb4f633edb,OO,22,D_pos,1,True,0.0
2a20d544ff618b9501d9400c452e6e02e2e866fa2d6a08fb345c2ffb4f633edb,OO,26,R_end,1,True,0.0
2a20d544ff618b9501d9400c452e6e02e2e866fa2d6a08fb345c2ffb4f633edb,OO,26,C_end,1,True,0.0
2a20d544ff618b9501d9400c452e6e02e2e866fa2d6a08fb345c2ffb4f633edb,OO,26,D_pos,1,True,0.0
2a20d544ff618b9501d9400c452e6e02e2e866fa2d6a08fb345c2ffb4f633edb,OS,14,R_end,1,True,0.0
2a20d544ff618b9501d9400c452e6e02e2e866fa2d6a08fb345c2ffb4f633edb,OS,14,C_end,1,True,0.0
2a20d544ff618b9501d9400c452e6e02e2e866fa2d6a08fb345c2ffb4f633edb,OS,14,D_pos,1,True,0.0
2a20d544ff618b9501d9400c452e6e02e2e866fa2d6a08fb345c2ffb4f633edb,OS,18,R_end,1,True,0.0
2a20d544ff618b9501d9400c452e6e02e2e866fa2d6a08fb345c2ffb4f633edb,OS,18,C_end,1,True,0.0
2a20d544ff618b9501d9400c452e6e02e2e866fa2d6a08fb345c2ffb4f633edb,OS,18,D_pos,1,True,0.0
2a20d544ff618b9501d9400c452e6e02e2e866fa2d6a08fb345c2ffb4f633edb,OS,22,R_end,1,True,0.0
2a20d544ff618b9501d9400c452e6e02e2e866fa2d6a08fb345c2ffb4f633edb,OS,22,C_end,1,True,0.0
2a20d544ff618b9501d9400c452e6e02e2e866fa2d6a08fb345c2ffb4f633edb,OS,22,D_pos,1,True,0.0
2a20d544ff618b9501d9400c452e6e02e2e866fa2d6a08fb345c2ffb4f633edb,OS,26,R_end,1,True,0.0
2a20d544ff618b9501d9400c452e6e02e2e866fa2d6a08fb345c2ffb4f633edb,OS,26,C_end,1,True,0.0
2a20d544ff618b9501d9400c452e6e02e2e866fa2d6a08fb345c2ffb4f633edb,OS,26,D_pos,1,True,0.0
2a20d544ff618b9501d9400c452e6e02e2e866fa2d6a08fb345c2ffb4f633edb,SO,14,R_end,1,True,0.0
2a20d544ff618b9501d9400c452e6e02e2e866fa2d6a08fb345c2ffb4f633edb,SO,14,C_end,1,True,0.0
2a20d544ff618b9501d9400c452e6e02e2e866fa2d6a08fb345c2ffb4f633edb,SO,14,D_pos,1,True,0.0
2a20d544ff618b9501d9400c452e6e02e2e866fa2d6a08fb345c2ffb4f633edb,SO,18,R_end,1,True,0.0
2a20d544ff618b9501d9400c452e6e02e2e866fa2d6a08fb345c2ffb4f633edb,SO,18,C_end,1,True,0.0
2a20d544ff618b9501d9400c452e6e02e2e866fa2d6a08fb345c2ffb4f633edb,SO,18,D_pos,1,True,0.0
2a20d544ff618b9501d9400c452e6e02e2e866fa2d6a08fb345c2ffb4f633edb,SO,22,R_end,1,True,0.0
2a20d544ff618b9501d9400c452e6e02e2e866fa2d6a08fb345c2ffb4f633edb,SO,22,C_end,1,True,0.0
2a20d544ff618b9501d9400c452e6e02e2e866fa2d6a08fb345c2ffb4f633edb,SO,22,D_pos,1,True,0.0
2a20d544ff618b9501d9400c452e6e02e2e866fa2d6a08fb345c2ffb4f633edb,SO,26,R_end,1,True,0.0
2a20d544ff618b9501d9400c452e6e02e2e866fa2d6a08fb345c2ffb4f633edb,SO,26,C_end,1,True,0.0
2a20d544ff618b9501d9400c452e6e02e2e866fa2d6a08fb345c2ffb4f633edb,SO,26,D_pos,1,True,0.0
2a20d544ff618b9501d9400c452e6e02e2e866fa2d6a08fb345c2ffb4f633edb,SS,14,R_end,1,True,0.0
2a20d544ff618b9501d9400c452e6e02e2e866fa2d6a08fb345c2ffb4f633edb,SS,14,C_end,1,True,0.0
2a20d544ff618b9501d9400c452e6e02e2e866fa2d6a08fb345c2ffb4f633edb,SS,14,D_pos,1,True,0.0
2a20d544ff618b9501d9400c452e6e02e2e866fa2d6a08fb345c2ffb4f633edb,SS,18,R_end,1,True,0.0
2a20d544ff618b9501d9400c452e6e02e2e866fa2d6a08fb345c2ffb4f633edb,SS,18,C_end,1,True,0.0
2a20d544ff618b9501d9400c452e6e02e2e866fa2d6a08fb345c2ffb4f633edb,SS,18,D_pos,1,True,0.0
2a20d544ff618b9501d9400c452e6e02e2e866fa2d6a08fb345c2ffb4f633edb,SS,22,R_end,1,True,0.0
2a20d544ff618b9501d9400c452e6e02e2e866fa2d6a08fb345c2ffb4f633edb,SS,22,C_end,1,True,0.0
2a20d544ff618b9501d9400c452e6e02e2e866fa2d6a08fb345c2ffb4f633edb,SS,22,D_pos,1,True,0.0
2a20d544ff618b9501d9400c452e6e02e2e866fa2d6a08fb345c2ffb4f633edb,SS,26,R_end,1,True,0.0
2a20d544ff618b9501d9400c452e6e02e2e866fa2d6a08fb345c2ffb4f633edb,SS,26,C_end,1,True,0.0
2a20d544ff618b9501d9400c452e6e02e2e866fa2d6a08fb345c2ffb4f633edb,SS,26,D_pos,1,True,0.0
2b8a5200282c3f8748e7a842c78898590dde7c3432e54daf87ca95ce25b4c54e,OO,14,R_end,1,True,0.0
2b8a5200282c3f8748e7a842c78898590dde7c3432e54daf87ca95ce25b4c54e,OO,14,C_end,1,True,0.0
2b8a5200282c3f8748e7a842c78898590dde7c3432e54daf87ca95ce25b4c54e,OO,14,D_pos,1,True,0.0
2b8a5200282c3f8748e7a842c78898590dde7c3432e54daf87ca95ce25b4c54e,OO,18,R_end,1,True,0.0
2b8a5200282c3f8748e7a842c78898590dde7c3432e54daf87ca95ce25b4c54e,OO,18,C_end,1,True,0.0
2b8a5200282c3f8748e7a842c78898590dde7c3432e54daf87ca95ce25b4c54e,OO,18,D_pos,1,True,0.0
2b8a5200282c3f8748e7a842c78898590dde7c3432e54daf87ca95ce25b4c54e,OO,22,R_end,1,True,0.0
2b8a5200282c3f8748e7a842c78898590dde7c3432e54daf87ca95ce25b4c54e,OO,22,C_end,1,True,0.0
2b8a5200282c3f8748e7a842c78898590dde7c3432e54daf87ca95ce25b4c54e,OO,22,D_pos,1,True,0.0
2b8a5200282c3f8748e7a842c78898590dde7c3432e54daf87ca95ce25b4c54e,OO,26,R_end,1,True,0.0
2b8a5200282c3f8748e7a842c78898590dde7c3432e54daf87ca95ce25b4c54e,OO,26,C_end,1,True,0.0
2b8a5200282c3f8748e7a842c78898590dde7c3432e54daf87ca95ce25b4c54e,OO,26,D_pos,1,True,0.0
2b8a5200282c3f8748e7a842c78898590dde7c3432e54daf87ca95ce25b4c54e,OS,14,R_end,1,True,0.0
2b8a5200282c3f8748e7a842c78898590dde7c3432e54daf87ca95ce25b4c54e,OS,14,C_end,1,True,0.0
2b8a5200282c3f8748e7a842c78898590dde7c3432e54daf87ca95ce25b4c54e,OS,14,D_pos,1,True,0.0
2b8a5200282c3f8748e7a842c78898590dde7c3432e54daf87ca95ce25b4c54e,OS,18,R_end,1,True,0.0
2b8a5200282c3f8748e7a842c78898590dde7c3432e54daf87ca95ce25b4c54e,OS,18,C_end,1,True,0.0
2b8a5200282c3f8748e7a842c78898590dde7c3432e54daf87ca95ce25b4c54e,OS,18,D_pos,1,True,0.0
2b8a5200282c3f8748e7a842c78898590dde7c3432e54daf87ca95ce25b4c54e,OS,22,R_end,1,True,0.0
2b8a5200282c3f8748e7a842c78898590dde7c3432e54daf87ca95ce25b4c54e,OS,22,C_end,1,True,0.0
2b8a5200282c3f8748e7a842c78898590dde7c3432e54daf87ca95ce25b4c54e,OS,22,D_pos,1,True,0.0
2b8a5200282c3f8748e7a842c78898590dde7c3432e54daf87ca95ce25b4c54e,OS,26,R_end,1,True,0.0
2b8a5200282c3f8748e7a842c78898590dde7c3432e54daf87ca95ce25b4c54e,OS,26,C_end,1,True,0.0
2b8a5200282c3f8748e7a842c78898590dde7c3432e54daf87ca95ce25b4c54e,OS,26,D_pos,1,True,0.0
2b8a5200282c3f8748e7a842c78898590dde7c3432e54daf87ca95ce25b4c54e,SO,14,R_end,1,True,0.0
2b8a5200282c3f8748e7a842c78898590dde7c3432e54daf87ca95ce25b4c54e,SO,14,C_end,1,True,0.0
2b8a5200282c3f8748e7a842c78898590dde7c3432e54daf87ca95ce25b4c54e,SO,14,D_pos,1,True,0.0
2b8a5200282c3f8748e7a842c78898590dde7c3432e54daf87ca95ce25b4c54e,SO,18,R_end,1,True,0.0
2b8a5200282c3f8748e7a842c78898590dde7c3432e54daf87ca95ce25b4c54e,SO,18,C_end,1,True,0.0
2b8a5200282c3f8748e7a842c78898590dde7c3432e54daf87ca95ce25b4c54e,SO,18,D_pos,1,True,0.0
2b8a5200282c3f8748e7a842c78898590dde7c3432e54daf87ca95ce25b4c54e,SO,22,R_end,1,True,0.0
2b8a5200282c3f8748e7a842c78898590dde7c3432e54daf87ca95ce25b4c54e,SO,22,C_end,1,True,0.0
2b8a5200282c3f8748e7a842c78898590dde7c3432e54daf87ca95ce25b4c54e,SO,22,D_pos,1,True,0.0
2b8a5200282c3f8748e7a842c78898590dde7c3432e54daf87ca95ce25b4c54e,SO,26,R_end,1,True,0.0
2b8a5200282c3f8748e7a842c78898590dde7c3432e54daf87ca95ce25b4c54e,SO,26,C_end,1,True,0.0
2b8a5200282c3f8748e7a842c78898590dde7c3432e54daf87ca95ce25b4c54e,SO,26,D_pos,1,True,0.0
2b8a5200282c3f8748e7a842c78898590dde7c3432e54daf87ca95ce25b4c54e,SS,14,R_end,1,True,0.0
2b8a5200282c3f8748e7a842c78898590dde7c3432e54daf87ca95ce25b4c54e,SS,14,C_end,1,True,0.0
2b8a5200282c3f8748e7a842c78898590dde7c3432e54daf87ca95ce25b4c54e,SS,14,D_pos,1,True,0.0
2b8a5200282c3f8748e7a842c78898590dde7c3432e54daf87ca95ce25b4c54e,SS,18,R_end,1,True,0.0
2b8a5200282c3f8748e7a842c78898590dde7c3432e54daf87ca95ce25b4c54e,SS,18,C_end,1,True,0.0
2b8a5200282c3f8748e7a842c78898590dde7c3432e54daf87ca95ce25b4c54e,SS,18,D_pos,1,True,0.0
2b8a5200282c3f8748e7a842c78898590dde7c3432e54daf87ca95ce25b4c54e,SS,22,R_end,1,True,0.0
2b8a5200282c3f8748e7a842c78898590dde7c3432e54daf87ca95ce25b4c54e,SS,22,C_end,1,True,0.0
2b8a5200282c3f8748e7a842c78898590dde7c3432e54daf87ca95ce25b4c54e,SS,22,D_pos,1,True,0.0
2b8a5200282c3f8748e7a842c78898590dde7c3432e54daf87ca95ce25b4c54e,SS,26,R_end,1,True,0.0
2b8a5200282c3f8748e7a842c78898590dde7c3432e54daf87ca95ce25b4c54e,SS,26,C_end,1,True,0.0
2b8a5200282c3f8748e7a842c78898590dde7c3432e54daf87ca95ce25b4c54e,SS,26,D_pos,1,True,0.0
2dc8c8368d496987fff43c67a7613468467b611e116687d0980c83a39cd910aa,OO,14,R_end,1,True,0.0
2dc8c8368d496987fff43c67a7613468467b611e116687d0980c83a39cd910aa,OO,14,C_end,1,True,0.0
2dc8c8368d496987fff43c67a7613468467b611e116687d0980c83a39cd910aa,OO,14,D_pos,1,True,0.0
2dc8c8368d496987fff43c67a7613468467b611e116687d0980c83a39cd910aa,OO,18,R_end,1,True,0.0
2dc8c8368d496987fff43c67a7613468467b611e116687d0980c83a39cd910aa,OO,18,C_end,1,True,0.0
2dc8c8368d496987fff43c67a7613468467b611e116687d0980c83a39cd910aa,OO,18,D_pos,1,True,0.0
2dc8c8368d496987fff43c67a7613468467b611e116687d0980c83a39cd910aa,OO,22,R_end,1,True,0.0
2dc8c8368d496987fff43c67a7613468467b611e116687d0980c83a39cd910aa,OO,22,C_end,1,True,0.0
2dc8c8368d496987fff43c67a7613468467b611e116687d0980c83a39cd910aa,OO,22,D_pos,1,True,0.0
2dc8c8368d496987fff43c67a7613468467b611e116687d0980c83a39cd910aa,OO,26,R_end,1,True,0.0
2dc8c8368d496987fff43c67a7613468467b611e116687d0980c83a39cd910aa,OO,26,C_end,1,True,0.0
2dc8c8368d496987fff43c67a7613468467b611e116687d0980c83a39cd910aa,OO,26,D_pos,1,True,0.0
2dc8c8368d496987fff43c67a7613468467b611e116687d0980c83a39cd910aa,OS,14,R_end,1,True,0.0
2dc8c8368d496987fff43c67a7613468467b611e116687d0980c83a39cd910aa,OS,14,C_end,1,True,0.0
2dc8c8368d496987fff43c67a7613468467b611e116687d0980c83a39cd910aa,OS,14,D_pos,1,True,0.0
2dc8c8368d496987fff43c67a7613468467b611e116687d0980c83a39cd910aa,OS,18,R_end,1,True,0.0
2dc8c8368d496987fff43c67a7613468467b611e116687d0980c83a39cd910aa,OS,18,C_end,1,True,0.0
2dc8c8368d496987fff43c67a7613468467b611e116687d0980c83a39cd910aa,OS,18,D_pos,1,True,0.0
2dc8c8368d496987fff43c67a7613468467b611e116687d0980c83a39cd910aa,OS,22,R_end,1,True,0.0
2dc8c8368d496987fff43c67a7613468467b611e116687d0980c83a39cd910aa,OS,22,C_end,1,True,0.0
2dc8c8368d496987fff43c67a7613468467b611e116687d0980c83a39cd910aa,OS,22,D_pos,1,True,0.0
2dc8c8368d496987fff43c67a7613468467b611e116687d0980c83a39cd910aa,OS,26,R_end,1,True,0.0
2dc8c8368d496987fff43c67a7613468467b611e116687d0980c83a39cd910aa,OS,26,C_end,1,True,0.0
2dc8c8368d496987fff43c67a7613468467b611e116687d0980c83a39cd910aa,OS,26,D_pos,1,True,0.0
2dc8c8368d496987fff43c67a7613468467b611e116687d0980c83a39cd910aa,SO,14,R_end,1,True,0.0
2dc8c8368d496987fff43c67a7613468467b611e116687d0980c83a39cd910aa,SO,14,C_end,1,True,0.0
2dc8c8368d496987fff43c67a7613468467b611e116687d0980c83a39cd910aa,SO,14,D_pos,1,True,0.0
2dc8c8368d496987fff43c67a7613468467b611e116687d0980c83a39cd910aa,SO,18,R_end,1,True,0.0
2dc8c8368d496987fff43c67a7613468467b611e116687d0980c83a39cd910aa,SO,18,C_end,1,True,0.0
2dc8c8368d496987fff43c67a7613468467b611e116687d0980c83a39cd910aa,SO,18,D_pos,1,True,0.0
2dc8c8368d496987fff43c67a7613468467b611e116687d0980c83a39cd910aa,SO,22,R_end,1,True,0.0
2dc8c8368d496987fff43c67a7613468467b611e116687d0980c83a39cd910aa,SO,22,C_end,1,True,0.0
2dc8c8368d496987fff43c67a7613468467b611e116687d0980c83a39cd910aa,SO,22,D_pos,1,True,0.0
2dc8c8368d496987fff43c67a7613468467b611e116687d0980c83a39cd910aa,SO,26,R_end,1,True,0.0
2dc8c8368d496987fff43c67a7613468467b611e116687d0980c83a39cd910aa,SO,26,C_end,1,True,0.0
2dc8c8368d496987fff43c67a7613468467b611e116687d0980c83a39cd910aa,SO,26,D_pos,1,True,0.0
2dc8c8368d496987fff43c67a7613468467b611e116687d0980c83a39cd910aa,SS,14,R_end,1,True,0.0
2dc8c8368d496987fff43c67a7613468467b611e116687d0980c83a39cd910aa,SS,14,C_end,1,True,0.0
2dc8c8368d496987fff43c67a7613468467b611e116687d0980c83a39cd910aa,SS,14,D_pos,1,True,0.0
2dc8c8368d496987fff43c67a7613468467b611e116687d0980c83a39cd910aa,SS,18,R_end,1,True,0.0
2dc8c8368d496987fff43c67a7613468467b611e116687d0980c83a39cd910aa,SS,18,C_end,1,True,0.0
2dc8c8368d496987fff43c67a7613468467b611e116687d0980c83a39cd910aa,SS,18,D_pos,1,True,0.0
2dc8c8368d496987fff43c67a7613468467b611e116687d0980c83a39cd910aa,SS,22,R_end,1,True,0.0
2dc8c8368d496987fff43c67a7613468467b611e116687d0980c83a39cd910aa,SS,22,C_end,1,True,0.0
2dc8c8368d496987fff43c67a7613468467b611e116687d0980c83a39cd910aa,SS,22,D_pos,1,True,0.0
2dc8c8368d496987fff43c67a7613468467b611e116687d0980c83a39cd910aa,SS,26,R_end,1,True,0.0
2dc8c8368d496987fff43c67a7613468467b611e116687d0980c83a39cd910aa,SS,26,C_end,1,True,0.0
2dc8c8368d496987fff43c67a7613468467b611e116687d0980c83a39cd910aa,SS,26,D_pos,1,True,0.0
2f4703494c2a9ce69c4a05d3a0f85a95e69e0b7a1564dc0cfba14f55769487d6,OO,14,R_end,1,True,0.0
2f4703494c2a9ce69c4a05d3a0f85a95e69e0b7a1564dc0cfba14f55769487d6,OO,14,C_end,1,True,0.0
2f4703494c2a9ce69c4a05d3a0f85a95e69e0b7a1564dc0cfba14f55769487d6,OO,14,D_pos,1,True,0.0
2f4703494c2a9ce69c4a05d3a0f85a95e69e0b7a1564dc0cfba14f55769487d6,OO,18,R_end,1,True,0.0
2f4703494c2a9ce69c4a05d3a0f85a95e69e0b7a1564dc0cfba14f55769487d6,OO,18,C_end,1,True,0.0
2f4703494c2a9ce69c4a05d3a0f85a95e69e0b7a1564dc0cfba14f55769487d6,OO,18,D_pos,1,True,0.0
2f4703494c2a9ce69c4a05d3a0f85a95e69e0b7a1564dc0cfba14f55769487d6,OO,22,R_end,1,True,0.0
2f4703494c2a9ce69c4a05d3a0f85a95e69e0b7a1564dc0cfba14f55769487d6,OO,22,C_end,1,True,0.0
2f4703494c2a9ce69c4a05d3a0f85a95e69e0b7a1564dc0cfba14f55769487d6,OO,22,D_pos,1,True,0.0
2f4703494c2a9ce69c4a05d3a0f85a95e69e0b7a1564dc0cfba14f55769487d6,OO,26,R_end,1,True,0.0
2f4703494c2a9ce69c4a05d3a0f85a95e69e0b7a1564dc0cfba14f55769487d6,OO,26,C_end,1,True,0.0
2f4703494c2a9ce69c4a05d3a0f85a95e69e0b7a1564dc0cfba14f55769487d6,OO,26,D_pos,1,True,0.0
2f4703494c2a9ce69c4a05d3a0f85a95e69e0b7a1564dc0cfba14f55769487d6,OS,14,R_end,1,True,0.0
2f4703494c2a9ce69c4a05d3a0f85a95e69e0b7a1564dc0cfba14f55769487d6,OS,14,C_end,1,True,0.0
2f4703494c2a9ce69c4a05d3a0f85a95e69e0b7a1564dc0cfba14f55769487d6,OS,14,D_pos,1,True,0.0
2f4703494c2a9ce69c4a05d3a0f85a95e69e0b7a1564dc0cfba14f55769487d6,OS,18,R_end,1,True,0.0
2f4703494c2a9ce69c4a05d3a0f85a95e69e0b7a1564dc0cfba14f55769487d6,OS,18,C_end,1,True,0.0
2f4703494c2a9ce69c4a05d3a0f85a95e69e0b7a1564dc0cfba14f55769487d6,OS,18,D_pos,1,True,0.0
2f4703494c2a9ce69c4a05d3a0f85a95e69e0b7a1564dc0cfba14f55769487d6,OS,22,R_end,1,True,0.0
2f4703494c2a9ce69c4a05d3a0f85a95e69e0b7a1564dc0cfba14f55769487d6,OS,22,C_end,1,True,0.0
2f4703494c2a9ce69c4a05d3a0f85a95e69e0b7a1564dc0cfba14f55769487d6,OS,22,D_pos,1,True,0.0
2f4703494c2a9ce69c4a05d3a0f85a95e69e0b7a1564dc0cfba14f55769487d6,OS,26,R_end,1,True,0.0
2f4703494c2a9ce69c4a05d3a0f85a95e69e0b7a1564dc0cfba14f55769487d6,OS,26,C_end,1,True,0.0
2f4703494c2a9ce69c4a05d3a0f85a95e69e0b7a1564dc0cfba14f55769487d6,OS,26,D_pos,1,True,0.0
2f4703494c2a9ce69c4a05d3a0f85a95e69e0b7a1564dc0cfba14f55769487d6,SO,14,R_end,1,True,0.0
2f4703494c2a9ce69c4a05d3a0f85a95e69e0b7a1564dc0cfba14f55769487d6,SO,14,C_end,1,True,0.0
2f4703494c2a9ce69c4a05d3a0f85a95e69e0b7a1564dc0cfba14f55769487d6,SO,14,D_pos,1,True,0.0
2f4703494c2a9ce69c4a05d3a0f85a95e69e0b7a1564dc0cfba14f55769487d6,SO,18,R_end,1,True,0.0
2f4703494c2a9ce69c4a05d3a0f85a95e69e0b7a1564dc0cfba14f55769487d6,SO,18,C_end,1,True,0.0
2f4703494c2a9ce69c4a05d3a0f85a95e69e0b7a1564dc0cfba14f55769487d6,SO,18,D_pos,1,True,0.0
2f4703494c2a9ce69c4a05d3a0f85a95e69e0b7a1564dc0cfba14f55769487d6,SO,22,R_end,1,True,0.0
2f4703494c2a9ce69c4a05d3a0f85a95e69e0b7a1564dc0cfba14f55769487d6,SO,22,C_end,1,True,0.0
2f4703494c2a9ce69c4a05d3a0f85a95e69e0b7a1564dc0cfba14f55769487d6,SO,22,D_pos,1,True,0.0
2f4703494c2a9ce69c4a05d3a0f85a95e69e0b7a1564dc0cfba14f55769487d6,SO,26,R_end,1,True,0.0
2f4703494c2a9ce69c4a05d3a0f85a95e69e0b7a1564dc0cfba14f55769487d6,SO,26,C_end,1,True,0.0
2f4703494c2a9ce69c4a05d3a0f85a95e69e0b7a1564dc0cfba14f55769487d6,SO,26,D_pos,1,True,0.0
2f4703494c2a9ce69c4a05d3a0f85a95e69e0b7a1564dc0cfba14f55769487d6,SS,14,R_end,1,True,0.0
2f4703494c2a9ce69c4a05d3a0f85a95e69e0b7a1564dc0cfba14f55769487d6,SS,14,C_end,1,True,0.0
2f4703494c2a9ce69c4a05d3a0f85a95e69e0b7a1564dc0cfba14f55769487d6,SS,14,D_pos,1,True,0.0
2f4703494c2a9ce69c4a05d3a0f85a95e69e0b7a1564dc0cfba14f55769487d6,SS,18,R_end,1,True,0.0
2f4703494c2a9ce69c4a05d3a0f85a95e69e0b7a1564dc0cfba14f55769487d6,SS,18,C_end,1,True,0.0
2f4703494c2a9ce69c4a05d3a0f85a95e69e0b7a1564dc0cfba14f55769487d6,SS,18,D_pos,1,True,0.0
2f4703494c2a9ce69c4a05d3a0f85a95e69e0b7a1564dc0cfba14f55769487d6,SS,22,R_end,1,True,0.0
2f4703494c2a9ce69c4a05d3a0f85a95e69e0b7a1564dc0cfba14f55769487d6,SS,22,C_end,1,True,0.0
2f4703494c2a9ce69c4a05d3a0f85a95e69e0b7a1564dc0cfba14f55769487d6,SS,22,D_pos,1,True,0.0
2f4703494c2a9ce69c4a05d3a0f85a95e69e0b7a1564dc0cfba14f55769487d6,SS,26,R_end,1,True,0.0
2f4703494c2a9ce69c4a05d3a0f85a95e69e0b7a1564dc0cfba14f55769487d6,SS,26,C_end,1,True,0.0
2f4703494c2a9ce69c4a05d3a0f85a95e69e0b7a1564dc0cfba14f55769487d6,SS,26,D_pos,1,True,0.0
31bc2caab699df9cd3f29bcee3a64a7be3446b3056011e8d837007ac97aec033,OO,14,R_end,1,True,0.0
31bc2caab699df9cd3f29bcee3a64a7be3446b3056011e8d837007ac97aec033,OO,14,C_end,1,True,0.0
31bc2caab699df9cd3f29bcee3a64a7be3446b3056011e8d837007ac97aec033,OO,14,D_pos,1,True,0.0
31bc2caab699df9cd3f29bcee3a64a7be3446b3056011e8d837007ac97aec033,OO,18,R_end,1,True,0.0
31bc2caab699df9cd3f29bcee3a64a7be3446b3056011e8d837007ac97aec033,OO,18,C_end,1,True,0.0
31bc2caab699df9cd3f29bcee3a64a7be3446b3056011e8d837007ac97aec033,OO,18,D_pos,1,True,0.0
31bc2caab699df9cd3f29bcee3a64a7be3446b3056011e8d837007ac97aec033,OO,22,R_end,1,True,0.0
31bc2caab699df9cd3f29bcee3a64a7be3446b3056011e8d837007ac97aec033,OO,22,C_end,1,True,0.0
31bc2caab699df9cd3f29bcee3a64a7be3446b3056011e8d837007ac97aec033,OO,22,D_pos,1,True,0.0
31bc2caab699df9cd3f29bcee3a64a7be3446b3056011e8d837007ac97aec033,OO,26,R_end,1,True,0.0
31bc2caab699df9cd3f29bcee3a64a7be3446b3056011e8d837007ac97aec033,OO,26,C_end,1,True,0.0
31bc2caab699df9cd3f29bcee3a64a7be3446b3056011e8d837007ac97aec033,OO,26,D_pos,1,True,0.0
31bc2caab699df9cd3f29bcee3a64a7be3446b3056011e8d837007ac97aec033,OS,14,R_end,1,True,0.0
31bc2caab699df9cd3f29bcee3a64a7be3446b3056011e8d837007ac97aec033,OS,14,C_end,1,True,0.0
31bc2caab699df9cd3f29bcee3a64a7be3446b3056011e8d837007ac97aec033,OS,14,D_pos,1,True,0.0
31bc2caab699df9cd3f29bcee3a64a7be3446b3056011e8d837007ac97aec033,OS,18,R_end,1,True,0.0
31bc2caab699df9cd3f29bcee3a64a7be3446b3056011e8d837007ac97aec033,OS,18,C_end,1,True,0.0
31bc2caab699df9cd3f29bcee3a64a7be3446b3056011e8d837007ac97aec033,OS,18,D_pos,1,True,0.0
31bc2caab699df9cd3f29bcee3a64a7be3446b3056011e8d837007ac97aec033,OS,22,R_end,1,True,0.0
31bc2caab699df9cd3f29bcee3a64a7be3446b3056011e8d837007ac97aec033,OS,22,C_end,1,True,0.0
31bc2caab699df9cd3f29bcee3a64a7be3446b3056011e8d837007ac97aec033,OS,22,D_pos,1,True,0.0
31bc2caab699df9cd3f29bcee3a64a7be3446b3056011e8d837007ac97aec033,OS,26,R_end,1,True,0.0
31bc2caab699df9cd3f29bcee3a64a7be3446b3056011e8d837007ac97aec033,OS,26,C_end,1,True,0.0
31bc2caab699df9cd3f29bcee3a64a7be3446b3056011e8d837007ac97aec033,OS,26,D_pos,1,True,0.0
31bc2caab699df9cd3f29bcee3a64a7be3446b3056011e8d837007ac97aec033,SO,14,R_end,1,True,0.0
31bc2caab699df9cd3f29bcee3a64a7be3446b3056011e8d837007ac97aec033,SO,14,C_end,1,True,0.0
31bc2caab699df9cd3f29bcee3a64a7be3446b3056011e8d837007ac97aec033,SO,14,D_pos,1,True,0.0
31bc2caab699df9cd3f29bcee3a64a7be3446b3056011e8d837007ac97aec033,SO,18,R_end,1,True,0.0
31bc2caab699df9cd3f29bcee3a64a7be3446b3056011e8d837007ac97aec033,SO,18,C_end,1,True,0.0
31bc2caab699df9cd3f29bcee3a64a7be3446b3056011e8d837007ac97aec033,SO,18,D_pos,1,True,0.0
31bc2caab699df9cd3f29bcee3a64a7be3446b3056011e8d837007ac97aec033,SO,22,R_end,1,True,0.0
31bc2caab699df9cd3f29bcee3a64a7be3446b3056011e8d837007ac97aec033,SO,22,C_end,1,True,0.0
31bc2caab699df9cd3f29bcee3a64a7be3446b3056011e8d837007ac97aec033,SO,22,D_pos,1,True,0.0
31bc2caab699df9cd3f29bcee3a64a7be3446b3056011e8d837007ac97aec033,SO,26,R_end,1,True,0.0
31bc2caab699df9cd3f29bcee3a64a7be3446b3056011e8d837007ac97aec033,SO,26,C_end,1,True,0.0
31bc2caab699df9cd3f29bcee3a64a7be3446b3056011e8d837007ac97aec033,SO,26,D_pos,1,True,0.0
31bc2caab699df9cd3f29bcee3a64a7be3446b3056011e8d837007ac97aec033,SS,14,R_end,1,True,0.0
31bc2caab699df9cd3f29bcee3a64a7be3446b3056011e8d837007ac97aec033,SS,14,C_end,1,True,0.0
31bc2caab699df9cd3f29bcee3a64a7be3446b3056011e8d837007ac97aec033,SS,14,D_pos,1,True,0.0
31bc2caab699df9cd3f29bcee3a64a7be3446b3056011e8d837007ac97aec033,SS,18,R_end,1,True,0.0
31bc2caab699df9cd3f29bcee3a64a7be3446b3056011e8d837007ac97aec033,SS,18,C_end,1,True,0.0
31bc2caab699df9cd3f29bcee3a64a7be3446b3056011e8d837007ac97aec033,SS,18,D_pos,1,True,0.0
31bc2caab699df9cd3f29bcee3a64a7be3446b3056011e8d837007ac97aec033,SS,22,R_end,1,True,0.0
31bc2caab699df9cd3f29bcee3a64a7be3446b3056011e8d837007ac97aec033,SS,22,C_end,1,True,0.0
31bc2caab699df9cd3f29bcee3a64a7be3446b3056011e8d837007ac97aec033,SS,22,D_pos,1,True,0.0
31bc2caab699df9cd3f29bcee3a64a7be3446b3056011e8d837007ac97aec033,SS,26,R_end,1,True,0.0
31bc2caab699df9cd3f29bcee3a64a7be3446b3056011e8d837007ac97aec033,SS,26,C_end,1,True,0.0
31bc2caab699df9cd3f29bcee3a64a7be3446b3056011e8d837007ac97aec033,SS,26,D_pos,1,True,0.0
32433ec8d7c816d84564c39977c687496178d90300834bb1c8fb5dbe8c496afd,OO,14,R_end,1,True,0.0
32433ec8d7c816d84564c39977c687496178d90300834bb1c8fb5dbe8c496afd,OO,14,C_end,1,True,0.0
32433ec8d7c816d84564c39977c687496178d90300834bb1c8fb5dbe8c496afd,OO,14,D_pos,1,True,0.0
32433ec8d7c816d84564c39977c687496178d90300834bb1c8fb5dbe8c496afd,OO,18,R_end,1,True,0.0
32433ec8d7c816d84564c39977c687496178d90300834bb1c8fb5dbe8c496afd,OO,18,C_end,1,True,0.0
32433ec8d7c816d84564c39977c687496178d90300834bb1c8fb5dbe8c496afd,OO,18,D_pos,1,True,0.0
32433ec8d7c816d84564c39977c687496178d90300834bb1c8fb5dbe8c496afd,OO,22,R_end,1,True,0.0
32433ec8d7c816d84564c39977c687496178d90300834bb1c8fb5dbe8c496afd,OO,22,C_end,1,True,0.0
32433ec8d7c816d84564c39977c687496178d90300834bb1c8fb5dbe8c496afd,OO,22,D_pos,1,True,0.0
32433ec8d7c816d84564c39977c687496178d90300834bb1c8fb5dbe8c496afd,OO,26,R_end,1,True,0.0
32433ec8d7c816d84564c39977c687496178d90300834bb1c8fb5dbe8c496afd,OO,26,C_end,1,True,0.0
32433ec8d7c816d84564c39977c687496178d90300834bb1c8fb5dbe8c496afd,OO,26,D_pos,1,True,0.0
32433ec8d7c816d84564c39977c687496178d90300834bb1c8fb5dbe8c496afd,OS,14,R_end,1,True,0.0
32433ec8d7c816d84564c39977c687496178d90300834bb1c8fb5dbe8c496afd,OS,14,C_end,1,True,0.0
32433ec8d7c816d84564c39977c687496178d90300834bb1c8fb5dbe8c496afd,OS,14,D_pos,1,True,0.0
32433ec8d7c816d84564c39977c687496178d90300834bb1c8fb5dbe8c496afd,OS,18,R_end,1,True,0.0
32433ec8d7c816d84564c39977c687496178d90300834bb1c8fb5dbe8c496afd,OS,18,C_end,1,True,0.0
32433ec8d7c816d84564c39977c687496178d90300834bb1c8fb5dbe8c496afd,OS,18,D_pos,1,True,0.0
32433ec8d7c816d84564c39977c687496178d90300834bb1c8fb5dbe8c496afd,OS,22,R_end,1,True,0.0
32433ec8d7c816d84564c39977c687496178d90300834bb1c8fb5dbe8c496afd,OS,22,C_end,1,True,0.0
32433ec8d7c816d84564c39977c687496178d90300834bb1c8fb5dbe8c496afd,OS,22,D_pos,1,True,0.0
32433ec8d7c816d84564c39977c687496178d90300834bb1c8fb5dbe8c496afd,OS,26,R_end,1,True,0.0
32433ec8d7c816d84564c39977c687496178d90300834bb1c8fb5dbe8c496afd,OS,26,C_end,1,True,0.0
32433ec8d7c816d84564c39977c687496178d90300834bb1c8fb5dbe8c496afd,OS,26,D_pos,1,True,0.0
32433ec8d7c816d84564c39977c687496178d90300834bb1c8fb5dbe8c496afd,SO,14,R_end,1,True,0.0
32433ec8d7c816d84564c39977c687496178d90300834bb1c8fb5dbe8c496afd,SO,14,C_end,1,True,0.0
32433ec8d7c816d84564c39977c687496178d90300834bb1c8fb5dbe8c496afd,SO,14,D_pos,1,True,0.0
32433ec8d7c816d84564c39977c687496178d90300834bb1c8fb5dbe8c496afd,SO,18,R_end,1,True,0.0
32433ec8d7c816d84564c39977c687496178d90300834bb1c8fb5dbe8c496afd,SO,18,C_end,1,True,0.0
32433ec8d7c816d84564c39977c687496178d90300834bb1c8fb5dbe8c496afd,SO,18,D_pos,1,True,0.0
32433ec8d7c816d84564c39977c687496178d90300834bb1c8fb5dbe8c496afd,SO,22,R_end,1,True,0.0
32433ec8d7c816d84564c39977c687496178d90300834bb1c8fb5dbe8c496afd,SO,22,C_end,1,True,0.0
32433ec8d7c816d84564c39977c687496178d90300834bb1c8fb5dbe8c496afd,SO,22,D_pos,1,True,0.0
32433ec8d7c816d84564c39977c687496178d90300834bb1c8fb5dbe8c496afd,SO,26,R_end,1,True,0.0
32433ec8d7c816d84564c39977c687496178d90300834bb1c8fb5dbe8c496afd,SO,26,C_end,1,True,0.0
32433ec8d7c816d84564c39977c687496178d90300834bb1c8fb5dbe8c496afd,SO,26,D_pos,1,True,0.0
32433ec8d7c816d84564c39977c687496178d90300834bb1c8fb5dbe8c496afd,SS,14,R_end,1,True,0.0
32433ec8d7c816d84564c39977c687496178d90300834bb1c8fb5dbe8c496afd,SS,14,C_end,1,True,0.0
32433ec8d7c816d84564c39977c687496178d90300834bb1c8fb5dbe8c496afd,SS,14,D_pos,1,True,0.0
32433ec8d7c816d84564c39977c687496178d90300834bb1c8fb5dbe8c496afd,SS,18,R_end,1,True,0.0
32433ec8d7c816d84564c39977c687496178d90300834bb1c8fb5dbe8c496afd,SS,18,C_end,1,True,0.0
32433ec8d7c816d84564c39977c687496178d90300834bb1c8fb5dbe8c496afd,SS,18,D_pos,1,True,0.0
32433ec8d7c816d84564c39977c687496178d90300834bb1c8fb5dbe8c496afd,SS,22,R_end,1,True,0.0
32433ec8d7c816d84564c39977c687496178d90300834bb1c8fb5dbe8c496afd,SS,22,C_end,1,True,0.0
32433ec8d7c816d84564c39977c687496178d90300834bb1c8fb5dbe8c496afd,SS,22,D_pos,1,True,0.0
32433ec8d7c816d84564c39977c687496178d90300834bb1c8fb5dbe8c496afd,SS,26,R_end,1,True,0.0
32433ec8d7c816d84564c39977c687496178d90300834bb1c8fb5dbe8c496afd,SS,26,C_end,1,True,0.0
32433ec8d7c816d84564c39977c687496178d90300834bb1c8fb5dbe8c496afd,SS,26,D_pos,1,True,0.0
329dd7e54066ef13a3da213f7f3b6cff598c5899634f90f2aa842bf03bdfe22b,OO,14,R_end,1,True,0.0
329dd7e54066ef13a3da213f7f3b6cff598c5899634f90f2aa842bf03bdfe22b,OO,14,C_end,1,True,0.0
329dd7e54066ef13a3da213f7f3b6cff598c5899634f90f2aa842bf03bdfe22b,OO,14,D_pos,1,True,0.0
329dd7e54066ef13a3da213f7f3b6cff598c5899634f90f2aa842bf03bdfe22b,OO,18,R_end,1,True,0.0
329dd7e54066ef13a3da213f7f3b6cff598c5899634f90f2aa842bf03bdfe22b,OO,18,C_end,1,True,0.0
329dd7e54066ef13a3da213f7f3b6cff598c5899634f90f2aa842bf03bdfe22b,OO,18,D_pos,1,True,0.0
329dd7e54066ef13a3da213f7f3b6cff598c5899634f90f2aa842bf03bdfe22b,OO,22,R_end,1,True,0.0
329dd7e54066ef13a3da213f7f3b6cff598c5899634f90f2aa842bf03bdfe22b,OO,22,C_end,1,True,0.0
329dd7e54066ef13a3da213f7f3b6cff598c5899634f90f2aa842bf03bdfe22b,OO,22,D_pos,1,True,0.0
329dd7e54066ef13a3da213f7f3b6cff598c5899634f90f2aa842bf03bdfe22b,OO,26,R_end,1,True,0.0
329dd7e54066ef13a3da213f7f3b6cff598c5899634f90f2aa842bf03bdfe22b,OO,26,C_end,1,True,0.0
329dd7e54066ef13a3da213f7f3b6cff598c5899634f90f2aa842bf03bdfe22b,OO,26,D_pos,1,True,0.0
329dd7e54066ef13a3da213f7f3b6cff598c5899634f90f2aa842bf03bdfe22b,OS,14,R_end,1,True,0.0
329dd7e54066ef13a3da213f7f3b6cff598c5899634f90f2aa842bf03bdfe22b,OS,14,C_end,1,True,0.0
329dd7e54066ef13a3da213f7f3b6cff598c5899634f90f2aa842bf03bdfe22b,OS,14,D_pos,1,True,0.0
329dd7e54066ef13a3da213f7f3b6cff598c5899634f90f2aa842bf03bdfe22b,OS,18,R_end,1,True,0.0
329dd7e54066ef13a3da213f7f3b6cff598c5899634f90f2aa842bf03bdfe22b,OS,18,C_end,1,True,0.0
329dd7e54066ef13a3da213f7f3b6cff598c5899634f90f2aa842bf03bdfe22b,OS,18,D_pos,1,True,0.0
329dd7e54066ef13a3da213f7f3b6cff598c5899634f90f2aa842bf03bdfe22b,OS,22,R_end,1,True,0.0
329dd7e54066ef13a3da213f7f3b6cff598c5899634f90f2aa842bf03bdfe22b,OS,22,C_end,1,True,0.0
329dd7e54066ef13a3da213f7f3b6cff598c5899634f90f2aa842bf03bdfe22b,OS,22,D_pos,1,True,0.0
329dd7e54066ef13a3da213f7f3b6cff598c5899634f90f2aa842bf03bdfe22b,OS,26,R_end,1,True,0.0
329dd7e54066ef13a3da213f7f3b6cff598c5899634f90f2aa842bf03bdfe22b,OS,26,C_end,1,True,0.0
329dd7e54066ef13a3da213f7f3b6cff598c5899634f90f2aa842bf03bdfe22b,OS,26,D_pos,1,True,0.0
329dd7e54066ef13a3da213f7f3b6cff598c5899634f90f2aa842bf03bdfe22b,SO,14,R_end,1,True,0.0
329dd7e54066ef13a3da213f7f3b6cff598c5899634f90f2aa842bf03bdfe22b,SO,14,C_end,1,True,0.0
329dd7e54066ef13a3da213f7f3b6cff598c5899634f90f2aa842bf03bdfe22b,SO,14,D_pos,1,True,0.0
329dd7e54066ef13a3da213f7f3b6cff598c5899634f90f2aa842bf03bdfe22b,SO,18,R_end,1,True,0.0
329dd7e54066ef13a3da213f7f3b6cff598c5899634f90f2aa842bf03bdfe22b,SO,18,C_end,1,True,0.0
329dd7e54066ef13a3da213f7f3b6cff598c5899634f90f2aa842bf03bdfe22b,SO,18,D_pos,1,True,0.0
329dd7e54066ef13a3da213f7f3b6cff598c5899634f90f2aa842bf03bdfe22b,SO,22,R_end,1,True,0.0
329dd7e54066ef13a3da213f7f3b6cff598c5899634f90f2aa842bf03bdfe22b,SO,22,C_end,1,True,0.0
329dd7e54066ef13a3da213f7f3b6cff598c5899634f90f2aa842bf03bdfe22b,SO,22,D_pos,1,True,0.0
329dd7e54066ef13a3da213f7f3b6cff598c5899634f90f2aa842bf03bdfe22b,SO,26,R_end,1,True,0.0
329dd7e54066ef13a3da213f7f3b6cff598c5899634f90f2aa842bf03bdfe22b,SO,26,C_end,1,True,0.0
329dd7e54066ef13a3da213f7f3b6cff598c5899634f90f2aa842bf03bdfe22b,SO,26,D_pos,1,True,0.0
329dd7e54066ef13a3da213f7f3b6cff598c5899634f90f2aa842bf03bdfe22b,SS,14,R_end,1,True,0.0
329dd7e54066ef13a3da213f7f3b6cff598c5899634f90f2aa842bf03bdfe22b,SS,14,C_end,1,True,0.0
329dd7e54066ef13a3da213f7f3b6cff598c5899634f90f2aa842bf03bdfe22b,SS,14,D_pos,1,True,0.0
329dd7e54066ef13a3da213f7f3b6cff598c5899634f90f2aa842bf03bdfe22b,SS,18,R_end,1,True,0.0
329dd7e54066ef13a3da213f7f3b6cff598c5899634f90f2aa842bf03bdfe22b,SS,18,C_end,1,True,0.0
329dd7e54066ef13a3da213f7f3b6cff598c5899634f90f2aa842bf03bdfe22b,SS,18,D_pos,1,True,0.0
329dd7e54066ef13a3da213f7f3b6cff598c5899634f90f2aa842bf03bdfe22b,SS,22,R_end,1,True,0.0
329dd7e54066ef13a3da213f7f3b6cff598c5899634f90f2aa842bf03bdfe22b,SS,22,C_end,1,True,0.0
329dd7e54066ef13a3da213f7f3b6cff598c5899634f90f2aa842bf03bdfe22b,SS,22,D_pos,1,True,0.0
329dd7e54066ef13a3da213f7f3b6cff598c5899634f90f2aa842bf03bdfe22b,SS,26,R_end,1,True,0.0
329dd7e54066ef13a3da213f7f3b6cff598c5899634f90f2aa842bf03bdfe22b,SS,26,C_end,1,True,0.0
329dd7e54066ef13a3da213f7f3b6cff598c5899634f90f2aa842bf03bdfe22b,SS,26,D_pos,1,True,0.0
32a5842122bca8ce29d1bd38d6bee5bd0cd4ff77f6e85b6df20e866683e9e9d8,OO,14,R_end,1,True,0.0
32a5842122bca8ce29d1bd38d6bee5bd0cd4ff77f6e85b6df20e866683e9e9d8,OO,14,C_end,1,True,0.0
32a5842122bca8ce29d1bd38d6bee5bd0cd4ff77f6e85b6df20e866683e9e9d8,OO,14,D_pos,1,True,0.0
32a5842122bca8ce29d1bd38d6bee5bd0cd4ff77f6e85b6df20e866683e9e9d8,OO,18,R_end,1,True,0.0
32a5842122bca8ce29d1bd38d6bee5bd0cd4ff77f6e85b6df20e866683e9e9d8,OO,18,C_end,1,True,0.0
32a5842122bca8ce29d1bd38d6bee5bd0cd4ff77f6e85b6df20e866683e9e9d8,OO,18,D_pos,1,True,0.0
32a5842122bca8ce29d1bd38d6bee5bd0cd4ff77f6e85b6df20e866683e9e9d8,OO,22,R_end,1,True,0.0
32a5842122bca8ce29d1bd38d6bee5bd0cd4ff77f6e85b6df20e866683e9e9d8,OO,22,C_end,1,True,0.0
32a5842122bca8ce29d1bd38d6bee5bd0cd4ff77f6e85b6df20e866683e9e9d8,OO,22,D_pos,1,True,0.0
32a5842122bca8ce29d1bd38d6bee5bd0cd4ff77f6e85b6df20e866683e9e9d8,OO,26,R_end,1,True,0.0
32a5842122bca8ce29d1bd38d6bee5bd0cd4ff77f6e85b6df20e866683e9e9d8,OO,26,C_end,1,True,0.0
32a5842122bca8ce29d1bd38d6bee5bd0cd4ff77f6e85b6df20e866683e9e9d8,OO,26,D_pos,1,True,0.0
32a5842122bca8ce29d1bd38d6bee5bd0cd4ff77f6e85b6df20e866683e9e9d8,OS,14,R_end,1,True,0.0
32a5842122bca8ce29d1bd38d6bee5bd0cd4ff77f6e85b6df20e866683e9e9d8,OS,14,C_end,1,True,0.0
32a5842122bca8ce29d1bd38d6bee5bd0cd4ff77f6e85b6df20e866683e9e9d8,OS,14,D_pos,1,True,0.0
32a5842122bca8ce29d1bd38d6bee5bd0cd4ff77f6e85b6df20e866683e9e9d8,OS,18,R_end,1,True,0.0
32a5842122bca8ce29d1bd38d6bee5bd0cd4ff77f6e85b6df20e866683e9e9d8,OS,18,C_end,1,True,0.0
32a5842122bca8ce29d1bd38d6bee5bd0cd4ff77f6e85b6df20e866683e9e9d8,OS,18,D_pos,1,True,0.0
32a5842122bca8ce29d1bd38d6bee5bd0cd4ff77f6e85b6df20e866683e9e9d8,OS,22,R_end,1,True,0.0
32a5842122bca8ce29d1bd38d6bee5bd0cd4ff77f6e85b6df20e866683e9e9d8,OS,22,C_end,1,True,0.0
32a5842122bca8ce29d1bd38d6bee5bd0cd4ff77f6e85b6df20e866683e9e9d8,OS,22,D_pos,1,True,0.0
32a5842122bca8ce29d1bd38d6bee5bd0cd4ff77f6e85b6df20e866683e9e9d8,OS,26,R_end,1,True,0.0
32a5842122bca8ce29d1bd38d6bee5bd0cd4ff77f6e85b6df20e866683e9e9d8,OS,26,C_end,1,True,0.0
32a5842122bca8ce29d1bd38d6bee5bd0cd4ff77f6e85b6df20e866683e9e9d8,OS,26,D_pos,1,True,0.0
32a5842122bca8ce29d1bd38d6bee5bd0cd4ff77f6e85b6df20e866683e9e9d8,SO,14,R_end,1,True,0.0
32a5842122bca8ce29d1bd38d6bee5bd0cd4ff77f6e85b6df20e866683e9e9d8,SO,14,C_end,1,True,0.0
32a5842122bca8ce29d1bd38d6bee5bd0cd4ff77f6e85b6df20e866683e9e9d8,SO,14,D_pos,1,True,0.0
32a5842122bca8ce29d1bd38d6bee5bd0cd4ff77f6e85b6df20e866683e9e9d8,SO,18,R_end,1,True,0.0
32a5842122bca8ce29d1bd38d6bee5bd0cd4ff77f6e85b6df20e866683e9e9d8,SO,18,C_end,1,True,0.0
32a5842122bca8ce29d1bd38d6bee5bd0cd4ff77f6e85b6df20e866683e9e9d8,SO,18,D_pos,1,True,0.0
32a5842122bca8ce29d1bd38d6bee5bd0cd4ff77f6e85b6df20e866683e9e9d8,SO,22,R_end,1,True,0.0
32a5842122bca8ce29d1bd38d6bee5bd0cd4ff77f6e85b6df20e866683e9e9d8,SO,22,C_end,1,True,0.0
32a5842122bca8ce29d1bd38d6bee5bd0cd4ff77f6e85b6df20e866683e9e9d8,SO,22,D_pos,1,True,0.0
32a5842122bca8ce29d1bd38d6bee5bd0cd4ff77f6e85b6df20e866683e9e9d8,SO,26,R_end,1,True,0.0
32a5842122bca8ce29d1bd38d6bee5bd0cd4ff77f6e85b6df20e866683e9e9d8,SO,26,C_end,1,True,0.0
32a5842122bca8ce29d1bd38d6bee5bd0cd4ff77f6e85b6df20e866683e9e9d8,SO,26,D_pos,1,True,0.0
32a5842122bca8ce29d1bd38d6bee5bd0cd4ff77f6e85b6df20e866683e9e9d8,SS,14,R_end,1,True,0.0
32a5842122bca8ce29d1bd38d6bee5bd0cd4ff77f6e85b6df20e866683e9e9d8,SS,14,C_end,1,True,0.0
32a5842122bca8ce29d1bd38d6bee5bd0cd4ff77f6e85b6df20e866683e9e9d8,SS,14,D_pos,1,True,0.0
32a5842122bca8ce29d1bd38d6bee5bd0cd4ff77f6e85b6df20e866683e9e9d8,SS,18,R_end,1,True,0.0
32a5842122bca8ce29d1bd38d6bee5bd0cd4ff77f6e85b6df20e866683e9e9d8,SS,18,C_end,1,True,0.0
32a5842122bca8ce29d1bd38d6bee5bd0cd4ff77f6e85b6df20e866683e9e9d8,SS,18,D_pos,1,True,0.0
32a5842122bca8ce29d1bd38d6bee5bd0cd4ff77f6e85b6df20e866683e9e9d8,SS,22,R_end,1,True,0.0
32a5842122bca8ce29d1bd38d6bee5bd0cd4ff77f6e85b6df20e866683e9e9d8,SS,22,C_end,1,True,0.0
32a5842122bca8ce29d1bd38d6bee5bd0cd4ff77f6e85b6df20e866683e9e9d8,SS,22,D_pos,1,True,0.0
32a5842122bca8ce29d1bd38d6bee5bd0cd4ff77f6e85b6df20e866683e9e9d8,SS,26,R_end,1,True,0.0
32a5842122bca8ce29d1bd38d6bee5bd0cd4ff77f6e85b6df20e866683e9e9d8,SS,26,C_end,1,True,0.0
32a5842122bca8ce29d1bd38d6bee5bd0cd4ff77f6e85b6df20e866683e9e9d8,SS,26,D_pos,1,True,0.0
335059d400355094616bc325ef0848eda0060b94b91bf17aa229387a74b6c2fe,OO,14,R_end,1,True,0.0
335059d400355094616bc325ef0848eda0060b94b91bf17aa229387a74b6c2fe,OO,14,C_end,1,True,0.0
335059d400355094616bc325ef0848eda0060b94b91bf17aa229387a74b6c2fe,OO,14,D_pos,1,True,0.0
335059d400355094616bc325ef0848eda0060b94b91bf17aa229387a74b6c2fe,OO,18,R_end,1,True,0.0
335059d400355094616bc325ef0848eda0060b94b91bf17aa229387a74b6c2fe,OO,18,C_end,1,True,0.0
335059d400355094616bc325ef0848eda0060b94b91bf17aa229387a74b6c2fe,OO,18,D_pos,1,True,0.0
335059d400355094616bc325ef0848eda0060b94b91bf17aa229387a74b6c2fe,OO,22,R_end,1,True,0.0
335059d400355094616bc325ef0848eda0060b94b91bf17aa229387a74b6c2fe,OO,22,C_end,1,True,0.0
335059d400355094616bc325ef0848eda0060b94b91bf17aa229387a74b6c2fe,OO,22,D_pos,1,True,0.0
335059d400355094616bc325ef0848eda0060b94b91bf17aa229387a74b6c2fe,OO,26,R_end,1,True,0.0
335059d400355094616bc325ef0848eda0060b94b91bf17aa229387a74b6c2fe,OO,26,C_end,1,True,0.0
335059d400355094616bc325ef0848eda0060b94b91bf17aa229387a74b6c2fe,OO,26,D_pos,1,True,0.0
335059d400355094616bc325ef0848eda0060b94b91bf17aa229387a74b6c2fe,OS,14,R_end,1,True,0.0
335059d400355094616bc325ef0848eda0060b94b91bf17aa229387a74b6c2fe,OS,14,C_end,1,True,0.0
335059d400355094616bc325ef0848eda0060b94b91bf17aa229387a74b6c2fe,OS,14,D_pos,1,True,0.0
335059d400355094616bc325ef0848eda0060b94b91bf17aa229387a74b6c2fe,OS,18,R_end,1,True,0.0
335059d400355094616bc325ef0848eda0060b94b91bf17aa229387a74b6c2fe,OS,18,C_end,1,True,0.0
335059d400355094616bc325ef0848eda0060b94b91bf17aa229387a74b6c2fe,OS,18,D_pos,1,True,0.0
335059d400355094616bc325ef0848eda0060b94b91bf17aa229387a74b6c2fe,OS,22,R_end,1,True,0.0
335059d400355094616bc325ef0848eda0060b94b91bf17aa229387a74b6c2fe,OS,22,C_end,1,True,0.0
335059d400355094616bc325ef0848eda0060b94b91bf17aa229387a74b6c2fe,OS,22,D_pos,1,True,0.0
335059d400355094616bc325ef0848eda0060b94b91bf17aa229387a74b6c2fe,OS,26,R_end,1,True,0.0
335059d400355094616bc325ef0848eda0060b94b91bf17aa229387a74b6c2fe,OS,26,C_end,1,True,0.0
335059d400355094616bc325ef0848eda0060b94b91bf17aa229387a74b6c2fe,OS,26,D_pos,1,True,0.0
335059d400355094616bc325ef0848eda0060b94b91bf17aa229387a74b6c2fe,SO,14,R_end,1,True,0.0
335059d400355094616bc325ef0848eda0060b94b91bf17aa229387a74b6c2fe,SO,14,C_end,1,True,0.0
335059d400355094616bc325ef0848eda0060b94b91bf17aa229387a74b6c2fe,SO,14,D_pos,1,True,0.0
335059d400355094616bc325ef0848eda0060b94b91bf17aa229387a74b6c2fe,SO,18,R_end,1,True,0.0
335059d400355094616bc325ef0848eda0060b94b91bf17aa229387a74b6c2fe,SO,18,C_end,1,True,0.0
335059d400355094616bc325ef0848eda0060b94b91bf17aa229387a74b6c2fe,SO,18,D_pos,1,True,0.0
335059d400355094616bc325ef0848eda0060b94b91bf17aa229387a74b6c2fe,SO,22,R_end,1,True,0.0
335059d400355094616bc325ef0848eda0060b94b91bf17aa229387a74b6c2fe,SO,22,C_end,1,True,0.0
335059d400355094616bc325ef0848eda0060b94b91bf17aa229387a74b6c2fe,SO,22,D_pos,1,True,0.0
335059d400355094616bc325ef0848eda0060b94b91bf17aa229387a74b6c2fe,SO,26,R_end,1,True,0.0
335059d400355094616bc325ef0848eda0060b94b91bf17aa229387a74b6c2fe,SO,26,C_end,1,True,0.0
335059d400355094616bc325ef0848eda0060b94b91bf17aa229387a74b6c2fe,SO,26,D_pos,1,True,0.0
335059d400355094616bc325ef0848eda0060b94b91bf17aa229387a74b6c2fe,SS,14,R_end,1,True,0.0
335059d400355094616bc325ef0848eda0060b94b91bf17aa229387a74b6c2fe,SS,14,C_end,1,True,0.0
335059d400355094616bc325ef0848eda0060b94b91bf17aa229387a74b6c2fe,SS,14,D_pos,1,True,0.0
335059d400355094616bc325ef0848eda0060b94b91bf17aa229387a74b6c2fe,SS,18,R_end,1,True,0.0
335059d400355094616bc325ef0848eda0060b94b91bf17aa229387a74b6c2fe,SS,18,C_end,1,True,0.0
335059d400355094616bc325ef0848eda0060b94b91bf17aa229387a74b6c2fe,SS,18,D_pos,1,True,0.0
335059d400355094616bc325ef0848eda0060b94b91bf17aa229387a74b6c2fe,SS,22,R_end,1,True,0.0
335059d400355094616bc325ef0848eda0060b94b91bf17aa229387a74b6c2fe,SS,22,C_end,1,True,0.0
335059d400355094616bc325ef0848eda0060b94b91bf17aa229387a74b6c2fe,SS,22,D_pos,1,True,0.0
335059d400355094616bc325ef0848eda0060b94b91bf17aa229387a74b6c2fe,SS,26,R_end,1,True,0.0
335059d400355094616bc325ef0848eda0060b94b91bf17aa229387a74b6c2fe,SS,26,C_end,1,True,0.0
335059d400355094616bc325ef0848eda0060b94b91bf17aa229387a74b6c2fe,SS,26,D_pos,1,True,0.0
37fd7343def15a982f55039a6fd91953c9aec931123a52d0f01f0e4298e0f327,OO,14,R_end,1,True,0.0
37fd7343def15a982f55039a6fd91953c9aec931123a52d0f01f0e4298e0f327,OO,14,C_end,1,True,0.0
37fd7343def15a982f55039a6fd91953c9aec931123a52d0f01f0e4298e0f327,OO,14,D_pos,1,True,0.0
37fd7343def15a982f55039a6fd91953c9aec931123a52d0f01f0e4298e0f327,OO,18,R_end,1,True,0.0
37fd7343def15a982f55039a6fd91953c9aec931123a52d0f01f0e4298e0f327,OO,18,C_end,1,True,0.0
37fd7343def15a982f55039a6fd91953c9aec931123a52d0f01f0e4298e0f327,OO,18,D_pos,1,True,0.0
37fd7343def15a982f55039a6fd91953c9aec931123a52d0f01f0e4298e0f327,OO,22,R_end,1,True,0.0
37fd7343def15a982f55039a6fd91953c9aec931123a52d0f01f0e4298e0f327,OO,22,C_end,1,True,0.0
37fd7343def15a982f55039a6fd91953c9aec931123a52d0f01f0e4298e0f327,OO,22,D_pos,1,True,0.0
37fd7343def15a982f55039a6fd91953c9aec931123a52d0f01f0e4298e0f327,OO,26,R_end,1,True,0.0
37fd7343def15a982f55039a6fd91953c9aec931123a52d0f01f0e4298e0f327,OO,26,C_end,1,True,0.0
37fd7343def15a982f55039a6fd91953c9aec931123a52d0f01f0e4298e0f327,OO,26,D_pos,1,True,0.0
37fd7343def15a982f55039a6fd91953c9aec931123a52d0f01f0e4298e0f327,OS,14,R_end,1,True,0.0
37fd7343def15a982f55039a6fd91953c9aec931123a52d0f01f0e4298e0f327,OS,14,C_end,1,True,0.0
37fd7343def15a982f55039a6fd91953c9aec931123a52d0f01f0e4298e0f327,OS,14,D_pos,1,True,0.0
37fd7343def15a982f55039a6fd91953c9aec931123a52d0f01f0e4298e0f327,OS,18,R_end,1,True,0.0
37fd7343def15a982f55039a6fd91953c9aec931123a52d0f01f0e4298e0f327,OS,18,C_end,1,True,0.0
37fd7343def15a982f55039a6fd91953c9aec931123a52d0f01f0e4298e0f327,OS,18,D_pos,1,True,0.0
37fd7343def15a982f55039a6fd91953c9aec931123a52d0f01f0e4298e0f327,OS,22,R_end,1,True,0.0
37fd7343def15a982f55039a6fd91953c9aec931123a52d0f01f0e4298e0f327,OS,22,C_end,1,True,0.0
37fd7343def15a982f55039a6fd91953c9aec931123a52d0f01f0e4298e0f327,OS,22,D_pos,1,True,0.0
37fd7343def15a982f55039a6fd91953c9aec931123a52d0f01f0e4298e0f327,OS,26,R_end,1,True,0.0
37fd7343def15a982f55039a6fd91953c9aec931123a52d0f01f0e4298e0f327,OS,26,C_end,1,True,0.0
37fd7343def15a982f55039a6fd91953c9aec931123a52d0f01f0e4298e0f327,OS,26,D_pos,1,True,0.0
37fd7343def15a982f55039a6fd91953c9aec931123a52d0f01f0e4298e0f327,SO,14,R_end,1,True,0.0
37fd7343def15a982f55039a6fd91953c9aec931123a52d0f01f0e4298e0f327,SO,14,C_end,1,True,0.0
37fd7343def15a982f55039a6fd91953c9aec931123a52d0f01f0e4298e0f327,SO,14,D_pos,1,True,0.0
37fd7343def15a982f55039a6fd91953c9aec931123a52d0f01f0e4298e0f327,SO,18,R_end,1,True,0.0
37fd7343def15a982f55039a6fd91953c9aec931123a52d0f01f0e4298e0f327,SO,18,C_end,1,True,0.0
37fd7343def15a982f55039a6fd91953c9aec931123a52d0f01f0e4298e0f327,SO,18,D_pos,1,True,0.0
37fd7343def15a982f55039a6fd91953c9aec931123a52d0f01f0e4298e0f327,SO,22,R_end,1,True,0.0
37fd7343def15a982f55039a6fd91953c9aec931123a52d0f01f0e4298e0f327,SO,22,C_end,1,True,0.0
37fd7343def15a982f55039a6fd91953c9aec931123a52d0f01f0e4298e0f327,SO,22,D_pos,1,True,0.0
37fd7343def15a982f55039a6fd91953c9aec931123a52d0f01f0e4298e0f327,SO,26,R_end,1,True,0.0
37fd7343def15a982f55039a6fd91953c9aec931123a52d0f01f0e4298e0f327,SO,26,C_end,1,True,0.0
37fd7343def15a982f55039a6fd91953c9aec931123a52d0f01f0e4298e0f327,SO,26,D_pos,1,True,0.0
37fd7343def15a982f55039a6fd91953c9aec931123a52d0f01f0e4298e0f327,SS,14,R_end,1,True,0.0
37fd7343def15a982f55039a6fd91953c9aec931123a52d0f01f0e4298e0f327,SS,14,C_end,1,True,0.0
37fd7343def15a982f55039a6fd91953c9aec931123a52d0f01f0e4298e0f327,SS,14,D_pos,1,True,0.0
37fd7343def15a982f55039a6fd91953c9aec931123a52d0f01f0e4298e0f327,SS,18,R_end,1,True,0.0
37fd7343def15a982f55039a6fd91953c9aec931123a52d0f01f0e4298e0f327,SS,18,C_end,1,True,0.0
37fd7343def15a982f55039a6fd91953c9aec931123a52d0f01f0e4298e0f327,SS,18,D_pos,1,True,0.0
37fd7343def15a982f55039a6fd91953c9aec931123a52d0f01f0e4298e0f327,SS,22,R_end,1,True,0.0
37fd7343def15a982f55039a6fd91953c9aec931123a52d0f01f0e4298e0f327,SS,22,C_end,1,True,0.0
37fd7343def15a982f55039a6fd91953c9aec931123a52d0f01f0e4298e0f327,SS,22,D_pos,1,True,0.0
37fd7343def15a982f55039a6fd91953c9aec931123a52d0f01f0e4298e0f327,SS,26,R_end,1,True,0.0
37fd7343def15a982f55039a6fd91953c9aec931123a52d0f01f0e4298e0f327,SS,26,C_end,1,True,0.0
37fd7343def15a982f55039a6fd91953c9aec931123a52d0f01f0e4298e0f327,SS,26,D_pos,1,True,0.0
38197b9f21a2cbc6219c9edadf1b00c23fd75944c8ed0462d4fb2984382e2454,OO,14,R_end,1,True,0.0
38197b9f21a2cbc6219c9edadf1b00c23fd75944c8ed0462d4fb2984382e2454,OO,14,C_end,1,True,0.0
38197b9f21a2cbc6219c9edadf1b00c23fd75944c8ed0462d4fb2984382e2454,OO,14,D_pos,1,True,0.0
38197b9f21a2cbc6219c9edadf1b00c23fd75944c8ed0462d4fb2984382e2454,OO,18,R_end,1,True,0.0
38197b9f21a2cbc6219c9edadf1b00c23fd75944c8ed0462d4fb2984382e2454,OO,18,C_end,1,True,0.0
38197b9f21a2cbc6219c9edadf1b00c23fd75944c8ed0462d4fb2984382e2454,OO,18,D_pos,1,True,0.0
38197b9f21a2cbc6219c9edadf1b00c23fd75944c8ed0462d4fb2984382e2454,OO,22,R_end,1,True,0.0
38197b9f21a2cbc6219c9edadf1b00c23fd75944c8ed0462d4fb2984382e2454,OO,22,C_end,1,True,0.0
38197b9f21a2cbc6219c9edadf1b00c23fd75944c8ed0462d4fb2984382e2454,OO,22,D_pos,1,True,0.0
38197b9f21a2cbc6219c9edadf1b00c23fd75944c8ed0462d4fb2984382e2454,OO,26,R_end,1,True,0.0
38197b9f21a2cbc6219c9edadf1b00c23fd75944c8ed0462d4fb2984382e2454,OO,26,C_end,1,True,0.0
38197b9f21a2cbc6219c9edadf1b00c23fd75944c8ed0462d4fb2984382e2454,OO,26,D_pos,1,True,0.0
38197b9f21a2cbc6219c9edadf1b00c23fd75944c8ed0462d4fb2984382e2454,OS,14,R_end,1,True,0.0
38197b9f21a2cbc6219c9edadf1b00c23fd75944c8ed0462d4fb2984382e2454,OS,14,C_end,1,True,0.0
38197b9f21a2cbc6219c9edadf1b00c23fd75944c8ed0462d4fb2984382e2454,OS,14,D_pos,1,True,0.0
38197b9f21a2cbc6219c9edadf1b00c23fd75944c8ed0462d4fb2984382e2454,OS,18,R_end,1,True,0.0
38197b9f21a2cbc6219c9edadf1b00c23fd75944c8ed0462d4fb2984382e2454,OS,18,C_end,1,True,0.0
38197b9f21a2cbc6219c9edadf1b00c23fd75944c8ed0462d4fb2984382e2454,OS,18,D_pos,1,True,0.0
38197b9f21a2cbc6219c9edadf1b00c23fd75944c8ed0462d4fb2984382e2454,OS,22,R_end,1,True,0.0
38197b9f21a2cbc6219c9edadf1b00c23fd75944c8ed0462d4fb2984382e2454,OS,22,C_end,1,True,0.0
38197b9f21a2cbc6219c9edadf1b00c23fd75944c8ed0462d4fb2984382e2454,OS,22,D_pos,1,True,0.0
38197b9f21a2cbc6219c9edadf1b00c23fd75944c8ed0462d4fb2984382e2454,OS,26,R_end,1,True,0.0
38197b9f21a2cbc6219c9edadf1b00c23fd75944c8ed0462d4fb2984382e2454,OS,26,C_end,1,True,0.0
38197b9f21a2cbc6219c9edadf1b00c23fd75944c8ed0462d4fb2984382e2454,OS,26,D_pos,1,True,0.0
38197b9f21a2cbc6219c9edadf1b00c23fd75944c8ed0462d4fb2984382e2454,SO,14,R_end,1,True,0.0
38197b9f21a2cbc6219c9edadf1b00c23fd75944c8ed0462d4fb2984382e2454,SO,14,C_end,1,True,0.0
38197b9f21a2cbc6219c9edadf1b00c23fd75944c8ed0462d4fb2984382e2454,SO,14,D_pos,1,True,0.0
38197b9f21a2cbc6219c9edadf1b00c23fd75944c8ed0462d4fb2984382e2454,SO,18,R_end,1,True,0.0
38197b9f21a2cbc6219c9edadf1b00c23fd75944c8ed0462d4fb2984382e2454,SO,18,C_end,1,True,0.0
38197b9f21a2cbc6219c9edadf1b00c23fd75944c8ed0462d4fb2984382e2454,SO,18,D_pos,1,True,0.0
38197b9f21a2cbc6219c9edadf1b00c23fd75944c8ed0462d4fb2984382e2454,SO,22,R_end,1,True,0.0
38197b9f21a2cbc6219c9edadf1b00c23fd75944c8ed0462d4fb2984382e2454,SO,22,C_end,1,True,0.0
38197b9f21a2cbc6219c9edadf1b00c23fd75944c8ed0462d4fb2984382e2454,SO,22,D_pos,1,True,0.0
38197b9f21a2cbc6219c9edadf1b00c23fd75944c8ed0462d4fb2984382e2454,SO,26,R_end,1,True,0.0
38197b9f21a2cbc6219c9edadf1b00c23fd75944c8ed0462d4fb2984382e2454,SO,26,C_end,1,True,0.0
38197b9f21a2cbc6219c9edadf1b00c23fd75944c8ed0462d4fb2984382e2454,SO,26,D_pos,1,True,0.0
38197b9f21a2cbc6219c9edadf1b00c23fd75944c8ed0462d4fb2984382e2454,SS,14,R_end,1,True,0.0
38197b9f21a2cbc6219c9edadf1b00c23fd75944c8ed0462d4fb2984382e2454,SS,14,C_end,1,True,0.0
38197b9f21a2cbc6219c9edadf1b00c23fd75944c8ed0462d4fb2984382e2454,SS,14,D_pos,1,True,0.0
38197b9f21a2cbc6219c9edadf1b00c23fd75944c8ed0462d4fb2984382e2454,SS,18,R_end,1,True,0.0
38197b9f21a2cbc6219c9edadf1b00c23fd75944c8ed0462d4fb2984382e2454,SS,18,C_end,1,True,0.0
38197b9f21a2cbc6219c9edadf1b00c23fd75944c8ed0462d4fb2984382e2454,SS,18,D_pos,1,True,0.0
38197b9f21a2cbc6219c9edadf1b00c23fd75944c8ed0462d4fb2984382e2454,SS,22,R_end,1,True,0.0
38197b9f21a2cbc6219c9edadf1b00c23fd75944c8ed0462d4fb2984382e2454,SS,22,C_end,1,True,0.0
38197b9f21a2cbc6219c9edadf1b00c23fd75944c8ed0462d4fb2984382e2454,SS,22,D_pos,1,True,0.0
38197b9f21a2cbc6219c9edadf1b00c23fd75944c8ed0462d4fb2984382e2454,SS,26,R_end,1,True,0.0
38197b9f21a2cbc6219c9edadf1b00c23fd75944c8ed0462d4fb2984382e2454,SS,26,C_end,1,True,0.0
38197b9f21a2cbc6219c9edadf1b00c23fd75944c8ed0462d4fb2984382e2454,SS,26,D_pos,1,True,0.0
3832009ffefb8053acc8f41b409ffc903ba02cb06ee1f396131afe3a64f7f714,OO,14,R_end,1,True,0.0
3832009ffefb8053acc8f41b409ffc903ba02cb06ee1f396131afe3a64f7f714,OO,14,C_end,1,True,0.0
3832009ffefb8053acc8f41b409ffc903ba02cb06ee1f396131afe3a64f7f714,OO,14,D_pos,1,True,0.0
3832009ffefb8053acc8f41b409ffc903ba02cb06ee1f396131afe3a64f7f714,OO,18,R_end,1,True,0.0
3832009ffefb8053acc8f41b409ffc903ba02cb06ee1f396131afe3a64f7f714,OO,18,C_end,1,True,0.0
3832009ffefb8053acc8f41b409ffc903ba02cb06ee1f396131afe3a64f7f714,OO,18,D_pos,1,True,0.0
3832009ffefb8053acc8f41b409ffc903ba02cb06ee1f396131afe3a64f7f714,OO,22,R_end,1,True,0.0
3832009ffefb8053acc8f41b409ffc903ba02cb06ee1f396131afe3a64f7f714,OO,22,C_end,1,True,0.0
3832009ffefb8053acc8f41b409ffc903ba02cb06ee1f396131afe3a64f7f714,OO,22,D_pos,1,True,0.0
3832009ffefb8053acc8f41b409ffc903ba02cb06ee1f396131afe3a64f7f714,OO,26,R_end,1,True,0.0
3832009ffefb8053acc8f41b409ffc903ba02cb06ee1f396131afe3a64f7f714,OO,26,C_end,1,True,0.0
3832009ffefb8053acc8f41b409ffc903ba02cb06ee1f396131afe3a64f7f714,OO,26,D_pos,1,True,0.0
3832009ffefb8053acc8f41b409ffc903ba02cb06ee1f396131afe3a64f7f714,OS,14,R_end,1,True,0.0
3832009ffefb8053acc8f41b409ffc903ba02cb06ee1f396131afe3a64f7f714,OS,14,C_end,1,True,0.0
3832009ffefb8053acc8f41b409ffc903ba02cb06ee1f396131afe3a64f7f714,OS,14,D_pos,1,True,0.0
3832009ffefb8053acc8f41b409ffc903ba02cb06ee1f396131afe3a64f7f714,OS,18,R_end,1,True,0.0
3832009ffefb8053acc8f41b409ffc903ba02cb06ee1f396131afe3a64f7f714,OS,18,C_end,1,True,0.0
3832009ffefb8053acc8f41b409ffc903ba02cb06ee1f396131afe3a64f7f714,OS,18,D_pos,1,True,0.0
3832009ffefb8053acc8f41b409ffc903ba02cb06ee1f396131afe3a64f7f714,OS,22,R_end,1,True,0.0
3832009ffefb8053acc8f41b409ffc903ba02cb06ee1f396131afe3a64f7f714,OS,22,C_end,1,True,0.0
3832009ffefb8053acc8f41b409ffc903ba02cb06ee1f396131afe3a64f7f714,OS,22,D_pos,1,True,0.0
3832009ffefb8053acc8f41b409ffc903ba02cb06ee1f396131afe3a64f7f714,OS,26,R_end,1,True,0.0
3832009ffefb8053acc8f41b409ffc903ba02cb06ee1f396131afe3a64f7f714,OS,26,C_end,1,True,0.0
3832009ffefb8053acc8f41b409ffc903ba02cb06ee1f396131afe3a64f7f714,OS,26,D_pos,1,True,0.0
3832009ffefb8053acc8f41b409ffc903ba02cb06ee1f396131afe3a64f7f714,SO,14,R_end,1,True,0.0
3832009ffefb8053acc8f41b409ffc903ba02cb06ee1f396131afe3a64f7f714,SO,14,C_end,1,True,0.0
3832009ffefb8053acc8f41b409ffc903ba02cb06ee1f396131afe3a64f7f714,SO,14,D_pos,1,True,0.0
3832009ffefb8053acc8f41b409ffc903ba02cb06ee1f396131afe3a64f7f714,SO,18,R_end,1,True,0.0
3832009ffefb8053acc8f41b409ffc903ba02cb06ee1f396131afe3a64f7f714,SO,18,C_end,1,True,0.0
3832009ffefb8053acc8f41b409ffc903ba02cb06ee1f396131afe3a64f7f714,SO,18,D_pos,1,True,0.0
3832009ffefb8053acc8f41b409ffc903ba02cb06ee1f396131afe3a64f7f714,SO,22,R_end,1,True,0.0
3832009ffefb8053acc8f41b409ffc903ba02cb06ee1f396131afe3a64f7f714,SO,22,C_end,1,True,0.0
3832009ffefb8053acc8f41b409ffc903ba02cb06ee1f396131afe3a64f7f714,SO,22,D_pos,1,True,0.0
3832009ffefb8053acc8f41b409ffc903ba02cb06ee1f396131afe3a64f7f714,SO,26,R_end,1,True,0.0
3832009ffefb8053acc8f41b409ffc903ba02cb06ee1f396131afe3a64f7f714,SO,26,C_end,1,True,0.0
3832009ffefb8053acc8f41b409ffc903ba02cb06ee1f396131afe3a64f7f714,SO,26,D_pos,1,True,0.0
3832009ffefb8053acc8f41b409ffc903ba02cb06ee1f396131afe3a64f7f714,SS,14,R_end,1,True,0.0
3832009ffefb8053acc8f41b409ffc903ba02cb06ee1f396131afe3a64f7f714,SS,14,C_end,1,True,0.0
3832009ffefb8053acc8f41b409ffc903ba02cb06ee1f396131afe3a64f7f714,SS,14,D_pos,1,True,0.0
3832009ffefb8053acc8f41b409ffc903ba02cb06ee1f396131afe3a64f7f714,SS,18,R_end,1,True,0.0
3832009ffefb8053acc8f41b409ffc903ba02cb06ee1f396131afe3a64f7f714,SS,18,C_end,1,True,0.0
3832009ffefb8053acc8f41b409ffc903ba02cb06ee1f396131afe3a64f7f714,SS,18,D_pos,1,True,0.0
3832009ffefb8053acc8f41b409ffc903ba02cb06ee1f396131afe3a64f7f714,SS,22,R_end,1,True,0.0
3832009ffefb8053acc8f41b409ffc903ba02cb06ee1f396131afe3a64f7f714,SS,22,C_end,1,True,0.0
3832009ffefb8053acc8f41b409ffc903ba02cb06ee1f396131afe3a64f7f714,SS,22,D_pos,1,True,0.0
3832009ffefb8053acc8f41b409ffc903ba02cb06ee1f396131afe3a64f7f714,SS,26,R_end,1,True,0.0
3832009ffefb8053acc8f41b409ffc903ba02cb06ee1f396131afe3a64f7f714,SS,26,C_end,1,True,0.0
3832009ffefb8053acc8f41b409ffc903ba02cb06ee1f396131afe3a64f7f714,SS,26,D_pos,1,True,0.0
3975f704337b080024800027d2e29bc96ed1f384966e94429dc7897299354c6c,OO,14,R_end,1,True,0.0
3975f704337b080024800027d2e29bc96ed1f384966e94429dc7897299354c6c,OO,14,C_end,1,True,0.0
3975f704337b080024800027d2e29bc96ed1f384966e94429dc7897299354c6c,OO,14,D_pos,1,True,0.0
3975f704337b080024800027d2e29bc96ed1f384966e94429dc7897299354c6c,OO,18,R_end,1,True,0.0
3975f704337b080024800027d2e29bc96ed1f384966e94429dc7897299354c6c,OO,18,C_end,1,True,0.0
3975f704337b080024800027d2e29bc96ed1f384966e94429dc7897299354c6c,OO,18,D_pos,1,True,0.0
3975f704337b080024800027d2e29bc96ed1f384966e94429dc7897299354c6c,OO,22,R_end,1,True,0.0
3975f704337b080024800027d2e29bc96ed1f384966e94429dc7897299354c6c,OO,22,C_end,1,True,0.0
3975f704337b080024800027d2e29bc96ed1f384966e94429dc7897299354c6c,OO,22,D_pos,1,True,0.0
3975f704337b080024800027d2e29bc96ed1f384966e94429dc7897299354c6c,OO,26,R_end,1,True,0.0
3975f704337b080024800027d2e29bc96ed1f384966e94429dc7897299354c6c,OO,26,C_end,1,True,0.0
3975f704337b080024800027d2e29bc96ed1f384966e94429dc7897299354c6c,OO,26,D_pos,1,True,0.0
3975f704337b080024800027d2e29bc96ed1f384966e94429dc7897299354c6c,OS,14,R_end,1,True,0.0
3975f704337b080024800027d2e29bc96ed1f384966e94429dc7897299354c6c,OS,14,C_end,1,True,0.0
3975f704337b080024800027d2e29bc96ed1f384966e94429dc7897299354c6c,OS,14,D_pos,1,True,0.0
3975f704337b080024800027d2e29bc96ed1f384966e94429dc7897299354c6c,OS,18,R_end,1,True,0.0
3975f704337b080024800027d2e29bc96ed1f384966e94429dc7897299354c6c,OS,18,C_end,1,True,0.0
3975f704337b080024800027d2e29bc96ed1f384966e94429dc7897299354c6c,OS,18,D_pos,1,True,0.0
3975f704337b080024800027d2e29bc96ed1f384966e94429dc7897299354c6c,OS,22,R_end,1,True,0.0
3975f704337b080024800027d2e29bc96ed1f384966e94429dc7897299354c6c,OS,22,C_end,1,True,0.0
3975f704337b080024800027d2e29bc96ed1f384966e94429dc7897299354c6c,OS,22,D_pos,1,True,0.0
3975f704337b080024800027d2e29bc96ed1f384966e94429dc7897299354c6c,OS,26,R_end,1,True,0.0
3975f704337b080024800027d2e29bc96ed1f384966e94429dc7897299354c6c,OS,26,C_end,1,True,0.0
3975f704337b080024800027d2e29bc96ed1f384966e94429dc7897299354c6c,OS,26,D_pos,1,True,0.0
3975f704337b080024800027d2e29bc96ed1f384966e94429dc7897299354c6c,SO,14,R_end,1,True,0.0
3975f704337b080024800027d2e29bc96ed1f384966e94429dc7897299354c6c,SO,14,C_end,1,True,0.0
3975f704337b080024800027d2e29bc96ed1f384966e94429dc7897299354c6c,SO,14,D_pos,1,True,0.0
3975f704337b080024800027d2e29bc96ed1f384966e94429dc7897299354c6c,SO,18,R_end,1,True,0.0
3975f704337b080024800027d2e29bc96ed1f384966e94429dc7897299354c6c,SO,18,C_end,1,True,0.0
3975f704337b080024800027d2e29bc96ed1f384966e94429dc7897299354c6c,SO,18,D_pos,1,True,0.0
3975f704337b080024800027d2e29bc96ed1f384966e94429dc7897299354c6c,SO,22,R_end,1,True,0.0
3975f704337b080024800027d2e29bc96ed1f384966e94429dc7897299354c6c,SO,22,C_end,1,True,0.0
3975f704337b080024800027d2e29bc96ed1f384966e94429dc7897299354c6c,SO,22,D_pos,1,True,0.0
3975f704337b080024800027d2e29bc96ed1f384966e94429dc7897299354c6c,SO,26,R_end,1,True,0.0
3975f704337b080024800027d2e29bc96ed1f384966e94429dc7897299354c6c,SO,26,C_end,1,True,0.0
3975f704337b080024800027d2e29bc96ed1f384966e94429dc7897299354c6c,SO,26,D_pos,1,True,0.0
3975f704337b080024800027d2e29bc96ed1f384966e94429dc7897299354c6c,SS,14,R_end,1,True,0.0
3975f704337b080024800027d2e29bc96ed1f384966e94429dc7897299354c6c,SS,14,C_end,1,True,0.0
3975f704337b080024800027d2e29bc96ed1f384966e94429dc7897299354c6c,SS,14,D_pos,1,True,0.0
3975f704337b080024800027d2e29bc96ed1f384966e94429dc7897299354c6c,SS,18,R_end,1,True,0.0
3975f704337b080024800027d2e29bc96ed1f384966e94429dc7897299354c6c,SS,18,C_end,1,True,0.0
3975f704337b080024800027d2e29bc96ed1f384966e94429dc7897299354c6c,SS,18,D_pos,1,True,0.0
3975f704337b080024800027d2e29bc96ed1f384966e94429dc7897299354c6c,SS,22,R_end,1,True,0.0
3975f704337b080024800027d2e29bc96ed1f384966e94429dc7897299354c6c,SS,22,C_end,1,True,0.0
3975f704337b080024800027d2e29bc96ed1f384966e94429dc7897299354c6c,SS,22,D_pos,1,True,0.0
3975f704337b080024800027d2e29bc96ed1f384966e94429dc7897299354c6c,SS,26,R_end,1,True,0.0
3975f704337b080024800027d2e29bc96ed1f384966e94429dc7897299354c6c,SS,26,C_end,1,True,0.0
3975f704337b080024800027d2e29bc96ed1f384966e94429dc7897299354c6c,SS,26,D_pos,1,True,0.0
398a76fc83c24119abafed142f0472b7bf7450ccca75cac5e41f71c680f8b506,OO,14,R_end,1,True,0.0
398a76fc83c24119abafed142f0472b7bf7450ccca75cac5e41f71c680f8b506,OO,14,C_end,1,True,0.0
398a76fc83c24119abafed142f0472b7bf7450ccca75cac5e41f71c680f8b506,OO,14,D_pos,1,True,0.0
398a76fc83c24119abafed142f0472b7bf7450ccca75cac5e41f71c680f8b506,OO,18,R_end,1,True,0.0
398a76fc83c24119abafed142f0472b7bf7450ccca75cac5e41f71c680f8b506,OO,18,C_end,1,True,0.0
398a76fc83c24119abafed142f0472b7bf7450ccca75cac5e41f71c680f8b506,OO,18,D_pos,1,True,0.0
398a76fc83c24119abafed142f0472b7bf7450ccca75cac5e41f71c680f8b506,OO,22,R_end,1,True,0.0
398a76fc83c24119abafed142f0472b7bf7450ccca75cac5e41f71c680f8b506,OO,22,C_end,1,True,0.0
398a76fc83c24119abafed142f0472b7bf7450ccca75cac5e41f71c680f8b506,OO,22,D_pos,1,True,0.0
398a76fc83c24119abafed142f0472b7bf7450ccca75cac5e41f71c680f8b506,OO,26,R_end,1,True,0.0
398a76fc83c24119abafed142f0472b7bf7450ccca75cac5e41f71c680f8b506,OO,26,C_end,1,True,0.0
398a76fc83c24119abafed142f0472b7bf7450ccca75cac5e41f71c680f8b506,OO,26,D_pos,1,True,0.0
398a76fc83c24119abafed142f0472b7bf7450ccca75cac5e41f71c680f8b506,OS,14,R_end,1,True,0.0
398a76fc83c24119abafed142f0472b7bf7450ccca75cac5e41f71c680f8b506,OS,14,C_end,1,True,0.0
398a76fc83c24119abafed142f0472b7bf7450ccca75cac5e41f71c680f8b506,OS,14,D_pos,1,True,0.0
398a76fc83c24119abafed142f0472b7bf7450ccca75cac5e41f71c680f8b506,OS,18,R_end,1,True,0.0
398a76fc83c24119abafed142f0472b7bf7450ccca75cac5e41f71c680f8b506,OS,18,C_end,1,True,0.0
398a76fc83c24119abafed142f0472b7bf7450ccca75cac5e41f71c680f8b506,OS,18,D_pos,1,True,0.0
398a76fc83c24119abafed142f0472b7bf7450ccca75cac5e41f71c680f8b506,OS,22,R_end,1,True,0.0
398a76fc83c24119abafed142f0472b7bf7450ccca75cac5e41f71c680f8b506,OS,22,C_end,1,True,0.0
398a76fc83c24119abafed142f0472b7bf7450ccca75cac5e41f71c680f8b506,OS,22,D_pos,1,True,0.0
398a76fc83c24119abafed142f0472b7bf7450ccca75cac5e41f71c680f8b506,OS,26,R_end,1,True,0.0
398a76fc83c24119abafed142f0472b7bf7450ccca75cac5e41f71c680f8b506,OS,26,C_end,1,True,0.0
398a76fc83c24119abafed142f0472b7bf7450ccca75cac5e41f71c680f8b506,OS,26,D_pos,1,True,0.0
398a76fc83c24119abafed142f0472b7bf7450ccca75cac5e41f71c680f8b506,SO,14,R_end,1,True,0.0
398a76fc83c24119abafed142f0472b7bf7450ccca75cac5e41f71c680f8b506,SO,14,C_end,1,True,0.0
398a76fc83c24119abafed142f0472b7bf7450ccca75cac5e41f71c680f8b506,SO,14,D_pos,1,True,0.0
398a76fc83c24119abafed142f0472b7bf7450ccca75cac5e41f71c680f8b506,SO,18,R_end,1,True,0.0
398a76fc83c24119abafed142f0472b7bf7450ccca75cac5e41f71c680f8b506,SO,18,C_end,1,True,0.0
398a76fc83c24119abafed142f0472b7bf7450ccca75cac5e41f71c680f8b506,SO,18,D_pos,1,True,0.0
398a76fc83c24119abafed142f0472b7bf7450ccca75cac5e41f71c680f8b506,SO,22,R_end,1,True,0.0
398a76fc83c24119abafed142f0472b7bf7450ccca75cac5e41f71c680f8b506,SO,22,C_end,1,True,0.0
398a76fc83c24119abafed142f0472b7bf7450ccca75cac5e41f71c680f8b506,SO,22,D_pos,1,True,0.0
398a76fc83c24119abafed142f0472b7bf7450ccca75cac5e41f71c680f8b506,SO,26,R_end,1,True,0.0
398a76fc83c24119abafed142f0472b7bf7450ccca75cac5e41f71c680f8b506,SO,26,C_end,1,True,0.0
398a76fc83c24119abafed142f0472b7bf7450ccca75cac5e41f71c680f8b506,SO,26,D_pos,1,True,0.0
398a76fc83c24119abafed142f0472b7bf7450ccca75cac5e41f71c680f8b506,SS,14,R_end,1,True,0.0
398a76fc83c24119abafed142f0472b7bf7450ccca75cac5e41f71c680f8b506,SS,14,C_end,1,True,0.0
398a76fc83c24119abafed142f0472b7bf7450ccca75cac5e41f71c680f8b506,SS,14,D_pos,1,True,0.0
398a76fc83c24119abafed142f0472b7bf7450ccca75cac5e41f71c680f8b506,SS,18,R_end,1,True,0.0
398a76fc83c24119abafed142f0472b7bf7450ccca75cac5e41f71c680f8b506,SS,18,C_end,1,True,0.0
398a76fc83c24119abafed142f0472b7bf7450ccca75cac5e41f71c680f8b506,SS,18,D_pos,1,True,0.0
398a76fc83c24119abafed142f0472b7bf7450ccca75cac5e41f71c680f8b506,SS,22,R_end,1,True,0.0
398a76fc83c24119abafed142f0472b7bf7450ccca75cac5e41f71c680f8b506,SS,22,C_end,1,True,0.0
398a76fc83c24119abafed142f0472b7bf7450ccca75cac5e41f71c680f8b506,SS,22,D_pos,1,True,0.0
398a76fc83c24119abafed142f0472b7bf7450ccca75cac5e41f71c680f8b506,SS,26,R_end,1,True,0.0
398a76fc83c24119abafed142f0472b7bf7450ccca75cac5e41f71c680f8b506,SS,26,C_end,1,True,0.0
398a76fc83c24119abafed142f0472b7bf7450ccca75cac5e41f71c680f8b506,SS,26,D_pos,1,True,0.0
39f61c2d75b7fe6d51ef30f35eec36827fd3e075b56c61c3a34d13069985a50f,OO,14,R_end,1,True,0.0
39f61c2d75b7fe6d51ef30f35eec36827fd3e075b56c61c3a34d13069985a50f,OO,14,C_end,1,True,0.0
39f61c2d75b7fe6d51ef30f35eec36827fd3e075b56c61c3a34d13069985a50f,OO,14,D_pos,1,True,0.0
39f61c2d75b7fe6d51ef30f35eec36827fd3e075b56c61c3a34d13069985a50f,OO,18,R_end,1,True,0.0
39f61c2d75b7fe6d51ef30f35eec36827fd3e075b56c61c3a34d13069985a50f,OO,18,C_end,1,True,0.0
39f61c2d75b7fe6d51ef30f35eec36827fd3e075b56c61c3a34d13069985a50f,OO,18,D_pos,1,True,0.0
39f61c2d75b7fe6d51ef30f35eec36827fd3e075b56c61c3a34d13069985a50f,OO,22,R_end,1,True,0.0
39f61c2d75b7fe6d51ef30f35eec36827fd3e075b56c61c3a34d13069985a50f,OO,22,C_end,1,True,0.0
39f61c2d75b7fe6d51ef30f35eec36827fd3e075b56c61c3a34d13069985a50f,OO,22,D_pos,1,True,0.0
39f61c2d75b7fe6d51ef30f35eec36827fd3e075b56c61c3a34d13069985a50f,OO,26,R_end,1,True,0.0
39f61c2d75b7fe6d51ef30f35eec36827fd3e075b56c61c3a34d13069985a50f,OO,26,C_end,1,True,0.0
39f61c2d75b7fe6d51ef30f35eec36827fd3e075b56c61c3a34d13069985a50f,OO,26,D_pos,1,True,0.0
39f61c2d75b7fe6d51ef30f35eec36827fd3e075b56c61c3a34d13069985a50f,OS,14,R_end,1,True,0.0
39f61c2d75b7fe6d51ef30f35eec36827fd3e075b56c61c3a34d13069985a50f,OS,14,C_end,1,True,0.0
39f61c2d75b7fe6d51ef30f35eec36827fd3e075b56c61c3a34d13069985a50f,OS,14,D_pos,1,True,0.0
39f61c2d75b7fe6d51ef30f35eec36827fd3e075b56c61c3a34d13069985a50f,OS,18,R_end,1,True,0.0
39f61c2d75b7fe6d51ef30f35eec36827fd3e075b56c61c3a34d13069985a50f,OS,18,C_end,1,True,0.0
39f61c2d75b7fe6d51ef30f35eec36827fd3e075b56c61c3a34d13069985a50f,OS,18,D_pos,1,True,0.0
39f61c2d75b7fe6d51ef30f35eec36827fd3e075b56c61c3a34d13069985a50f,OS,22,R_end,1,True,0.0
39f61c2d75b7fe6d51ef30f35eec36827fd3e075b56c61c3a34d13069985a50f,OS,22,C_end,1,True,0.0
39f61c2d75b7fe6d51ef30f35eec36827fd3e075b56c61c3a34d13069985a50f,OS,22,D_pos,1,True,0.0
39f61c2d75b7fe6d51ef30f35eec36827fd3e075b56c61c3a34d13069985a50f,OS,26,R_end,1,True,0.0
39f61c2d75b7fe6d51ef30f35eec36827fd3e075b56c61c3a34d13069985a50f,OS,26,C_end,1,True,0.0
39f61c2d75b7fe6d51ef30f35eec36827fd3e075b56c61c3a34d13069985a50f,OS,26,D_pos,1,True,0.0
39f61c2d75b7fe6d51ef30f35eec36827fd3e075b56c61c3a34d13069985a50f,SO,14,R_end,1,True,0.0
39f61c2d75b7fe6d51ef30f35eec36827fd3e075b56c61c3a34d13069985a50f,SO,14,C_end,1,True,0.0
39f61c2d75b7fe6d51ef30f35eec36827fd3e075b56c61c3a34d13069985a50f,SO,14,D_pos,1,True,0.0
39f61c2d75b7fe6d51ef30f35eec36827fd3e075b56c61c3a34d13069985a50f,SO,18,R_end,1,True,0.0
39f61c2d75b7fe6d51ef30f35eec36827fd3e075b56c61c3a34d13069985a50f,SO,18,C_end,1,True,0.0
39f61c2d75b7fe6d51ef30f35eec36827fd3e075b56c61c3a34d13069985a50f,SO,18,D_pos,1,True,0.0
39f61c2d75b7fe6d51ef30f35eec36827fd3e075b56c61c3a34d13069985a50f,SO,22,R_end,1,True,0.0
39f61c2d75b7fe6d51ef30f35eec36827fd3e075b56c61c3a34d13069985a50f,SO,22,C_end,1,True,0.0
39f61c2d75b7fe6d51ef30f35eec36827fd3e075b56c61c3a34d13069985a50f,SO,22,D_pos,1,True,0.0
39f61c2d75b7fe6d51ef30f35eec36827fd3e075b56c61c3a34d13069985a50f,SO,26,R_end,1,True,0.0
39f61c2d75b7fe6d51ef30f35eec36827fd3e075b56c61c3a34d13069985a50f,SO,26,C_end,1,True,0.0
39f61c2d75b7fe6d51ef30f35eec36827fd3e075b56c61c3a34d13069985a50f,SO,26,D_pos,1,True,0.0
39f61c2d75b7fe6d51ef30f35eec36827fd3e075b56c61c3a34d13069985a50f,SS,14,R_end,1,True,0.0
39f61c2d75b7fe6d51ef30f35eec36827fd3e075b56c61c3a34d13069985a50f,SS,14,C_end,1,True,0.0
39f61c2d75b7fe6d51ef30f35eec36827fd3e075b56c61c3a34d13069985a50f,SS,14,D_pos,1,True,0.0
39f61c2d75b7fe6d51ef30f35eec36827fd3e075b56c61c3a34d13069985a50f,SS,18,R_end,1,True,0.0
39f61c2d75b7fe6d51ef30f35eec36827fd3e075b56c61c3a34d13069985a50f,SS,18,C_end,1,True,0.0
39f61c2d75b7fe6d51ef30f35eec36827fd3e075b56c61c3a34d13069985a50f,SS,18,D_pos,1,True,0.0
39f61c2d75b7fe6d51ef30f35eec36827fd3e075b56c61c3a34d13069985a50f,SS,22,R_end,1,True,0.0
39f61c2d75b7fe6d51ef30f35eec36827fd3e075b56c61c3a34d13069985a50f,SS,22,C_end,1,True,0.0
39f61c2d75b7fe6d51ef30f35eec36827fd3e075b56c61c3a34d13069985a50f,SS,22,D_pos,1,True,0.0
39f61c2d75b7fe6d51ef30f35eec36827fd3e075b56c61c3a34d13069985a50f,SS,26,R_end,1,True,0.0
39f61c2d75b7fe6d51ef30f35eec36827fd3e075b56c61c3a34d13069985a50f,SS,26,C_end,1,True,0.0
39f61c2d75b7fe6d51ef30f35eec36827fd3e075b56c61c3a34d13069985a50f,SS,26,D_pos,1,True,0.0
3adcd84400767f05f41b0270094c7e4a8e857511c7e63e9255e8ee6eb09c1f2e,OO,14,R_end,1,True,0.0
3adcd84400767f05f41b0270094c7e4a8e857511c7e63e9255e8ee6eb09c1f2e,OO,14,C_end,1,True,0.0
3adcd84400767f05f41b0270094c7e4a8e857511c7e63e9255e8ee6eb09c1f2e,OO,14,D_pos,1,True,0.0
3adcd84400767f05f41b0270094c7e4a8e857511c7e63e9255e8ee6eb09c1f2e,OO,18,R_end,1,True,0.0
3adcd84400767f05f41b0270094c7e4a8e857511c7e63e9255e8ee6eb09c1f2e,OO,18,C_end,1,True,0.0
3adcd84400767f05f41b0270094c7e4a8e857511c7e63e9255e8ee6eb09c1f2e,OO,18,D_pos,1,True,0.0
3adcd84400767f05f41b0270094c7e4a8e857511c7e63e9255e8ee6eb09c1f2e,OO,22,R_end,1,True,0.0
3adcd84400767f05f41b0270094c7e4a8e857511c7e63e9255e8ee6eb09c1f2e,OO,22,C_end,1,True,0.0
3adcd84400767f05f41b0270094c7e4a8e857511c7e63e9255e8ee6eb09c1f2e,OO,22,D_pos,1,True,0.0
3adcd84400767f05f41b0270094c7e4a8e857511c7e63e9255e8ee6eb09c1f2e,OO,26,R_end,1,True,0.0
3adcd84400767f05f41b0270094c7e4a8e857511c7e63e9255e8ee6eb09c1f2e,OO,26,C_end,1,True,0.0
3adcd84400767f05f41b0270094c7e4a8e857511c7e63e9255e8ee6eb09c1f2e,OO,26,D_pos,1,True,0.0
3adcd84400767f05f41b0270094c7e4a8e857511c7e63e9255e8ee6eb09c1f2e,OS,14,R_end,1,True,0.0
3adcd84400767f05f41b0270094c7e4a8e857511c7e63e9255e8ee6eb09c1f2e,OS,14,C_end,1,True,0.0
3adcd84400767f05f41b0270094c7e4a8e857511c7e63e9255e8ee6eb09c1f2e,OS,14,D_pos,1,True,0.0
3adcd84400767f05f41b0270094c7e4a8e857511c7e63e9255e8ee6eb09c1f2e,OS,18,R_end,1,True,0.0
3adcd84400767f05f41b0270094c7e4a8e857511c7e63e9255e8ee6eb09c1f2e,OS,18,C_end,1,True,0.0
3adcd84400767f05f41b0270094c7e4a8e857511c7e63e9255e8ee6eb09c1f2e,OS,18,D_pos,1,True,0.0
3adcd84400767f05f41b0270094c7e4a8e857511c7e63e9255e8ee6eb09c1f2e,OS,22,R_end,1,True,0.0
3adcd84400767f05f41b0270094c7e4a8e857511c7e63e9255e8ee6eb09c1f2e,OS,22,C_end,1,True,0.0
3adcd84400767f05f41b0270094c7e4a8e857511c7e63e9255e8ee6eb09c1f2e,OS,22,D_pos,1,True,0.0
3adcd84400767f05f41b0270094c7e4a8e857511c7e63e9255e8ee6eb09c1f2e,OS,26,R_end,1,True,0.0
3adcd84400767f05f41b0270094c7e4a8e857511c7e63e9255e8ee6eb09c1f2e,OS,26,C_end,1,True,0.0
3adcd84400767f05f41b0270094c7e4a8e857511c7e63e9255e8ee6eb09c1f2e,OS,26,D_pos,1,True,0.0
3adcd84400767f05f41b0270094c7e4a8e857511c7e63e9255e8ee6eb09c1f2e,SO,14,R_end,1,True,0.0
3adcd84400767f05f41b0270094c7e4a8e857511c7e63e9255e8ee6eb09c1f2e,SO,14,C_end,1,True,0.0
3adcd84400767f05f41b0270094c7e4a8e857511c7e63e9255e8ee6eb09c1f2e,SO,14,D_pos,1,True,0.0
3adcd84400767f05f41b0270094c7e4a8e857511c7e63e9255e8ee6eb09c1f2e,SO,18,R_end,1,True,0.0
3adcd84400767f05f41b0270094c7e4a8e857511c7e63e9255e8ee6eb09c1f2e,SO,18,C_end,1,True,0.0
3adcd84400767f05f41b0270094c7e4a8e857511c7e63e9255e8ee6eb09c1f2e,SO,18,D_pos,1,True,0.0
3adcd84400767f05f41b0270094c7e4a8e857511c7e63e9255e8ee6eb09c1f2e,SO,22,R_end,1,True,0.0
3adcd84400767f05f41b0270094c7e4a8e857511c7e63e9255e8ee6eb09c1f2e,SO,22,C_end,1,True,0.0
3adcd84400767f05f41b0270094c7e4a8e857511c7e63e9255e8ee6eb09c1f2e,SO,22,D_pos,1,True,0.0
3adcd84400767f05f41b0270094c7e4a8e857511c7e63e9255e8ee6eb09c1f2e,SO,26,R_end,1,True,0.0
3adcd84400767f05f41b0270094c7e4a8e857511c7e63e9255e8ee6eb09c1f2e,SO,26,C_end,1,True,0.0
3adcd84400767f05f41b0270094c7e4a8e857511c7e63e9255e8ee6eb09c1f2e,SO,26,D_pos,1,True,0.0
3adcd84400767f05f41b0270094c7e4a8e857511c7e63e9255e8ee6eb09c1f2e,SS,14,R_end,1,True,0.0
3adcd84400767f05f41b0270094c7e4a8e857511c7e63e9255e8ee6eb09c1f2e,SS,14,C_end,1,True,0.0
3adcd84400767f05f41b0270094c7e4a8e857511c7e63e9255e8ee6eb09c1f2e,SS,14,D_pos,1,True,0.0
3adcd84400767f05f41b0270094c7e4a8e857511c7e63e9255e8ee6eb09c1f2e,SS,18,R_end,1,True,0.0
3adcd84400767f05f41b0270094c7e4a8e857511c7e63e9255e8ee6eb09c1f2e,SS,18,C_end,1,True,0.0
3adcd84400767f05f41b0270094c7e4a8e857511c7e63e9255e8ee6eb09c1f2e,SS,18,D_pos,1,True,0.0
3adcd84400767f05f41b0270094c7e4a8e857511c7e63e9255e8ee6eb09c1f2e,SS,22,R_end,1,True,0.0
3adcd84400767f05f41b0270094c7e4a8e857511c7e63e9255e8ee6eb09c1f2e,SS,22,C_end,1,True,0.0
3adcd84400767f05f41b0270094c7e4a8e857511c7e63e9255e8ee6eb09c1f2e,SS,22,D_pos,1,True,0.0
3adcd84400767f05f41b0270094c7e4a8e857511c7e63e9255e8ee6eb09c1f2e,SS,26,R_end,1,True,0.0
3adcd84400767f05f41b0270094c7e4a8e857511c7e63e9255e8ee6eb09c1f2e,SS,26,C_end,1,True,0.0
3adcd84400767f05f41b0270094c7e4a8e857511c7e63e9255e8ee6eb09c1f2e,SS,26,D_pos,1,True,0.0
3d03e1bbfc46d35670f0c6fca59977c81f4a8cdc88a6bca7a3d60ab8063a471e,OO,14,R_end,1,True,0.0
3d03e1bbfc46d35670f0c6fca59977c81f4a8cdc88a6bca7a3d60ab8063a471e,OO,14,C_end,1,True,0.0
3d03e1bbfc46d35670f0c6fca59977c81f4a8cdc88a6bca7a3d60ab8063a471e,OO,14,D_pos,1,True,0.0
3d03e1bbfc46d35670f0c6fca59977c81f4a8cdc88a6bca7a3d60ab8063a471e,OO,18,R_end,1,True,0.0
3d03e1bbfc46d35670f0c6fca59977c81f4a8cdc88a6bca7a3d60ab8063a471e,OO,18,C_end,1,True,0.0
3d03e1bbfc46d35670f0c6fca59977c81f4a8cdc88a6bca7a3d60ab8063a471e,OO,18,D_pos,1,True,0.0
3d03e1bbfc46d35670f0c6fca59977c81f4a8cdc88a6bca7a3d60ab8063a471e,OO,22,R_end,1,True,0.0
3d03e1bbfc46d35670f0c6fca59977c81f4a8cdc88a6bca7a3d60ab8063a471e,OO,22,C_end,1,True,0.0
3d03e1bbfc46d35670f0c6fca59977c81f4a8cdc88a6bca7a3d60ab8063a471e,OO,22,D_pos,1,True,0.0
3d03e1bbfc46d35670f0c6fca59977c81f4a8cdc88a6bca7a3d60ab8063a471e,OO,26,R_end,1,True,0.0
3d03e1bbfc46d35670f0c6fca59977c81f4a8cdc88a6bca7a3d60ab8063a471e,OO,26,C_end,1,True,0.0
3d03e1bbfc46d35670f0c6fca59977c81f4a8cdc88a6bca7a3d60ab8063a471e,OO,26,D_pos,1,True,0.0
3d03e1bbfc46d35670f0c6fca59977c81f4a8cdc88a6bca7a3d60ab8063a471e,OS,14,R_end,1,True,0.0
3d03e1bbfc46d35670f0c6fca59977c81f4a8cdc88a6bca7a3d60ab8063a471e,OS,14,C_end,1,True,0.0
3d03e1bbfc46d35670f0c6fca59977c81f4a8cdc88a6bca7a3d60ab8063a471e,OS,14,D_pos,1,True,0.0
3d03e1bbfc46d35670f0c6fca59977c81f4a8cdc88a6bca7a3d60ab8063a471e,OS,18,R_end,1,True,0.0
3d03e1bbfc46d35670f0c6fca59977c81f4a8cdc88a6bca7a3d60ab8063a471e,OS,18,C_end,1,True,0.0
3d03e1bbfc46d35670f0c6fca59977c81f4a8cdc88a6bca7a3d60ab8063a471e,OS,18,D_pos,1,True,0.0
3d03e1bbfc46d35670f0c6fca59977c81f4a8cdc88a6bca7a3d60ab8063a471e,OS,22,R_end,1,True,0.0
3d03e1bbfc46d35670f0c6fca59977c81f4a8cdc88a6bca7a3d60ab8063a471e,OS,22,C_end,1,True,0.0
3d03e1bbfc46d35670f0c6fca59977c81f4a8cdc88a6bca7a3d60ab8063a471e,OS,22,D_pos,1,True,0.0
3d03e1bbfc46d35670f0c6fca59977c81f4a8cdc88a6bca7a3d60ab8063a471e,OS,26,R_end,1,True,0.0
3d03e1bbfc46d35670f0c6fca59977c81f4a8cdc88a6bca7a3d60ab8063a471e,OS,26,C_end,1,True,0.0
3d03e1bbfc46d35670f0c6fca59977c81f4a8cdc88a6bca7a3d60ab8063a471e,OS,26,D_pos,1,True,0.0
3d03e1bbfc46d35670f0c6fca59977c81f4a8cdc88a6bca7a3d60ab8063a471e,SO,14,R_end,1,True,0.0
3d03e1bbfc46d35670f0c6fca59977c81f4a8cdc88a6bca7a3d60ab8063a471e,SO,14,C_end,1,True,0.0
3d03e1bbfc46d35670f0c6fca59977c81f4a8cdc88a6bca7a3d60ab8063a471e,SO,14,D_pos,1,True,0.0
3d03e1bbfc46d35670f0c6fca59977c81f4a8cdc88a6bca7a3d60ab8063a471e,SO,18,R_end,1,True,0.0
3d03e1bbfc46d35670f0c6fca59977c81f4a8cdc88a6bca7a3d60ab8063a471e,SO,18,C_end,1,True,0.0
3d03e1bbfc46d35670f0c6fca59977c81f4a8cdc88a6bca7a3d60ab8063a471e,SO,18,D_pos,1,True,0.0
3d03e1bbfc46d35670f0c6fca59977c81f4a8cdc88a6bca7a3d60ab8063a471e,SO,22,R_end,1,True,0.0
3d03e1bbfc46d35670f0c6fca59977c81f4a8cdc88a6bca7a3d60ab8063a471e,SO,22,C_end,1,True,0.0
3d03e1bbfc46d35670f0c6fca59977c81f4a8cdc88a6bca7a3d60ab8063a471e,SO,22,D_pos,1,True,0.0
3d03e1bbfc46d35670f0c6fca59977c81f4a8cdc88a6bca7a3d60ab8063a471e,SO,26,R_end,1,True,0.0
3d03e1bbfc46d35670f0c6fca59977c81f4a8cdc88a6bca7a3d60ab8063a471e,SO,26,C_end,1,True,0.0
3d03e1bbfc46d35670f0c6fca59977c81f4a8cdc88a6bca7a3d60ab8063a471e,SO,26,D_pos,1,True,0.0
3d03e1bbfc46d35670f0c6fca59977c81f4a8cdc88a6bca7a3d60ab8063a471e,SS,14,R_end,1,True,0.0
3d03e1bbfc46d35670f0c6fca59977c81f4a8cdc88a6bca7a3d60ab8063a471e,SS,14,C_end,1,True,0.0
3d03e1bbfc46d35670f0c6fca59977c81f4a8cdc88a6bca7a3d60ab8063a471e,SS,14,D_pos,1,True,0.0
3d03e1bbfc46d35670f0c6fca59977c81f4a8cdc88a6bca7a3d60ab8063a471e,SS,18,R_end,1,True,0.0
3d03e1bbfc46d35670f0c6fca59977c81f4a8cdc88a6bca7a3d60ab8063a471e,SS,18,C_end,1,True,0.0
3d03e1bbfc46d35670f0c6fca59977c81f4a8cdc88a6bca7a3d60ab8063a471e,SS,18,D_pos,1,True,0.0
3d03e1bbfc46d35670f0c6fca59977c81f4a8cdc88a6bca7a3d60ab8063a471e,SS,22,R_end,1,True,0.0
3d03e1bbfc46d35670f0c6fca59977c81f4a8cdc88a6bca7a3d60ab8063a471e,SS,22,C_end,1,True,0.0
3d03e1bbfc46d35670f0c6fca59977c81f4a8cdc88a6bca7a3d60ab8063a471e,SS,22,D_pos,1,True,0.0
3d03e1bbfc46d35670f0c6fca59977c81f4a8cdc88a6bca7a3d60ab8063a471e,SS,26,R_end,1,True,0.0
3d03e1bbfc46d35670f0c6fca59977c81f4a8cdc88a6bca7a3d60ab8063a471e,SS,26,C_end,1,True,0.0
3d03e1bbfc46d35670f0c6fca59977c81f4a8cdc88a6bca7a3d60ab8063a471e,SS,26,D_pos,1,True,0.0
3d13ddd9f6cad6c1c863e4fbdaa8409a5c0dfafcc2eea2766fabd1b1c6e015d6,OO,14,R_end,1,True,0.0
3d13ddd9f6cad6c1c863e4fbdaa8409a5c0dfafcc2eea2766fabd1b1c6e015d6,OO,14,C_end,1,True,0.0
3d13ddd9f6cad6c1c863e4fbdaa8409a5c0dfafcc2eea2766fabd1b1c6e015d6,OO,14,D_pos,1,True,0.0
3d13ddd9f6cad6c1c863e4fbdaa8409a5c0dfafcc2eea2766fabd1b1c6e015d6,OO,18,R_end,1,True,0.0
3d13ddd9f6cad6c1c863e4fbdaa8409a5c0dfafcc2eea2766fabd1b1c6e015d6,OO,18,C_end,1,True,0.0
3d13ddd9f6cad6c1c863e4fbdaa8409a5c0dfafcc2eea2766fabd1b1c6e015d6,OO,18,D_pos,1,True,0.0
3d13ddd9f6cad6c1c863e4fbdaa8409a5c0dfafcc2eea2766fabd1b1c6e015d6,OO,22,R_end,1,True,0.0
3d13ddd9f6cad6c1c863e4fbdaa8409a5c0dfafcc2eea2766fabd1b1c6e015d6,OO,22,C_end,1,True,0.0
3d13ddd9f6cad6c1c863e4fbdaa8409a5c0dfafcc2eea2766fabd1b1c6e015d6,OO,22,D_pos,1,True,0.0
3d13ddd9f6cad6c1c863e4fbdaa8409a5c0dfafcc2eea2766fabd1b1c6e015d6,OO,26,R_end,1,True,0.0
3d13ddd9f6cad6c1c863e4fbdaa8409a5c0dfafcc2eea2766fabd1b1c6e015d6,OO,26,C_end,1,True,0.0
3d13ddd9f6cad6c1c863e4fbdaa8409a5c0dfafcc2eea2766fabd1b1c6e015d6,OO,26,D_pos,1,True,0.0
3d13ddd9f6cad6c1c863e4fbdaa8409a5c0dfafcc2eea2766fabd1b1c6e015d6,OS,14,R_end,1,True,0.0
3d13ddd9f6cad6c1c863e4fbdaa8409a5c0dfafcc2eea2766fabd1b1c6e015d6,OS,14,C_end,1,True,0.0
3d13ddd9f6cad6c1c863e4fbdaa8409a5c0dfafcc2eea2766fabd1b1c6e015d6,OS,14,D_pos,1,True,0.0
3d13ddd9f6cad6c1c863e4fbdaa8409a5c0dfafcc2eea2766fabd1b1c6e015d6,OS,18,R_end,1,True,0.0
3d13ddd9f6cad6c1c863e4fbdaa8409a5c0dfafcc2eea2766fabd1b1c6e015d6,OS,18,C_end,1,True,0.0
3d13ddd9f6cad6c1c863e4fbdaa8409a5c0dfafcc2eea2766fabd1b1c6e015d6,OS,18,D_pos,1,True,0.0
3d13ddd9f6cad6c1c863e4fbdaa8409a5c0dfafcc2eea2766fabd1b1c6e015d6,OS,22,R_end,1,True,0.0
3d13ddd9f6cad6c1c863e4fbdaa8409a5c0dfafcc2eea2766fabd1b1c6e015d6,OS,22,C_end,1,True,0.0
3d13ddd9f6cad6c1c863e4fbdaa8409a5c0dfafcc2eea2766fabd1b1c6e015d6,OS,22,D_pos,1,True,0.0
3d13ddd9f6cad6c1c863e4fbdaa8409a5c0dfafcc2eea2766fabd1b1c6e015d6,OS,26,R_end,1,True,0.0
3d13ddd9f6cad6c1c863e4fbdaa8409a5c0dfafcc2eea2766fabd1b1c6e015d6,OS,26,C_end,1,True,0.0
3d13ddd9f6cad6c1c863e4fbdaa8409a5c0dfafcc2eea2766fabd1b1c6e015d6,OS,26,D_pos,1,True,0.0
3d13ddd9f6cad6c1c863e4fbdaa8409a5c0dfafcc2eea2766fabd1b1c6e015d6,SO,14,R_end,1,True,0.0
3d13ddd9f6cad6c1c863e4fbdaa8409a5c0dfafcc2eea2766fabd1b1c6e015d6,SO,14,C_end,1,True,0.0
3d13ddd9f6cad6c1c863e4fbdaa8409a5c0dfafcc2eea2766fabd1b1c6e015d6,SO,14,D_pos,1,True,0.0
3d13ddd9f6cad6c1c863e4fbdaa8409a5c0dfafcc2eea2766fabd1b1c6e015d6,SO,18,R_end,1,True,0.0
3d13ddd9f6cad6c1c863e4fbdaa8409a5c0dfafcc2eea2766fabd1b1c6e015d6,SO,18,C_end,1,True,0.0
3d13ddd9f6cad6c1c863e4fbdaa8409a5c0dfafcc2eea2766fabd1b1c6e015d6,SO,18,D_pos,1,True,0.0
3d13ddd9f6cad6c1c863e4fbdaa8409a5c0dfafcc2eea2766fabd1b1c6e015d6,SO,22,R_end,1,True,0.0
3d13ddd9f6cad6c1c863e4fbdaa8409a5c0dfafcc2eea2766fabd1b1c6e015d6,SO,22,C_end,1,True,0.0
3d13ddd9f6cad6c1c863e4fbdaa8409a5c0dfafcc2eea2766fabd1b1c6e015d6,SO,22,D_pos,1,True,0.0
3d13ddd9f6cad6c1c863e4fbdaa8409a5c0dfafcc2eea2766fabd1b1c6e015d6,SO,26,R_end,1,True,0.0
3d13ddd9f6cad6c1c863e4fbdaa8409a5c0dfafcc2eea2766fabd1b1c6e015d6,SO,26,C_end,1,True,0.0
3d13ddd9f6cad6c1c863e4fbdaa8409a5c0dfafcc2eea2766fabd1b1c6e015d6,SO,26,D_pos,1,True,0.0
3d13ddd9f6cad6c1c863e4fbdaa8409a5c0dfafcc2eea2766fabd1b1c6e015d6,SS,14,R_end,1,True,0.0
3d13ddd9f6cad6c1c863e4fbdaa8409a5c0dfafcc2eea2766fabd1b1c6e015d6,SS,14,C_end,1,True,0.0
3d13ddd9f6cad6c1c863e4fbdaa8409a5c0dfafcc2eea2766fabd1b1c6e015d6,SS,14,D_pos,1,True,0.0
3d13ddd9f6cad6c1c863e4fbdaa8409a5c0dfafcc2eea2766fabd1b1c6e015d6,SS,18,R_end,1,True,0.0
3d13ddd9f6cad6c1c863e4fbdaa8409a5c0dfafcc2eea2766fabd1b1c6e015d6,SS,18,C_end,1,True,0.0
3d13ddd9f6cad6c1c863e4fbdaa8409a5c0dfafcc2eea2766fabd1b1c6e015d6,SS,18,D_pos,1,True,0.0
3d13ddd9f6cad6c1c863e4fbdaa8409a5c0dfafcc2eea2766fabd1b1c6e015d6,SS,22,R_end,1,True,0.0
3d13ddd9f6cad6c1c863e4fbdaa8409a5c0dfafcc2eea2766fabd1b1c6e015d6,SS,22,C_end,1,True,0.0
3d13ddd9f6cad6c1c863e4fbdaa8409a5c0dfafcc2eea2766fabd1b1c6e015d6,SS,22,D_pos,1,True,0.0
3d13ddd9f6cad6c1c863e4fbdaa8409a5c0dfafcc2eea2766fabd1b1c6e015d6,SS,26,R_end,1,True,0.0
3d13ddd9f6cad6c1c863e4fbdaa8409a5c0dfafcc2eea2766fabd1b1c6e015d6,SS,26,C_end,1,True,0.0
3d13ddd9f6cad6c1c863e4fbdaa8409a5c0dfafcc2eea2766fabd1b1c6e015d6,SS,26,D_pos,1,True,0.0
3d63d7febc2e16bbd6a1ae6283266aae607bf41661d0ebe4b433e6bbf8b36422,OO,14,R_end,1,True,0.0
3d63d7febc2e16bbd6a1ae6283266aae607bf41661d0ebe4b433e6bbf8b36422,OO,14,C_end,1,True,0.0
3d63d7febc2e16bbd6a1ae6283266aae607bf41661d0ebe4b433e6bbf8b36422,OO,14,D_pos,1,True,0.0
3d63d7febc2e16bbd6a1ae6283266aae607bf41661d0ebe4b433e6bbf8b36422,OO,18,R_end,1,True,0.0
3d63d7febc2e16bbd6a1ae6283266aae607bf41661d0ebe4b433e6bbf8b36422,OO,18,C_end,1,True,0.0
3d63d7febc2e16bbd6a1ae6283266aae607bf41661d0ebe4b433e6bbf8b36422,OO,18,D_pos,1,True,0.0
3d63d7febc2e16bbd6a1ae6283266aae607bf41661d0ebe4b433e6bbf8b36422,OO,22,R_end,1,True,0.0
3d63d7febc2e16bbd6a1ae6283266aae607bf41661d0ebe4b433e6bbf8b36422,OO,22,C_end,1,True,0.0
3d63d7febc2e16bbd6a1ae6283266aae607bf41661d0ebe4b433e6bbf8b36422,OO,22,D_pos,1,True,0.0
3d63d7febc2e16bbd6a1ae6283266aae607bf41661d0ebe4b433e6bbf8b36422,OO,26,R_end,1,True,0.0
3d63d7febc2e16bbd6a1ae6283266aae607bf41661d0ebe4b433e6bbf8b36422,OO,26,C_end,1,True,0.0
3d63d7febc2e16bbd6a1ae6283266aae607bf41661d0ebe4b433e6bbf8b36422,OO,26,D_pos,1,True,0.0
3d63d7febc2e16bbd6a1ae6283266aae607bf41661d0ebe4b433e6bbf8b36422,OS,14,R_end,1,True,0.0
3d63d7febc2e16bbd6a1ae6283266aae607bf41661d0ebe4b433e6bbf8b36422,OS,14,C_end,1,True,0.0
3d63d7febc2e16bbd6a1ae6283266aae607bf41661d0ebe4b433e6bbf8b36422,OS,14,D_pos,1,True,0.0
3d63d7febc2e16bbd6a1ae6283266aae607bf41661d0ebe4b433e6bbf8b36422,OS,18,R_end,1,True,0.0
3d63d7febc2e16bbd6a1ae6283266aae607bf41661d0ebe4b433e6bbf8b36422,OS,18,C_end,1,True,0.0
3d63d7febc2e16bbd6a1ae6283266aae607bf41661d0ebe4b433e6bbf8b36422,OS,18,D_pos,1,True,0.0
3d63d7febc2e16bbd6a1ae6283266aae607bf41661d0ebe4b433e6bbf8b36422,OS,22,R_end,1,True,0.0
3d63d7febc2e16bbd6a1ae6283266aae607bf41661d0ebe4b433e6bbf8b36422,OS,22,C_end,1,True,0.0
3d63d7febc2e16bbd6a1ae6283266aae607bf41661d0ebe4b433e6bbf8b36422,OS,22,D_pos,1,True,0.0
3d63d7febc2e16bbd6a1ae6283266aae607bf41661d0ebe4b433e6bbf8b36422,OS,26,R_end,1,True,0.0
3d63d7febc2e16bbd6a1ae6283266aae607bf41661d0ebe4b433e6bbf8b36422,OS,26,C_end,1,True,0.0
3d63d7febc2e16bbd6a1ae6283266aae607bf41661d0ebe4b433e6bbf8b36422,OS,26,D_pos,1,True,0.0
3d63d7febc2e16bbd6a1ae6283266aae607bf41661d0ebe4b433e6bbf8b36422,SO,14,R_end,1,True,0.0
3d63d7febc2e16bbd6a1ae6283266aae607bf41661d0ebe4b433e6bbf8b36422,SO,14,C_end,1,True,0.0
3d63d7febc2e16bbd6a1ae6283266aae607bf41661d0ebe4b433e6bbf8b36422,SO,14,D_pos,1,True,0.0
3d63d7febc2e16bbd6a1ae6283266aae607bf41661d0ebe4b433e6bbf8b36422,SO,18,R_end,1,True,0.0
3d63d7febc2e16bbd6a1ae6283266aae607bf41661d0ebe4b433e6bbf8b36422,SO,18,C_end,1,True,0.0
3d63d7febc2e16bbd6a1ae6283266aae607bf41661d0ebe4b433e6bbf8b36422,SO,18,D_pos,1,True,0.0
3d63d7febc2e16bbd6a1ae6283266aae607bf41661d0ebe4b433e6bbf8b36422,SO,22,R_end,1,True,0.0
3d63d7febc2e16bbd6a1ae6283266aae607bf41661d0ebe4b433e6bbf8b36422,SO,22,C_end,1,True,0.0
3d63d7febc2e16bbd6a1ae6283266aae607bf41661d0ebe4b433e6bbf8b36422,SO,22,D_pos,1,True,0.0
3d63d7febc2e16bbd6a1ae6283266aae607bf41661d0ebe4b433e6bbf8b36422,SO,26,R_end,1,True,0.0
3d63d7febc2e16bbd6a1ae6283266aae607bf41661d0ebe4b433e6bbf8b36422,SO,26,C_end,1,True,0.0
3d63d7febc2e16bbd6a1ae6283266aae607bf41661d0ebe4b433e6bbf8b36422,SO,26,D_pos,1,True,0.0
3d63d7febc2e16bbd6a1ae6283266aae607bf41661d0ebe4b433e6bbf8b36422,SS,14,R_end,1,True,0.0
3d63d7febc2e16bbd6a1ae6283266aae607bf41661d0ebe4b433e6bbf8b36422,SS,14,C_end,1,True,0.0
3d63d7febc2e16bbd6a1ae6283266aae607bf41661d0ebe4b433e6bbf8b36422,SS,14,D_pos,1,True,0.0
3d63d7febc2e16bbd6a1ae6283266aae607bf41661d0ebe4b433e6bbf8b36422,SS,18,R_end,1,True,0.0
3d63d7febc2e16bbd6a1ae6283266aae607bf41661d0ebe4b433e6bbf8b36422,SS,18,C_end,1,True,0.0
3d63d7febc2e16bbd6a1ae6283266aae607bf41661d0ebe4b433e6bbf8b36422,SS,18,D_pos,1,True,0.0
3d63d7febc2e16bbd6a1ae6283266aae607bf41661d0ebe4b433e6bbf8b36422,SS,22,R_end,1,True,0.0
3d63d7febc2e16bbd6a1ae6283266aae607bf41661d0ebe4b433e6bbf8b36422,SS,22,C_end,1,True,0.0
3d63d7febc2e16bbd6a1ae6283266aae607bf41661d0ebe4b433e6bbf8b36422,SS,22,D_pos,1,True,0.0
3d63d7febc2e16bbd6a1ae6283266aae607bf41661d0ebe4b433e6bbf8b36422,SS,26,R_end,1,True,0.0
3d63d7febc2e16bbd6a1ae6283266aae607bf41661d0ebe4b433e6bbf8b36422,SS,26,C_end,1,True,0.0
3d63d7febc2e16bbd6a1ae6283266aae607bf41661d0ebe4b433e6bbf8b36422,SS,26,D_pos,1,True,0.0
3dd056aadf1ba84092fcc9b21ef87dd26564c3486de97f4306b599e30773fdc6,OO,14,R_end,1,True,0.0
3dd056aadf1ba84092fcc9b21ef87dd26564c3486de97f4306b599e30773fdc6,OO,14,C_end,1,True,0.0
3dd056aadf1ba84092fcc9b21ef87dd26564c3486de97f4306b599e30773fdc6,OO,14,D_pos,1,True,0.0
3dd056aadf1ba84092fcc9b21ef87dd26564c3486de97f4306b599e30773fdc6,OO,18,R_end,1,True,0.0
3dd056aadf1ba84092fcc9b21ef87dd26564c3486de97f4306b599e30773fdc6,OO,18,C_end,1,True,0.0
3dd056aadf1ba84092fcc9b21ef87dd26564c3486de97f4306b599e30773fdc6,OO,18,D_pos,1,True,0.0
3dd056aadf1ba84092fcc9b21ef87dd26564c3486de97f4306b599e30773fdc6,OO,22,R_end,1,True,0.0
3dd056aadf1ba84092fcc9b21ef87dd26564c3486de97f4306b599e30773fdc6,OO,22,C_end,1,True,0.0
3dd056aadf1ba84092fcc9b21ef87dd26564c3486de97f4306b599e30773fdc6,OO,22,D_pos,1,True,0.0
3dd056aadf1ba84092fcc9b21ef87dd26564c3486de97f4306b599e30773fdc6,OO,26,R_end,1,True,0.0
3dd056aadf1ba84092fcc9b21ef87dd26564c3486de97f4306b599e30773fdc6,OO,26,C_end,1,True,0.0
3dd056aadf1ba84092fcc9b21ef87dd26564c3486de97f4306b599e30773fdc6,OO,26,D_pos,1,True,0.0
3dd056aadf1ba84092fcc9b21ef87dd26564c3486de97f4306b599e30773fdc6,OS,14,R_end,1,True,0.0
3dd056aadf1ba84092fcc9b21ef87dd26564c3486de97f4306b599e30773fdc6,OS,14,C_end,1,True,0.0
3dd056aadf1ba84092fcc9b21ef87dd26564c3486de97f4306b599e30773fdc6,OS,14,D_pos,1,True,0.0
3dd056aadf1ba84092fcc9b21ef87dd26564c3486de97f4306b599e30773fdc6,OS,18,R_end,1,True,0.0
3dd056aadf1ba84092fcc9b21ef87dd26564c3486de97f4306b599e30773fdc6,OS,18,C_end,1,True,0.0
3dd056aadf1ba84092fcc9b21ef87dd26564c3486de97f4306b599e30773fdc6,OS,18,D_pos,1,True,0.0
3dd056aadf1ba84092fcc9b21ef87dd26564c3486de97f4306b599e30773fdc6,OS,22,R_end,1,True,0.0
3dd056aadf1ba84092fcc9b21ef87dd26564c3486de97f4306b599e30773fdc6,OS,22,C_end,1,True,0.0
3dd056aadf1ba84092fcc9b21ef87dd26564c3486de97f4306b599e30773fdc6,OS,22,D_pos,1,True,0.0
3dd056aadf1ba84092fcc9b21ef87dd26564c3486de97f4306b599e30773fdc6,OS,26,R_end,1,True,0.0
3dd056aadf1ba84092fcc9b21ef87dd26564c3486de97f4306b599e30773fdc6,OS,26,C_end,1,True,0.0
3dd056aadf1ba84092fcc9b21ef87dd26564c3486de97f4306b599e30773fdc6,OS,26,D_pos,1,True,0.0
3dd056aadf1ba84092fcc9b21ef87dd26564c3486de97f4306b599e30773fdc6,SO,14,R_end,1,True,0.0
3dd056aadf1ba84092fcc9b21ef87dd26564c3486de97f4306b599e30773fdc6,SO,14,C_end,1,True,0.0
3dd056aadf1ba84092fcc9b21ef87dd26564c3486de97f4306b599e30773fdc6,SO,14,D_pos,1,True,0.0
3dd056aadf1ba84092fcc9b21ef87dd26564c3486de97f4306b599e30773fdc6,SO,18,R_end,1,True,0.0
3dd056aadf1ba84092fcc9b21ef87dd26564c3486de97f4306b599e30773fdc6,SO,18,C_end,1,True,0.0
3dd056aadf1ba84092fcc9b21ef87dd26564c3486de97f4306b599e30773fdc6,SO,18,D_pos,1,True,0.0
3dd056aadf1ba84092fcc9b21ef87dd26564c3486de97f4306b599e30773fdc6,SO,22,R_end,1,True,0.0
3dd056aadf1ba84092fcc9b21ef87dd26564c3486de97f4306b599e30773fdc6,SO,22,C_end,1,True,0.0
3dd056aadf1ba84092fcc9b21ef87dd26564c3486de97f4306b599e30773fdc6,SO,22,D_pos,1,True,0.0
3dd056aadf1ba84092fcc9b21ef87dd26564c3486de97f4306b599e30773fdc6,SO,26,R_end,1,True,0.0
3dd056aadf1ba84092fcc9b21ef87dd26564c3486de97f4306b599e30773fdc6,SO,26,C_end,1,True,0.0
3dd056aadf1ba84092fcc9b21ef87dd26564c3486de97f4306b599e30773fdc6,SO,26,D_pos,1,True,0.0
3dd056aadf1ba84092fcc9b21ef87dd26564c3486de97f4306b599e30773fdc6,SS,14,R_end,1,True,0.0
3dd056aadf1ba84092fcc9b21ef87dd26564c3486de97f4306b599e30773fdc6,SS,14,C_end,1,True,0.0
3dd056aadf1ba84092fcc9b21ef87dd26564c3486de97f4306b599e30773fdc6,SS,14,D_pos,1,True,0.0
3dd056aadf1ba84092fcc9b21ef87dd26564c3486de97f4306b599e30773fdc6,SS,18,R_end,1,True,0.0
3dd056aadf1ba84092fcc9b21ef87dd26564c3486de97f4306b599e30773fdc6,SS,18,C_end,1,True,0.0
3dd056aadf1ba84092fcc9b21ef87dd26564c3486de97f4306b599e30773fdc6,SS,18,D_pos,1,True,0.0
3dd056aadf1ba84092fcc9b21ef87dd26564c3486de97f4306b599e30773fdc6,SS,22,R_end,1,True,0.0
3dd056aadf1ba84092fcc9b21ef87dd26564c3486de97f4306b599e30773fdc6,SS,22,C_end,1,True,0.0
3dd056aadf1ba84092fcc9b21ef87dd26564c3486de97f4306b599e30773fdc6,SS,22,D_pos,1,True,0.0
3dd056aadf1ba84092fcc9b21ef87dd26564c3486de97f4306b599e30773fdc6,SS,26,R_end,1,True,0.0
3dd056aadf1ba84092fcc9b21ef87dd26564c3486de97f4306b599e30773fdc6,SS,26,C_end,1,True,0.0
3dd056aadf1ba84092fcc9b21ef87dd26564c3486de97f4306b599e30773fdc6,SS,26,D_pos,1,True,0.0
3eb632ea98f9fce2b2a44308e6ff72c9c6ae3b443f9d0183474b60876eccb773,OO,14,R_end,1,True,0.0
3eb632ea98f9fce2b2a44308e6ff72c9c6ae3b443f9d0183474b60876eccb773,OO,14,C_end,1,True,0.0
3eb632ea98f9fce2b2a44308e6ff72c9c6ae3b443f9d0183474b60876eccb773,OO,14,D_pos,1,True,0.0
3eb632ea98f9fce2b2a44308e6ff72c9c6ae3b443f9d0183474b60876eccb773,OO,18,R_end,1,True,0.0
3eb632ea98f9fce2b2a44308e6ff72c9c6ae3b443f9d0183474b60876eccb773,OO,18,C_end,1,True,0.0
3eb632ea98f9fce2b2a44308e6ff72c9c6ae3b443f9d0183474b60876eccb773,OO,18,D_pos,1,True,0.0
3eb632ea98f9fce2b2a44308e6ff72c9c6ae3b443f9d0183474b60876eccb773,OO,22,R_end,1,True,0.0
3eb632ea98f9fce2b2a44308e6ff72c9c6ae3b443f9d0183474b60876eccb773,OO,22,C_end,1,True,0.0
3eb632ea98f9fce2b2a44308e6ff72c9c6ae3b443f9d0183474b60876eccb773,OO,22,D_pos,1,True,0.0
3eb632ea98f9fce2b2a44308e6ff72c9c6ae3b443f9d0183474b60876eccb773,OO,26,R_end,1,True,0.0
3eb632ea98f9fce2b2a44308e6ff72c9c6ae3b443f9d0183474b60876eccb773,OO,26,C_end,1,True,0.0
3eb632ea98f9fce2b2a44308e6ff72c9c6ae3b443f9d0183474b60876eccb773,OO,26,D_pos,1,True,0.0
3eb632ea98f9fce2b2a44308e6ff72c9c6ae3b443f9d0183474b60876eccb773,OS,14,R_end,1,True,0.0
3eb632ea98f9fce2b2a44308e6ff72c9c6ae3b443f9d0183474b60876eccb773,OS,14,C_end,1,True,0.0
3eb632ea98f9fce2b2a44308e6ff72c9c6ae3b443f9d0183474b60876eccb773,OS,14,D_pos,1,True,0.0
3eb632ea98f9fce2b2a44308e6ff72c9c6ae3b443f9d0183474b60876eccb773,OS,18,R_end,1,True,0.0
3eb632ea98f9fce2b2a44308e6ff72c9c6ae3b443f9d0183474b60876eccb773,OS,18,C_end,1,True,0.0
3eb632ea98f9fce2b2a44308e6ff72c9c6ae3b443f9d0183474b60876eccb773,OS,18,D_pos,1,True,0.0
3eb632ea98f9fce2b2a44308e6ff72c9c6ae3b443f9d0183474b60876eccb773,OS,22,R_end,1,True,0.0
3eb632ea98f9fce2b2a44308e6ff72c9c6ae3b443f9d0183474b60876eccb773,OS,22,C_end,1,True,0.0
3eb632ea98f9fce2b2a44308e6ff72c9c6ae3b443f9d0183474b60876eccb773,OS,22,D_pos,1,True,0.0
3eb632ea98f9fce2b2a44308e6ff72c9c6ae3b443f9d0183474b60876eccb773,OS,26,R_end,1,True,0.0
3eb632ea98f9fce2b2a44308e6ff72c9c6ae3b443f9d0183474b60876eccb773,OS,26,C_end,1,True,0.0
3eb632ea98f9fce2b2a44308e6ff72c9c6ae3b443f9d0183474b60876eccb773,OS,26,D_pos,1,True,0.0
3eb632ea98f9fce2b2a44308e6ff72c9c6ae3b443f9d0183474b60876eccb773,SO,14,R_end,1,True,0.0
3eb632ea98f9fce2b2a44308e6ff72c9c6ae3b443f9d0183474b60876eccb773,SO,14,C_end,1,True,0.0
3eb632ea98f9fce2b2a44308e6ff72c9c6ae3b443f9d0183474b60876eccb773,SO,14,D_pos,1,True,0.0
3eb632ea98f9fce2b2a44308e6ff72c9c6ae3b443f9d0183474b60876eccb773,SO,18,R_end,1,True,0.0
3eb632ea98f9fce2b2a44308e6ff72c9c6ae3b443f9d0183474b60876eccb773,SO,18,C_end,1,True,0.0
3eb632ea98f9fce2b2a44308e6ff72c9c6ae3b443f9d0183474b60876eccb773,SO,18,D_pos,1,True,0.0
3eb632ea98f9fce2b2a44308e6ff72c9c6ae3b443f9d0183474b60876eccb773,SO,22,R_end,1,True,0.0
3eb632ea98f9fce2b2a44308e6ff72c9c6ae3b443f9d0183474b60876eccb773,SO,22,C_end,1,True,0.0
3eb632ea98f9fce2b2a44308e6ff72c9c6ae3b443f9d0183474b60876eccb773,SO,22,D_pos,1,True,0.0
3eb632ea98f9fce2b2a44308e6ff72c9c6ae3b443f9d0183474b60876eccb773,SO,26,R_end,1,True,0.0
3eb632ea98f9fce2b2a44308e6ff72c9c6ae3b443f9d0183474b60876eccb773,SO,26,C_end,1,True,0.0
3eb632ea98f9fce2b2a44308e6ff72c9c6ae3b443f9d0183474b60876eccb773,SO,26,D_pos,1,True,0.0
3eb632ea98f9fce2b2a44308e6ff72c9c6ae3b443f9d0183474b60876eccb773,SS,14,R_end,1,True,0.0
3eb632ea98f9fce2b2a44308e6ff72c9c6ae3b443f9d0183474b60876eccb773,SS,14,C_end,1,True,0.0
3eb632ea98f9fce2b2a44308e6ff72c9c6ae3b443f9d0183474b60876eccb773,SS,14,D_pos,1,True,0.0
3eb632ea98f9fce2b2a44308e6ff72c9c6ae3b443f9d0183474b60876eccb773,SS,18,R_end,1,True,0.0
3eb632ea98f9fce2b2a44308e6ff72c9c6ae3b443f9d0183474b60876eccb773,SS,18,C_end,1,True,0.0
3eb632ea98f9fce2b2a44308e6ff72c9c6ae3b443f9d0183474b60876eccb773,SS,18,D_pos,1,True,0.0
3eb632ea98f9fce2b2a44308e6ff72c9c6ae3b443f9d0183474b60876eccb773,SS,22,R_end,1,True,0.0
3eb632ea98f9fce2b2a44308e6ff72c9c6ae3b443f9d0183474b60876eccb773,SS,22,C_end,1,True,0.0
3eb632ea98f9fce2b2a44308e6ff72c9c6ae3b443f9d0183474b60876eccb773,SS,22,D_pos,1,True,0.0
3eb632ea98f9fce2b2a44308e6ff72c9c6ae3b443f9d0183474b60876eccb773,SS,26,R_end,1,True,0.0
3eb632ea98f9fce2b2a44308e6ff72c9c6ae3b443f9d0183474b60876eccb773,SS,26,C_end,1,True,0.0
3eb632ea98f9fce2b2a44308e6ff72c9c6ae3b443f9d0183474b60876eccb773,SS,26,D_pos,1,True,0.0
3ee096de72cb3b0dfd08b81812498b3c90600256873b702dfe6c8228f2c9c0a4,OO,14,R_end,1,True,0.0
3ee096de72cb3b0dfd08b81812498b3c90600256873b702dfe6c8228f2c9c0a4,OO,14,C_end,1,True,0.0
3ee096de72cb3b0dfd08b81812498b3c90600256873b702dfe6c8228f2c9c0a4,OO,14,D_pos,1,True,0.0
3ee096de72cb3b0dfd08b81812498b3c90600256873b702dfe6c8228f2c9c0a4,OO,18,R_end,1,True,0.0
3ee096de72cb3b0dfd08b81812498b3c90600256873b702dfe6c8228f2c9c0a4,OO,18,C_end,1,True,0.0
3ee096de72cb3b0dfd08b81812498b3c90600256873b702dfe6c8228f2c9c0a4,OO,18,D_pos,1,True,0.0
3ee096de72cb3b0dfd08b81812498b3c90600256873b702dfe6c8228f2c9c0a4,OO,22,R_end,1,True,0.0
3ee096de72cb3b0dfd08b81812498b3c90600256873b702dfe6c8228f2c9c0a4,OO,22,C_end,1,True,0.0
3ee096de72cb3b0dfd08b81812498b3c90600256873b702dfe6c8228f2c9c0a4,OO,22,D_pos,1,True,0.0
3ee096de72cb3b0dfd08b81812498b3c90600256873b702dfe6c8228f2c9c0a4,OO,26,R_end,1,True,0.0
3ee096de72cb3b0dfd08b81812498b3c90600256873b702dfe6c8228f2c9c0a4,OO,26,C_end,1,True,0.0
3ee096de72cb3b0dfd08b81812498b3c90600256873b702dfe6c8228f2c9c0a4,OO,26,D_pos,1,True,0.0
3ee096de72cb3b0dfd08b81812498b3c90600256873b702dfe6c8228f2c9c0a4,OS,14,R_end,1,True,0.0
3ee096de72cb3b0dfd08b81812498b3c90600256873b702dfe6c8228f2c9c0a4,OS,14,C_end,1,True,0.0
3ee096de72cb3b0dfd08b81812498b3c90600256873b702dfe6c8228f2c9c0a4,OS,14,D_pos,1,True,0.0
3ee096de72cb3b0dfd08b81812498b3c90600256873b702dfe6c8228f2c9c0a4,OS,18,R_end,1,True,0.0
3ee096de72cb3b0dfd08b81812498b3c90600256873b702dfe6c8228f2c9c0a4,OS,18,C_end,1,True,0.0
3ee096de72cb3b0dfd08b81812498b3c90600256873b702dfe6c8228f2c9c0a4,OS,18,D_pos,1,True,0.0
3ee096de72cb3b0dfd08b81812498b3c90600256873b702dfe6c8228f2c9c0a4,OS,22,R_end,1,True,0.0
3ee096de72cb3b0dfd08b81812498b3c90600256873b702dfe6c8228f2c9c0a4,OS,22,C_end,1,True,0.0
3ee096de72cb3b0dfd08b81812498b3c90600256873b702dfe6c8228f2c9c0a4,OS,22,D_pos,1,True,0.0
3ee096de72cb3b0dfd08b81812498b3c90600256873b702dfe6c8228f2c9c0a4,OS,26,R_end,1,True,0.0
3ee096de72cb3b0dfd08b81812498b3c90600256873b702dfe6c8228f2c9c0a4,OS,26,C_end,1,True,0.0
3ee096de72cb3b0dfd08b81812498b3c90600256873b702dfe6c8228f2c9c0a4,OS,26,D_pos,1,True,0.0
3ee096de72cb3b0dfd08b81812498b3c90600256873b702dfe6c8228f2c9c0a4,SO,14,R_end,1,True,0.0
3ee096de72cb3b0dfd08b81812498b3c90600256873b702dfe6c8228f2c9c0a4,SO,14,C_end,1,True,0.0
3ee096de72cb3b0dfd08b81812498b3c90600256873b702dfe6c8228f2c9c0a4,SO,14,D_pos,1,True,0.0
3ee096de72cb3b0dfd08b81812498b3c90600256873b702dfe6c8228f2c9c0a4,SO,18,R_end,1,True,0.0
3ee096de72cb3b0dfd08b81812498b3c90600256873b702dfe6c8228f2c9c0a4,SO,18,C_end,1,True,0.0
3ee096de72cb3b0dfd08b81812498b3c90600256873b702dfe6c8228f2c9c0a4,SO,18,D_pos,1,True,0.0
3ee096de72cb3b0dfd08b81812498b3c90600256873b702dfe6c8228f2c9c0a4,SO,22,R_end,1,True,0.0
3ee096de72cb3b0dfd08b81812498b3c90600256873b702dfe6c8228f2c9c0a4,SO,22,C_end,1,True,0.0
3ee096de72cb3b0dfd08b81812498b3c90600256873b702dfe6c8228f2c9c0a4,SO,22,D_pos,1,True,0.0
3ee096de72cb3b0dfd08b81812498b3c90600256873b702dfe6c8228f2c9c0a4,SO,26,R_end,1,True,0.0
3ee096de72cb3b0dfd08b81812498b3c90600256873b702dfe6c8228f2c9c0a4,SO,26,C_end,1,True,0.0
3ee096de72cb3b0dfd08b81812498b3c90600256873b702dfe6c8228f2c9c0a4,SO,26,D_pos,1,True,0.0
3ee096de72cb3b0dfd08b81812498b3c90600256873b702dfe6c8228f2c9c0a4,SS,14,R_end,1,True,0.0
3ee096de72cb3b0dfd08b81812498b3c90600256873b702dfe6c8228f2c9c0a4,SS,14,C_end,1,True,0.0
3ee096de72cb3b0dfd08b81812498b3c90600256873b702dfe6c8228f2c9c0a4,SS,14,D_pos,1,True,0.0
3ee096de72cb3b0dfd08b81812498b3c90600256873b702dfe6c8228f2c9c0a4,SS,18,R_end,1,True,0.0
3ee096de72cb3b0dfd08b81812498b3c90600256873b702dfe6c8228f2c9c0a4,SS,18,C_end,1,True,0.0
3ee096de72cb3b0dfd08b81812498b3c90600256873b702dfe6c8228f2c9c0a4,SS,18,D_pos,1,True,0.0
3ee096de72cb3b0dfd08b81812498b3c90600256873b702dfe6c8228f2c9c0a4,SS,22,R_end,1,True,0.0
3ee096de72cb3b0dfd08b81812498b3c90600256873b702dfe6c8228f2c9c0a4,SS,22,C_end,1,True,0.0
3ee096de72cb3b0dfd08b81812498b3c90600256873b702dfe6c8228f2c9c0a4,SS,22,D_pos,1,True,0.0
3ee096de72cb3b0dfd08b81812498b3c90600256873b702dfe6c8228f2c9c0a4,SS,26,R_end,1,True,0.0
3ee096de72cb3b0dfd08b81812498b3c90600256873b702dfe6c8228f2c9c0a4,SS,26,C_end,1,True,0.0
3ee096de72cb3b0dfd08b81812498b3c90600256873b702dfe6c8228f2c9c0a4,SS,26,D_pos,1,True,0.0
3f4368f134d45f2838ffaafce8c9a314e61a3bcb5d4e22c3fd0f72b73d01aa8a,OO,14,R_end,1,True,0.0
3f4368f134d45f2838ffaafce8c9a314e61a3bcb5d4e22c3fd0f72b73d01aa8a,OO,14,C_end,1,True,0.0
3f4368f134d45f2838ffaafce8c9a314e61a3bcb5d4e22c3fd0f72b73d01aa8a,OO,14,D_pos,1,True,0.0
3f4368f134d45f2838ffaafce8c9a314e61a3bcb5d4e22c3fd0f72b73d01aa8a,OO,18,R_end,1,True,0.0
3f4368f134d45f2838ffaafce8c9a314e61a3bcb5d4e22c3fd0f72b73d01aa8a,OO,18,C_end,1,True,0.0
3f4368f134d45f2838ffaafce8c9a314e61a3bcb5d4e22c3fd0f72b73d01aa8a,OO,18,D_pos,1,True,0.0
3f4368f134d45f2838ffaafce8c9a314e61a3bcb5d4e22c3fd0f72b73d01aa8a,OO,22,R_end,1,True,0.0
3f4368f134d45f2838ffaafce8c9a314e61a3bcb5d4e22c3fd0f72b73d01aa8a,OO,22,C_end,1,True,0.0
3f4368f134d45f2838ffaafce8c9a314e61a3bcb5d4e22c3fd0f72b73d01aa8a,OO,22,D_pos,1,True,0.0
3f4368f134d45f2838ffaafce8c9a314e61a3bcb5d4e22c3fd0f72b73d01aa8a,OO,26,R_end,1,True,0.0
3f4368f134d45f2838ffaafce8c9a314e61a3bcb5d4e22c3fd0f72b73d01aa8a,OO,26,C_end,1,True,0.0
3f4368f134d45f2838ffaafce8c9a314e61a3bcb5d4e22c3fd0f72b73d01aa8a,OO,26,D_pos,1,True,0.0
3f4368f134d45f2838ffaafce8c9a314e61a3bcb5d4e22c3fd0f72b73d01aa8a,OS,14,R_end,1,True,0.0
3f4368f134d45f2838ffaafce8c9a314e61a3bcb5d4e22c3fd0f72b73d01aa8a,OS,14,C_end,1,True,0.0
3f4368f134d45f2838ffaafce8c9a314e61a3bcb5d4e22c3fd0f72b73d01aa8a,OS,14,D_pos,1,True,0.0
3f4368f134d45f2838ffaafce8c9a314e61a3bcb5d4e22c3fd0f72b73d01aa8a,OS,18,R_end,1,True,0.0
3f4368f134d45f2838ffaafce8c9a314e61a3bcb5d4e22c3fd0f72b73d01aa8a,OS,18,C_end,1,True,0.0
3f4368f134d45f2838ffaafce8c9a314e61a3bcb5d4e22c3fd0f72b73d01aa8a,OS,18,D_pos,1,True,0.0
3f4368f134d45f2838ffaafce8c9a314e61a3bcb5d4e22c3fd0f72b73d01aa8a,OS,22,R_end,1,True,0.0
3f4368f134d45f2838ffaafce8c9a314e61a3bcb5d4e22c3fd0f72b73d01aa8a,OS,22,C_end,1,True,0.0
3f4368f134d45f2838ffaafce8c9a314e61a3bcb5d4e22c3fd0f72b73d01aa8a,OS,22,D_pos,1,True,0.0
3f4368f134d45f2838ffaafce8c9a314e61a3bcb5d4e22c3fd0f72b73d01aa8a,OS,26,R_end,1,True,0.0
3f4368f134d45f2838ffaafce8c9a314e61a3bcb5d4e22c3fd0f72b73d01aa8a,OS,26,C_end,1,True,0.0
3f4368f134d45f2838ffaafce8c9a314e61a3bcb5d4e22c3fd0f72b73d01aa8a,OS,26,D_pos,1,True,0.0
3f4368f134d45f2838ffaafce8c9a314e61a3bcb5d4e22c3fd0f72b73d01aa8a,SO,14,R_end,1,True,0.0
3f4368f134d45f2838ffaafce8c9a314e61a3bcb5d4e22c3fd0f72b73d01aa8a,SO,14,C_end,1,True,0.0
3f4368f134d45f2838ffaafce8c9a314e61a3bcb5d4e22c3fd0f72b73d01aa8a,SO,14,D_pos,1,True,0.0
3f4368f134d45f2838ffaafce8c9a314e61a3bcb5d4e22c3fd0f72b73d01aa8a,SO,18,R_end,1,True,0.0
3f4368f134d45f2838ffaafce8c9a314e61a3bcb5d4e22c3fd0f72b73d01aa8a,SO,18,C_end,1,True,0.0
3f4368f134d45f2838ffaafce8c9a314e61a3bcb5d4e22c3fd0f72b73d01aa8a,SO,18,D_pos,1,True,0.0
3f4368f134d45f2838ffaafce8c9a314e61a3bcb5d4e22c3fd0f72b73d01aa8a,SO,22,R_end,1,True,0.0
3f4368f134d45f2838ffaafce8c9a314e61a3bcb5d4e22c3fd0f72b73d01aa8a,SO,22,C_end,1,True,0.0
3f4368f134d45f2838ffaafce8c9a314e61a3bcb5d4e22c3fd0f72b73d01aa8a,SO,22,D_pos,1,True,0.0
3f4368f134d45f2838ffaafce8c9a314e61a3bcb5d4e22c3fd0f72b73d01aa8a,SO,26,R_end,1,True,0.0
3f4368f134d45f2838ffaafce8c9a314e61a3bcb5d4e22c3fd0f72b73d01aa8a,SO,26,C_end,1,True,0.0
3f4368f134d45f2838ffaafce8c9a314e61a3bcb5d4e22c3fd0f72b73d01aa8a,SO,26,D_pos,1,True,0.0
3f4368f134d45f2838ffaafce8c9a314e61a3bcb5d4e22c3fd0f72b73d01aa8a,SS,14,R_end,1,True,0.0
3f4368f134d45f2838ffaafce8c9a314e61a3bcb5d4e22c3fd0f72b73d01aa8a,SS,14,C_end,1,True,0.0
3f4368f134d45f2838ffaafce8c9a314e61a3bcb5d4e22c3fd0f72b73d01aa8a,SS,14,D_pos,1,True,0.0
3f4368f134d45f2838ffaafce8c9a314e61a3bcb5d4e22c3fd0f72b73d01aa8a,SS,18,R_end,1,True,0.0
3f4368f134d45f2838ffaafce8c9a314e61a3bcb5d4e22c3fd0f72b73d01aa8a,SS,18,C_end,1,True,0.0
3f4368f134d45f2838ffaafce8c9a314e61a3bcb5d4e22c3fd0f72b73d01aa8a,SS,18,D_pos,1,True,0.0
3f4368f134d45f2838ffaafce8c9a314e61a3bcb5d4e22c3fd0f72b73d01aa8a,SS,22,R_end,1,True,0.0
3f4368f134d45f2838ffaafce8c9a314e61a3bcb5d4e22c3fd0f72b73d01aa8a,SS,22,C_end,1,True,0.0
3f4368f134d45f2838ffaafce8c9a314e61a3bcb5d4e22c3fd0f72b73d01aa8a,SS,22,D_pos,1,True,0.0
3f4368f134d45f2838ffaafce8c9a314e61a3bcb5d4e22c3fd0f72b73d01aa8a,SS,26,R_end,1,True,0.0
3f4368f134d45f2838ffaafce8c9a314e61a3bcb5d4e22c3fd0f72b73d01aa8a,SS,26,C_end,1,True,0.0
3f4368f134d45f2838ffaafce8c9a314e61a3bcb5d4e22c3fd0f72b73d01aa8a,SS,26,D_pos,1,True,0.0
3f7112327a3cfef5de23e93e4a1880826ae70b39c367298aad1f40d9c3d98af2,OO,14,R_end,1,True,0.0
3f7112327a3cfef5de23e93e4a1880826ae70b39c367298aad1f40d9c3d98af2,OO,14,C_end,1,True,0.0
3f7112327a3cfef5de23e93e4a1880826ae70b39c367298aad1f40d9c3d98af2,OO,14,D_pos,1,True,0.0
3f7112327a3cfef5de23e93e4a1880826ae70b39c367298aad1f40d9c3d98af2,OO,18,R_end,1,True,0.0
3f7112327a3cfef5de23e93e4a1880826ae70b39c367298aad1f40d9c3d98af2,OO,18,C_end,1,True,0.0
3f7112327a3cfef5de23e93e4a1880826ae70b39c367298aad1f40d9c3d98af2,OO,18,D_pos,1,True,0.0
3f7112327a3cfef5de23e93e4a1880826ae70b39c367298aad1f40d9c3d98af2,OO,22,R_end,1,True,0.0
3f7112327a3cfef5de23e93e4a1880826ae70b39c367298aad1f40d9c3d98af2,OO,22,C_end,1,True,0.0
3f7112327a3cfef5de23e93e4a1880826ae70b39c367298aad1f40d9c3d98af2,OO,22,D_pos,1,True,0.0
3f7112327a3cfef5de23e93e4a1880826ae70b39c367298aad1f40d9c3d98af2,OO,26,R_end,1,True,0.0
3f7112327a3cfef5de23e93e4a1880826ae70b39c367298aad1f40d9c3d98af2,OO,26,C_end,1,True,0.0
3f7112327a3cfef5de23e93e4a1880826ae70b39c367298aad1f40d9c3d98af2,OO,26,D_pos,1,True,0.0
3f7112327a3cfef5de23e93e4a1880826ae70b39c367298aad1f40d9c3d98af2,OS,14,R_end,1,True,0.0
3f7112327a3cfef5de23e93e4a1880826ae70b39c367298aad1f40d9c3d98af2,OS,14,C_end,1,True,0.0
3f7112327a3cfef5de23e93e4a1880826ae70b39c367298aad1f40d9c3d98af2,OS,14,D_pos,1,True,0.0
3f7112327a3cfef5de23e93e4a1880826ae70b39c367298aad1f40d9c3d98af2,OS,18,R_end,1,True,0.0
3f7112327a3cfef5de23e93e4a1880826ae70b39c367298aad1f40d9c3d98af2,OS,18,C_end,1,True,0.0
3f7112327a3cfef5de23e93e4a1880826ae70b39c367298aad1f40d9c3d98af2,OS,18,D_pos,1,True,0.0
3f7112327a3cfef5de23e93e4a1880826ae70b39c367298aad1f40d9c3d98af2,OS,22,R_end,1,True,0.0
3f7112327a3cfef5de23e93e4a1880826ae70b39c367298aad1f40d9c3d98af2,OS,22,C_end,1,True,0.0
3f7112327a3cfef5de23e93e4a1880826ae70b39c367298aad1f40d9c3d98af2,OS,22,D_pos,1,True,0.0
3f7112327a3cfef5de23e93e4a1880826ae70b39c367298aad1f40d9c3d98af2,OS,26,R_end,1,True,0.0
3f7112327a3cfef5de23e93e4a1880826ae70b39c367298aad1f40d9c3d98af2,OS,26,C_end,1,True,0.0
3f7112327a3cfef5de23e93e4a1880826ae70b39c367298aad1f40d9c3d98af2,OS,26,D_pos,1,True,0.0
3f7112327a3cfef5de23e93e4a1880826ae70b39c367298aad1f40d9c3d98af2,SO,14,R_end,1,True,0.0
3f7112327a3cfef5de23e93e4a1880826ae70b39c367298aad1f40d9c3d98af2,SO,14,C_end,1,True,0.0
3f7112327a3cfef5de23e93e4a1880826ae70b39c367298aad1f40d9c3d98af2,SO,14,D_pos,1,True,0.0
3f7112327a3cfef5de23e93e4a1880826ae70b39c367298aad1f40d9c3d98af2,SO,18,R_end,1,True,0.0
3f7112327a3cfef5de23e93e4a1880826ae70b39c367298aad1f40d9c3d98af2,SO,18,C_end,1,True,0.0
3f7112327a3cfef5de23e93e4a1880826ae70b39c367298aad1f40d9c3d98af2,SO,18,D_pos,1,True,0.0
3f7112327a3cfef5de23e93e4a1880826ae70b39c367298aad1f40d9c3d98af2,SO,22,R_end,1,True,0.0
3f7112327a3cfef5de23e93e4a1880826ae70b39c367298aad1f40d9c3d98af2,SO,22,C_end,1,True,0.0
3f7112327a3cfef5de23e93e4a1880826ae70b39c367298aad1f40d9c3d98af2,SO,22,D_pos,1,True,0.0
3f7112327a3cfef5de23e93e4a1880826ae70b39c367298aad1f40d9c3d98af2,SO,26,R_end,1,True,0.0
3f7112327a3cfef5de23e93e4a1880826ae70b39c367298aad1f40d9c3d98af2,SO,26,C_end,1,True,0.0
3f7112327a3cfef5de23e93e4a1880826ae70b39c367298aad1f40d9c3d98af2,SO,26,D_pos,1,True,0.0
3f7112327a3cfef5de23e93e4a1880826ae70b39c367298aad1f40d9c3d98af2,SS,14,R_end,1,True,0.0
3f7112327a3cfef5de23e93e4a1880826ae70b39c367298aad1f40d9c3d98af2,SS,14,C_end,1,True,0.0
3f7112327a3cfef5de23e93e4a1880826ae70b39c367298aad1f40d9c3d98af2,SS,14,D_pos,1,True,0.0
3f7112327a3cfef5de23e93e4a1880826ae70b39c367298aad1f40d9c3d98af2,SS,18,R_end,1,True,0.0
3f7112327a3cfef5de23e93e4a1880826ae70b39c367298aad1f40d9c3d98af2,SS,18,C_end,1,True,0.0
3f7112327a3cfef5de23e93e4a1880826ae70b39c367298aad1f40d9c3d98af2,SS,18,D_pos,1,True,0.0
3f7112327a3cfef5de23e93e4a1880826ae70b39c367298aad1f40d9c3d98af2,SS,22,R_end,1,True,0.0
3f7112327a3cfef5de23e93e4a1880826ae70b39c367298aad1f40d9c3d98af2,SS,22,C_end,1,True,0.0
3f7112327a3cfef5de23e93e4a1880826ae70b39c367298aad1f40d9c3d98af2,SS,22,D_pos,1,True,0.0
3f7112327a3cfef5de23e93e4a1880826ae70b39c367298aad1f40d9c3d98af2,SS,26,R_end,1,True,0.0
3f7112327a3cfef5de23e93e4a1880826ae70b39c367298aad1f40d9c3d98af2,SS,26,C_end,1,True,0.0
3f7112327a3cfef5de23e93e4a1880826ae70b39c367298aad1f40d9c3d98af2,SS,26,D_pos,1,True,0.0
406903d1cda4ad5f13b43d25e0af38e781a94521fedb3f39765befa05ecf9299,OO,14,R_end,1,True,0.0
406903d1cda4ad5f13b43d25e0af38e781a94521fedb3f39765befa05ecf9299,OO,14,C_end,1,True,0.0
406903d1cda4ad5f13b43d25e0af38e781a94521fedb3f39765befa05ecf9299,OO,14,D_pos,1,True,0.0
406903d1cda4ad5f13b43d25e0af38e781a94521fedb3f39765befa05ecf9299,OO,18,R_end,1,True,0.0
406903d1cda4ad5f13b43d25e0af38e781a94521fedb3f39765befa05ecf9299,OO,18,C_end,1,True,0.0
406903d1cda4ad5f13b43d25e0af38e781a94521fedb3f39765befa05ecf9299,OO,18,D_pos,1,True,0.0
406903d1cda4ad5f13b43d25e0af38e781a94521fedb3f39765befa05ecf9299,OO,22,R_end,1,True,0.0
406903d1cda4ad5f13b43d25e0af38e781a94521fedb3f39765befa05ecf9299,OO,22,C_end,1,True,0.0
406903d1cda4ad5f13b43d25e0af38e781a94521fedb3f39765befa05ecf9299,OO,22,D_pos,1,True,0.0
406903d1cda4ad5f13b43d25e0af38e781a94521fedb3f39765befa05ecf9299,OO,26,R_end,1,True,0.0
406903d1cda4ad5f13b43d25e0af38e781a94521fedb3f39765befa05ecf9299,OO,26,C_end,1,True,0.0
406903d1cda4ad5f13b43d25e0af38e781a94521fedb3f39765befa05ecf9299,OO,26,D_pos,1,True,0.0
406903d1cda4ad5f13b43d25e0af38e781a94521fedb3f39765befa05ecf9299,OS,14,R_end,1,True,0.0
406903d1cda4ad5f13b43d25e0af38e781a94521fedb3f39765befa05ecf9299,OS,14,C_end,1,True,0.0
406903d1cda4ad5f13b43d25e0af38e781a94521fedb3f39765befa05ecf9299,OS,14,D_pos,1,True,0.0
406903d1cda4ad5f13b43d25e0af38e781a94521fedb3f39765befa05ecf9299,OS,18,R_end,1,True,0.0
406903d1cda4ad5f13b43d25e0af38e781a94521fedb3f39765befa05ecf9299,OS,18,C_end,1,True,0.0
406903d1cda4ad5f13b43d25e0af38e781a94521fedb3f39765befa05ecf9299,OS,18,D_pos,1,True,0.0
406903d1cda4ad5f13b43d25e0af38e781a94521fedb3f39765befa05ecf9299,OS,22,R_end,1,True,0.0
406903d1cda4ad5f13b43d25e0af38e781a94521fedb3f39765befa05ecf9299,OS,22,C_end,1,True,0.0
406903d1cda4ad5f13b43d25e0af38e781a94521fedb3f39765befa05ecf9299,OS,22,D_pos,1,True,0.0
406903d1cda4ad5f13b43d25e0af38e781a94521fedb3f39765befa05ecf9299,OS,26,R_end,1,True,0.0
406903d1cda4ad5f13b43d25e0af38e781a94521fedb3f39765befa05ecf9299,OS,26,C_end,1,True,0.0
406903d1cda4ad5f13b43d25e0af38e781a94521fedb3f39765befa05ecf9299,OS,26,D_pos,1,True,0.0
406903d1cda4ad5f13b43d25e0af38e781a94521fedb3f39765befa05ecf9299,SO,14,R_end,1,True,0.0
406903d1cda4ad5f13b43d25e0af38e781a94521fedb3f39765befa05ecf9299,SO,14,C_end,1,True,0.0
406903d1cda4ad5f13b43d25e0af38e781a94521fedb3f39765befa05ecf9299,SO,14,D_pos,1,True,0.0
406903d1cda4ad5f13b43d25e0af38e781a94521fedb3f39765befa05ecf9299,SO,18,R_end,1,True,0.0
406903d1cda4ad5f13b43d25e0af38e781a94521fedb3f39765befa05ecf9299,SO,18,C_end,1,True,0.0
406903d1cda4ad5f13b43d25e0af38e781a94521fedb3f39765befa05ecf9299,SO,18,D_pos,1,True,0.0
406903d1cda4ad5f13b43d25e0af38e781a94521fedb3f39765befa05ecf9299,SO,22,R_end,1,True,0.0
406903d1cda4ad5f13b43d25e0af38e781a94521fedb3f39765befa05ecf9299,SO,22,C_end,1,True,0.0
406903d1cda4ad5f13b43d25e0af38e781a94521fedb3f39765befa05ecf9299,SO,22,D_pos,1,True,0.0
406903d1cda4ad5f13b43d25e0af38e781a94521fedb3f39765befa05ecf9299,SO,26,R_end,1,True,0.0
406903d1cda4ad5f13b43d25e0af38e781a94521fedb3f39765befa05ecf9299,SO,26,C_end,1,True,0.0
406903d1cda4ad5f13b43d25e0af38e781a94521fedb3f39765befa05ecf9299,SO,26,D_pos,1,True,0.0
406903d1cda4ad5f13b43d25e0af38e781a94521fedb3f39765befa05ecf9299,SS,14,R_end,1,True,0.0
406903d1cda4ad5f13b43d25e0af38e781a94521fedb3f39765befa05ecf9299,SS,14,C_end,1,True,0.0
406903d1cda4ad5f13b43d25e0af38e781a94521fedb3f39765befa05ecf9299,SS,14,D_pos,1,True,0.0
406903d1cda4ad5f13b43d25e0af38e781a94521fedb3f39765befa05ecf9299,SS,18,R_end,1,True,0.0
406903d1cda4ad5f13b43d25e0af38e781a94521fedb3f39765befa05ecf9299,SS,18,C_end,1,True,0.0
406903d1cda4ad5f13b43d25e0af38e781a94521fedb3f39765befa05ecf9299,SS,18,D_pos,1,True,0.0
406903d1cda4ad5f13b43d25e0af38e781a94521fedb3f39765befa05ecf9299,SS,22,R_end,1,True,0.0
406903d1cda4ad5f13b43d25e0af38e781a94521fedb3f39765befa05ecf9299,SS,22,C_end,1,True,0.0
406903d1cda4ad5f13b43d25e0af38e781a94521fedb3f39765befa05ecf9299,SS,22,D_pos,1,True,0.0
406903d1cda4ad5f13b43d25e0af38e781a94521fedb3f39765befa05ecf9299,SS,26,R_end,1,True,0.0
406903d1cda4ad5f13b43d25e0af38e781a94521fedb3f39765befa05ecf9299,SS,26,C_end,1,True,0.0
406903d1cda4ad5f13b43d25e0af38e781a94521fedb3f39765befa05ecf9299,SS,26,D_pos,1,True,0.0
41488a0975678237b0b358441e37e50020b7824ca58dc2ad8b6b05dbf1dce1e4,OO,14,R_end,1,True,0.0
41488a0975678237b0b358441e37e50020b7824ca58dc2ad8b6b05dbf1dce1e4,OO,14,C_end,1,True,0.0
41488a0975678237b0b358441e37e50020b7824ca58dc2ad8b6b05dbf1dce1e4,OO,14,D_pos,1,True,0.0
41488a0975678237b0b358441e37e50020b7824ca58dc2ad8b6b05dbf1dce1e4,OO,18,R_end,1,True,0.0
41488a0975678237b0b358441e37e50020b7824ca58dc2ad8b6b05dbf1dce1e4,OO,18,C_end,1,True,0.0
41488a0975678237b0b358441e37e50020b7824ca58dc2ad8b6b05dbf1dce1e4,OO,18,D_pos,1,True,0.0
41488a0975678237b0b358441e37e50020b7824ca58dc2ad8b6b05dbf1dce1e4,OO,22,R_end,1,True,0.0
41488a0975678237b0b358441e37e50020b7824ca58dc2ad8b6b05dbf1dce1e4,OO,22,C_end,1,True,0.0
41488a0975678237b0b358441e37e50020b7824ca58dc2ad8b6b05dbf1dce1e4,OO,22,D_pos,1,True,0.0
41488a0975678237b0b358441e37e50020b7824ca58dc2ad8b6b05dbf1dce1e4,OO,26,R_end,1,True,0.0
41488a0975678237b0b358441e37e50020b7824ca58dc2ad8b6b05dbf1dce1e4,OO,26,C_end,1,True,0.0
41488a0975678237b0b358441e37e50020b7824ca58dc2ad8b6b05dbf1dce1e4,OO,26,D_pos,1,True,0.0
41488a0975678237b0b358441e37e50020b7824ca58dc2ad8b6b05dbf1dce1e4,OS,14,R_end,1,True,0.0
41488a0975678237b0b358441e37e50020b7824ca58dc2ad8b6b05dbf1dce1e4,OS,14,C_end,1,True,0.0
41488a0975678237b0b358441e37e50020b7824ca58dc2ad8b6b05dbf1dce1e4,OS,14,D_pos,1,True,0.0
41488a0975678237b0b358441e37e50020b7824ca58dc2ad8b6b05dbf1dce1e4,OS,18,R_end,1,True,0.0
41488a0975678237b0b358441e37e50020b7824ca58dc2ad8b6b05dbf1dce1e4,OS,18,C_end,1,True,0.0
41488a0975678237b0b358441e37e50020b7824ca58dc2ad8b6b05dbf1dce1e4,OS,18,D_pos,1,True,0.0
41488a0975678237b0b358441e37e50020b7824ca58dc2ad8b6b05dbf1dce1e4,OS,22,R_end,1,True,0.0
41488a0975678237b0b358441e37e50020b7824ca58dc2ad8b6b05dbf1dce1e4,OS,22,C_end,1,True,0.0
41488a0975678237b0b358441e37e50020b7824ca58dc2ad8b6b05dbf1dce1e4,OS,22,D_pos,1,True,0.0
41488a0975678237b0b358441e37e50020b7824ca58dc2ad8b6b05dbf1dce1e4,OS,26,R_end,1,True,0.0
41488a0975678237b0b358441e37e50020b7824ca58dc2ad8b6b05dbf1dce1e4,OS,26,C_end,1,True,0.0
41488a0975678237b0b358441e37e50020b7824ca58dc2ad8b6b05dbf1dce1e4,OS,26,D_pos,1,True,0.0
41488a0975678237b0b358441e37e50020b7824ca58dc2ad8b6b05dbf1dce1e4,SO,14,R_end,1,True,0.0
41488a0975678237b0b358441e37e50020b7824ca58dc2ad8b6b05dbf1dce1e4,SO,14,C_end,1,True,0.0
41488a0975678237b0b358441e37e50020b7824ca58dc2ad8b6b05dbf1dce1e4,SO,14,D_pos,1,True,0.0
41488a0975678237b0b358441e37e50020b7824ca58dc2ad8b6b05dbf1dce1e4,SO,18,R_end,1,True,0.0
41488a0975678237b0b358441e37e50020b7824ca58dc2ad8b6b05dbf1dce1e4,SO,18,C_end,1,True,0.0
41488a0975678237b0b358441e37e50020b7824ca58dc2ad8b6b05dbf1dce1e4,SO,18,D_pos,1,True,0.0
41488a0975678237b0b358441e37e50020b7824ca58dc2ad8b6b05dbf1dce1e4,SO,22,R_end,1,True,0.0
41488a0975678237b0b358441e37e50020b7824ca58dc2ad8b6b05dbf1dce1e4,SO,22,C_end,1,True,0.0
41488a0975678237b0b358441e37e50020b7824ca58dc2ad8b6b05dbf1dce1e4,SO,22,D_pos,1,True,0.0
41488a0975678237b0b358441e37e50020b7824ca58dc2ad8b6b05dbf1dce1e4,SO,26,R_end,1,True,0.0
41488a0975678237b0b358441e37e50020b7824ca58dc2ad8b6b05dbf1dce1e4,SO,26,C_end,1,True,0.0
41488a0975678237b0b358441e37e50020b7824ca58dc2ad8b6b05dbf1dce1e4,SO,26,D_pos,1,True,0.0
41488a0975678237b0b358441e37e50020b7824ca58dc2ad8b6b05dbf1dce1e4,SS,14,R_end,1,True,0.0
41488a0975678237b0b358441e37e50020b7824ca58dc2ad8b6b05dbf1dce1e4,SS,14,C_end,1,True,0.0
41488a0975678237b0b358441e37e50020b7824ca58dc2ad8b6b05dbf1dce1e4,SS,14,D_pos,1,True,0.0
41488a0975678237b0b358441e37e50020b7824ca58dc2ad8b6b05dbf1dce1e4,SS,18,R_end,1,True,0.0
41488a0975678237b0b358441e37e50020b7824ca58dc2ad8b6b05dbf1dce1e4,SS,18,C_end,1,True,0.0
41488a0975678237b0b358441e37e50020b7824ca58dc2ad8b6b05dbf1dce1e4,SS,18,D_pos,1,True,0.0
41488a0975678237b0b358441e37e50020b7824ca58dc2ad8b6b05dbf1dce1e4,SS,22,R_end,1,True,0.0
41488a0975678237b0b358441e37e50020b7824ca58dc2ad8b6b05dbf1dce1e4,SS,22,C_end,1,True,0.0
41488a0975678237b0b358441e37e50020b7824ca58dc2ad8b6b05dbf1dce1e4,SS,22,D_pos,1,True,0.0
41488a0975678237b0b358441e37e50020b7824ca58dc2ad8b6b05dbf1dce1e4,SS,26,R_end,1,True,0.0
41488a0975678237b0b358441e37e50020b7824ca58dc2ad8b6b05dbf1dce1e4,SS,26,C_end,1,True,0.0
41488a0975678237b0b358441e37e50020b7824ca58dc2ad8b6b05dbf1dce1e4,SS,26,D_pos,1,True,0.0
41972e19b17353b471daa83ca263985b90734a684c6cf04de158ceba557bba20,OO,14,R_end,1,True,0.0
41972e19b17353b471daa83ca263985b90734a684c6cf04de158ceba557bba20,OO,14,C_end,1,True,0.0
41972e19b17353b471daa83ca263985b90734a684c6cf04de158ceba557bba20,OO,14,D_pos,1,True,0.0
41972e19b17353b471daa83ca263985b90734a684c6cf04de158ceba557bba20,OO,18,R_end,1,True,0.0
41972e19b17353b471daa83ca263985b90734a684c6cf04de158ceba557bba20,OO,18,C_end,1,True,0.0
41972e19b17353b471daa83ca263985b90734a684c6cf04de158ceba557bba20,OO,18,D_pos,1,True,0.0
41972e19b17353b471daa83ca263985b90734a684c6cf04de158ceba557bba20,OO,22,R_end,1,True,0.0
41972e19b17353b471daa83ca263985b90734a684c6cf04de158ceba557bba20,OO,22,C_end,1,True,0.0
41972e19b17353b471daa83ca263985b90734a684c6cf04de158ceba557bba20,OO,22,D_pos,1,True,0.0
41972e19b17353b471daa83ca263985b90734a684c6cf04de158ceba557bba20,OO,26,R_end,1,True,0.0
41972e19b17353b471daa83ca263985b90734a684c6cf04de158ceba557bba20,OO,26,C_end,1,True,0.0
41972e19b17353b471daa83ca263985b90734a684c6cf04de158ceba557bba20,OO,26,D_pos,1,True,0.0
41972e19b17353b471daa83ca263985b90734a684c6cf04de158ceba557bba20,OS,14,R_end,1,True,0.0
41972e19b17353b471daa83ca263985b90734a684c6cf04de158ceba557bba20,OS,14,C_end,1,True,0.0
41972e19b17353b471daa83ca263985b90734a684c6cf04de158ceba557bba20,OS,14,D_pos,1,True,0.0
41972e19b17353b471daa83ca263985b90734a684c6cf04de158ceba557bba20,OS,18,R_end,1,True,0.0
41972e19b17353b471daa83ca263985b90734a684c6cf04de158ceba557bba20,OS,18,C_end,1,True,0.0
41972e19b17353b471daa83ca263985b90734a684c6cf04de158ceba557bba20,OS,18,D_pos,1,True,0.0
41972e19b17353b471daa83ca263985b90734a684c6cf04de158ceba557bba20,OS,22,R_end,1,True,0.0
41972e19b17353b471daa83ca263985b90734a684c6cf04de158ceba557bba20,OS,22,C_end,1,True,0.0
41972e19b17353b471daa83ca263985b90734a684c6cf04de158ceba557bba20,OS,22,D_pos,1,True,0.0
41972e19b17353b471daa83ca263985b90734a684c6cf04de158ceba557bba20,OS,26,R_end,1,True,0.0
41972e19b17353b471daa83ca263985b90734a684c6cf04de158ceba557bba20,OS,26,C_end,1,True,0.0
41972e19b17353b471daa83ca263985b90734a684c6cf04de158ceba557bba20,OS,26,D_pos,1,True,0.0
41972e19b17353b471daa83ca263985b90734a684c6cf04de158ceba557bba20,SO,14,R_end,1,True,0.0
41972e19b17353b471daa83ca263985b90734a684c6cf04de158ceba557bba20,SO,14,C_end,1,True,0.0
41972e19b17353b471daa83ca263985b90734a684c6cf04de158ceba557bba20,SO,14,D_pos,1,True,0.0
41972e19b17353b471daa83ca263985b90734a684c6cf04de158ceba557bba20,SO,18,R_end,1,True,0.0
41972e19b17353b471daa83ca263985b90734a684c6cf04de158ceba557bba20,SO,18,C_end,1,True,0.0
41972e19b17353b471daa83ca263985b90734a684c6cf04de158ceba557bba20,SO,18,D_pos,1,True,0.0
41972e19b17353b471daa83ca263985b90734a684c6cf04de158ceba557bba20,SO,22,R_end,1,True,0.0
41972e19b17353b471daa83ca263985b90734a684c6cf04de158ceba557bba20,SO,22,C_end,1,True,0.0
41972e19b17353b471daa83ca263985b90734a684c6cf04de158ceba557bba20,SO,22,D_pos,1,True,0.0
41972e19b17353b471daa83ca263985b90734a684c6cf04de158ceba557bba20,SO,26,R_end,1,True,0.0
41972e19b17353b471daa83ca263985b90734a684c6cf04de158ceba557bba20,SO,26,C_end,1,True,0.0
41972e19b17353b471daa83ca263985b90734a684c6cf04de158ceba557bba20,SO,26,D_pos,1,True,0.0
41972e19b17353b471daa83ca263985b90734a684c6cf04de158ceba557bba20,SS,14,R_end,1,True,0.0
41972e19b17353b471daa83ca263985b90734a684c6cf04de158ceba557bba20,SS,14,C_end,1,True,0.0
41972e19b17353b471daa83ca263985b90734a684c6cf04de158ceba557bba20,SS,14,D_pos,1,True,0.0
41972e19b17353b471daa83ca263985b90734a684c6cf04de158ceba557bba20,SS,18,R_end,1,True,0.0
41972e19b17353b471daa83ca263985b90734a684c6cf04de158ceba557bba20,SS,18,C_end,1,True,0.0
41972e19b17353b471daa83ca263985b90734a684c6cf04de158ceba557bba20,SS,18,D_pos,1,True,0.0
41972e19b17353b471daa83ca263985b90734a684c6cf04de158ceba557bba20,SS,22,R_end,1,True,0.0
41972e19b17353b471daa83ca263985b90734a684c6cf04de158ceba557bba20,SS,22,C_end,1,True,0.0
41972e19b17353b471daa83ca263985b90734a684c6cf04de158ceba557bba20,SS,22,D_pos,1,True,0.0
41972e19b17353b471daa83ca263985b90734a684c6cf04de158ceba557bba20,SS,26,R_end,1,True,0.0
41972e19b17353b471daa83ca263985b90734a684c6cf04de158ceba557bba20,SS,26,C_end,1,True,0.0
41972e19b17353b471daa83ca263985b90734a684c6cf04de158ceba557bba20,SS,26,D_pos,1,True,0.0
41bd5c2285dcb3536e999fcd7e2cde21de5cfa8bb2e9842810c6ae8f29e05588,OO,14,R_end,1,True,0.0
41bd5c2285dcb3536e999fcd7e2cde21de5cfa8bb2e9842810c6ae8f29e05588,OO,14,C_end,1,True,0.0
41bd5c2285dcb3536e999fcd7e2cde21de5cfa8bb2e9842810c6ae8f29e05588,OO,14,D_pos,1,True,0.0
41bd5c2285dcb3536e999fcd7e2cde21de5cfa8bb2e9842810c6ae8f29e05588,OO,18,R_end,1,True,0.0
41bd5c2285dcb3536e999fcd7e2cde21de5cfa8bb2e9842810c6ae8f29e05588,OO,18,C_end,1,True,0.0
41bd5c2285dcb3536e999fcd7e2cde21de5cfa8bb2e9842810c6ae8f29e05588,OO,18,D_pos,1,True,0.0
41bd5c2285dcb3536e999fcd7e2cde21de5cfa8bb2e9842810c6ae8f29e05588,OO,22,R_end,1,True,0.0
41bd5c2285dcb3536e999fcd7e2cde21de5cfa8bb2e9842810c6ae8f29e05588,OO,22,C_end,1,True,0.0
41bd5c2285dcb3536e999fcd7e2cde21de5cfa8bb2e9842810c6ae8f29e05588,OO,22,D_pos,1,True,0.0
41bd5c2285dcb3536e999fcd7e2cde21de5cfa8bb2e9842810c6ae8f29e05588,OO,26,R_end,1,True,0.0
41bd5c2285dcb3536e999fcd7e2cde21de5cfa8bb2e9842810c6ae8f29e05588,OO,26,C_end,1,True,0.0
41bd5c2285dcb3536e999fcd7e2cde21de5cfa8bb2e9842810c6ae8f29e05588,OO,26,D_pos,1,True,0.0
41bd5c2285dcb3536e999fcd7e2cde21de5cfa8bb2e9842810c6ae8f29e05588,OS,14,R_end,1,True,0.0
41bd5c2285dcb3536e999fcd7e2cde21de5cfa8bb2e9842810c6ae8f29e05588,OS,14,C_end,1,True,0.0
41bd5c2285dcb3536e999fcd7e2cde21de5cfa8bb2e9842810c6ae8f29e05588,OS,14,D_pos,1,True,0.0
41bd5c2285dcb3536e999fcd7e2cde21de5cfa8bb2e9842810c6ae8f29e05588,OS,18,R_end,1,True,0.0
41bd5c2285dcb3536e999fcd7e2cde21de5cfa8bb2e9842810c6ae8f29e05588,OS,18,C_end,1,True,0.0
41bd5c2285dcb3536e999fcd7e2cde21de5cfa8bb2e9842810c6ae8f29e05588,OS,18,D_pos,1,True,0.0
41bd5c2285dcb3536e999fcd7e2cde21de5cfa8bb2e9842810c6ae8f29e05588,OS,22,R_end,1,True,0.0
41bd5c2285dcb3536e999fcd7e2cde21de5cfa8bb2e9842810c6ae8f29e05588,OS,22,C_end,1,True,0.0
41bd5c2285dcb3536e999fcd7e2cde21de5cfa8bb2e9842810c6ae8f29e05588,OS,22,D_pos,1,True,0.0
41bd5c2285dcb3536e999fcd7e2cde21de5cfa8bb2e9842810c6ae8f29e05588,OS,26,R_end,1,True,0.0
41bd5c2285dcb3536e999fcd7e2cde21de5cfa8bb2e9842810c6ae8f29e05588,OS,26,C_end,1,True,0.0
41bd5c2285dcb3536e999fcd7e2cde21de5cfa8bb2e9842810c6ae8f29e05588,OS,26,D_pos,1,True,0.0
41bd5c2285dcb3536e999fcd7e2cde21de5cfa8bb2e9842810c6ae8f29e05588,SO,14,R_end,1,True,0.0
41bd5c2285dcb3536e999fcd7e2cde21de5cfa8bb2e9842810c6ae8f29e05588,SO,14,C_end,1,True,0.0
41bd5c2285dcb3536e999fcd7e2cde21de5cfa8bb2e9842810c6ae8f29e05588,SO,14,D_pos,1,True,0.0
41bd5c2285dcb3536e999fcd7e2cde21de5cfa8bb2e9842810c6ae8f29e05588,SO,18,R_end,1,True,0.0
41bd5c2285dcb3536e999fcd7e2cde21de5cfa8bb2e9842810c6ae8f29e05588,SO,18,C_end,1,True,0.0
41bd5c2285dcb3536e999fcd7e2cde21de5cfa8bb2e9842810c6ae8f29e05588,SO,18,D_pos,1,True,0.0
41bd5c2285dcb3536e999fcd7e2cde21de5cfa8bb2e9842810c6ae8f29e05588,SO,22,R_end,1,True,0.0
41bd5c2285dcb3536e999fcd7e2cde21de5cfa8bb2e9842810c6ae8f29e05588,SO,22,C_end,1,True,0.0
41bd5c2285dcb3536e999fcd7e2cde21de5cfa8bb2e9842810c6ae8f29e05588,SO,22,D_pos,1,True,0.0
41bd5c2285dcb3536e999fcd7e2cde21de5cfa8bb2e9842810c6ae8f29e05588,SO,26,R_end,1,True,0.0
41bd5c2285dcb3536e999fcd7e2cde21de5cfa8bb2e9842810c6ae8f29e05588,SO,26,C_end,1,True,0.0
41bd5c2285dcb3536e999fcd7e2cde21de5cfa8bb2e9842810c6ae8f29e05588,SO,26,D_pos,1,True,0.0
41bd5c2285dcb3536e999fcd7e2cde21de5cfa8bb2e9842810c6ae8f29e05588,SS,14,R_end,1,True,0.0
41bd5c2285dcb3536e999fcd7e2cde21de5cfa8bb2e9842810c6ae8f29e05588,SS,14,C_end,1,True,0.0
41bd5c2285dcb3536e999fcd7e2cde21de5cfa8bb2e9842810c6ae8f29e05588,SS,14,D_pos,1,True,0.0
41bd5c2285dcb3536e999fcd7e2cde21de5cfa8bb2e9842810c6ae8f29e05588,SS,18,R_end,1,True,0.0
41bd5c2285dcb3536e999fcd7e2cde21de5cfa8bb2e9842810c6ae8f29e05588,SS,18,C_end,1,True,0.0
41bd5c2285dcb3536e999fcd7e2cde21de5cfa8bb2e9842810c6ae8f29e05588,SS,18,D_pos,1,True,0.0
41bd5c2285dcb3536e999fcd7e2cde21de5cfa8bb2e9842810c6ae8f29e05588,SS,22,R_end,1,True,0.0
41bd5c2285dcb3536e999fcd7e2cde21de5cfa8bb2e9842810c6ae8f29e05588,SS,22,C_end,1,True,0.0
41bd5c2285dcb3536e999fcd7e2cde21de5cfa8bb2e9842810c6ae8f29e05588,SS,22,D_pos,1,True,0.0
41bd5c2285dcb3536e999fcd7e2cde21de5cfa8bb2e9842810c6ae8f29e05588,SS,26,R_end,1,True,0.0
41bd5c2285dcb3536e999fcd7e2cde21de5cfa8bb2e9842810c6ae8f29e05588,SS,26,C_end,1,True,0.0
41bd5c2285dcb3536e999fcd7e2cde21de5cfa8bb2e9842810c6ae8f29e05588,SS,26,D_pos,1,True,0.0
41f4f125f31ef8e2c24b2b54d17e9ec1332933a5182bb658df2b71e74210f07a,OO,14,R_end,1,True,0.0
41f4f125f31ef8e2c24b2b54d17e9ec1332933a5182bb658df2b71e74210f07a,OO,14,C_end,1,True,0.0
41f4f125f31ef8e2c24b2b54d17e9ec1332933a5182bb658df2b71e74210f07a,OO,14,D_pos,1,True,0.0
41f4f125f31ef8e2c24b2b54d17e9ec1332933a5182bb658df2b71e74210f07a,OO,18,R_end,1,True,0.0
41f4f125f31ef8e2c24b2b54d17e9ec1332933a5182bb658df2b71e74210f07a,OO,18,C_end,1,True,0.0
41f4f125f31ef8e2c24b2b54d17e9ec1332933a5182bb658df2b71e74210f07a,OO,18,D_pos,1,True,0.0
41f4f125f31ef8e2c24b2b54d17e9ec1332933a5182bb658df2b71e74210f07a,OO,22,R_end,1,True,0.0
41f4f125f31ef8e2c24b2b54d17e9ec1332933a5182bb658df2b71e74210f07a,OO,22,C_end,1,True,0.0
41f4f125f31ef8e2c24b2b54d17e9ec1332933a5182bb658df2b71e74210f07a,OO,22,D_pos,1,True,0.0
41f4f125f31ef8e2c24b2b54d17e9ec1332933a5182bb658df2b71e74210f07a,OO,26,R_end,1,True,0.0
41f4f125f31ef8e2c24b2b54d17e9ec1332933a5182bb658df2b71e74210f07a,OO,26,C_end,1,True,0.0
41f4f125f31ef8e2c24b2b54d17e9ec1332933a5182bb658df2b71e74210f07a,OO,26,D_pos,1,True,0.0
41f4f125f31ef8e2c24b2b54d17e9ec1332933a5182bb658df2b71e74210f07a,OS,14,R_end,1,True,0.0
41f4f125f31ef8e2c24b2b54d17e9ec1332933a5182bb658df2b71e74210f07a,OS,14,C_end,1,True,0.0
41f4f125f31ef8e2c24b2b54d17e9ec1332933a5182bb658df2b71e74210f07a,OS,14,D_pos,1,True,0.0
41f4f125f31ef8e2c24b2b54d17e9ec1332933a5182bb658df2b71e74210f07a,OS,18,R_end,1,True,0.0
41f4f125f31ef8e2c24b2b54d17e9ec1332933a5182bb658df2b71e74210f07a,OS,18,C_end,1,True,0.0
41f4f125f31ef8e2c24b2b54d17e9ec1332933a5182bb658df2b71e74210f07a,OS,18,D_pos,1,True,0.0
41f4f125f31ef8e2c24b2b54d17e9ec1332933a5182bb658df2b71e74210f07a,OS,22,R_end,1,True,0.0
41f4f125f31ef8e2c24b2b54d17e9ec1332933a5182bb658df2b71e74210f07a,OS,22,C_end,1,True,0.0
41f4f125f31ef8e2c24b2b54d17e9ec1332933a5182bb658df2b71e74210f07a,OS,22,D_pos,1,True,0.0
41f4f125f31ef8e2c24b2b54d17e9ec1332933a5182bb658df2b71e74210f07a,OS,26,R_end,1,True,0.0
41f4f125f31ef8e2c24b2b54d17e9ec1332933a5182bb658df2b71e74210f07a,OS,26,C_end,1,True,0.0
41f4f125f31ef8e2c24b2b54d17e9ec1332933a5182bb658df2b71e74210f07a,OS,26,D_pos,1,True,0.0
41f4f125f31ef8e2c24b2b54d17e9ec1332933a5182bb658df2b71e74210f07a,SO,14,R_end,1,True,0.0
41f4f125f31ef8e2c24b2b54d17e9ec1332933a5182bb658df2b71e74210f07a,SO,14,C_end,1,True,0.0
41f4f125f31ef8e2c24b2b54d17e9ec1332933a5182bb658df2b71e74210f07a,SO,14,D_pos,1,True,0.0
41f4f125f31ef8e2c24b2b54d17e9ec1332933a5182bb658df2b71e74210f07a,SO,18,R_end,1,True,0.0
41f4f125f31ef8e2c24b2b54d17e9ec1332933a5182bb658df2b71e74210f07a,SO,18,C_end,1,True,0.0
41f4f125f31ef8e2c24b2b54d17e9ec1332933a5182bb658df2b71e74210f07a,SO,18,D_pos,1,True,0.0
41f4f125f31ef8e2c24b2b54d17e9ec1332933a5182bb658df2b71e74210f07a,SO,22,R_end,1,True,0.0
41f4f125f31ef8e2c24b2b54d17e9ec1332933a5182bb658df2b71e74210f07a,SO,22,C_end,1,True,0.0
41f4f125f31ef8e2c24b2b54d17e9ec1332933a5182bb658df2b71e74210f07a,SO,22,D_pos,1,True,0.0
41f4f125f31ef8e2c24b2b54d17e9ec1332933a5182bb658df2b71e74210f07a,SO,26,R_end,1,True,0.0
41f4f125f31ef8e2c24b2b54d17e9ec1332933a5182bb658df2b71e74210f07a,SO,26,C_end,1,True,0.0
41f4f125f31ef8e2c24b2b54d17e9ec1332933a5182bb658df2b71e74210f07a,SO,26,D_pos,1,True,0.0
41f4f125f31ef8e2c24b2b54d17e9ec1332933a5182bb658df2b71e74210f07a,SS,14,R_end,1,True,0.0
41f4f125f31ef8e2c24b2b54d17e9ec1332933a5182bb658df2b71e74210f07a,SS,14,C_end,1,True,0.0
41f4f125f31ef8e2c24b2b54d17e9ec1332933a5182bb658df2b71e74210f07a,SS,14,D_pos,1,True,0.0
41f4f125f31ef8e2c24b2b54d17e9ec1332933a5182bb658df2b71e74210f07a,SS,18,R_end,1,True,0.0
41f4f125f31ef8e2c24b2b54d17e9ec1332933a5182bb658df2b71e74210f07a,SS,18,C_end,1,True,0.0
41f4f125f31ef8e2c24b2b54d17e9ec1332933a5182bb658df2b71e74210f07a,SS,18,D_pos,1,True,0.0
41f4f125f31ef8e2c24b2b54d17e9ec1332933a5182bb658df2b71e74210f07a,SS,22,R_end,1,True,0.0
41f4f125f31ef8e2c24b2b54d17e9ec1332933a5182bb658df2b71e74210f07a,SS,22,C_end,1,True,0.0
41f4f125f31ef8e2c24b2b54d17e9ec1332933a5182bb658df2b71e74210f07a,SS,22,D_pos,1,True,0.0
41f4f125f31ef8e2c24b2b54d17e9ec1332933a5182bb658df2b71e74210f07a,SS,26,R_end,1,True,0.0
41f4f125f31ef8e2c24b2b54d17e9ec1332933a5182bb658df2b71e74210f07a,SS,26,C_end,1,True,0.0
41f4f125f31ef8e2c24b2b54d17e9ec1332933a5182bb658df2b71e74210f07a,SS,26,D_pos,1,True,0.0
425597e7c6465516510ec8386f5266b416983270bf2da29be80104b652ec25af,OO,14,R_end,1,True,0.0
425597e7c6465516510ec8386f5266b416983270bf2da29be80104b652ec25af,OO,14,C_end,1,True,0.0
425597e7c6465516510ec8386f5266b416983270bf2da29be80104b652ec25af,OO,14,D_pos,1,True,0.0
425597e7c6465516510ec8386f5266b416983270bf2da29be80104b652ec25af,OO,18,R_end,1,True,0.0
425597e7c6465516510ec8386f5266b416983270bf2da29be80104b652ec25af,OO,18,C_end,1,True,0.0
425597e7c6465516510ec8386f5266b416983270bf2da29be80104b652ec25af,OO,18,D_pos,1,True,0.0
425597e7c6465516510ec8386f5266b416983270bf2da29be80104b652ec25af,OO,22,R_end,1,True,0.0
425597e7c6465516510ec8386f5266b416983270bf2da29be80104b652ec25af,OO,22,C_end,1,True,0.0
425597e7c6465516510ec8386f5266b416983270bf2da29be80104b652ec25af,OO,22,D_pos,1,True,0.0
425597e7c6465516510ec8386f5266b416983270bf2da29be80104b652ec25af,OO,26,R_end,1,True,0.0
425597e7c6465516510ec8386f5266b416983270bf2da29be80104b652ec25af,OO,26,C_end,1,True,0.0
425597e7c6465516510ec8386f5266b416983270bf2da29be80104b652ec25af,OO,26,D_pos,1,True,0.0
425597e7c6465516510ec8386f5266b416983270bf2da29be80104b652ec25af,OS,14,R_end,1,True,0.0
425597e7c6465516510ec8386f5266b416983270bf2da29be80104b652ec25af,OS,14,C_end,1,True,0.0
425597e7c6465516510ec8386f5266b416983270bf2da29be80104b652ec25af,OS,14,D_pos,1,True,0.0
425597e7c6465516510ec8386f5266b416983270bf2da29be80104b652ec25af,OS,18,R_end,1,True,0.0
425597e7c6465516510ec8386f5266b416983270bf2da29be80104b652ec25af,OS,18,C_end,1,True,0.0
425597e7c6465516510ec8386f5266b416983270bf2da29be80104b652ec25af,OS,18,D_pos,1,True,0.0
425597e7c6465516510ec8386f5266b416983270bf2da29be80104b652ec25af,OS,22,R_end,1,True,0.0
425597e7c6465516510ec8386f5266b416983270bf2da29be80104b652ec25af,OS,22,C_end,1,True,0.0
425597e7c6465516510ec8386f5266b416983270bf2da29be80104b652ec25af,OS,22,D_pos,1,True,0.0
425597e7c6465516510ec8386f5266b416983270bf2da29be80104b652ec25af,OS,26,R_end,1,True,0.0
425597e7c6465516510ec8386f5266b416983270bf2da29be80104b652ec25af,OS,26,C_end,1,True,0.0
425597e7c6465516510ec8386f5266b416983270bf2da29be80104b652ec25af,OS,26,D_pos,1,True,0.0
425597e7c6465516510ec8386f5266b416983270bf2da29be80104b652ec25af,SO,14,R_end,1,True,0.0
425597e7c6465516510ec8386f5266b416983270bf2da29be80104b652ec25af,SO,14,C_end,1,True,0.0
425597e7c6465516510ec8386f5266b416983270bf2da29be80104b652ec25af,SO,14,D_pos,1,True,0.0
425597e7c6465516510ec8386f5266b416983270bf2da29be80104b652ec25af,SO,18,R_end,1,True,0.0
425597e7c6465516510ec8386f5266b416983270bf2da29be80104b652ec25af,SO,18,C_end,1,True,0.0
425597e7c6465516510ec8386f5266b416983270bf2da29be80104b652ec25af,SO,18,D_pos,1,True,0.0
425597e7c6465516510ec8386f5266b416983270bf2da29be80104b652ec25af,SO,22,R_end,1,True,0.0
425597e7c6465516510ec8386f5266b416983270bf2da29be80104b652ec25af,SO,22,C_end,1,True,0.0
425597e7c6465516510ec8386f5266b416983270bf2da29be80104b652ec25af,SO,22,D_pos,1,True,0.0
425597e7c6465516510ec8386f5266b416983270bf2da29be80104b652ec25af,SO,26,R_end,1,True,0.0
425597e7c6465516510ec8386f5266b416983270bf2da29be80104b652ec25af,SO,26,C_end,1,True,0.0
425597e7c6465516510ec8386f5266b416983270bf2da29be80104b652ec25af,SO,26,D_pos,1,True,0.0
425597e7c6465516510ec8386f5266b416983270bf2da29be80104b652ec25af,SS,14,R_end,1,True,0.0
425597e7c6465516510ec8386f5266b416983270bf2da29be80104b652ec25af,SS,14,C_end,1,True,0.0
425597e7c6465516510ec8386f5266b416983270bf2da29be80104b652ec25af,SS,14,D_pos,1,True,0.0
425597e7c6465516510ec8386f5266b416983270bf2da29be80104b652ec25af,SS,18,R_end,1,True,0.0
425597e7c6465516510ec8386f5266b416983270bf2da29be80104b652ec25af,SS,18,C_end,1,True,0.0
425597e7c6465516510ec8386f5266b416983270bf2da29be80104b652ec25af,SS,18,D_pos,1,True,0.0
425597e7c6465516510ec8386f5266b416983270bf2da29be80104b652ec25af,SS,22,R_end,1,True,0.0
425597e7c6465516510ec8386f5266b416983270bf2da29be80104b652ec25af,SS,22,C_end,1,True,0.0
425597e7c6465516510ec8386f5266b416983270bf2da29be80104b652ec25af,SS,22,D_pos,1,True,0.0
425597e7c6465516510ec8386f5266b416983270bf2da29be80104b652ec25af,SS,26,R_end,1,True,0.0
425597e7c6465516510ec8386f5266b416983270bf2da29be80104b652ec25af,SS,26,C_end,1,True,0.0
425597e7c6465516510ec8386f5266b416983270bf2da29be80104b652ec25af,SS,26,D_pos,1,True,0.0
4271cfe8b61a8a3393e85c06aa38d43ea9b075538d57c363e9ce3260328b75b4,OO,14,R_end,1,True,0.0
4271cfe8b61a8a3393e85c06aa38d43ea9b075538d57c363e9ce3260328b75b4,OO,14,C_end,1,True,0.0
4271cfe8b61a8a3393e85c06aa38d43ea9b075538d57c363e9ce3260328b75b4,OO,14,D_pos,1,True,0.0
4271cfe8b61a8a3393e85c06aa38d43ea9b075538d57c363e9ce3260328b75b4,OO,18,R_end,1,True,0.0
4271cfe8b61a8a3393e85c06aa38d43ea9b075538d57c363e9ce3260328b75b4,OO,18,C_end,1,True,0.0
4271cfe8b61a8a3393e85c06aa38d43ea9b075538d57c363e9ce3260328b75b4,OO,18,D_pos,1,True,0.0
4271cfe8b61a8a3393e85c06aa38d43ea9b075538d57c363e9ce3260328b75b4,OO,22,R_end,1,True,0.0
4271cfe8b61a8a3393e85c06aa38d43ea9b075538d57c363e9ce3260328b75b4,OO,22,C_end,1,True,0.0
4271cfe8b61a8a3393e85c06aa38d43ea9b075538d57c363e9ce3260328b75b4,OO,22,D_pos,1,True,0.0
4271cfe8b61a8a3393e85c06aa38d43ea9b075538d57c363e9ce3260328b75b4,OO,26,R_end,1,True,0.0
4271cfe8b61a8a3393e85c06aa38d43ea9b075538d57c363e9ce3260328b75b4,OO,26,C_end,1,True,0.0
4271cfe8b61a8a3393e85c06aa38d43ea9b075538d57c363e9ce3260328b75b4,OO,26,D_pos,1,True,0.0
4271cfe8b61a8a3393e85c06aa38d43ea9b075538d57c363e9ce3260328b75b4,OS,14,R_end,1,True,0.0
4271cfe8b61a8a3393e85c06aa38d43ea9b075538d57c363e9ce3260328b75b4,OS,14,C_end,1,True,0.0
4271cfe8b61a8a3393e85c06aa38d43ea9b075538d57c363e9ce3260328b75b4,OS,14,D_pos,1,True,0.0
4271cfe8b61a8a3393e85c06aa38d43ea9b075538d57c363e9ce3260328b75b4,OS,18,R_end,1,True,0.0
4271cfe8b61a8a3393e85c06aa38d43ea9b075538d57c363e9ce3260328b75b4,OS,18,C_end,1,True,0.0
4271cfe8b61a8a3393e85c06aa38d43ea9b075538d57c363e9ce3260328b75b4,OS,18,D_pos,1,True,0.0
4271cfe8b61a8a3393e85c06aa38d43ea9b075538d57c363e9ce3260328b75b4,OS,22,R_end,1,True,0.0
4271cfe8b61a8a3393e85c06aa38d43ea9b075538d57c363e9ce3260328b75b4,OS,22,C_end,1,True,0.0
4271cfe8b61a8a3393e85c06aa38d43ea9b075538d57c363e9ce3260328b75b4,OS,22,D_pos,1,True,0.0
4271cfe8b61a8a3393e85c06aa38d43ea9b075538d57c363e9ce3260328b75b4,OS,26,R_end,1,True,0.0
4271cfe8b61a8a3393e85c06aa38d43ea9b075538d57c363e9ce3260328b75b4,OS,26,C_end,1,True,0.0
4271cfe8b61a8a3393e85c06aa38d43ea9b075538d57c363e9ce3260328b75b4,OS,26,D_pos,1,True,0.0
4271cfe8b61a8a3393e85c06aa38d43ea9b075538d57c363e9ce3260328b75b4,SO,14,R_end,1,True,0.0
4271cfe8b61a8a3393e85c06aa38d43ea9b075538d57c363e9ce3260328b75b4,SO,14,C_end,1,True,0.0
4271cfe8b61a8a3393e85c06aa38d43ea9b075538d57c363e9ce3260328b75b4,SO,14,D_pos,1,True,0.0
4271cfe8b61a8a3393e85c06aa38d43ea9b075538d57c363e9ce3260328b75b4,SO,18,R_end,1,True,0.0
4271cfe8b61a8a3393e85c06aa38d43ea9b075538d57c363e9ce3260328b75b4,SO,18,C_end,1,True,0.0
4271cfe8b61a8a3393e85c06aa38d43ea9b075538d57c363e9ce3260328b75b4,SO,18,D_pos,1,True,0.0
4271cfe8b61a8a3393e85c06aa38d43ea9b075538d57c363e9ce3260328b75b4,SO,22,R_end,1,True,0.0
4271cfe8b61a8a3393e85c06aa38d43ea9b075538d57c363e9ce3260328b75b4,SO,22,C_end,1,True,0.0
4271cfe8b61a8a3393e85c06aa38d43ea9b075538d57c363e9ce3260328b75b4,SO,22,D_pos,1,True,0.0
4271cfe8b61a8a3393e85c06aa38d43ea9b075538d57c363e9ce3260328b75b4,SO,26,R_end,1,True,0.0
4271cfe8b61a8a3393e85c06aa38d43ea9b075538d57c363e9ce3260328b75b4,SO,26,C_end,1,True,0.0
4271cfe8b61a8a3393e85c06aa38d43ea9b075538d57c363e9ce3260328b75b4,SO,26,D_pos,1,True,0.0
4271cfe8b61a8a3393e85c06aa38d43ea9b075538d57c363e9ce3260328b75b4,SS,14,R_end,1,True,0.0
4271cfe8b61a8a3393e85c06aa38d43ea9b075538d57c363e9ce3260328b75b4,SS,14,C_end,1,True,0.0
4271cfe8b61a8a3393e85c06aa38d43ea9b075538d57c363e9ce3260328b75b4,SS,14,D_pos,1,True,0.0
4271cfe8b61a8a3393e85c06aa38d43ea9b075538d57c363e9ce3260328b75b4,SS,18,R_end,1,True,0.0
4271cfe8b61a8a3393e85c06aa38d43ea9b075538d57c363e9ce3260328b75b4,SS,18,C_end,1,True,0.0
4271cfe8b61a8a3393e85c06aa38d43ea9b075538d57c363e9ce3260328b75b4,SS,18,D_pos,1,True,0.0
4271cfe8b61a8a3393e85c06aa38d43ea9b075538d57c363e9ce3260328b75b4,SS,22,R_end,1,True,0.0
4271cfe8b61a8a3393e85c06aa38d43ea9b075538d57c363e9ce3260328b75b4,SS,22,C_end,1,True,0.0
4271cfe8b61a8a3393e85c06aa38d43ea9b075538d57c363e9ce3260328b75b4,SS,22,D_pos,1,True,0.0
4271cfe8b61a8a3393e85c06aa38d43ea9b075538d57c363e9ce3260328b75b4,SS,26,R_end,1,True,0.0
4271cfe8b61a8a3393e85c06aa38d43ea9b075538d57c363e9ce3260328b75b4,SS,26,C_end,1,True,0.0
4271cfe8b61a8a3393e85c06aa38d43ea9b075538d57c363e9ce3260328b75b4,SS,26,D_pos,1,True,0.0
439ffe75992797ee13316de00c9d6aa9971cb83d549d64af220f741dded7b4d2,OO,14,R_end,1,True,0.0
439ffe75992797ee13316de00c9d6aa9971cb83d549d64af220f741dded7b4d2,OO,14,C_end,1,True,0.0
439ffe75992797ee13316de00c9d6aa9971cb83d549d64af220f741dded7b4d2,OO,14,D_pos,1,True,0.0
439ffe75992797ee13316de00c9d6aa9971cb83d549d64af220f741dded7b4d2,OO,18,R_end,1,True,0.0
439ffe75992797ee13316de00c9d6aa9971cb83d549d64af220f741dded7b4d2,OO,18,C_end,1,True,0.0
439ffe75992797ee13316de00c9d6aa9971cb83d549d64af220f741dded7b4d2,OO,18,D_pos,1,True,0.0
439ffe75992797ee13316de00c9d6aa9971cb83d549d64af220f741dded7b4d2,OO,22,R_end,1,True,0.0
439ffe75992797ee13316de00c9d6aa9971cb83d549d64af220f741dded7b4d2,OO,22,C_end,1,True,0.0
439ffe75992797ee13316de00c9d6aa9971cb83d549d64af220f741dded7b4d2,OO,22,D_pos,1,True,0.0
439ffe75992797ee13316de00c9d6aa9971cb83d549d64af220f741dded7b4d2,OO,26,R_end,1,True,0.0
439ffe75992797ee13316de00c9d6aa9971cb83d549d64af220f741dded7b4d2,OO,26,C_end,1,True,0.0
439ffe75992797ee13316de00c9d6aa9971cb83d549d64af220f741dded7b4d2,OO,26,D_pos,1,True,0.0
439ffe75992797ee13316de00c9d6aa9971cb83d549d64af220f741dded7b4d2,OS,14,R_end,1,True,0.0
439ffe75992797ee13316de00c9d6aa9971cb83d549d64af220f741dded7b4d2,OS,14,C_end,1,True,0.0
439ffe75992797ee13316de00c9d6aa9971cb83d549d64af220f741dded7b4d2,OS,14,D_pos,1,True,0.0
439ffe75992797ee13316de00c9d6aa9971cb83d549d64af220f741dded7b4d2,OS,18,R_end,1,True,0.0
439ffe75992797ee13316de00c9d6aa9971cb83d549d64af220f741dded7b4d2,OS,18,C_end,1,True,0.0
439ffe75992797ee13316de00c9d6aa9971cb83d549d64af220f741dded7b4d2,OS,18,D_pos,1,True,0.0
439ffe75992797ee13316de00c9d6aa9971cb83d549d64af220f741dded7b4d2,OS,22,R_end,1,True,0.0
439ffe75992797ee13316de00c9d6aa9971cb83d549d64af220f741dded7b4d2,OS,22,C_end,1,True,0.0
439ffe75992797ee13316de00c9d6aa9971cb83d549d64af220f741dded7b4d2,OS,22,D_pos,1,True,0.0
439ffe75992797ee13316de00c9d6aa9971cb83d549d64af220f741dded7b4d2,OS,26,R_end,1,True,0.0
439ffe75992797ee13316de00c9d6aa9971cb83d549d64af220f741dded7b4d2,OS,26,C_end,1,True,0.0
439ffe75992797ee13316de00c9d6aa9971cb83d549d64af220f741dded7b4d2,OS,26,D_pos,1,True,0.0
439ffe75992797ee13316de00c9d6aa9971cb83d549d64af220f741dded7b4d2,SO,14,R_end,1,True,0.0
439ffe75992797ee13316de00c9d6aa9971cb83d549d64af220f741dded7b4d2,SO,14,C_end,1,True,0.0
439ffe75992797ee13316de00c9d6aa9971cb83d549d64af220f741dded7b4d2,SO,14,D_pos,1,True,0.0
439ffe75992797ee13316de00c9d6aa9971cb83d549d64af220f741dded7b4d2,SO,18,R_end,1,True,0.0
439ffe75992797ee13316de00c9d6aa9971cb83d549d64af220f741dded7b4d2,SO,18,C_end,1,True,0.0
439ffe75992797ee13316de00c9d6aa9971cb83d549d64af220f741dded7b4d2,SO,18,D_pos,1,True,0.0
439ffe75992797ee13316de00c9d6aa9971cb83d549d64af220f741dded7b4d2,SO,22,R_end,1,True,0.0
439ffe75992797ee13316de00c9d6aa9971cb83d549d64af220f741dded7b4d2,SO,22,C_end,1,True,0.0
439ffe75992797ee13316de00c9d6aa9971cb83d549d64af220f741dded7b4d2,SO,22,D_pos,1,True,0.0
439ffe75992797ee13316de00c9d6aa9971cb83d549d64af220f741dded7b4d2,SO,26,R_end,1,True,0.0
439ffe75992797ee13316de00c9d6aa9971cb83d549d64af220f741dded7b4d2,SO,26,C_end,1,True,0.0
439ffe75992797ee13316de00c9d6aa9971cb83d549d64af220f741dded7b4d2,SO,26,D_pos,1,True,0.0
439ffe75992797ee13316de00c9d6aa9971cb83d549d64af220f741dded7b4d2,SS,14,R_end,1,True,0.0
439ffe75992797ee13316de00c9d6aa9971cb83d549d64af220f741dded7b4d2,SS,14,C_end,1,True,0.0
439ffe75992797ee13316de00c9d6aa9971cb83d549d64af220f741dded7b4d2,SS,14,D_pos,1,True,0.0
439ffe75992797ee13316de00c9d6aa9971cb83d549d64af220f741dded7b4d2,SS,18,R_end,1,True,0.0
439ffe75992797ee13316de00c9d6aa9971cb83d549d64af220f741dded7b4d2,SS,18,C_end,1,True,0.0
439ffe75992797ee13316de00c9d6aa9971cb83d549d64af220f741dded7b4d2,SS,18,D_pos,1,True,0.0
439ffe75992797ee13316de00c9d6aa9971cb83d549d64af220f741dded7b4d2,SS,22,R_end,1,True,0.0
439ffe75992797ee13316de00c9d6aa9971cb83d549d64af220f741dded7b4d2,SS,22,C_end,1,True,0.0
439ffe75992797ee13316de00c9d6aa9971cb83d549d64af220f741dded7b4d2,SS,22,D_pos,1,True,0.0
439ffe75992797ee13316de00c9d6aa9971cb83d549d64af220f741dded7b4d2,SS,26,R_end,1,True,0.0
439ffe75992797ee13316de00c9d6aa9971cb83d549d64af220f741dded7b4d2,SS,26,C_end,1,True,0.0
439ffe75992797ee13316de00c9d6aa9971cb83d549d64af220f741dded7b4d2,SS,26,D_pos,1,True,0.0
47ccd792c57b9a4d617bbe4826f0c86753850106491369e516ebbb767746ddec,OO,14,R_end,1,True,0.0
47ccd792c57b9a4d617bbe4826f0c86753850106491369e516ebbb767746ddec,OO,14,C_end,1,True,0.0
47ccd792c57b9a4d617bbe4826f0c86753850106491369e516ebbb767746ddec,OO,14,D_pos,1,True,0.0
47ccd792c57b9a4d617bbe4826f0c86753850106491369e516ebbb767746ddec,OO,18,R_end,1,True,0.0
47ccd792c57b9a4d617bbe4826f0c86753850106491369e516ebbb767746ddec,OO,18,C_end,1,True,0.0
47ccd792c57b9a4d617bbe4826f0c86753850106491369e516ebbb767746ddec,OO,18,D_pos,1,True,0.0
47ccd792c57b9a4d617bbe4826f0c86753850106491369e516ebbb767746ddec,OO,22,R_end,1,True,0.0
47ccd792c57b9a4d617bbe4826f0c86753850106491369e516ebbb767746ddec,OO,22,C_end,1,True,0.0
47ccd792c57b9a4d617bbe4826f0c86753850106491369e516ebbb767746ddec,OO,22,D_pos,1,True,0.0
47ccd792c57b9a4d617bbe4826f0c86753850106491369e516ebbb767746ddec,OO,26,R_end,1,True,0.0
47ccd792c57b9a4d617bbe4826f0c86753850106491369e516ebbb767746ddec,OO,26,C_end,1,True,0.0
47ccd792c57b9a4d617bbe4826f0c86753850106491369e516ebbb767746ddec,OO,26,D_pos,1,True,0.0
47ccd792c57b9a4d617bbe4826f0c86753850106491369e516ebbb767746ddec,OS,14,R_end,1,True,0.0
47ccd792c57b9a4d617bbe4826f0c86753850106491369e516ebbb767746ddec,OS,14,C_end,1,True,0.0
47ccd792c57b9a4d617bbe4826f0c86753850106491369e516ebbb767746ddec,OS,14,D_pos,1,True,0.0
47ccd792c57b9a4d617bbe4826f0c86753850106491369e516ebbb767746ddec,OS,18,R_end,1,True,0.0
47ccd792c57b9a4d617bbe4826f0c86753850106491369e516ebbb767746ddec,OS,18,C_end,1,True,0.0
47ccd792c57b9a4d617bbe4826f0c86753850106491369e516ebbb767746ddec,OS,18,D_pos,1,True,0.0
47ccd792c57b9a4d617bbe4826f0c86753850106491369e516ebbb767746ddec,OS,22,R_end,1,True,0.0
47ccd792c57b9a4d617bbe4826f0c86753850106491369e516ebbb767746ddec,OS,22,C_end,1,True,0.0
47ccd792c57b9a4d617bbe4826f0c86753850106491369e516ebbb767746ddec,OS,22,D_pos,1,True,0.0
47ccd792c57b9a4d617bbe4826f0c86753850106491369e516ebbb767746ddec,OS,26,R_end,1,True,0.0
47ccd792c57b9a4d617bbe4826f0c86753850106491369e516ebbb767746ddec,OS,26,C_end,1,True,0.0
47ccd792c57b9a4d617bbe4826f0c86753850106491369e516ebbb767746ddec,OS,26,D_pos,1,True,0.0
47ccd792c57b9a4d617bbe4826f0c86753850106491369e516ebbb767746ddec,SO,14,R_end,1,True,0.0
47ccd792c57b9a4d617bbe4826f0c86753850106491369e516ebbb767746ddec,SO,14,C_end,1,True,0.0
47ccd792c57b9a4d617bbe4826f0c86753850106491369e516ebbb767746ddec,SO,14,D_pos,1,True,0.0
47ccd792c57b9a4d617bbe4826f0c86753850106491369e516ebbb767746ddec,SO,18,R_end,1,True,0.0
47ccd792c57b9a4d617bbe4826f0c86753850106491369e516ebbb767746ddec,SO,18,C_end,1,True,0.0
47ccd792c57b9a4d617bbe4826f0c86753850106491369e516ebbb767746ddec,SO,18,D_pos,1,True,0.0
47ccd792c57b9a4d617bbe4826f0c86753850106491369e516ebbb767746ddec,SO,22,R_end,1,True,0.0
47ccd792c57b9a4d617bbe4826f0c86753850106491369e516ebbb767746ddec,SO,22,C_end,1,True,0.0
47ccd792c57b9a4d617bbe4826f0c86753850106491369e516ebbb767746ddec,SO,22,D_pos,1,True,0.0
47ccd792c57b9a4d617bbe4826f0c86753850106491369e516ebbb767746ddec,SO,26,R_end,1,True,0.0
47ccd792c57b9a4d617bbe4826f0c86753850106491369e516ebbb767746ddec,SO,26,C_end,1,True,0.0
47ccd792c57b9a4d617bbe4826f0c86753850106491369e516ebbb767746ddec,SO,26,D_pos,1,True,0.0
47ccd792c57b9a4d617bbe4826f0c86753850106491369e516ebbb767746ddec,SS,14,R_end,1,True,0.0
47ccd792c57b9a4d617bbe4826f0c86753850106491369e516ebbb767746ddec,SS,14,C_end,1,True,0.0
47ccd792c57b9a4d617bbe4826f0c86753850106491369e516ebbb767746ddec,SS,14,D_pos,1,True,0.0
47ccd792c57b9a4d617bbe4826f0c86753850106491369e516ebbb767746ddec,SS,18,R_end,1,True,0.0
47ccd792c57b9a4d617bbe4826f0c86753850106491369e516ebbb767746ddec,SS,18,C_end,1,True,0.0
47ccd792c57b9a4d617bbe4826f0c86753850106491369e516ebbb767746ddec,SS,18,D_pos,1,True,0.0
47ccd792c57b9a4d617bbe4826f0c86753850106491369e516ebbb767746ddec,SS,22,R_end,1,True,0.0
47ccd792c57b9a4d617bbe4826f0c86753850106491369e516ebbb767746ddec,SS,22,C_end,1,True,0.0
47ccd792c57b9a4d617bbe4826f0c86753850106491369e516ebbb767746ddec,SS,22,D_pos,1,True,0.0
47ccd792c57b9a4d617bbe4826f0c86753850106491369e516ebbb767746ddec,SS,26,R_end,1,True,0.0
47ccd792c57b9a4d617bbe4826f0c86753850106491369e516ebbb767746ddec,SS,26,C_end,1,True,0.0
47ccd792c57b9a4d617bbe4826f0c86753850106491369e516ebbb767746ddec,SS,26,D_pos,1,True,0.0
4ac100f8d53d9f95785c499a24bff4d96fdeced0966b21ee7403971c9268cd5a,OO,14,R_end,1,True,0.0
4ac100f8d53d9f95785c499a24bff4d96fdeced0966b21ee7403971c9268cd5a,OO,14,C_end,1,True,0.0
4ac100f8d53d9f95785c499a24bff4d96fdeced0966b21ee7403971c9268cd5a,OO,14,D_pos,1,True,0.0
4ac100f8d53d9f95785c499a24bff4d96fdeced0966b21ee7403971c9268cd5a,OO,18,R_end,1,True,0.0
4ac100f8d53d9f95785c499a24bff4d96fdeced0966b21ee7403971c9268cd5a,OO,18,C_end,1,True,0.0
4ac100f8d53d9f95785c499a24bff4d96fdeced0966b21ee7403971c9268cd5a,OO,18,D_pos,1,True,0.0
4ac100f8d53d9f95785c499a24bff4d96fdeced0966b21ee7403971c9268cd5a,OO,22,R_end,1,True,0.0
4ac100f8d53d9f95785c499a24bff4d96fdeced0966b21ee7403971c9268cd5a,OO,22,C_end,1,True,0.0
4ac100f8d53d9f95785c499a24bff4d96fdeced0966b21ee7403971c9268cd5a,OO,22,D_pos,1,True,0.0
4ac100f8d53d9f95785c499a24bff4d96fdeced0966b21ee7403971c9268cd5a,OO,26,R_end,1,True,0.0
4ac100f8d53d9f95785c499a24bff4d96fdeced0966b21ee7403971c9268cd5a,OO,26,C_end,1,True,0.0
4ac100f8d53d9f95785c499a24bff4d96fdeced0966b21ee7403971c9268cd5a,OO,26,D_pos,1,True,0.0
4ac100f8d53d9f95785c499a24bff4d96fdeced0966b21ee7403971c9268cd5a,OS,14,R_end,1,True,0.0
4ac100f8d53d9f95785c499a24bff4d96fdeced0966b21ee7403971c9268cd5a,OS,14,C_end,1,True,0.0
4ac100f8d53d9f95785c499a24bff4d96fdeced0966b21ee7403971c9268cd5a,OS,14,D_pos,1,True,0.0
4ac100f8d53d9f95785c499a24bff4d96fdeced0966b21ee7403971c9268cd5a,OS,18,R_end,1,True,0.0
4ac100f8d53d9f95785c499a24bff4d96fdeced0966b21ee7403971c9268cd5a,OS,18,C_end,1,True,0.0
4ac100f8d53d9f95785c499a24bff4d96fdeced0966b21ee7403971c9268cd5a,OS,18,D_pos,1,True,0.0
4ac100f8d53d9f95785c499a24bff4d96fdeced0966b21ee7403971c9268cd5a,OS,22,R_end,1,True,0.0
4ac100f8d53d9f95785c499a24bff4d96fdeced0966b21ee7403971c9268cd5a,OS,22,C_end,1,True,0.0
4ac100f8d53d9f95785c499a24bff4d96fdeced0966b21ee7403971c9268cd5a,OS,22,D_pos,1,True,0.0
4ac100f8d53d9f95785c499a24bff4d96fdeced0966b21ee7403971c9268cd5a,OS,26,R_end,1,True,0.0
4ac100f8d53d9f95785c499a24bff4d96fdeced0966b21ee7403971c9268cd5a,OS,26,C_end,1,True,0.0
4ac100f8d53d9f95785c499a24bff4d96fdeced0966b21ee7403971c9268cd5a,OS,26,D_pos,1,True,0.0
4ac100f8d53d9f95785c499a24bff4d96fdeced0966b21ee7403971c9268cd5a,SO,14,R_end,1,True,0.0
4ac100f8d53d9f95785c499a24bff4d96fdeced0966b21ee7403971c9268cd5a,SO,14,C_end,1,True,0.0
4ac100f8d53d9f95785c499a24bff4d96fdeced0966b21ee7403971c9268cd5a,SO,14,D_pos,1,True,0.0
4ac100f8d53d9f95785c499a24bff4d96fdeced0966b21ee7403971c9268cd5a,SO,18,R_end,1,True,0.0
4ac100f8d53d9f95785c499a24bff4d96fdeced0966b21ee7403971c9268cd5a,SO,18,C_end,1,True,0.0
4ac100f8d53d9f95785c499a24bff4d96fdeced0966b21ee7403971c9268cd5a,SO,18,D_pos,1,True,0.0
4ac100f8d53d9f95785c499a24bff4d96fdeced0966b21ee7403971c9268cd5a,SO,22,R_end,1,True,0.0
4ac100f8d53d9f95785c499a24bff4d96fdeced0966b21ee7403971c9268cd5a,SO,22,C_end,1,True,0.0
4ac100f8d53d9f95785c499a24bff4d96fdeced0966b21ee7403971c9268cd5a,SO,22,D_pos,1,True,0.0
4ac100f8d53d9f95785c499a24bff4d96fdeced0966b21ee7403971c9268cd5a,SO,26,R_end,1,True,0.0
4ac100f8d53d9f95785c499a24bff4d96fdeced0966b21ee7403971c9268cd5a,SO,26,C_end,1,True,0.0
4ac100f8d53d9f95785c499a24bff4d96fdeced0966b21ee7403971c9268cd5a,SO,26,D_pos,1,True,0.0
4ac100f8d53d9f95785c499a24bff4d96fdeced0966b21ee7403971c9268cd5a,SS,14,R_end,1,True,0.0
4ac100f8d53d9f95785c499a24bff4d96fdeced0966b21ee7403971c9268cd5a,SS,14,C_end,1,True,0.0
4ac100f8d53d9f95785c499a24bff4d96fdeced0966b21ee7403971c9268cd5a,SS,14,D_pos,1,True,0.0
4ac100f8d53d9f95785c499a24bff4d96fdeced0966b21ee7403971c9268cd5a,SS,18,R_end,1,True,0.0
4ac100f8d53d9f95785c499a24bff4d96fdeced0966b21ee7403971c9268cd5a,SS,18,C_end,1,True,0.0
4ac100f8d53d9f95785c499a24bff4d96fdeced0966b21ee7403971c9268cd5a,SS,18,D_pos,1,True,0.0
4ac100f8d53d9f95785c499a24bff4d96fdeced0966b21ee7403971c9268cd5a,SS,22,R_end,1,True,0.0
4ac100f8d53d9f95785c499a24bff4d96fdeced0966b21ee7403971c9268cd5a,SS,22,C_end,1,True,0.0
4ac100f8d53d9f95785c499a24bff4d96fdeced0966b21ee7403971c9268cd5a,SS,22,D_pos,1,True,0.0
4ac100f8d53d9f95785c499a24bff4d96fdeced0966b21ee7403971c9268cd5a,SS,26,R_end,1,True,0.0
4ac100f8d53d9f95785c499a24bff4d96fdeced0966b21ee7403971c9268cd5a,SS,26,C_end,1,True,0.0
4ac100f8d53d9f95785c499a24bff4d96fdeced0966b21ee7403971c9268cd5a,SS,26,D_pos,1,True,0.0
4c22a7020fcc075f9f948b5b4c877ceab447932756009ccd5e0296cb1c4146fd,OO,14,R_end,1,True,0.0
4c22a7020fcc075f9f948b5b4c877ceab447932756009ccd5e0296cb1c4146fd,OO,14,C_end,1,True,0.0
4c22a7020fcc075f9f948b5b4c877ceab447932756009ccd5e0296cb1c4146fd,OO,14,D_pos,1,True,0.0
4c22a7020fcc075f9f948b5b4c877ceab447932756009ccd5e0296cb1c4146fd,OO,18,R_end,1,True,0.0
4c22a7020fcc075f9f948b5b4c877ceab447932756009ccd5e0296cb1c4146fd,OO,18,C_end,1,True,0.0
4c22a7020fcc075f9f948b5b4c877ceab447932756009ccd5e0296cb1c4146fd,OO,18,D_pos,1,True,0.0
4c22a7020fcc075f9f948b5b4c877ceab447932756009ccd5e0296cb1c4146fd,OO,22,R_end,1,True,0.0
4c22a7020fcc075f9f948b5b4c877ceab447932756009ccd5e0296cb1c4146fd,OO,22,C_end,1,True,0.0
4c22a7020fcc075f9f948b5b4c877ceab447932756009ccd5e0296cb1c4146fd,OO,22,D_pos,1,True,0.0
4c22a7020fcc075f9f948b5b4c877ceab447932756009ccd5e0296cb1c4146fd,OO,26,R_end,1,True,0.0
4c22a7020fcc075f9f948b5b4c877ceab447932756009ccd5e0296cb1c4146fd,OO,26,C_end,1,True,0.0
4c22a7020fcc075f9f948b5b4c877ceab447932756009ccd5e0296cb1c4146fd,OO,26,D_pos,1,True,0.0
4c22a7020fcc075f9f948b5b4c877ceab447932756009ccd5e0296cb1c4146fd,OS,14,R_end,1,True,0.0
4c22a7020fcc075f9f948b5b4c877ceab447932756009ccd5e0296cb1c4146fd,OS,14,C_end,1,True,0.0
4c22a7020fcc075f9f948b5b4c877ceab447932756009ccd5e0296cb1c4146fd,OS,14,D_pos,1,True,0.0
4c22a7020fcc075f9f948b5b4c877ceab447932756009ccd5e0296cb1c4146fd,OS,18,R_end,1,True,0.0
4c22a7020fcc075f9f948b5b4c877ceab447932756009ccd5e0296cb1c4146fd,OS,18,C_end,1,True,0.0
4c22a7020fcc075f9f948b5b4c877ceab447932756009ccd5e0296cb1c4146fd,OS,18,D_pos,1,True,0.0
4c22a7020fcc075f9f948b5b4c877ceab447932756009ccd5e0296cb1c4146fd,OS,22,R_end,1,True,0.0
4c22a7020fcc075f9f948b5b4c877ceab447932756009ccd5e0296cb1c4146fd,OS,22,C_end,1,True,0.0
4c22a7020fcc075f9f948b5b4c877ceab447932756009ccd5e0296cb1c4146fd,OS,22,D_pos,1,True,0.0
4c22a7020fcc075f9f948b5b4c877ceab447932756009ccd5e0296cb1c4146fd,OS,26,R_end,1,True,0.0
4c22a7020fcc075f9f948b5b4c877ceab447932756009ccd5e0296cb1c4146fd,OS,26,C_end,1,True,0.0
4c22a7020fcc075f9f948b5b4c877ceab447932756009ccd5e0296cb1c4146fd,OS,26,D_pos,1,True,0.0
4c22a7020fcc075f9f948b5b4c877ceab447932756009ccd5e0296cb1c4146fd,SO,14,R_end,1,True,0.0
4c22a7020fcc075f9f948b5b4c877ceab447932756009ccd5e0296cb1c4146fd,SO,14,C_end,1,True,0.0
4c22a7020fcc075f9f948b5b4c877ceab447932756009ccd5e0296cb1c4146fd,SO,14,D_pos,1,True,0.0
4c22a7020fcc075f9f948b5b4c877ceab447932756009ccd5e0296cb1c4146fd,SO,18,R_end,1,True,0.0
4c22a7020fcc075f9f948b5b4c877ceab447932756009ccd5e0296cb1c4146fd,SO,18,C_end,1,True,0.0
4c22a7020fcc075f9f948b5b4c877ceab447932756009ccd5e0296cb1c4146fd,SO,18,D_pos,1,True,0.0
4c22a7020fcc075f9f948b5b4c877ceab447932756009ccd5e0296cb1c4146fd,SO,22,R_end,1,True,0.0
4c22a7020fcc075f9f948b5b4c877ceab447932756009ccd5e0296cb1c4146fd,SO,22,C_end,1,True,0.0
4c22a7020fcc075f9f948b5b4c877ceab447932756009ccd5e0296cb1c4146fd,SO,22,D_pos,1,True,0.0
4c22a7020fcc075f9f948b5b4c877ceab447932756009ccd5e0296cb1c4146fd,SO,26,R_end,1,True,0.0
4c22a7020fcc075f9f948b5b4c877ceab447932756009ccd5e0296cb1c4146fd,SO,26,C_end,1,True,0.0
4c22a7020fcc075f9f948b5b4c877ceab447932756009ccd5e0296cb1c4146fd,SO,26,D_pos,1,True,0.0
4c22a7020fcc075f9f948b5b4c877ceab447932756009ccd5e0296cb1c4146fd,SS,14,R_end,1,True,0.0
4c22a7020fcc075f9f948b5b4c877ceab447932756009ccd5e0296cb1c4146fd,SS,14,C_end,1,True,0.0
4c22a7020fcc075f9f948b5b4c877ceab447932756009ccd5e0296cb1c4146fd,SS,14,D_pos,1,True,0.0
4c22a7020fcc075f9f948b5b4c877ceab447932756009ccd5e0296cb1c4146fd,SS,18,R_end,1,True,0.0
4c22a7020fcc075f9f948b5b4c877ceab447932756009ccd5e0296cb1c4146fd,SS,18,C_end,1,True,0.0
4c22a7020fcc075f9f948b5b4c877ceab447932756009ccd5e0296cb1c4146fd,SS,18,D_pos,1,True,0.0
4c22a7020fcc075f9f948b5b4c877ceab447932756009ccd5e0296cb1c4146fd,SS,22,R_end,1,True,0.0
4c22a7020fcc075f9f948b5b4c877ceab447932756009ccd5e0296cb1c4146fd,SS,22,C_end,1,True,0.0
4c22a7020fcc075f9f948b5b4c877ceab447932756009ccd5e0296cb1c4146fd,SS,22,D_pos,1,True,0.0
4c22a7020fcc075f9f948b5b4c877ceab447932756009ccd5e0296cb1c4146fd,SS,26,R_end,1,True,0.0
4c22a7020fcc075f9f948b5b4c877ceab447932756009ccd5e0296cb1c4146fd,SS,26,C_end,1,True,0.0
4c22a7020fcc075f9f948b5b4c877ceab447932756009ccd5e0296cb1c4146fd,SS,26,D_pos,1,True,0.0
50e89b0ddd95fe081a170155268d88b5637809604696c7a6f1e8c642f2b54c5a,OO,14,R_end,1,True,0.0
50e89b0ddd95fe081a170155268d88b5637809604696c7a6f1e8c642f2b54c5a,OO,14,C_end,1,True,0.0
50e89b0ddd95fe081a170155268d88b5637809604696c7a6f1e8c642f2b54c5a,OO,14,D_pos,1,True,0.0
50e89b0ddd95fe081a170155268d88b5637809604696c7a6f1e8c642f2b54c5a,OO,18,R_end,1,True,0.0
50e89b0ddd95fe081a170155268d88b5637809604696c7a6f1e8c642f2b54c5a,OO,18,C_end,1,True,0.0
50e89b0ddd95fe081a170155268d88b5637809604696c7a6f1e8c642f2b54c5a,OO,18,D_pos,1,True,0.0
50e89b0ddd95fe081a170155268d88b5637809604696c7a6f1e8c642f2b54c5a,OO,22,R_end,1,True,0.0
50e89b0ddd95fe081a170155268d88b5637809604696c7a6f1e8c642f2b54c5a,OO,22,C_end,1,True,0.0
50e89b0ddd95fe081a170155268d88b5637809604696c7a6f1e8c642f2b54c5a,OO,22,D_pos,1,True,0.0
50e89b0ddd95fe081a170155268d88b5637809604696c7a6f1e8c642f2b54c5a,OO,26,R_end,1,True,0.0
50e89b0ddd95fe081a170155268d88b5637809604696c7a6f1e8c642f2b54c5a,OO,26,C_end,1,True,0.0
50e89b0ddd95fe081a170155268d88b5637809604696c7a6f1e8c642f2b54c5a,OO,26,D_pos,1,True,0.0
50e89b0ddd95fe081a170155268d88b5637809604696c7a6f1e8c642f2b54c5a,OS,14,R_end,1,True,0.0
50e89b0ddd95fe081a170155268d88b5637809604696c7a6f1e8c642f2b54c5a,OS,14,C_end,1,True,0.0
50e89b0ddd95fe081a170155268d88b5637809604696c7a6f1e8c642f2b54c5a,OS,14,D_pos,1,True,0.0
50e89b0ddd95fe081a170155268d88b5637809604696c7a6f1e8c642f2b54c5a,OS,18,R_end,1,True,0.0
50e89b0ddd95fe081a170155268d88b5637809604696c7a6f1e8c642f2b54c5a,OS,18,C_end,1,True,0.0
50e89b0ddd95fe081a170155268d88b5637809604696c7a6f1e8c642f2b54c5a,OS,18,D_pos,1,True,0.0
50e89b0ddd95fe081a170155268d88b5637809604696c7a6f1e8c642f2b54c5a,OS,22,R_end,1,True,0.0
50e89b0ddd95fe081a170155268d88b5637809604696c7a6f1e8c642f2b54c5a,OS,22,C_end,1,True,0.0
50e89b0ddd95fe081a170155268d88b5637809604696c7a6f1e8c642f2b54c5a,OS,22,D_pos,1,True,0.0
50e89b0ddd95fe081a170155268d88b5637809604696c7a6f1e8c642f2b54c5a,OS,26,R_end,1,True,0.0
50e89b0ddd95fe081a170155268d88b5637809604696c7a6f1e8c642f2b54c5a,OS,26,C_end,1,True,0.0
50e89b0ddd95fe081a170155268d88b5637809604696c7a6f1e8c642f2b54c5a,OS,26,D_pos,1,True,0.0
50e89b0ddd95fe081a170155268d88b5637809604696c7a6f1e8c642f2b54c5a,SO,14,R_end,1,True,0.0
50e89b0ddd95fe081a170155268d88b5637809604696c7a6f1e8c642f2b54c5a,SO,14,C_end,1,True,0.0
50e89b0ddd95fe081a170155268d88b5637809604696c7a6f1e8c642f2b54c5a,SO,14,D_pos,1,True,0.0
50e89b0ddd95fe081a170155268d88b5637809604696c7a6f1e8c642f2b54c5a,SO,18,R_end,1,True,0.0
50e89b0ddd95fe081a170155268d88b5637809604696c7a6f1e8c642f2b54c5a,SO,18,C_end,1,True,0.0
50e89b0ddd95fe081a170155268d88b5637809604696c7a6f1e8c642f2b54c5a,SO,18,D_pos,1,True,0.0
50e89b0ddd95fe081a170155268d88b5637809604696c7a6f1e8c642f2b54c5a,SO,22,R_end,1,True,0.0
50e89b0ddd95fe081a170155268d88b5637809604696c7a6f1e8c642f2b54c5a,SO,22,C_end,1,True,0.0
50e89b0ddd95fe081a170155268d88b5637809604696c7a6f1e8c642f2b54c5a,SO,22,D_pos,1,True,0.0
50e89b0ddd95fe081a170155268d88b5637809604696c7a6f1e8c642f2b54c5a,SO,26,R_end,1,True,0.0
50e89b0ddd95fe081a170155268d88b5637809604696c7a6f1e8c642f2b54c5a,SO,26,C_end,1,True,0.0
50e89b0ddd95fe081a170155268d88b5637809604696c7a6f1e8c642f2b54c5a,SO,26,D_pos,1,True,0.0
50e89b0ddd95fe081a170155268d88b5637809604696c7a6f1e8c642f2b54c5a,SS,14,R_end,1,True,0.0
50e89b0ddd95fe081a170155268d88b5637809604696c7a6f1e8c642f2b54c5a,SS,14,C_end,1,True,0.0
50e89b0ddd95fe081a170155268d88b5637809604696c7a6f1e8c642f2b54c5a,SS,14,D_pos,1,True,0.0
50e89b0ddd95fe081a170155268d88b5637809604696c7a6f1e8c642f2b54c5a,SS,18,R_end,1,True,0.0
50e89b0ddd95fe081a170155268d88b5637809604696c7a6f1e8c642f2b54c5a,SS,18,C_end,1,True,0.0
50e89b0ddd95fe081a170155268d88b5637809604696c7a6f1e8c642f2b54c5a,SS,18,D_pos,1,True,0.0
50e89b0ddd95fe081a170155268d88b5637809604696c7a6f1e8c642f2b54c5a,SS,22,R_end,1,True,0.0
50e89b0ddd95fe081a170155268d88b5637809604696c7a6f1e8c642f2b54c5a,SS,22,C_end,1,True,0.0
50e89b0ddd95fe081a170155268d88b5637809604696c7a6f1e8c642f2b54c5a,SS,22,D_pos,1,True,0.0
50e89b0ddd95fe081a170155268d88b5637809604696c7a6f1e8c642f2b54c5a,SS,26,R_end,1,True,0.0
50e89b0ddd95fe081a170155268d88b5637809604696c7a6f1e8c642f2b54c5a,SS,26,C_end,1,True,0.0
50e89b0ddd95fe081a170155268d88b5637809604696c7a6f1e8c642f2b54c5a,SS,26,D_pos,1,True,0.0
510f55edebf39d8098e25f20bf735eb0ce82fee4ce7abf755d8d378d0ae4f9c5,OO,14,R_end,1,True,0.0
510f55edebf39d8098e25f20bf735eb0ce82fee4ce7abf755d8d378d0ae4f9c5,OO,14,C_end,1,True,0.0
510f55edebf39d8098e25f20bf735eb0ce82fee4ce7abf755d8d378d0ae4f9c5,OO,14,D_pos,1,True,0.0
510f55edebf39d8098e25f20bf735eb0ce82fee4ce7abf755d8d378d0ae4f9c5,OO,18,R_end,1,True,0.0
510f55edebf39d8098e25f20bf735eb0ce82fee4ce7abf755d8d378d0ae4f9c5,OO,18,C_end,1,True,0.0
510f55edebf39d8098e25f20bf735eb0ce82fee4ce7abf755d8d378d0ae4f9c5,OO,18,D_pos,1,True,0.0
510f55edebf39d8098e25f20bf735eb0ce82fee4ce7abf755d8d378d0ae4f9c5,OO,22,R_end,1,True,0.0
510f55edebf39d8098e25f20bf735eb0ce82fee4ce7abf755d8d378d0ae4f9c5,OO,22,C_end,1,True,0.0
510f55edebf39d8098e25f20bf735eb0ce82fee4ce7abf755d8d378d0ae4f9c5,OO,22,D_pos,1,True,0.0
510f55edebf39d8098e25f20bf735eb0ce82fee4ce7abf755d8d378d0ae4f9c5,OO,26,R_end,1,True,0.0
510f55edebf39d8098e25f20bf735eb0ce82fee4ce7abf755d8d378d0ae4f9c5,OO,26,C_end,1,True,0.0
510f55edebf39d8098e25f20bf735eb0ce82fee4ce7abf755d8d378d0ae4f9c5,OO,26,D_pos,1,True,0.0
510f55edebf39d8098e25f20bf735eb0ce82fee4ce7abf755d8d378d0ae4f9c5,OS,14,R_end,1,True,0.0
510f55edebf39d8098e25f20bf735eb0ce82fee4ce7abf755d8d378d0ae4f9c5,OS,14,C_end,1,True,0.0
510f55edebf39d8098e25f20bf735eb0ce82fee4ce7abf755d8d378d0ae4f9c5,OS,14,D_pos,1,True,0.0
510f55edebf39d8098e25f20bf735eb0ce82fee4ce7abf755d8d378d0ae4f9c5,OS,18,R_end,1,True,0.0
510f55edebf39d8098e25f20bf735eb0ce82fee4ce7abf755d8d378d0ae4f9c5,OS,18,C_end,1,True,0.0
510f55edebf39d8098e25f20bf735eb0ce82fee4ce7abf755d8d378d0ae4f9c5,OS,18,D_pos,1,True,0.0
510f55edebf39d8098e25f20bf735eb0ce82fee4ce7abf755d8d378d0ae4f9c5,OS,22,R_end,1,True,0.0
510f55edebf39d8098e25f20bf735eb0ce82fee4ce7abf755d8d378d0ae4f9c5,OS,22,C_end,1,True,0.0
510f55edebf39d8098e25f20bf735eb0ce82fee4ce7abf755d8d378d0ae4f9c5,OS,22,D_pos,1,True,0.0
510f55edebf39d8098e25f20bf735eb0ce82fee4ce7abf755d8d378d0ae4f9c5,OS,26,R_end,1,True,0.0
510f55edebf39d8098e25f20bf735eb0ce82fee4ce7abf755d8d378d0ae4f9c5,OS,26,C_end,1,True,0.0
510f55edebf39d8098e25f20bf735eb0ce82fee4ce7abf755d8d378d0ae4f9c5,OS,26,D_pos,1,True,0.0
510f55edebf39d8098e25f20bf735eb0ce82fee4ce7abf755d8d378d0ae4f9c5,SO,14,R_end,1,True,0.0
510f55edebf39d8098e25f20bf735eb0ce82fee4ce7abf755d8d378d0ae4f9c5,SO,14,C_end,1,True,0.0
510f55edebf39d8098e25f20bf735eb0ce82fee4ce7abf755d8d378d0ae4f9c5,SO,14,D_pos,1,True,0.0
510f55edebf39d8098e25f20bf735eb0ce82fee4ce7abf755d8d378d0ae4f9c5,SO,18,R_end,1,True,0.0
510f55edebf39d8098e25f20bf735eb0ce82fee4ce7abf755d8d378d0ae4f9c5,SO,18,C_end,1,True,0.0
510f55edebf39d8098e25f20bf735eb0ce82fee4ce7abf755d8d378d0ae4f9c5,SO,18,D_pos,1,True,0.0
510f55edebf39d8098e25f20bf735eb0ce82fee4ce7abf755d8d378d0ae4f9c5,SO,22,R_end,1,True,0.0
510f55edebf39d8098e25f20bf735eb0ce82fee4ce7abf755d8d378d0ae4f9c5,SO,22,C_end,1,True,0.0
510f55edebf39d8098e25f20bf735eb0ce82fee4ce7abf755d8d378d0ae4f9c5,SO,22,D_pos,1,True,0.0
510f55edebf39d8098e25f20bf735eb0ce82fee4ce7abf755d8d378d0ae4f9c5,SO,26,R_end,1,True,0.0
510f55edebf39d8098e25f20bf735eb0ce82fee4ce7abf755d8d378d0ae4f9c5,SO,26,C_end,1,True,0.0
510f55edebf39d8098e25f20bf735eb0ce82fee4ce7abf755d8d378d0ae4f9c5,SO,26,D_pos,1,True,0.0
510f55edebf39d8098e25f20bf735eb0ce82fee4ce7abf755d8d378d0ae4f9c5,SS,14,R_end,1,True,0.0
510f55edebf39d8098e25f20bf735eb0ce82fee4ce7abf755d8d378d0ae4f9c5,SS,14,C_end,1,True,0.0
510f55edebf39d8098e25f20bf735eb0ce82fee4ce7abf755d8d378d0ae4f9c5,SS,14,D_pos,1,True,0.0
510f55edebf39d8098e25f20bf735eb0ce82fee4ce7abf755d8d378d0ae4f9c5,SS,18,R_end,1,True,0.0
510f55edebf39d8098e25f20bf735eb0ce82fee4ce7abf755d8d378d0ae4f9c5,SS,18,C_end,1,True,0.0
510f55edebf39d8098e25f20bf735eb0ce82fee4ce7abf755d8d378d0ae4f9c5,SS,18,D_pos,1,True,0.0
510f55edebf39d8098e25f20bf735eb0ce82fee4ce7abf755d8d378d0ae4f9c5,SS,22,R_end,1,True,0.0
510f55edebf39d8098e25f20bf735eb0ce82fee4ce7abf755d8d378d0ae4f9c5,SS,22,C_end,1,True,0.0
510f55edebf39d8098e25f20bf735eb0ce82fee4ce7abf755d8d378d0ae4f9c5,SS,22,D_pos,1,True,0.0
510f55edebf39d8098e25f20bf735eb0ce82fee4ce7abf755d8d378d0ae4f9c5,SS,26,R_end,1,True,0.0
510f55edebf39d8098e25f20bf735eb0ce82fee4ce7abf755d8d378d0ae4f9c5,SS,26,C_end,1,True,0.0
510f55edebf39d8098e25f20bf735eb0ce82fee4ce7abf755d8d378d0ae4f9c5,SS,26,D_pos,1,True,0.0
52aba3c550dabe11b7e047ff5a4addc223e7b2d24ee14924ca69cfc2dae3b724,OO,14,R_end,1,True,0.0
52aba3c550dabe11b7e047ff5a4addc223e7b2d24ee14924ca69cfc2dae3b724,OO,14,C_end,1,True,0.0
52aba3c550dabe11b7e047ff5a4addc223e7b2d24ee14924ca69cfc2dae3b724,OO,14,D_pos,1,True,0.0
52aba3c550dabe11b7e047ff5a4addc223e7b2d24ee14924ca69cfc2dae3b724,OO,18,R_end,1,True,0.0
52aba3c550dabe11b7e047ff5a4addc223e7b2d24ee14924ca69cfc2dae3b724,OO,18,C_end,1,True,0.0
52aba3c550dabe11b7e047ff5a4addc223e7b2d24ee14924ca69cfc2dae3b724,OO,18,D_pos,1,True,0.0
52aba3c550dabe11b7e047ff5a4addc223e7b2d24ee14924ca69cfc2dae3b724,OO,22,R_end,1,True,0.0
52aba3c550dabe11b7e047ff5a4addc223e7b2d24ee14924ca69cfc2dae3b724,OO,22,C_end,1,True,0.0
52aba3c550dabe11b7e047ff5a4addc223e7b2d24ee14924ca69cfc2dae3b724,OO,22,D_pos,1,True,0.0
52aba3c550dabe11b7e047ff5a4addc223e7b2d24ee14924ca69cfc2dae3b724,OO,26,R_end,1,True,0.0
52aba3c550dabe11b7e047ff5a4addc223e7b2d24ee14924ca69cfc2dae3b724,OO,26,C_end,1,True,0.0
52aba3c550dabe11b7e047ff5a4addc223e7b2d24ee14924ca69cfc2dae3b724,OO,26,D_pos,1,True,0.0
52aba3c550dabe11b7e047ff5a4addc223e7b2d24ee14924ca69cfc2dae3b724,OS,14,R_end,1,True,0.0
52aba3c550dabe11b7e047ff5a4addc223e7b2d24ee14924ca69cfc2dae3b724,OS,14,C_end,1,True,0.0
52aba3c550dabe11b7e047ff5a4addc223e7b2d24ee14924ca69cfc2dae3b724,OS,14,D_pos,1,True,0.0
52aba3c550dabe11b7e047ff5a4addc223e7b2d24ee14924ca69cfc2dae3b724,OS,18,R_end,1,True,0.0
52aba3c550dabe11b7e047ff5a4addc223e7b2d24ee14924ca69cfc2dae3b724,OS,18,C_end,1,True,0.0
52aba3c550dabe11b7e047ff5a4addc223e7b2d24ee14924ca69cfc2dae3b724,OS,18,D_pos,1,True,0.0
52aba3c550dabe11b7e047ff5a4addc223e7b2d24ee14924ca69cfc2dae3b724,OS,22,R_end,1,True,0.0
52aba3c550dabe11b7e047ff5a4addc223e7b2d24ee14924ca69cfc2dae3b724,OS,22,C_end,1,True,0.0
52aba3c550dabe11b7e047ff5a4addc223e7b2d24ee14924ca69cfc2dae3b724,OS,22,D_pos,1,True,0.0
52aba3c550dabe11b7e047ff5a4addc223e7b2d24ee14924ca69cfc2dae3b724,OS,26,R_end,1,True,0.0
52aba3c550dabe11b7e047ff5a4addc223e7b2d24ee14924ca69cfc2dae3b724,OS,26,C_end,1,True,0.0
52aba3c550dabe11b7e047ff5a4addc223e7b2d24ee14924ca69cfc2dae3b724,OS,26,D_pos,1,True,0.0
52aba3c550dabe11b7e047ff5a4addc223e7b2d24ee14924ca69cfc2dae3b724,SO,14,R_end,1,True,0.0
52aba3c550dabe11b7e047ff5a4addc223e7b2d24ee14924ca69cfc2dae3b724,SO,14,C_end,1,True,0.0
52aba3c550dabe11b7e047ff5a4addc223e7b2d24ee14924ca69cfc2dae3b724,SO,14,D_pos,1,True,0.0
52aba3c550dabe11b7e047ff5a4addc223e7b2d24ee14924ca69cfc2dae3b724,SO,18,R_end,1,True,0.0
52aba3c550dabe11b7e047ff5a4addc223e7b2d24ee14924ca69cfc2dae3b724,SO,18,C_end,1,True,0.0
52aba3c550dabe11b7e047ff5a4addc223e7b2d24ee14924ca69cfc2dae3b724,SO,18,D_pos,1,True,0.0
52aba3c550dabe11b7e047ff5a4addc223e7b2d24ee14924ca69cfc2dae3b724,SO,22,R_end,1,True,0.0
52aba3c550dabe11b7e047ff5a4addc223e7b2d24ee14924ca69cfc2dae3b724,SO,22,C_end,1,True,0.0
52aba3c550dabe11b7e047ff5a4addc223e7b2d24ee14924ca69cfc2dae3b724,SO,22,D_pos,1,True,0.0
52aba3c550dabe11b7e047ff5a4addc223e7b2d24ee14924ca69cfc2dae3b724,SO,26,R_end,1,True,0.0
52aba3c550dabe11b7e047ff5a4addc223e7b2d24ee14924ca69cfc2dae3b724,SO,26,C_end,1,True,0.0
52aba3c550dabe11b7e047ff5a4addc223e7b2d24ee14924ca69cfc2dae3b724,SO,26,D_pos,1,True,0.0
52aba3c550dabe11b7e047ff5a4addc223e7b2d24ee14924ca69cfc2dae3b724,SS,14,R_end,1,True,0.0
52aba3c550dabe11b7e047ff5a4addc223e7b2d24ee14924ca69cfc2dae3b724,SS,14,C_end,1,True,0.0
52aba3c550dabe11b7e047ff5a4addc223e7b2d24ee14924ca69cfc2dae3b724,SS,14,D_pos,1,True,0.0
52aba3c550dabe11b7e047ff5a4addc223e7b2d24ee14924ca69cfc2dae3b724,SS,18,R_end,1,True,0.0
52aba3c550dabe11b7e047ff5a4addc223e7b2d24ee14924ca69cfc2dae3b724,SS,18,C_end,1,True,0.0
52aba3c550dabe11b7e047ff5a4addc223e7b2d24ee14924ca69cfc2dae3b724,SS,18,D_pos,1,True,0.0
52aba3c550dabe11b7e047ff5a4addc223e7b2d24ee14924ca69cfc2dae3b724,SS,22,R_end,1,True,0.0
52aba3c550dabe11b7e047ff5a4addc223e7b2d24ee14924ca69cfc2dae3b724,SS,22,C_end,1,True,0.0
52aba3c550dabe11b7e047ff5a4addc223e7b2d24ee14924ca69cfc2dae3b724,SS,22,D_pos,1,True,0.0
52aba3c550dabe11b7e047ff5a4addc223e7b2d24ee14924ca69cfc2dae3b724,SS,26,R_end,1,True,0.0
52aba3c550dabe11b7e047ff5a4addc223e7b2d24ee14924ca69cfc2dae3b724,SS,26,C_end,1,True,0.0
52aba3c550dabe11b7e047ff5a4addc223e7b2d24ee14924ca69cfc2dae3b724,SS,26,D_pos,1,True,0.0
53a9a275a436d8bd4aa6f496fd454816a1ff515b21770e062f15a0df2cb4322d,OO,14,R_end,1,True,0.0
53a9a275a436d8bd4aa6f496fd454816a1ff515b21770e062f15a0df2cb4322d,OO,14,C_end,1,True,0.0
53a9a275a436d8bd4aa6f496fd454816a1ff515b21770e062f15a0df2cb4322d,OO,14,D_pos,1,True,0.0
53a9a275a436d8bd4aa6f496fd454816a1ff515b21770e062f15a0df2cb4322d,OO,18,R_end,1,True,0.0
53a9a275a436d8bd4aa6f496fd454816a1ff515b21770e062f15a0df2cb4322d,OO,18,C_end,1,True,0.0
53a9a275a436d8bd4aa6f496fd454816a1ff515b21770e062f15a0df2cb4322d,OO,18,D_pos,1,True,0.0
53a9a275a436d8bd4aa6f496fd454816a1ff515b21770e062f15a0df2cb4322d,OO,22,R_end,1,True,0.0
53a9a275a436d8bd4aa6f496fd454816a1ff515b21770e062f15a0df2cb4322d,OO,22,C_end,1,True,0.0
53a9a275a436d8bd4aa6f496fd454816a1ff515b21770e062f15a0df2cb4322d,OO,22,D_pos,1,True,0.0
53a9a275a436d8bd4aa6f496fd454816a1ff515b21770e062f15a0df2cb4322d,OO,26,R_end,1,True,0.0
53a9a275a436d8bd4aa6f496fd454816a1ff515b21770e062f15a0df2cb4322d,OO,26,C_end,1,True,0.0
53a9a275a436d8bd4aa6f496fd454816a1ff515b21770e062f15a0df2cb4322d,OO,26,D_pos,1,True,0.0
53a9a275a436d8bd4aa6f496fd454816a1ff515b21770e062f15a0df2cb4322d,OS,14,R_end,1,True,0.0
53a9a275a436d8bd4aa6f496fd454816a1ff515b21770e062f15a0df2cb4322d,OS,14,C_end,1,True,0.0
53a9a275a436d8bd4aa6f496fd454816a1ff515b21770e062f15a0df2cb4322d,OS,14,D_pos,1,True,0.0
53a9a275a436d8bd4aa6f496fd454816a1ff515b21770e062f15a0df2cb4322d,OS,18,R_end,1,True,0.0
53a9a275a436d8bd4aa6f496fd454816a1ff515b21770e062f15a0df2cb4322d,OS,18,C_end,1,True,0.0
53a9a275a436d8bd4aa6f496fd454816a1ff515b21770e062f15a0df2cb4322d,OS,18,D_pos,1,True,0.0
53a9a275a436d8bd4aa6f496fd454816a1ff515b21770e062f15a0df2cb4322d,OS,22,R_end,1,True,0.0
53a9a275a436d8bd4aa6f496fd454816a1ff515b21770e062f15a0df2cb4322d,OS,22,C_end,1,True,0.0
53a9a275a436d8bd4aa6f496fd454816a1ff515b21770e062f15a0df2cb4322d,OS,22,D_pos,1,True,0.0
53a9a275a436d8bd4aa6f496fd454816a1ff515b21770e062f15a0df2cb4322d,OS,26,R_end,1,True,0.0
53a9a275a436d8bd4aa6f496fd454816a1ff515b21770e062f15a0df2cb4322d,OS,26,C_end,1,True,0.0
53a9a275a436d8bd4aa6f496fd454816a1ff515b21770e062f15a0df2cb4322d,OS,26,D_pos,1,True,0.0
53a9a275a436d8bd4aa6f496fd454816a1ff515b21770e062f15a0df2cb4322d,SO,14,R_end,1,True,0.0
53a9a275a436d8bd4aa6f496fd454816a1ff515b21770e062f15a0df2cb4322d,SO,14,C_end,1,True,0.0
53a9a275a436d8bd4aa6f496fd454816a1ff515b21770e062f15a0df2cb4322d,SO,14,D_pos,1,True,0.0
53a9a275a436d8bd4aa6f496fd454816a1ff515b21770e062f15a0df2cb4322d,SO,18,R_end,1,True,0.0
53a9a275a436d8bd4aa6f496fd454816a1ff515b21770e062f15a0df2cb4322d,SO,18,C_end,1,True,0.0
53a9a275a436d8bd4aa6f496fd454816a1ff515b21770e062f15a0df2cb4322d,SO,18,D_pos,1,True,0.0
53a9a275a436d8bd4aa6f496fd454816a1ff515b21770e062f15a0df2cb4322d,SO,22,R_end,1,True,0.0
53a9a275a436d8bd4aa6f496fd454816a1ff515b21770e062f15a0df2cb4322d,SO,22,C_end,1,True,0.0
53a9a275a436d8bd4aa6f496fd454816a1ff515b21770e062f15a0df2cb4322d,SO,22,D_pos,1,True,0.0
53a9a275a436d8bd4aa6f496fd454816a1ff515b21770e062f15a0df2cb4322d,SO,26,R_end,1,True,0.0
53a9a275a436d8bd4aa6f496fd454816a1ff515b21770e062f15a0df2cb4322d,SO,26,C_end,1,True,0.0
53a9a275a436d8bd4aa6f496fd454816a1ff515b21770e062f15a0df2cb4322d,SO,26,D_pos,1,True,0.0
53a9a275a436d8bd4aa6f496fd454816a1ff515b21770e062f15a0df2cb4322d,SS,14,R_end,1,True,0.0
53a9a275a436d8bd4aa6f496fd454816a1ff515b21770e062f15a0df2cb4322d,SS,14,C_end,1,True,0.0
53a9a275a436d8bd4aa6f496fd454816a1ff515b21770e062f15a0df2cb4322d,SS,14,D_pos,1,True,0.0
53a9a275a436d8bd4aa6f496fd454816a1ff515b21770e062f15a0df2cb4322d,SS,18,R_end,1,True,0.0
53a9a275a436d8bd4aa6f496fd454816a1ff515b21770e062f15a0df2cb4322d,SS,18,C_end,1,True,0.0
53a9a275a436d8bd4aa6f496fd454816a1ff515b21770e062f15a0df2cb4322d,SS,18,D_pos,1,True,0.0
53a9a275a436d8bd4aa6f496fd454816a1ff515b21770e062f15a0df2cb4322d,SS,22,R_end,1,True,0.0
53a9a275a436d8bd4aa6f496fd454816a1ff515b21770e062f15a0df2cb4322d,SS,22,C_end,1,True,0.0
53a9a275a436d8bd4aa6f496fd454816a1ff515b21770e062f15a0df2cb4322d,SS,22,D_pos,1,True,0.0
53a9a275a436d8bd4aa6f496fd454816a1ff515b21770e062f15a0df2cb4322d,SS,26,R_end,1,True,0.0
53a9a275a436d8bd4aa6f496fd454816a1ff515b21770e062f15a0df2cb4322d,SS,26,C_end,1,True,0.0
53a9a275a436d8bd4aa6f496fd454816a1ff515b21770e062f15a0df2cb4322d,SS,26,D_pos,1,True,0.0
55bfeb38bb86d674bb85783339e06d4ca643b0f5c853ac48be50f1c5d7d61737,OO,14,R_end,1,True,0.0
55bfeb38bb86d674bb85783339e06d4ca643b0f5c853ac48be50f1c5d7d61737,OO,14,C_end,1,True,0.0
55bfeb38bb86d674bb85783339e06d4ca643b0f5c853ac48be50f1c5d7d61737,OO,14,D_pos,1,True,0.0
55bfeb38bb86d674bb85783339e06d4ca643b0f5c853ac48be50f1c5d7d61737,OO,18,R_end,1,True,0.0
55bfeb38bb86d674bb85783339e06d4ca643b0f5c853ac48be50f1c5d7d61737,OO,18,C_end,1,True,0.0
55bfeb38bb86d674bb85783339e06d4ca643b0f5c853ac48be50f1c5d7d61737,OO,18,D_pos,1,True,0.0
55bfeb38bb86d674bb85783339e06d4ca643b0f5c853ac48be50f1c5d7d61737,OO,22,R_end,1,True,0.0
55bfeb38bb86d674bb85783339e06d4ca643b0f5c853ac48be50f1c5d7d61737,OO,22,C_end,1,True,0.0
55bfeb38bb86d674bb85783339e06d4ca643b0f5c853ac48be50f1c5d7d61737,OO,22,D_pos,1,True,0.0
55bfeb38bb86d674bb85783339e06d4ca643b0f5c853ac48be50f1c5d7d61737,OO,26,R_end,1,True,0.0
55bfeb38bb86d674bb85783339e06d4ca643b0f5c853ac48be50f1c5d7d61737,OO,26,C_end,1,True,0.0
55bfeb38bb86d674bb85783339e06d4ca643b0f5c853ac48be50f1c5d7d61737,OO,26,D_pos,1,True,0.0
55bfeb38bb86d674bb85783339e06d4ca643b0f5c853ac48be50f1c5d7d61737,OS,14,R_end,1,True,0.0
55bfeb38bb86d674bb85783339e06d4ca643b0f5c853ac48be50f1c5d7d61737,OS,14,C_end,1,True,0.0
55bfeb38bb86d674bb85783339e06d4ca643b0f5c853ac48be50f1c5d7d61737,OS,14,D_pos,1,True,0.0
55bfeb38bb86d674bb85783339e06d4ca643b0f5c853ac48be50f1c5d7d61737,OS,18,R_end,1,True,0.0
55bfeb38bb86d674bb85783339e06d4ca643b0f5c853ac48be50f1c5d7d61737,OS,18,C_end,1,True,0.0
55bfeb38bb86d674bb85783339e06d4ca643b0f5c853ac48be50f1c5d7d61737,OS,18,D_pos,1,True,0.0
55bfeb38bb86d674bb85783339e06d4ca643b0f5c853ac48be50f1c5d7d61737,OS,22,R_end,1,True,0.0
55bfeb38bb86d674bb85783339e06d4ca643b0f5c853ac48be50f1c5d7d61737,OS,22,C_end,1,True,0.0
55bfeb38bb86d674bb85783339e06d4ca643b0f5c853ac48be50f1c5d7d61737,OS,22,D_pos,1,True,0.0
55bfeb38bb86d674bb85783339e06d4ca643b0f5c853ac48be50f1c5d7d61737,OS,26,R_end,1,True,0.0
55bfeb38bb86d674bb85783339e06d4ca643b0f5c853ac48be50f1c5d7d61737,OS,26,C_end,1,True,0.0
55bfeb38bb86d674bb85783339e06d4ca643b0f5c853ac48be50f1c5d7d61737,OS,26,D_pos,1,True,0.0
55bfeb38bb86d674bb85783339e06d4ca643b0f5c853ac48be50f1c5d7d61737,SO,14,R_end,1,True,0.0
55bfeb38bb86d674bb85783339e06d4ca643b0f5c853ac48be50f1c5d7d61737,SO,14,C_end,1,True,0.0
55bfeb38bb86d674bb85783339e06d4ca643b0f5c853ac48be50f1c5d7d61737,SO,14,D_pos,1,True,0.0
55bfeb38bb86d674bb85783339e06d4ca643b0f5c853ac48be50f1c5d7d61737,SO,18,R_end,1,True,0.0
55bfeb38bb86d674bb85783339e06d4ca643b0f5c853ac48be50f1c5d7d61737,SO,18,C_end,1,True,0.0
55bfeb38bb86d674bb85783339e06d4ca643b0f5c853ac48be50f1c5d7d61737,SO,18,D_pos,1,True,0.0
55bfeb38bb86d674bb85783339e06d4ca643b0f5c853ac48be50f1c5d7d61737,SO,22,R_end,1,True,0.0
55bfeb38bb86d674bb85783339e06d4ca643b0f5c853ac48be50f1c5d7d61737,SO,22,C_end,1,True,0.0
55bfeb38bb86d674bb85783339e06d4ca643b0f5c853ac48be50f1c5d7d61737,SO,22,D_pos,1,True,0.0
55bfeb38bb86d674bb85783339e06d4ca643b0f5c853ac48be50f1c5d7d61737,SO,26,R_end,1,True,0.0
55bfeb38bb86d674bb85783339e06d4ca643b0f5c853ac48be50f1c5d7d61737,SO,26,C_end,1,True,0.0
55bfeb38bb86d674bb85783339e06d4ca643b0f5c853ac48be50f1c5d7d61737,SO,26,D_pos,1,True,0.0
55bfeb38bb86d674bb85783339e06d4ca643b0f5c853ac48be50f1c5d7d61737,SS,14,R_end,1,True,0.0
55bfeb38bb86d674bb85783339e06d4ca643b0f5c853ac48be50f1c5d7d61737,SS,14,C_end,1,True,0.0
55bfeb38bb86d674bb85783339e06d4ca643b0f5c853ac48be50f1c5d7d61737,SS,14,D_pos,1,True,0.0
55bfeb38bb86d674bb85783339e06d4ca643b0f5c853ac48be50f1c5d7d61737,SS,18,R_end,1,True,0.0
55bfeb38bb86d674bb85783339e06d4ca643b0f5c853ac48be50f1c5d7d61737,SS,18,C_end,1,True,0.0
55bfeb38bb86d674bb85783339e06d4ca643b0f5c853ac48be50f1c5d7d61737,SS,18,D_pos,1,True,0.0
55bfeb38bb86d674bb85783339e06d4ca643b0f5c853ac48be50f1c5d7d61737,SS,22,R_end,1,True,0.0
55bfeb38bb86d674bb85783339e06d4ca643b0f5c853ac48be50f1c5d7d61737,SS,22,C_end,1,True,0.0
55bfeb38bb86d674bb85783339e06d4ca643b0f5c853ac48be50f1c5d7d61737,SS,22,D_pos,1,True,0.0
55bfeb38bb86d674bb85783339e06d4ca643b0f5c853ac48be50f1c5d7d61737,SS,26,R_end,1,True,0.0
55bfeb38bb86d674bb85783339e06d4ca643b0f5c853ac48be50f1c5d7d61737,SS,26,C_end,1,True,0.0
55bfeb38bb86d674bb85783339e06d4ca643b0f5c853ac48be50f1c5d7d61737,SS,26,D_pos,1,True,0.0
56295692530fff758ebf02124a935e66aace3d3a9b0fb05e6722c4c59406320d,OO,14,R_end,1,True,0.0
56295692530fff758ebf02124a935e66aace3d3a9b0fb05e6722c4c59406320d,OO,14,C_end,1,True,0.0
56295692530fff758ebf02124a935e66aace3d3a9b0fb05e6722c4c59406320d,OO,14,D_pos,1,True,0.0
56295692530fff758ebf02124a935e66aace3d3a9b0fb05e6722c4c59406320d,OO,18,R_end,1,True,0.0
56295692530fff758ebf02124a935e66aace3d3a9b0fb05e6722c4c59406320d,OO,18,C_end,1,True,0.0
56295692530fff758ebf02124a935e66aace3d3a9b0fb05e6722c4c59406320d,OO,18,D_pos,1,True,0.0
56295692530fff758ebf02124a935e66aace3d3a9b0fb05e6722c4c59406320d,OO,22,R_end,1,True,0.0
56295692530fff758ebf02124a935e66aace3d3a9b0fb05e6722c4c59406320d,OO,22,C_end,1,True,0.0
56295692530fff758ebf02124a935e66aace3d3a9b0fb05e6722c4c59406320d,OO,22,D_pos,1,True,0.0
56295692530fff758ebf02124a935e66aace3d3a9b0fb05e6722c4c59406320d,OO,26,R_end,1,True,0.0
56295692530fff758ebf02124a935e66aace3d3a9b0fb05e6722c4c59406320d,OO,26,C_end,1,True,0.0
56295692530fff758ebf02124a935e66aace3d3a9b0fb05e6722c4c59406320d,OO,26,D_pos,1,True,0.0
56295692530fff758ebf02124a935e66aace3d3a9b0fb05e6722c4c59406320d,OS,14,R_end,1,True,0.0
56295692530fff758ebf02124a935e66aace3d3a9b0fb05e6722c4c59406320d,OS,14,C_end,1,True,0.0
56295692530fff758ebf02124a935e66aace3d3a9b0fb05e6722c4c59406320d,OS,14,D_pos,1,True,0.0
56295692530fff758ebf02124a935e66aace3d3a9b0fb05e6722c4c59406320d,OS,18,R_end,1,True,0.0
56295692530fff758ebf02124a935e66aace3d3a9b0fb05e6722c4c59406320d,OS,18,C_end,1,True,0.0
56295692530fff758ebf02124a935e66aace3d3a9b0fb05e6722c4c59406320d,OS,18,D_pos,1,True,0.0
56295692530fff758ebf02124a935e66aace3d3a9b0fb05e6722c4c59406320d,OS,22,R_end,1,True,0.0
56295692530fff758ebf02124a935e66aace3d3a9b0fb05e6722c4c59406320d,OS,22,C_end,1,True,0.0
56295692530fff758ebf02124a935e66aace3d3a9b0fb05e6722c4c59406320d,OS,22,D_pos,1,True,0.0
56295692530fff758ebf02124a935e66aace3d3a9b0fb05e6722c4c59406320d,OS,26,R_end,1,True,0.0
56295692530fff758ebf02124a935e66aace3d3a9b0fb05e6722c4c59406320d,OS,26,C_end,1,True,0.0
56295692530fff758ebf02124a935e66aace3d3a9b0fb05e6722c4c59406320d,OS,26,D_pos,1,True,0.0
56295692530fff758ebf02124a935e66aace3d3a9b0fb05e6722c4c59406320d,SO,14,R_end,1,True,0.0
56295692530fff758ebf02124a935e66aace3d3a9b0fb05e6722c4c59406320d,SO,14,C_end,1,True,0.0
56295692530fff758ebf02124a935e66aace3d3a9b0fb05e6722c4c59406320d,SO,14,D_pos,1,True,0.0
56295692530fff758ebf02124a935e66aace3d3a9b0fb05e6722c4c59406320d,SO,18,R_end,1,True,0.0
56295692530fff758ebf02124a935e66aace3d3a9b0fb05e6722c4c59406320d,SO,18,C_end,1,True,0.0
56295692530fff758ebf02124a935e66aace3d3a9b0fb05e6722c4c59406320d,SO,18,D_pos,1,True,0.0
56295692530fff758ebf02124a935e66aace3d3a9b0fb05e6722c4c59406320d,SO,22,R_end,1,True,0.0
56295692530fff758ebf02124a935e66aace3d3a9b0fb05e6722c4c59406320d,SO,22,C_end,1,True,0.0
56295692530fff758ebf02124a935e66aace3d3a9b0fb05e6722c4c59406320d,SO,22,D_pos,1,True,0.0
56295692530fff758ebf02124a935e66aace3d3a9b0fb05e6722c4c59406320d,SO,26,R_end,1,True,0.0
56295692530fff758ebf02124a935e66aace3d3a9b0fb05e6722c4c59406320d,SO,26,C_end,1,True,0.0
56295692530fff758ebf02124a935e66aace3d3a9b0fb05e6722c4c59406320d,SO,26,D_pos,1,True,0.0
56295692530fff758ebf02124a935e66aace3d3a9b0fb05e6722c4c59406320d,SS,14,R_end,1,True,0.0
56295692530fff758ebf02124a935e66aace3d3a9b0fb05e6722c4c59406320d,SS,14,C_end,1,True,0.0
56295692530fff758ebf02124a935e66aace3d3a9b0fb05e6722c4c59406320d,SS,14,D_pos,1,True,0.0
56295692530fff758ebf02124a935e66aace3d3a9b0fb05e6722c4c59406320d,SS,18,R_end,1,True,0.0
56295692530fff758ebf02124a935e66aace3d3a9b0fb05e6722c4c59406320d,SS,18,C_end,1,True,0.0
56295692530fff758ebf02124a935e66aace3d3a9b0fb05e6722c4c59406320d,SS,18,D_pos,1,True,0.0
56295692530fff758ebf02124a935e66aace3d3a9b0fb05e6722c4c59406320d,SS,22,R_end,1,True,0.0
56295692530fff758ebf02124a935e66aace3d3a9b0fb05e6722c4c59406320d,SS,22,C_end,1,True,0.0
56295692530fff758ebf02124a935e66aace3d3a9b0fb05e6722c4c59406320d,SS,22,D_pos,1,True,0.0
56295692530fff758ebf02124a935e66aace3d3a9b0fb05e6722c4c59406320d,SS,26,R_end,1,True,0.0
56295692530fff758ebf02124a935e66aace3d3a9b0fb05e6722c4c59406320d,SS,26,C_end,1,True,0.0
56295692530fff758ebf02124a935e66aace3d3a9b0fb05e6722c4c59406320d,SS,26,D_pos,1,True,0.0
56b5b5d57e2db717fd38c32b39134d4a952db244beb8ba70c8bb0c9abcfbff87,OO,14,R_end,1,True,0.0
56b5b5d57e2db717fd38c32b39134d4a952db244beb8ba70c8bb0c9abcfbff87,OO,14,C_end,1,True,0.0
56b5b5d57e2db717fd38c32b39134d4a952db244beb8ba70c8bb0c9abcfbff87,OO,14,D_pos,1,True,0.0
56b5b5d57e2db717fd38c32b39134d4a952db244beb8ba70c8bb0c9abcfbff87,OO,18,R_end,1,True,0.0
56b5b5d57e2db717fd38c32b39134d4a952db244beb8ba70c8bb0c9abcfbff87,OO,18,C_end,1,True,0.0
56b5b5d57e2db717fd38c32b39134d4a952db244beb8ba70c8bb0c9abcfbff87,OO,18,D_pos,1,True,0.0
56b5b5d57e2db717fd38c32b39134d4a952db244beb8ba70c8bb0c9abcfbff87,OO,22,R_end,1,True,0.0
56b5b5d57e2db717fd38c32b39134d4a952db244beb8ba70c8bb0c9abcfbff87,OO,22,C_end,1,True,0.0
56b5b5d57e2db717fd38c32b39134d4a952db244beb8ba70c8bb0c9abcfbff87,OO,22,D_pos,1,True,0.0
56b5b5d57e2db717fd38c32b39134d4a952db244beb8ba70c8bb0c9abcfbff87,OO,26,R_end,1,True,0.0
56b5b5d57e2db717fd38c32b39134d4a952db244beb8ba70c8bb0c9abcfbff87,OO,26,C_end,1,True,0.0
56b5b5d57e2db717fd38c32b39134d4a952db244beb8ba70c8bb0c9abcfbff87,OO,26,D_pos,1,True,0.0
56b5b5d57e2db717fd38c32b39134d4a952db244beb8ba70c8bb0c9abcfbff87,OS,14,R_end,1,True,0.0
56b5b5d57e2db717fd38c32b39134d4a952db244beb8ba70c8bb0c9abcfbff87,OS,14,C_end,1,True,0.0
56b5b5d57e2db717fd38c32b39134d4a952db244beb8ba70c8bb0c9abcfbff87,OS,14,D_pos,1,True,0.0
56b5b5d57e2db717fd38c32b39134d4a952db244beb8ba70c8bb0c9abcfbff87,OS,18,R_end,1,True,0.0
56b5b5d57e2db717fd38c32b39134d4a952db244beb8ba70c8bb0c9abcfbff87,OS,18,C_end,1,True,0.0
56b5b5d57e2db717fd38c32b39134d4a952db244beb8ba70c8bb0c9abcfbff87,OS,18,D_pos,1,True,0.0
56b5b5d57e2db717fd38c32b39134d4a952db244beb8ba70c8bb0c9abcfbff87,OS,22,R_end,1,True,0.0
56b5b5d57e2db717fd38c32b39134d4a952db244beb8ba70c8bb0c9abcfbff87,OS,22,C_end,1,True,0.0
56b5b5d57e2db717fd38c32b39134d4a952db244beb8ba70c8bb0c9abcfbff87,OS,22,D_pos,1,True,0.0
56b5b5d57e2db717fd38c32b39134d4a952db244beb8ba70c8bb0c9abcfbff87,OS,26,R_end,1,True,0.0
56b5b5d57e2db717fd38c32b39134d4a952db244beb8ba70c8bb0c9abcfbff87,OS,26,C_end,1,True,0.0
56b5b5d57e2db717fd38c32b39134d4a952db244beb8ba70c8bb0c9abcfbff87,OS,26,D_pos,1,True,0.0
56b5b5d57e2db717fd38c32b39134d4a952db244beb8ba70c8bb0c9abcfbff87,SO,14,R_end,1,True,0.0
56b5b5d57e2db717fd38c32b39134d4a952db244beb8ba70c8bb0c9abcfbff87,SO,14,C_end,1,True,0.0
56b5b5d57e2db717fd38c32b39134d4a952db244beb8ba70c8bb0c9abcfbff87,SO,14,D_pos,1,True,0.0
56b5b5d57e2db717fd38c32b39134d4a952db244beb8ba70c8bb0c9abcfbff87,SO,18,R_end,1,True,0.0
56b5b5d57e2db717fd38c32b39134d4a952db244beb8ba70c8bb0c9abcfbff87,SO,18,C_end,1,True,0.0
56b5b5d57e2db717fd38c32b39134d4a952db244beb8ba70c8bb0c9abcfbff87,SO,18,D_pos,1,True,0.0
56b5b5d57e2db717fd38c32b39134d4a952db244beb8ba70c8bb0c9abcfbff87,SO,22,R_end,1,True,0.0
56b5b5d57e2db717fd38c32b39134d4a952db244beb8ba70c8bb0c9abcfbff87,SO,22,C_end,1,True,0.0
56b5b5d57e2db717fd38c32b39134d4a952db244beb8ba70c8bb0c9abcfbff87,SO,22,D_pos,1,True,0.0
56b5b5d57e2db717fd38c32b39134d4a952db244beb8ba70c8bb0c9abcfbff87,SO,26,R_end,1,True,0.0
56b5b5d57e2db717fd38c32b39134d4a952db244beb8ba70c8bb0c9abcfbff87,SO,26,C_end,1,True,0.0
56b5b5d57e2db717fd38c32b39134d4a952db244beb8ba70c8bb0c9abcfbff87,SO,26,D_pos,1,True,0.0
56b5b5d57e2db717fd38c32b39134d4a952db244beb8ba70c8bb0c9abcfbff87,SS,14,R_end,1,True,0.0
56b5b5d57e2db717fd38c32b39134d4a952db244beb8ba70c8bb0c9abcfbff87,SS,14,C_end,1,True,0.0
56b5b5d57e2db717fd38c32b39134d4a952db244beb8ba70c8bb0c9abcfbff87,SS,14,D_pos,1,True,0.0
56b5b5d57e2db717fd38c32b39134d4a952db244beb8ba70c8bb0c9abcfbff87,SS,18,R_end,1,True,0.0
56b5b5d57e2db717fd38c32b39134d4a952db244beb8ba70c8bb0c9abcfbff87,SS,18,C_end,1,True,0.0
56b5b5d57e2db717fd38c32b39134d4a952db244beb8ba70c8bb0c9abcfbff87,SS,18,D_pos,1,True,0.0
56b5b5d57e2db717fd38c32b39134d4a952db244beb8ba70c8bb0c9abcfbff87,SS,22,R_end,1,True,0.0
56b5b5d57e2db717fd38c32b39134d4a952db244beb8ba70c8bb0c9abcfbff87,SS,22,C_end,1,True,0.0
56b5b5d57e2db717fd38c32b39134d4a952db244beb8ba70c8bb0c9abcfbff87,SS,22,D_pos,1,True,0.0
56b5b5d57e2db717fd38c32b39134d4a952db244beb8ba70c8bb0c9abcfbff87,SS,26,R_end,1,True,0.0
56b5b5d57e2db717fd38c32b39134d4a952db244beb8ba70c8bb0c9abcfbff87,SS,26,C_end,1,True,0.0
56b5b5d57e2db717fd38c32b39134d4a952db244beb8ba70c8bb0c9abcfbff87,SS,26,D_pos,1,True,0.0
58216f6a2c4312095699a92dde2ec6bc05825a71c6fd9a3b626ee32be792f58c,OO,14,R_end,1,True,0.0
58216f6a2c4312095699a92dde2ec6bc05825a71c6fd9a3b626ee32be792f58c,OO,14,C_end,1,True,0.0
58216f6a2c4312095699a92dde2ec6bc05825a71c6fd9a3b626ee32be792f58c,OO,14,D_pos,1,True,0.0
58216f6a2c4312095699a92dde2ec6bc05825a71c6fd9a3b626ee32be792f58c,OO,18,R_end,1,True,0.0
58216f6a2c4312095699a92dde2ec6bc05825a71c6fd9a3b626ee32be792f58c,OO,18,C_end,1,True,0.0
58216f6a2c4312095699a92dde2ec6bc05825a71c6fd9a3b626ee32be792f58c,OO,18,D_pos,1,True,0.0
58216f6a2c4312095699a92dde2ec6bc05825a71c6fd9a3b626ee32be792f58c,OO,22,R_end,1,True,0.0
58216f6a2c4312095699a92dde2ec6bc05825a71c6fd9a3b626ee32be792f58c,OO,22,C_end,1,True,0.0
58216f6a2c4312095699a92dde2ec6bc05825a71c6fd9a3b626ee32be792f58c,OO,22,D_pos,1,True,0.0
58216f6a2c4312095699a92dde2ec6bc05825a71c6fd9a3b626ee32be792f58c,OO,26,R_end,1,True,0.0
58216f6a2c4312095699a92dde2ec6bc05825a71c6fd9a3b626ee32be792f58c,OO,26,C_end,1,True,0.0
58216f6a2c4312095699a92dde2ec6bc05825a71c6fd9a3b626ee32be792f58c,OO,26,D_pos,1,True,0.0
58216f6a2c4312095699a92dde2ec6bc05825a71c6fd9a3b626ee32be792f58c,OS,14,R_end,1,True,0.0
58216f6a2c4312095699a92dde2ec6bc05825a71c6fd9a3b626ee32be792f58c,OS,14,C_end,1,True,0.0
58216f6a2c4312095699a92dde2ec6bc05825a71c6fd9a3b626ee32be792f58c,OS,14,D_pos,1,True,0.0
58216f6a2c4312095699a92dde2ec6bc05825a71c6fd9a3b626ee32be792f58c,OS,18,R_end,1,True,0.0
58216f6a2c4312095699a92dde2ec6bc05825a71c6fd9a3b626ee32be792f58c,OS,18,C_end,1,True,0.0
58216f6a2c4312095699a92dde2ec6bc05825a71c6fd9a3b626ee32be792f58c,OS,18,D_pos,1,True,0.0
58216f6a2c4312095699a92dde2ec6bc05825a71c6fd9a3b626ee32be792f58c,OS,22,R_end,1,True,0.0
58216f6a2c4312095699a92dde2ec6bc05825a71c6fd9a3b626ee32be792f58c,OS,22,C_end,1,True,0.0
58216f6a2c4312095699a92dde2ec6bc05825a71c6fd9a3b626ee32be792f58c,OS,22,D_pos,1,True,0.0
58216f6a2c4312095699a92dde2ec6bc05825a71c6fd9a3b626ee32be792f58c,OS,26,R_end,1,True,0.0
58216f6a2c4312095699a92dde2ec6bc05825a71c6fd9a3b626ee32be792f58c,OS,26,C_end,1,True,0.0
58216f6a2c4312095699a92dde2ec6bc05825a71c6fd9a3b626ee32be792f58c,OS,26,D_pos,1,True,0.0
58216f6a2c4312095699a92dde2ec6bc05825a71c6fd9a3b626ee32be792f58c,SO,14,R_end,1,True,0.0
58216f6a2c4312095699a92dde2ec6bc05825a71c6fd9a3b626ee32be792f58c,SO,14,C_end,1,True,0.0
58216f6a2c4312095699a92dde2ec6bc05825a71c6fd9a3b626ee32be792f58c,SO,14,D_pos,1,True,0.0
58216f6a2c4312095699a92dde2ec6bc05825a71c6fd9a3b626ee32be792f58c,SO,18,R_end,1,True,0.0
58216f6a2c4312095699a92dde2ec6bc05825a71c6fd9a3b626ee32be792f58c,SO,18,C_end,1,True,0.0
58216f6a2c4312095699a92dde2ec6bc05825a71c6fd9a3b626ee32be792f58c,SO,18,D_pos,1,True,0.0
58216f6a2c4312095699a92dde2ec6bc05825a71c6fd9a3b626ee32be792f58c,SO,22,R_end,1,True,0.0
58216f6a2c4312095699a92dde2ec6bc05825a71c6fd9a3b626ee32be792f58c,SO,22,C_end,1,True,0.0
58216f6a2c4312095699a92dde2ec6bc05825a71c6fd9a3b626ee32be792f58c,SO,22,D_pos,1,True,0.0
58216f6a2c4312095699a92dde2ec6bc05825a71c6fd9a3b626ee32be792f58c,SO,26,R_end,1,True,0.0
58216f6a2c4312095699a92dde2ec6bc05825a71c6fd9a3b626ee32be792f58c,SO,26,C_end,1,True,0.0
58216f6a2c4312095699a92dde2ec6bc05825a71c6fd9a3b626ee32be792f58c,SO,26,D_pos,1,True,0.0
58216f6a2c4312095699a92dde2ec6bc05825a71c6fd9a3b626ee32be792f58c,SS,14,R_end,1,True,0.0
58216f6a2c4312095699a92dde2ec6bc05825a71c6fd9a3b626ee32be792f58c,SS,14,C_end,1,True,0.0
58216f6a2c4312095699a92dde2ec6bc05825a71c6fd9a3b626ee32be792f58c,SS,14,D_pos,1,True,0.0
58216f6a2c4312095699a92dde2ec6bc05825a71c6fd9a3b626ee32be792f58c,SS,18,R_end,1,True,0.0
58216f6a2c4312095699a92dde2ec6bc05825a71c6fd9a3b626ee32be792f58c,SS,18,C_end,1,True,0.0
58216f6a2c4312095699a92dde2ec6bc05825a71c6fd9a3b626ee32be792f58c,SS,18,D_pos,1,True,0.0
58216f6a2c4312095699a92dde2ec6bc05825a71c6fd9a3b626ee32be792f58c,SS,22,R_end,1,True,0.0
58216f6a2c4312095699a92dde2ec6bc05825a71c6fd9a3b626ee32be792f58c,SS,22,C_end,1,True,0.0
58216f6a2c4312095699a92dde2ec6bc05825a71c6fd9a3b626ee32be792f58c,SS,22,D_pos,1,True,0.0
58216f6a2c4312095699a92dde2ec6bc05825a71c6fd9a3b626ee32be792f58c,SS,26,R_end,1,True,0.0
58216f6a2c4312095699a92dde2ec6bc05825a71c6fd9a3b626ee32be792f58c,SS,26,C_end,1,True,0.0
58216f6a2c4312095699a92dde2ec6bc05825a71c6fd9a3b626ee32be792f58c,SS,26,D_pos,1,True,0.0
5853dac42c8100da6718a861125bb63c48ba2105a68839a98f110fcb506f21e8,OO,14,R_end,1,True,0.0
5853dac42c8100da6718a861125bb63c48ba2105a68839a98f110fcb506f21e8,OO,14,C_end,1,True,0.0
5853dac42c8100da6718a861125bb63c48ba2105a68839a98f110fcb506f21e8,OO,14,D_pos,1,True,0.0
5853dac42c8100da6718a861125bb63c48ba2105a68839a98f110fcb506f21e8,OO,18,R_end,1,True,0.0
5853dac42c8100da6718a861125bb63c48ba2105a68839a98f110fcb506f21e8,OO,18,C_end,1,True,0.0
5853dac42c8100da6718a861125bb63c48ba2105a68839a98f110fcb506f21e8,OO,18,D_pos,1,True,0.0
5853dac42c8100da6718a861125bb63c48ba2105a68839a98f110fcb506f21e8,OO,22,R_end,1,True,0.0
5853dac42c8100da6718a861125bb63c48ba2105a68839a98f110fcb506f21e8,OO,22,C_end,1,True,0.0
5853dac42c8100da6718a861125bb63c48ba2105a68839a98f110fcb506f21e8,OO,22,D_pos,1,True,0.0
5853dac42c8100da6718a861125bb63c48ba2105a68839a98f110fcb506f21e8,OO,26,R_end,1,True,0.0
5853dac42c8100da6718a861125bb63c48ba2105a68839a98f110fcb506f21e8,OO,26,C_end,1,True,0.0
5853dac42c8100da6718a861125bb63c48ba2105a68839a98f110fcb506f21e8,OO,26,D_pos,1,True,0.0
5853dac42c8100da6718a861125bb63c48ba2105a68839a98f110fcb506f21e8,OS,14,R_end,1,True,0.0
5853dac42c8100da6718a861125bb63c48ba2105a68839a98f110fcb506f21e8,OS,14,C_end,1,True,0.0
5853dac42c8100da6718a861125bb63c48ba2105a68839a98f110fcb506f21e8,OS,14,D_pos,1,True,0.0
5853dac42c8100da6718a861125bb63c48ba2105a68839a98f110fcb506f21e8,OS,18,R_end,1,True,0.0
5853dac42c8100da6718a861125bb63c48ba2105a68839a98f110fcb506f21e8,OS,18,C_end,1,True,0.0
5853dac42c8100da6718a861125bb63c48ba2105a68839a98f110fcb506f21e8,OS,18,D_pos,1,True,0.0
5853dac42c8100da6718a861125bb63c48ba2105a68839a98f110fcb506f21e8,OS,22,R_end,1,True,0.0
5853dac42c8100da6718a861125bb63c48ba2105a68839a98f110fcb506f21e8,OS,22,C_end,1,True,0.0
5853dac42c8100da6718a861125bb63c48ba2105a68839a98f110fcb506f21e8,OS,22,D_pos,1,True,0.0
5853dac42c8100da6718a861125bb63c48ba2105a68839a98f110fcb506f21e8,OS,26,R_end,1,True,0.0
5853dac42c8100da6718a861125bb63c48ba2105a68839a98f110fcb506f21e8,OS,26,C_end,1,True,0.0
5853dac42c8100da6718a861125bb63c48ba2105a68839a98f110fcb506f21e8,OS,26,D_pos,1,True,0.0
5853dac42c8100da6718a861125bb63c48ba2105a68839a98f110fcb506f21e8,SO,14,R_end,1,True,0.0
5853dac42c8100da6718a861125bb63c48ba2105a68839a98f110fcb506f21e8,SO,14,C_end,1,True,0.0
5853dac42c8100da6718a861125bb63c48ba2105a68839a98f110fcb506f21e8,SO,14,D_pos,1,True,0.0
5853dac42c8100da6718a861125bb63c48ba2105a68839a98f110fcb506f21e8,SO,18,R_end,1,True,0.0
5853dac42c8100da6718a861125bb63c48ba2105a68839a98f110fcb506f21e8,SO,18,C_end,1,True,0.0
5853dac42c8100da6718a861125bb63c48ba2105a68839a98f110fcb506f21e8,SO,18,D_pos,1,True,0.0
5853dac42c8100da6718a861125bb63c48ba2105a68839a98f110fcb506f21e8,SO,22,R_end,1,True,0.0
5853dac42c8100da6718a861125bb63c48ba2105a68839a98f110fcb506f21e8,SO,22,C_end,1,True,0.0
5853dac42c8100da6718a861125bb63c48ba2105a68839a98f110fcb506f21e8,SO,22,D_pos,1,True,0.0
5853dac42c8100da6718a861125bb63c48ba2105a68839a98f110fcb506f21e8,SO,26,R_end,1,True,0.0
5853dac42c8100da6718a861125bb63c48ba2105a68839a98f110fcb506f21e8,SO,26,C_end,1,True,0.0
5853dac42c8100da6718a861125bb63c48ba2105a68839a98f110fcb506f21e8,SO,26,D_pos,1,True,0.0
5853dac42c8100da6718a861125bb63c48ba2105a68839a98f110fcb506f21e8,SS,14,R_end,1,True,0.0
5853dac42c8100da6718a861125bb63c48ba2105a68839a98f110fcb506f21e8,SS,14,C_end,1,True,0.0
5853dac42c8100da6718a861125bb63c48ba2105a68839a98f110fcb506f21e8,SS,14,D_pos,1,True,0.0
5853dac42c8100da6718a861125bb63c48ba2105a68839a98f110fcb506f21e8,SS,18,R_end,1,True,0.0
5853dac42c8100da6718a861125bb63c48ba2105a68839a98f110fcb506f21e8,SS,18,C_end,1,True,0.0
5853dac42c8100da6718a861125bb63c48ba2105a68839a98f110fcb506f21e8,SS,18,D_pos,1,True,0.0
5853dac42c8100da6718a861125bb63c48ba2105a68839a98f110fcb506f21e8,SS,22,R_end,1,True,0.0
5853dac42c8100da6718a861125bb63c48ba2105a68839a98f110fcb506f21e8,SS,22,C_end,1,True,0.0
5853dac42c8100da6718a861125bb63c48ba2105a68839a98f110fcb506f21e8,SS,22,D_pos,1,True,0.0
5853dac42c8100da6718a861125bb63c48ba2105a68839a98f110fcb506f21e8,SS,26,R_end,1,True,0.0
5853dac42c8100da6718a861125bb63c48ba2105a68839a98f110fcb506f21e8,SS,26,C_end,1,True,0.0
5853dac42c8100da6718a861125bb63c48ba2105a68839a98f110fcb506f21e8,SS,26,D_pos,1,True,0.0
59b21d2adbc8aeb7d1272b57f94d07d961cf8112476bac3dc3965706527a80b5,OO,14,R_end,1,True,0.0
59b21d2adbc8aeb7d1272b57f94d07d961cf8112476bac3dc3965706527a80b5,OO,14,C_end,1,True,0.0
59b21d2adbc8aeb7d1272b57f94d07d961cf8112476bac3dc3965706527a80b5,OO,14,D_pos,1,True,0.0
59b21d2adbc8aeb7d1272b57f94d07d961cf8112476bac3dc3965706527a80b5,OO,18,R_end,1,True,0.0
59b21d2adbc8aeb7d1272b57f94d07d961cf8112476bac3dc3965706527a80b5,OO,18,C_end,1,True,0.0
59b21d2adbc8aeb7d1272b57f94d07d961cf8112476bac3dc3965706527a80b5,OO,18,D_pos,1,True,0.0
59b21d2adbc8aeb7d1272b57f94d07d961cf8112476bac3dc3965706527a80b5,OO,22,R_end,1,True,0.0
59b21d2adbc8aeb7d1272b57f94d07d961cf8112476bac3dc3965706527a80b5,OO,22,C_end,1,True,0.0
59b21d2adbc8aeb7d1272b57f94d07d961cf8112476bac3dc3965706527a80b5,OO,22,D_pos,1,True,0.0
59b21d2adbc8aeb7d1272b57f94d07d961cf8112476bac3dc3965706527a80b5,OO,26,R_end,1,True,0.0
59b21d2adbc8aeb7d1272b57f94d07d961cf8112476bac3dc3965706527a80b5,OO,26,C_end,1,True,0.0
59b21d2adbc8aeb7d1272b57f94d07d961cf8112476bac3dc3965706527a80b5,OO,26,D_pos,1,True,0.0
59b21d2adbc8aeb7d1272b57f94d07d961cf8112476bac3dc3965706527a80b5,OS,14,R_end,1,True,0.0
59b21d2adbc8aeb7d1272b57f94d07d961cf8112476bac3dc3965706527a80b5,OS,14,C_end,1,True,0.0
59b21d2adbc8aeb7d1272b57f94d07d961cf8112476bac3dc3965706527a80b5,OS,14,D_pos,1,True,0.0
59b21d2adbc8aeb7d1272b57f94d07d961cf8112476bac3dc3965706527a80b5,OS,18,R_end,1,True,0.0
59b21d2adbc8aeb7d1272b57f94d07d961cf8112476bac3dc3965706527a80b5,OS,18,C_end,1,True,0.0
59b21d2adbc8aeb7d1272b57f94d07d961cf8112476bac3dc3965706527a80b5,OS,18,D_pos,1,True,0.0
59b21d2adbc8aeb7d1272b57f94d07d961cf8112476bac3dc3965706527a80b5,OS,22,R_end,1,True,0.0
59b21d2adbc8aeb7d1272b57f94d07d961cf8112476bac3dc3965706527a80b5,OS,22,C_end,1,True,0.0
59b21d2adbc8aeb7d1272b57f94d07d961cf8112476bac3dc3965706527a80b5,OS,22,D_pos,1,True,0.0
59b21d2adbc8aeb7d1272b57f94d07d961cf8112476bac3dc3965706527a80b5,OS,26,R_end,1,True,0.0
59b21d2adbc8aeb7d1272b57f94d07d961cf8112476bac3dc3965706527a80b5,OS,26,C_end,1,True,0.0
59b21d2adbc8aeb7d1272b57f94d07d961cf8112476bac3dc3965706527a80b5,OS,26,D_pos,1,True,0.0
59b21d2adbc8aeb7d1272b57f94d07d961cf8112476bac3dc3965706527a80b5,SO,14,R_end,1,True,0.0
59b21d2adbc8aeb7d1272b57f94d07d961cf8112476bac3dc3965706527a80b5,SO,14,C_end,1,True,0.0
59b21d2adbc8aeb7d1272b57f94d07d961cf8112476bac3dc3965706527a80b5,SO,14,D_pos,1,True,0.0
59b21d2adbc8aeb7d1272b57f94d07d961cf8112476bac3dc3965706527a80b5,SO,18,R_end,1,True,0.0
59b21d2adbc8aeb7d1272b57f94d07d961cf8112476bac3dc3965706527a80b5,SO,18,C_end,1,True,0.0
59b21d2adbc8aeb7d1272b57f94d07d961cf8112476bac3dc3965706527a80b5,SO,18,D_pos,1,True,0.0
59b21d2adbc8aeb7d1272b57f94d07d961cf8112476bac3dc3965706527a80b5,SO,22,R_end,1,True,0.0
59b21d2adbc8aeb7d1272b57f94d07d961cf8112476bac3dc3965706527a80b5,SO,22,C_end,1,True,0.0
59b21d2adbc8aeb7d1272b57f94d07d961cf8112476bac3dc3965706527a80b5,SO,22,D_pos,1,True,0.0
59b21d2adbc8aeb7d1272b57f94d07d961cf8112476bac3dc3965706527a80b5,SO,26,R_end,1,True,0.0
59b21d2adbc8aeb7d1272b57f94d07d961cf8112476bac3dc3965706527a80b5,SO,26,C_end,1,True,0.0
59b21d2adbc8aeb7d1272b57f94d07d961cf8112476bac3dc3965706527a80b5,SO,26,D_pos,1,True,0.0
59b21d2adbc8aeb7d1272b57f94d07d961cf8112476bac3dc3965706527a80b5,SS,14,R_end,1,True,0.0
59b21d2adbc8aeb7d1272b57f94d07d961cf8112476bac3dc3965706527a80b5,SS,14,C_end,1,True,0.0
59b21d2adbc8aeb7d1272b57f94d07d961cf8112476bac3dc3965706527a80b5,SS,14,D_pos,1,True,0.0
59b21d2adbc8aeb7d1272b57f94d07d961cf8112476bac3dc3965706527a80b5,SS,18,R_end,1,True,0.0
59b21d2adbc8aeb7d1272b57f94d07d961cf8112476bac3dc3965706527a80b5,SS,18,C_end,1,True,0.0
59b21d2adbc8aeb7d1272b57f94d07d961cf8112476bac3dc3965706527a80b5,SS,18,D_pos,1,True,0.0
59b21d2adbc8aeb7d1272b57f94d07d961cf8112476bac3dc3965706527a80b5,SS,22,R_end,1,True,0.0
59b21d2adbc8aeb7d1272b57f94d07d961cf8112476bac3dc3965706527a80b5,SS,22,C_end,1,True,0.0
59b21d2adbc8aeb7d1272b57f94d07d961cf8112476bac3dc3965706527a80b5,SS,22,D_pos,1,True,0.0
59b21d2adbc8aeb7d1272b57f94d07d961cf8112476bac3dc3965706527a80b5,SS,26,R_end,1,True,0.0
59b21d2adbc8aeb7d1272b57f94d07d961cf8112476bac3dc3965706527a80b5,SS,26,C_end,1,True,0.0
59b21d2adbc8aeb7d1272b57f94d07d961cf8112476bac3dc3965706527a80b5,SS,26,D_pos,1,True,0.0
5aebcd3347946c824254e282941f2290d2f5558c9ff4d18b116fe12bc6432466,OO,14,R_end,1,True,0.0
5aebcd3347946c824254e282941f2290d2f5558c9ff4d18b116fe12bc6432466,OO,14,C_end,1,True,0.0
5aebcd3347946c824254e282941f2290d2f5558c9ff4d18b116fe12bc6432466,OO,14,D_pos,1,True,0.0
5aebcd3347946c824254e282941f2290d2f5558c9ff4d18b116fe12bc6432466,OO,18,R_end,1,True,0.0
5aebcd3347946c824254e282941f2290d2f5558c9ff4d18b116fe12bc6432466,OO,18,C_end,1,True,0.0
5aebcd3347946c824254e282941f2290d2f5558c9ff4d18b116fe12bc6432466,OO,18,D_pos,1,True,0.0
5aebcd3347946c824254e282941f2290d2f5558c9ff4d18b116fe12bc6432466,OO,22,R_end,1,True,0.0
5aebcd3347946c824254e282941f2290d2f5558c9ff4d18b116fe12bc6432466,OO,22,C_end,1,True,0.0
5aebcd3347946c824254e282941f2290d2f5558c9ff4d18b116fe12bc6432466,OO,22,D_pos,1,True,0.0
5aebcd3347946c824254e282941f2290d2f5558c9ff4d18b116fe12bc6432466,OO,26,R_end,1,True,0.0
5aebcd3347946c824254e282941f2290d2f5558c9ff4d18b116fe12bc6432466,OO,26,C_end,1,True,0.0
5aebcd3347946c824254e282941f2290d2f5558c9ff4d18b116fe12bc6432466,OO,26,D_pos,1,True,0.0
5aebcd3347946c824254e282941f2290d2f5558c9ff4d18b116fe12bc6432466,OS,14,R_end,1,True,0.0
5aebcd3347946c824254e282941f2290d2f5558c9ff4d18b116fe12bc6432466,OS,14,C_end,1,True,0.0
5aebcd3347946c824254e282941f2290d2f5558c9ff4d18b116fe12bc6432466,OS,14,D_pos,1,True,0.0
5aebcd3347946c824254e282941f2290d2f5558c9ff4d18b116fe12bc6432466,OS,18,R_end,1,True,0.0
5aebcd3347946c824254e282941f2290d2f5558c9ff4d18b116fe12bc6432466,OS,18,C_end,1,True,0.0
5aebcd3347946c824254e282941f2290d2f5558c9ff4d18b116fe12bc6432466,OS,18,D_pos,1,True,0.0
5aebcd3347946c824254e282941f2290d2f5558c9ff4d18b116fe12bc6432466,OS,22,R_end,1,True,0.0
5aebcd3347946c824254e282941f2290d2f5558c9ff4d18b116fe12bc6432466,OS,22,C_end,1,True,0.0
5aebcd3347946c824254e282941f2290d2f5558c9ff4d18b116fe12bc6432466,OS,22,D_pos,1,True,0.0
5aebcd3347946c824254e282941f2290d2f5558c9ff4d18b116fe12bc6432466,OS,26,R_end,1,True,0.0
5aebcd3347946c824254e282941f2290d2f5558c9ff4d18b116fe12bc6432466,OS,26,C_end,1,True,0.0
5aebcd3347946c824254e282941f2290d2f5558c9ff4d18b116fe12bc6432466,OS,26,D_pos,1,True,0.0
5aebcd3347946c824254e282941f2290d2f5558c9ff4d18b116fe12bc6432466,SO,14,R_end,1,True,0.0
5aebcd3347946c824254e282941f2290d2f5558c9ff4d18b116fe12bc6432466,SO,14,C_end,1,True,0.0
5aebcd3347946c824254e282941f2290d2f5558c9ff4d18b116fe12bc6432466,SO,14,D_pos,1,True,0.0
5aebcd3347946c824254e282941f2290d2f5558c9ff4d18b116fe12bc6432466,SO,18,R_end,1,True,0.0
5aebcd3347946c824254e282941f2290d2f5558c9ff4d18b116fe12bc6432466,SO,18,C_end,1,True,0.0
5aebcd3347946c824254e282941f2290d2f5558c9ff4d18b116fe12bc6432466,SO,18,D_pos,1,True,0.0
5aebcd3347946c824254e282941f2290d2f5558c9ff4d18b116fe12bc6432466,SO,22,R_end,1,True,0.0
5aebcd3347946c824254e282941f2290d2f5558c9ff4d18b116fe12bc6432466,SO,22,C_end,1,True,0.0
5aebcd3347946c824254e282941f2290d2f5558c9ff4d18b116fe12bc6432466,SO,22,D_pos,1,True,0.0
5aebcd3347946c824254e282941f2290d2f5558c9ff4d18b116fe12bc6432466,SO,26,R_end,1,True,0.0
5aebcd3347946c824254e282941f2290d2f5558c9ff4d18b116fe12bc6432466,SO,26,C_end,1,True,0.0
5aebcd3347946c824254e282941f2290d2f5558c9ff4d18b116fe12bc6432466,SO,26,D_pos,1,True,0.0
5aebcd3347946c824254e282941f2290d2f5558c9ff4d18b116fe12bc6432466,SS,14,R_end,1,True,0.0
5aebcd3347946c824254e282941f2290d2f5558c9ff4d18b116fe12bc6432466,SS,14,C_end,1,True,0.0
5aebcd3347946c824254e282941f2290d2f5558c9ff4d18b116fe12bc6432466,SS,14,D_pos,1,True,0.0
5aebcd3347946c824254e282941f2290d2f5558c9ff4d18b116fe12bc6432466,SS,18,R_end,1,True,0.0
5aebcd3347946c824254e282941f2290d2f5558c9ff4d18b116fe12bc6432466,SS,18,C_end,1,True,0.0
5aebcd3347946c824254e282941f2290d2f5558c9ff4d18b116fe12bc6432466,SS,18,D_pos,1,True,0.0
5aebcd3347946c824254e282941f2290d2f5558c9ff4d18b116fe12bc6432466,SS,22,R_end,1,True,0.0
5aebcd3347946c824254e282941f2290d2f5558c9ff4d18b116fe12bc6432466,SS,22,C_end,1,True,0.0
5aebcd3347946c824254e282941f2290d2f5558c9ff4d18b116fe12bc6432466,SS,22,D_pos,1,True,0.0
5aebcd3347946c824254e282941f2290d2f5558c9ff4d18b116fe12bc6432466,SS,26,R_end,1,True,0.0
5aebcd3347946c824254e282941f2290d2f5558c9ff4d18b116fe12bc6432466,SS,26,C_end,1,True,0.0
5aebcd3347946c824254e282941f2290d2f5558c9ff4d18b116fe12bc6432466,SS,26,D_pos,1,True,0.0
5af325bc6e29771297a7d9b3b33082db45f759378a47f70408b80e536f8173a8,OO,14,R_end,1,True,0.0
5af325bc6e29771297a7d9b3b33082db45f759378a47f70408b80e536f8173a8,OO,14,C_end,1,True,0.0
5af325bc6e29771297a7d9b3b33082db45f759378a47f70408b80e536f8173a8,OO,14,D_pos,1,True,0.0
5af325bc6e29771297a7d9b3b33082db45f759378a47f70408b80e536f8173a8,OO,18,R_end,1,True,0.0
5af325bc6e29771297a7d9b3b33082db45f759378a47f70408b80e536f8173a8,OO,18,C_end,1,True,0.0
5af325bc6e29771297a7d9b3b33082db45f759378a47f70408b80e536f8173a8,OO,18,D_pos,1,True,0.0
5af325bc6e29771297a7d9b3b33082db45f759378a47f70408b80e536f8173a8,OO,22,R_end,1,True,0.0
5af325bc6e29771297a7d9b3b33082db45f759378a47f70408b80e536f8173a8,OO,22,C_end,1,True,0.0
5af325bc6e29771297a7d9b3b33082db45f759378a47f70408b80e536f8173a8,OO,22,D_pos,1,True,0.0
5af325bc6e29771297a7d9b3b33082db45f759378a47f70408b80e536f8173a8,OO,26,R_end,1,True,0.0
5af325bc6e29771297a7d9b3b33082db45f759378a47f70408b80e536f8173a8,OO,26,C_end,1,True,0.0
5af325bc6e29771297a7d9b3b33082db45f759378a47f70408b80e536f8173a8,OO,26,D_pos,1,True,0.0
5af325bc6e29771297a7d9b3b33082db45f759378a47f70408b80e536f8173a8,OS,14,R_end,1,True,0.0
5af325bc6e29771297a7d9b3b33082db45f759378a47f70408b80e536f8173a8,OS,14,C_end,1,True,0.0
5af325bc6e29771297a7d9b3b33082db45f759378a47f70408b80e536f8173a8,OS,14,D_pos,1,True,0.0
5af325bc6e29771297a7d9b3b33082db45f759378a47f70408b80e536f8173a8,OS,18,R_end,1,True,0.0
5af325bc6e29771297a7d9b3b33082db45f759378a47f70408b80e536f8173a8,OS,18,C_end,1,True,0.0
5af325bc6e29771297a7d9b3b33082db45f759378a47f70408b80e536f8173a8,OS,18,D_pos,1,True,0.0
5af325bc6e29771297a7d9b3b33082db45f759378a47f70408b80e536f8173a8,OS,22,R_end,1,True,0.0
5af325bc6e29771297a7d9b3b33082db45f759378a47f70408b80e536f8173a8,OS,22,C_end,1,True,0.0
5af325bc6e29771297a7d9b3b33082db45f759378a47f70408b80e536f8173a8,OS,22,D_pos,1,True,0.0
5af325bc6e29771297a7d9b3b33082db45f759378a47f70408b80e536f8173a8,OS,26,R_end,1,True,0.0
5af325bc6e29771297a7d9b3b33082db45f759378a47f70408b80e536f8173a8,OS,26,C_end,1,True,0.0
5af325bc6e29771297a7d9b3b33082db45f759378a47f70408b80e536f8173a8,OS,26,D_pos,1,True,0.0
5af325bc6e29771297a7d9b3b33082db45f759378a47f70408b80e536f8173a8,SO,14,R_end,1,True,0.0
5af325bc6e29771297a7d9b3b33082db45f759378a47f70408b80e536f8173a8,SO,14,C_end,1,True,0.0
5af325bc6e29771297a7d9b3b33082db45f759378a47f70408b80e536f8173a8,SO,14,D_pos,1,True,0.0
5af325bc6e29771297a7d9b3b33082db45f759378a47f70408b80e536f8173a8,SO,18,R_end,1,True,0.0
5af325bc6e29771297a7d9b3b33082db45f759378a47f70408b80e536f8173a8,SO,18,C_end,1,True,0.0
5af325bc6e29771297a7d9b3b33082db45f759378a47f70408b80e536f8173a8,SO,18,D_pos,1,True,0.0
5af325bc6e29771297a7d9b3b33082db45f759378a47f70408b80e536f8173a8,SO,22,R_end,1,True,0.0
5af325bc6e29771297a7d9b3b33082db45f759378a47f70408b80e536f8173a8,SO,22,C_end,1,True,0.0
5af325bc6e29771297a7d9b3b33082db45f759378a47f70408b80e536f8173a8,SO,22,D_pos,1,True,0.0
5af325bc6e29771297a7d9b3b33082db45f759378a47f70408b80e536f8173a8,SO,26,R_end,1,True,0.0
5af325bc6e29771297a7d9b3b33082db45f759378a47f70408b80e536f8173a8,SO,26,C_end,1,True,0.0
5af325bc6e29771297a7d9b3b33082db45f759378a47f70408b80e536f8173a8,SO,26,D_pos,1,True,0.0
5af325bc6e29771297a7d9b3b33082db45f759378a47f70408b80e536f8173a8,SS,14,R_end,1,True,0.0
5af325bc6e29771297a7d9b3b33082db45f759378a47f70408b80e536f8173a8,SS,14,C_end,1,True,0.0
5af325bc6e29771297a7d9b3b33082db45f759378a47f70408b80e536f8173a8,SS,14,D_pos,1,True,0.0
5af325bc6e29771297a7d9b3b33082db45f759378a47f70408b80e536f8173a8,SS,18,R_end,1,True,0.0
5af325bc6e29771297a7d9b3b33082db45f759378a47f70408b80e536f8173a8,SS,18,C_end,1,True,0.0
5af325bc6e29771297a7d9b3b33082db45f759378a47f70408b80e536f8173a8,SS,18,D_pos,1,True,0.0
5af325bc6e29771297a7d9b3b33082db45f759378a47f70408b80e536f8173a8,SS,22,R_end,1,True,0.0
5af325bc6e29771297a7d9b3b33082db45f759378a47f70408b80e536f8173a8,SS,22,C_end,1,True,0.0
5af325bc6e29771297a7d9b3b33082db45f759378a47f70408b80e536f8173a8,SS,22,D_pos,1,True,0.0
5af325bc6e29771297a7d9b3b33082db45f759378a47f70408b80e536f8173a8,SS,26,R_end,1,True,0.0
5af325bc6e29771297a7d9b3b33082db45f759378a47f70408b80e536f8173a8,SS,26,C_end,1,True,0.0
5af325bc6e29771297a7d9b3b33082db45f759378a47f70408b80e536f8173a8,SS,26,D_pos,1,True,0.0
5c17097227a0fb55737cf52c70ec318d3ba1110d71a8c71b697802393b2c64df,OO,14,R_end,1,True,0.0
5c17097227a0fb55737cf52c70ec318d3ba1110d71a8c71b697802393b2c64df,OO,14,C_end,1,True,0.0
5c17097227a0fb55737cf52c70ec318d3ba1110d71a8c71b697802393b2c64df,OO,14,D_pos,1,True,0.0
5c17097227a0fb55737cf52c70ec318d3ba1110d71a8c71b697802393b2c64df,OO,18,R_end,1,True,0.0
5c17097227a0fb55737cf52c70ec318d3ba1110d71a8c71b697802393b2c64df,OO,18,C_end,1,True,0.0
5c17097227a0fb55737cf52c70ec318d3ba1110d71a8c71b697802393b2c64df,OO,18,D_pos,1,True,0.0
5c17097227a0fb55737cf52c70ec318d3ba1110d71a8c71b697802393b2c64df,OO,22,R_end,1,True,0.0
5c17097227a0fb55737cf52c70ec318d3ba1110d71a8c71b697802393b2c64df,OO,22,C_end,1,True,0.0
5c17097227a0fb55737cf52c70ec318d3ba1110d71a8c71b697802393b2c64df,OO,22,D_pos,1,True,0.0
5c17097227a0fb55737cf52c70ec318d3ba1110d71a8c71b697802393b2c64df,OO,26,R_end,1,True,0.0
5c17097227a0fb55737cf52c70ec318d3ba1110d71a8c71b697802393b2c64df,OO,26,C_end,1,True,0.0
5c17097227a0fb55737cf52c70ec318d3ba1110d71a8c71b697802393b2c64df,OO,26,D_pos,1,True,0.0
5c17097227a0fb55737cf52c70ec318d3ba1110d71a8c71b697802393b2c64df,OS,14,R_end,1,True,0.0
5c17097227a0fb55737cf52c70ec318d3ba1110d71a8c71b697802393b2c64df,OS,14,C_end,1,True,0.0
5c17097227a0fb55737cf52c70ec318d3ba1110d71a8c71b697802393b2c64df,OS,14,D_pos,1,True,0.0
5c17097227a0fb55737cf52c70ec318d3ba1110d71a8c71b697802393b2c64df,OS,18,R_end,1,True,0.0
5c17097227a0fb55737cf52c70ec318d3ba1110d71a8c71b697802393b2c64df,OS,18,C_end,1,True,0.0
5c17097227a0fb55737cf52c70ec318d3ba1110d71a8c71b697802393b2c64df,OS,18,D_pos,1,True,0.0
5c17097227a0fb55737cf52c70ec318d3ba1110d71a8c71b697802393b2c64df,OS,22,R_end,1,True,0.0
5c17097227a0fb55737cf52c70ec318d3ba1110d71a8c71b697802393b2c64df,OS,22,C_end,1,True,0.0
5c17097227a0fb55737cf52c70ec318d3ba1110d71a8c71b697802393b2c64df,OS,22,D_pos,1,True,0.0
5c17097227a0fb55737cf52c70ec318d3ba1110d71a8c71b697802393b2c64df,OS,26,R_end,1,True,0.0
5c17097227a0fb55737cf52c70ec318d3ba1110d71a8c71b697802393b2c64df,OS,26,C_end,1,True,0.0
5c17097227a0fb55737cf52c70ec318d3ba1110d71a8c71b697802393b2c64df,OS,26,D_pos,1,True,0.0
5c17097227a0fb55737cf52c70ec318d3ba1110d71a8c71b697802393b2c64df,SO,14,R_end,1,True,0.0
5c17097227a0fb55737cf52c70ec318d3ba1110d71a8c71b697802393b2c64df,SO,14,C_end,1,True,0.0
5c17097227a0fb55737cf52c70ec318d3ba1110d71a8c71b697802393b2c64df,SO,14,D_pos,1,True,0.0
5c17097227a0fb55737cf52c70ec318d3ba1110d71a8c71b697802393b2c64df,SO,18,R_end,1,True,0.0
5c17097227a0fb55737cf52c70ec318d3ba1110d71a8c71b697802393b2c64df,SO,18,C_end,1,True,0.0
5c17097227a0fb55737cf52c70ec318d3ba1110d71a8c71b697802393b2c64df,SO,18,D_pos,1,True,0.0
5c17097227a0fb55737cf52c70ec318d3ba1110d71a8c71b697802393b2c64df,SO,22,R_end,1,True,0.0
5c17097227a0fb55737cf52c70ec318d3ba1110d71a8c71b697802393b2c64df,SO,22,C_end,1,True,0.0
5c17097227a0fb55737cf52c70ec318d3ba1110d71a8c71b697802393b2c64df,SO,22,D_pos,1,True,0.0
5c17097227a0fb55737cf52c70ec318d3ba1110d71a8c71b697802393b2c64df,SO,26,R_end,1,True,0.0
5c17097227a0fb55737cf52c70ec318d3ba1110d71a8c71b697802393b2c64df,SO,26,C_end,1,True,0.0
5c17097227a0fb55737cf52c70ec318d3ba1110d71a8c71b697802393b2c64df,SO,26,D_pos,1,True,0.0
5c17097227a0fb55737cf52c70ec318d3ba1110d71a8c71b697802393b2c64df,SS,14,R_end,1,True,0.0
5c17097227a0fb55737cf52c70ec318d3ba1110d71a8c71b697802393b2c64df,SS,14,C_end,1,True,0.0
5c17097227a0fb55737cf52c70ec318d3ba1110d71a8c71b697802393b2c64df,SS,14,D_pos,1,True,0.0
5c17097227a0fb55737cf52c70ec318d3ba1110d71a8c71b697802393b2c64df,SS,18,R_end,1,True,0.0
5c17097227a0fb55737cf52c70ec318d3ba1110d71a8c71b697802393b2c64df,SS,18,C_end,1,True,0.0
5c17097227a0fb55737cf52c70ec318d3ba1110d71a8c71b697802393b2c64df,SS,18,D_pos,1,True,0.0
5c17097227a0fb55737cf52c70ec318d3ba1110d71a8c71b697802393b2c64df,SS,22,R_end,1,True,0.0
5c17097227a0fb55737cf52c70ec318d3ba1110d71a8c71b697802393b2c64df,SS,22,C_end,1,True,0.0
5c17097227a0fb55737cf52c70ec318d3ba1110d71a8c71b697802393b2c64df,SS,22,D_pos,1,True,0.0
5c17097227a0fb55737cf52c70ec318d3ba1110d71a8c71b697802393b2c64df,SS,26,R_end,1,True,0.0
5c17097227a0fb55737cf52c70ec318d3ba1110d71a8c71b697802393b2c64df,SS,26,C_end,1,True,0.0
5c17097227a0fb55737cf52c70ec318d3ba1110d71a8c71b697802393b2c64df,SS,26,D_pos,1,True,0.0
5da4110576e81a798a7c9eb3d4e2c0637adfdb17a24836f5997ee49a554c1edd,OO,14,R_end,1,True,0.0
5da4110576e81a798a7c9eb3d4e2c0637adfdb17a24836f5997ee49a554c1edd,OO,14,C_end,1,True,0.0
5da4110576e81a798a7c9eb3d4e2c0637adfdb17a24836f5997ee49a554c1edd,OO,14,D_pos,1,True,0.0
5da4110576e81a798a7c9eb3d4e2c0637adfdb17a24836f5997ee49a554c1edd,OO,18,R_end,1,True,0.0
5da4110576e81a798a7c9eb3d4e2c0637adfdb17a24836f5997ee49a554c1edd,OO,18,C_end,1,True,0.0
5da4110576e81a798a7c9eb3d4e2c0637adfdb17a24836f5997ee49a554c1edd,OO,18,D_pos,1,True,0.0
5da4110576e81a798a7c9eb3d4e2c0637adfdb17a24836f5997ee49a554c1edd,OO,22,R_end,1,True,0.0
5da4110576e81a798a7c9eb3d4e2c0637adfdb17a24836f5997ee49a554c1edd,OO,22,C_end,1,True,0.0
5da4110576e81a798a7c9eb3d4e2c0637adfdb17a24836f5997ee49a554c1edd,OO,22,D_pos,1,True,0.0
5da4110576e81a798a7c9eb3d4e2c0637adfdb17a24836f5997ee49a554c1edd,OO,26,R_end,1,True,0.0
5da4110576e81a798a7c9eb3d4e2c0637adfdb17a24836f5997ee49a554c1edd,OO,26,C_end,1,True,0.0
5da4110576e81a798a7c9eb3d4e2c0637adfdb17a24836f5997ee49a554c1edd,OO,26,D_pos,1,True,0.0
5da4110576e81a798a7c9eb3d4e2c0637adfdb17a24836f5997ee49a554c1edd,OS,14,R_end,1,True,0.0
5da4110576e81a798a7c9eb3d4e2c0637adfdb17a24836f5997ee49a554c1edd,OS,14,C_end,1,True,0.0
5da4110576e81a798a7c9eb3d4e2c0637adfdb17a24836f5997ee49a554c1edd,OS,14,D_pos,1,True,0.0
5da4110576e81a798a7c9eb3d4e2c0637adfdb17a24836f5997ee49a554c1edd,OS,18,R_end,1,True,0.0
5da4110576e81a798a7c9eb3d4e2c0637adfdb17a24836f5997ee49a554c1edd,OS,18,C_end,1,True,0.0
5da4110576e81a798a7c9eb3d4e2c0637adfdb17a24836f5997ee49a554c1edd,OS,18,D_pos,1,True,0.0
5da4110576e81a798a7c9eb3d4e2c0637adfdb17a24836f5997ee49a554c1edd,OS,22,R_end,1,True,0.0
5da4110576e81a798a7c9eb3d4e2c0637adfdb17a24836f5997ee49a554c1edd,OS,22,C_end,1,True,0.0
5da4110576e81a798a7c9eb3d4e2c0637adfdb17a24836f5997ee49a554c1edd,OS,22,D_pos,1,True,0.0
5da4110576e81a798a7c9eb3d4e2c0637adfdb17a24836f5997ee49a554c1edd,OS,26,R_end,1,True,0.0
5da4110576e81a798a7c9eb3d4e2c0637adfdb17a24836f5997ee49a554c1edd,OS,26,C_end,1,True,0.0
5da4110576e81a798a7c9eb3d4e2c0637adfdb17a24836f5997ee49a554c1edd,OS,26,D_pos,1,True,0.0
5da4110576e81a798a7c9eb3d4e2c0637adfdb17a24836f5997ee49a554c1edd,SO,14,R_end,1,True,0.0
5da4110576e81a798a7c9eb3d4e2c0637adfdb17a24836f5997ee49a554c1edd,SO,14,C_end,1,True,0.0
5da4110576e81a798a7c9eb3d4e2c0637adfdb17a24836f5997ee49a554c1edd,SO,14,D_pos,1,True,0.0
5da4110576e81a798a7c9eb3d4e2c0637adfdb17a24836f5997ee49a554c1edd,SO,18,R_end,1,True,0.0
5da4110576e81a798a7c9eb3d4e2c0637adfdb17a24836f5997ee49a554c1edd,SO,18,C_end,1,True,0.0
5da4110576e81a798a7c9eb3d4e2c0637adfdb17a24836f5997ee49a554c1edd,SO,18,D_pos,1,True,0.0
5da4110576e81a798a7c9eb3d4e2c0637adfdb17a24836f5997ee49a554c1edd,SO,22,R_end,1,True,0.0
5da4110576e81a798a7c9eb3d4e2c0637adfdb17a24836f5997ee49a554c1edd,SO,22,C_end,1,True,0.0
5da4110576e81a798a7c9eb3d4e2c0637adfdb17a24836f5997ee49a554c1edd,SO,22,D_pos,1,True,0.0
5da4110576e81a798a7c9eb3d4e2c0637adfdb17a24836f5997ee49a554c1edd,SO,26,R_end,1,True,0.0
5da4110576e81a798a7c9eb3d4e2c0637adfdb17a24836f5997ee49a554c1edd,SO,26,C_end,1,True,0.0
5da4110576e81a798a7c9eb3d4e2c0637adfdb17a24836f5997ee49a554c1edd,SO,26,D_pos,1,True,0.0
5da4110576e81a798a7c9eb3d4e2c0637adfdb17a24836f5997ee49a554c1edd,SS,14,R_end,1,True,0.0
5da4110576e81a798a7c9eb3d4e2c0637adfdb17a24836f5997ee49a554c1edd,SS,14,C_end,1,True,0.0
5da4110576e81a798a7c9eb3d4e2c0637adfdb17a24836f5997ee49a554c1edd,SS,14,D_pos,1,True,0.0
5da4110576e81a798a7c9eb3d4e2c0637adfdb17a24836f5997ee49a554c1edd,SS,18,R_end,1,True,0.0
5da4110576e81a798a7c9eb3d4e2c0637adfdb17a24836f5997ee49a554c1edd,SS,18,C_end,1,True,0.0
5da4110576e81a798a7c9eb3d4e2c0637adfdb17a24836f5997ee49a554c1edd,SS,18,D_pos,1,True,0.0
5da4110576e81a798a7c9eb3d4e2c0637adfdb17a24836f5997ee49a554c1edd,SS,22,R_end,1,True,0.0
5da4110576e81a798a7c9eb3d4e2c0637adfdb17a24836f5997ee49a554c1edd,SS,22,C_end,1,True,0.0
5da4110576e81a798a7c9eb3d4e2c0637adfdb17a24836f5997ee49a554c1edd,SS,22,D_pos,1,True,0.0
5da4110576e81a798a7c9eb3d4e2c0637adfdb17a24836f5997ee49a554c1edd,SS,26,R_end,1,True,0.0
5da4110576e81a798a7c9eb3d4e2c0637adfdb17a24836f5997ee49a554c1edd,SS,26,C_end,1,True,0.0
5da4110576e81a798a7c9eb3d4e2c0637adfdb17a24836f5997ee49a554c1edd,SS,26,D_pos,1,True,0.0
5ffe4a411d668a603219b8508d8727ca5e0d1c9c7ec961398c4324e421f50265,OO,14,R_end,1,True,0.0
5ffe4a411d668a603219b8508d8727ca5e0d1c9c7ec961398c4324e421f50265,OO,14,C_end,1,True,0.0
5ffe4a411d668a603219b8508d8727ca5e0d1c9c7ec961398c4324e421f50265,OO,14,D_pos,1,True,0.0
5ffe4a411d668a603219b8508d8727ca5e0d1c9c7ec961398c4324e421f50265,OO,18,R_end,1,True,0.0
5ffe4a411d668a603219b8508d8727ca5e0d1c9c7ec961398c4324e421f50265,OO,18,C_end,1,True,0.0
5ffe4a411d668a603219b8508d8727ca5e0d1c9c7ec961398c4324e421f50265,OO,18,D_pos,1,True,0.0
5ffe4a411d668a603219b8508d8727ca5e0d1c9c7ec961398c4324e421f50265,OO,22,R_end,1,True,0.0
5ffe4a411d668a603219b8508d8727ca5e0d1c9c7ec961398c4324e421f50265,OO,22,C_end,1,True,0.0
5ffe4a411d668a603219b8508d8727ca5e0d1c9c7ec961398c4324e421f50265,OO,22,D_pos,1,True,0.0
5ffe4a411d668a603219b8508d8727ca5e0d1c9c7ec961398c4324e421f50265,OO,26,R_end,1,True,0.0
5ffe4a411d668a603219b8508d8727ca5e0d1c9c7ec961398c4324e421f50265,OO,26,C_end,1,True,0.0
5ffe4a411d668a603219b8508d8727ca5e0d1c9c7ec961398c4324e421f50265,OO,26,D_pos,1,True,0.0
5ffe4a411d668a603219b8508d8727ca5e0d1c9c7ec961398c4324e421f50265,OS,14,R_end,1,True,0.0
5ffe4a411d668a603219b8508d8727ca5e0d1c9c7ec961398c4324e421f50265,OS,14,C_end,1,True,0.0
5ffe4a411d668a603219b8508d8727ca5e0d1c9c7ec961398c4324e421f50265,OS,14,D_pos,1,True,0.0
5ffe4a411d668a603219b8508d8727ca5e0d1c9c7ec961398c4324e421f50265,OS,18,R_end,1,True,0.0
5ffe4a411d668a603219b8508d8727ca5e0d1c9c7ec961398c4324e421f50265,OS,18,C_end,1,True,0.0
5ffe4a411d668a603219b8508d8727ca5e0d1c9c7ec961398c4324e421f50265,OS,18,D_pos,1,True,0.0
5ffe4a411d668a603219b8508d8727ca5e0d1c9c7ec961398c4324e421f50265,OS,22,R_end,1,True,0.0
5ffe4a411d668a603219b8508d8727ca5e0d1c9c7ec961398c4324e421f50265,OS,22,C_end,1,True,0.0
5ffe4a411d668a603219b8508d8727ca5e0d1c9c7ec961398c4324e421f50265,OS,22,D_pos,1,True,0.0
5ffe4a411d668a603219b8508d8727ca5e0d1c9c7ec961398c4324e421f50265,OS,26,R_end,1,True,0.0
5ffe4a411d668a603219b8508d8727ca5e0d1c9c7ec961398c4324e421f50265,OS,26,C_end,1,True,0.0
5ffe4a411d668a603219b8508d8727ca5e0d1c9c7ec961398c4324e421f50265,OS,26,D_pos,1,True,0.0
5ffe4a411d668a603219b8508d8727ca5e0d1c9c7ec961398c4324e421f50265,SO,14,R_end,1,True,0.0
5ffe4a411d668a603219b8508d8727ca5e0d1c9c7ec961398c4324e421f50265,SO,14,C_end,1,True,0.0
5ffe4a411d668a603219b8508d8727ca5e0d1c9c7ec961398c4324e421f50265,SO,14,D_pos,1,True,0.0
5ffe4a411d668a603219b8508d8727ca5e0d1c9c7ec961398c4324e421f50265,SO,18,R_end,1,True,0.0
5ffe4a411d668a603219b8508d8727ca5e0d1c9c7ec961398c4324e421f50265,SO,18,C_end,1,True,0.0
5ffe4a411d668a603219b8508d8727ca5e0d1c9c7ec961398c4324e421f50265,SO,18,D_pos,1,True,0.0
5ffe4a411d668a603219b8508d8727ca5e0d1c9c7ec961398c4324e421f50265,SO,22,R_end,1,True,0.0
5ffe4a411d668a603219b8508d8727ca5e0d1c9c7ec961398c4324e421f50265,SO,22,C_end,1,True,0.0
5ffe4a411d668a603219b8508d8727ca5e0d1c9c7ec961398c4324e421f50265,SO,22,D_pos,1,True,0.0
5ffe4a411d668a603219b8508d8727ca5e0d1c9c7ec961398c4324e421f50265,SO,26,R_end,1,True,0.0
5ffe4a411d668a603219b8508d8727ca5e0d1c9c7ec961398c4324e421f50265,SO,26,C_end,1,True,0.0
5ffe4a411d668a603219b8508d8727ca5e0d1c9c7ec961398c4324e421f50265,SO,26,D_pos,1,True,0.0
5ffe4a411d668a603219b8508d8727ca5e0d1c9c7ec961398c4324e421f50265,SS,14,R_end,1,True,0.0
5ffe4a411d668a603219b8508d8727ca5e0d1c9c7ec961398c4324e421f50265,SS,14,C_end,1,True,0.0
5ffe4a411d668a603219b8508d8727ca5e0d1c9c7ec961398c4324e421f50265,SS,14,D_pos,1,True,0.0
5ffe4a411d668a603219b8508d8727ca5e0d1c9c7ec961398c4324e421f50265,SS,18,R_end,1,True,0.0
5ffe4a411d668a603219b8508d8727ca5e0d1c9c7ec961398c4324e421f50265,SS,18,C_end,1,True,0.0
5ffe4a411d668a603219b8508d8727ca5e0d1c9c7ec961398c4324e421f50265,SS,18,D_pos,1,True,0.0
5ffe4a411d668a603219b8508d8727ca5e0d1c9c7ec961398c4324e421f50265,SS,22,R_end,1,True,0.0
5ffe4a411d668a603219b8508d8727ca5e0d1c9c7ec961398c4324e421f50265,SS,22,C_end,1,True,0.0
5ffe4a411d668a603219b8508d8727ca5e0d1c9c7ec961398c4324e421f50265,SS,22,D_pos,1,True,0.0
5ffe4a411d668a603219b8508d8727ca5e0d1c9c7ec961398c4324e421f50265,SS,26,R_end,1,True,0.0
5ffe4a411d668a603219b8508d8727ca5e0d1c9c7ec961398c4324e421f50265,SS,26,C_end,1,True,0.0
5ffe4a411d668a603219b8508d8727ca5e0d1c9c7ec961398c4324e421f50265,SS,26,D_pos,1,True,0.0
615e53d88676086fc33a4ec1643b3b9372f1df9941c8919af9533b858c168cb5,OO,14,R_end,1,True,0.0
615e53d88676086fc33a4ec1643b3b9372f1df9941c8919af9533b858c168cb5,OO,14,C_end,1,True,0.0
615e53d88676086fc33a4ec1643b3b9372f1df9941c8919af9533b858c168cb5,OO,14,D_pos,1,True,0.0
615e53d88676086fc33a4ec1643b3b9372f1df9941c8919af9533b858c168cb5,OO,18,R_end,1,True,0.0
615e53d88676086fc33a4ec1643b3b9372f1df9941c8919af9533b858c168cb5,OO,18,C_end,1,True,0.0
615e53d88676086fc33a4ec1643b3b9372f1df9941c8919af9533b858c168cb5,OO,18,D_pos,1,True,0.0
615e53d88676086fc33a4ec1643b3b9372f1df9941c8919af9533b858c168cb5,OO,22,R_end,1,True,0.0
615e53d88676086fc33a4ec1643b3b9372f1df9941c8919af9533b858c168cb5,OO,22,C_end,1,True,0.0
615e53d88676086fc33a4ec1643b3b9372f1df9941c8919af9533b858c168cb5,OO,22,D_pos,1,True,0.0
615e53d88676086fc33a4ec1643b3b9372f1df9941c8919af9533b858c168cb5,OO,26,R_end,1,True,0.0
615e53d88676086fc33a4ec1643b3b9372f1df9941c8919af9533b858c168cb5,OO,26,C_end,1,True,0.0
615e53d88676086fc33a4ec1643b3b9372f1df9941c8919af9533b858c168cb5,OO,26,D_pos,1,True,0.0
615e53d88676086fc33a4ec1643b3b9372f1df9941c8919af9533b858c168cb5,OS,14,R_end,1,True,0.0
615e53d88676086fc33a4ec1643b3b9372f1df9941c8919af9533b858c168cb5,OS,14,C_end,1,True,0.0
615e53d88676086fc33a4ec1643b3b9372f1df9941c8919af9533b858c168cb5,OS,14,D_pos,1,True,0.0
615e53d88676086fc33a4ec1643b3b9372f1df9941c8919af9533b858c168cb5,OS,18,R_end,1,True,0.0
615e53d88676086fc33a4ec1643b3b9372f1df9941c8919af9533b858c168cb5,OS,18,C_end,1,True,0.0
615e53d88676086fc33a4ec1643b3b9372f1df9941c8919af9533b858c168cb5,OS,18,D_pos,1,True,0.0
615e53d88676086fc33a4ec1643b3b9372f1df9941c8919af9533b858c168cb5,OS,22,R_end,1,True,0.0
615e53d88676086fc33a4ec1643b3b9372f1df9941c8919af9533b858c168cb5,OS,22,C_end,1,True,0.0
615e53d88676086fc33a4ec1643b3b9372f1df9941c8919af9533b858c168cb5,OS,22,D_pos,1,True,0.0
615e53d88676086fc33a4ec1643b3b9372f1df9941c8919af9533b858c168cb5,OS,26,R_end,1,True,0.0
615e53d88676086fc33a4ec1643b3b9372f1df9941c8919af9533b858c168cb5,OS,26,C_end,1,True,0.0
615e53d88676086fc33a4ec1643b3b9372f1df9941c8919af9533b858c168cb5,OS,26,D_pos,1,True,0.0
615e53d88676086fc33a4ec1643b3b9372f1df9941c8919af9533b858c168cb5,SO,14,R_end,1,True,0.0
615e53d88676086fc33a4ec1643b3b9372f1df9941c8919af9533b858c168cb5,SO,14,C_end,1,True,0.0
615e53d88676086fc33a4ec1643b3b9372f1df9941c8919af9533b858c168cb5,SO,14,D_pos,1,True,0.0
615e53d88676086fc33a4ec1643b3b9372f1df9941c8919af9533b858c168cb5,SO,18,R_end,1,True,0.0
615e53d88676086fc33a4ec1643b3b9372f1df9941c8919af9533b858c168cb5,SO,18,C_end,1,True,0.0
615e53d88676086fc33a4ec1643b3b9372f1df9941c8919af9533b858c168cb5,SO,18,D_pos,1,True,0.0
615e53d88676086fc33a4ec1643b3b9372f1df9941c8919af9533b858c168cb5,SO,22,R_end,1,True,0.0
615e53d88676086fc33a4ec1643b3b9372f1df9941c8919af9533b858c168cb5,SO,22,C_end,1,True,0.0
615e53d88676086fc33a4ec1643b3b9372f1df9941c8919af9533b858c168cb5,SO,22,D_pos,1,True,0.0
615e53d88676086fc33a4ec1643b3b9372f1df9941c8919af9533b858c168cb5,SO,26,R_end,1,True,0.0
615e53d88676086fc33a4ec1643b3b9372f1df9941c8919af9533b858c168cb5,SO,26,C_end,1,True,0.0
615e53d88676086fc33a4ec1643b3b9372f1df9941c8919af9533b858c168cb5,SO,26,D_pos,1,True,0.0
615e53d88676086fc33a4ec1643b3b9372f1df9941c8919af9533b858c168cb5,SS,14,R_end,1,True,0.0
615e53d88676086fc33a4ec1643b3b9372f1df9941c8919af9533b858c168cb5,SS,14,C_end,1,True,0.0
615e53d88676086fc33a4ec1643b3b9372f1df9941c8919af9533b858c168cb5,SS,14,D_pos,1,True,0.0
615e53d88676086fc33a4ec1643b3b9372f1df9941c8919af9533b858c168cb5,SS,18,R_end,1,True,0.0
615e53d88676086fc33a4ec1643b3b9372f1df9941c8919af9533b858c168cb5,SS,18,C_end,1,True,0.0
615e53d88676086fc33a4ec1643b3b9372f1df9941c8919af9533b858c168cb5,SS,18,D_pos,1,True,0.0
615e53d88676086fc33a4ec1643b3b9372f1df9941c8919af9533b858c168cb5,SS,22,R_end,1,True,0.0
615e53d88676086fc33a4ec1643b3b9372f1df9941c8919af9533b858c168cb5,SS,22,C_end,1,True,0.0
615e53d88676086fc33a4ec1643b3b9372f1df9941c8919af9533b858c168cb5,SS,22,D_pos,1,True,0.0
615e53d88676086fc33a4ec1643b3b9372f1df9941c8919af9533b858c168cb5,SS,26,R_end,1,True,0.0
615e53d88676086fc33a4ec1643b3b9372f1df9941c8919af9533b858c168cb5,SS,26,C_end,1,True,0.0
615e53d88676086fc33a4ec1643b3b9372f1df9941c8919af9533b858c168cb5,SS,26,D_pos,1,True,0.0
61f61c49fa8e53da2fd368165bddd59e5ef621a2b37a36c79954c8346723602e,OO,14,R_end,1,True,0.0
61f61c49fa8e53da2fd368165bddd59e5ef621a2b37a36c79954c8346723602e,OO,14,C_end,1,True,0.0
61f61c49fa8e53da2fd368165bddd59e5ef621a2b37a36c79954c8346723602e,OO,14,D_pos,1,True,0.0
61f61c49fa8e53da2fd368165bddd59e5ef621a2b37a36c79954c8346723602e,OO,18,R_end,1,True,0.0
61f61c49fa8e53da2fd368165bddd59e5ef621a2b37a36c79954c8346723602e,OO,18,C_end,1,True,0.0
61f61c49fa8e53da2fd368165bddd59e5ef621a2b37a36c79954c8346723602e,OO,18,D_pos,1,True,0.0
61f61c49fa8e53da2fd368165bddd59e5ef621a2b37a36c79954c8346723602e,OO,22,R_end,1,True,0.0
61f61c49fa8e53da2fd368165bddd59e5ef621a2b37a36c79954c8346723602e,OO,22,C_end,1,True,0.0
61f61c49fa8e53da2fd368165bddd59e5ef621a2b37a36c79954c8346723602e,OO,22,D_pos,1,True,0.0
61f61c49fa8e53da2fd368165bddd59e5ef621a2b37a36c79954c8346723602e,OO,26,R_end,1,True,0.0
61f61c49fa8e53da2fd368165bddd59e5ef621a2b37a36c79954c8346723602e,OO,26,C_end,1,True,0.0
61f61c49fa8e53da2fd368165bddd59e5ef621a2b37a36c79954c8346723602e,OO,26,D_pos,1,True,0.0
61f61c49fa8e53da2fd368165bddd59e5ef621a2b37a36c79954c8346723602e,OS,14,R_end,1,True,0.0
61f61c49fa8e53da2fd368165bddd59e5ef621a2b37a36c79954c8346723602e,OS,14,C_end,1,True,0.0
61f61c49fa8e53da2fd368165bddd59e5ef621a2b37a36c79954c8346723602e,OS,14,D_pos,1,True,0.0
61f61c49fa8e53da2fd368165bddd59e5ef621a2b37a36c79954c8346723602e,OS,18,R_end,1,True,0.0
61f61c49fa8e53da2fd368165bddd59e5ef621a2b37a36c79954c8346723602e,OS,18,C_end,1,True,0.0
61f61c49fa8e53da2fd368165bddd59e5ef621a2b37a36c79954c8346723602e,OS,18,D_pos,1,True,0.0
61f61c49fa8e53da2fd368165bddd59e5ef621a2b37a36c79954c8346723602e,OS,22,R_end,1,True,0.0
61f61c49fa8e53da2fd368165bddd59e5ef621a2b37a36c79954c8346723602e,OS,22,C_end,1,True,0.0
61f61c49fa8e53da2fd368165bddd59e5ef621a2b37a36c79954c8346723602e,OS,22,D_pos,1,True,0.0
61f61c49fa8e53da2fd368165bddd59e5ef621a2b37a36c79954c8346723602e,OS,26,R_end,1,True,0.0
61f61c49fa8e53da2fd368165bddd59e5ef621a2b37a36c79954c8346723602e,OS,26,C_end,1,True,0.0
61f61c49fa8e53da2fd368165bddd59e5ef621a2b37a36c79954c8346723602e,OS,26,D_pos,1,True,0.0
61f61c49fa8e53da2fd368165bddd59e5ef621a2b37a36c79954c8346723602e,SO,14,R_end,1,True,0.0
61f61c49fa8e53da2fd368165bddd59e5ef621a2b37a36c79954c8346723602e,SO,14,C_end,1,True,0.0
61f61c49fa8e53da2fd368165bddd59e5ef621a2b37a36c79954c8346723602e,SO,14,D_pos,1,True,0.0
61f61c49fa8e53da2fd368165bddd59e5ef621a2b37a36c79954c8346723602e,SO,18,R_end,1,True,0.0
61f61c49fa8e53da2fd368165bddd59e5ef621a2b37a36c79954c8346723602e,SO,18,C_end,1,True,0.0
61f61c49fa8e53da2fd368165bddd59e5ef621a2b37a36c79954c8346723602e,SO,18,D_pos,1,True,0.0
61f61c49fa8e53da2fd368165bddd59e5ef621a2b37a36c79954c8346723602e,SO,22,R_end,1,True,0.0
61f61c49fa8e53da2fd368165bddd59e5ef621a2b37a36c79954c8346723602e,SO,22,C_end,1,True,0.0
61f61c49fa8e53da2fd368165bddd59e5ef621a2b37a36c79954c8346723602e,SO,22,D_pos,1,True,0.0
61f61c49fa8e53da2fd368165bddd59e5ef621a2b37a36c79954c8346723602e,SO,26,R_end,1,True,0.0
61f61c49fa8e53da2fd368165bddd59e5ef621a2b37a36c79954c8346723602e,SO,26,C_end,1,True,0.0
61f61c49fa8e53da2fd368165bddd59e5ef621a2b37a36c79954c8346723602e,SO,26,D_pos,1,True,0.0
61f61c49fa8e53da2fd368165bddd59e5ef621a2b37a36c79954c8346723602e,SS,14,R_end,1,True,0.0
61f61c49fa8e53da2fd368165bddd59e5ef621a2b37a36c79954c8346723602e,SS,14,C_end,1,True,0.0
61f61c49fa8e53da2fd368165bddd59e5ef621a2b37a36c79954c8346723602e,SS,14,D_pos,1,True,0.0
61f61c49fa8e53da2fd368165bddd59e5ef621a2b37a36c79954c8346723602e,SS,18,R_end,1,True,0.0
61f61c49fa8e53da2fd368165bddd59e5ef621a2b37a36c79954c8346723602e,SS,18,C_end,1,True,0.0
61f61c49fa8e53da2fd368165bddd59e5ef621a2b37a36c79954c8346723602e,SS,18,D_pos,1,True,0.0
61f61c49fa8e53da2fd368165bddd59e5ef621a2b37a36c79954c8346723602e,SS,22,R_end,1,True,0.0
61f61c49fa8e53da2fd368165bddd59e5ef621a2b37a36c79954c8346723602e,SS,22,C_end,1,True,0.0
61f61c49fa8e53da2fd368165bddd59e5ef621a2b37a36c79954c8346723602e,SS,22,D_pos,1,True,0.0
61f61c49fa8e53da2fd368165bddd59e5ef621a2b37a36c79954c8346723602e,SS,26,R_end,1,True,0.0
61f61c49fa8e53da2fd368165bddd59e5ef621a2b37a36c79954c8346723602e,SS,26,C_end,1,True,0.0
61f61c49fa8e53da2fd368165bddd59e5ef621a2b37a36c79954c8346723602e,SS,26,D_pos,1,True,0.0
6215cf61f682532748483804f0bec679f57e2deeb2019bd3c4e390f10a27f94f,OO,14,R_end,1,True,0.0
6215cf61f682532748483804f0bec679f57e2deeb2019bd3c4e390f10a27f94f,OO,14,C_end,1,True,0.0
6215cf61f682532748483804f0bec679f57e2deeb2019bd3c4e390f10a27f94f,OO,14,D_pos,1,True,0.0
6215cf61f682532748483804f0bec679f57e2deeb2019bd3c4e390f10a27f94f,OO,18,R_end,1,True,0.0
6215cf61f682532748483804f0bec679f57e2deeb2019bd3c4e390f10a27f94f,OO,18,C_end,1,True,0.0
6215cf61f682532748483804f0bec679f57e2deeb2019bd3c4e390f10a27f94f,OO,18,D_pos,1,True,0.0
6215cf61f682532748483804f0bec679f57e2deeb2019bd3c4e390f10a27f94f,OO,22,R_end,1,True,0.0
6215cf61f682532748483804f0bec679f57e2deeb2019bd3c4e390f10a27f94f,OO,22,C_end,1,True,0.0
6215cf61f682532748483804f0bec679f57e2deeb2019bd3c4e390f10a27f94f,OO,22,D_pos,1,True,0.0
6215cf61f682532748483804f0bec679f57e2deeb2019bd3c4e390f10a27f94f,OO,26,R_end,1,True,0.0
6215cf61f682532748483804f0bec679f57e2deeb2019bd3c4e390f10a27f94f,OO,26,C_end,1,True,0.0
6215cf61f682532748483804f0bec679f57e2deeb2019bd3c4e390f10a27f94f,OO,26,D_pos,1,True,0.0
6215cf61f682532748483804f0bec679f57e2deeb2019bd3c4e390f10a27f94f,OS,14,R_end,1,True,0.0
6215cf61f682532748483804f0bec679f57e2deeb2019bd3c4e390f10a27f94f,OS,14,C_end,1,True,0.0
6215cf61f682532748483804f0bec679f57e2deeb2019bd3c4e390f10a27f94f,OS,14,D_pos,1,True,0.0
6215cf61f682532748483804f0bec679f57e2deeb2019bd3c4e390f10a27f94f,OS,18,R_end,1,True,0.0
6215cf61f682532748483804f0bec679f57e2deeb2019bd3c4e390f10a27f94f,OS,18,C_end,1,True,0.0
6215cf61f682532748483804f0bec679f57e2deeb2019bd3c4e390f10a27f94f,OS,18,D_pos,1,True,0.0
6215cf61f682532748483804f0bec679f57e2deeb2019bd3c4e390f10a27f94f,OS,22,R_end,1,True,0.0
6215cf61f682532748483804f0bec679f57e2deeb2019bd3c4e390f10a27f94f,OS,22,C_end,1,True,0.0
6215cf61f682532748483804f0bec679f57e2deeb2019bd3c4e390f10a27f94f,OS,22,D_pos,1,True,0.0
6215cf61f682532748483804f0bec679f57e2deeb2019bd3c4e390f10a27f94f,OS,26,R_end,1,True,0.0
6215cf61f682532748483804f0bec679f57e2deeb2019bd3c4e390f10a27f94f,OS,26,C_end,1,True,0.0
6215cf61f682532748483804f0bec679f57e2deeb2019bd3c4e390f10a27f94f,OS,26,D_pos,1,True,0.0
6215cf61f682532748483804f0bec679f57e2deeb2019bd3c4e390f10a27f94f,SO,14,R_end,1,True,0.0
6215cf61f682532748483804f0bec679f57e2deeb2019bd3c4e390f10a27f94f,SO,14,C_end,1,True,0.0
6215cf61f682532748483804f0bec679f57e2deeb2019bd3c4e390f10a27f94f,SO,14,D_pos,1,True,0.0
6215cf61f682532748483804f0bec679f57e2deeb2019bd3c4e390f10a27f94f,SO,18,R_end,1,True,0.0
6215cf61f682532748483804f0bec679f57e2deeb2019bd3c4e390f10a27f94f,SO,18,C_end,1,True,0.0
6215cf61f682532748483804f0bec679f57e2deeb2019bd3c4e390f10a27f94f,SO,18,D_pos,1,True,0.0
6215cf61f682532748483804f0bec679f57e2deeb2019bd3c4e390f10a27f94f,SO,22,R_end,1,True,0.0
6215cf61f682532748483804f0bec679f57e2deeb2019bd3c4e390f10a27f94f,SO,22,C_end,1,True,0.0
6215cf61f682532748483804f0bec679f57e2deeb2019bd3c4e390f10a27f94f,SO,22,D_pos,1,True,0.0
6215cf61f682532748483804f0bec679f57e2deeb2019bd3c4e390f10a27f94f,SO,26,R_end,1,True,0.0
6215cf61f682532748483804f0bec679f57e2deeb2019bd3c4e390f10a27f94f,SO,26,C_end,1,True,0.0
6215cf61f682532748483804f0bec679f57e2deeb2019bd3c4e390f10a27f94f,SO,26,D_pos,1,True,0.0
6215cf61f682532748483804f0bec679f57e2deeb2019bd3c4e390f10a27f94f,SS,14,R_end,1,True,0.0
6215cf61f682532748483804f0bec679f57e2deeb2019bd3c4e390f10a27f94f,SS,14,C_end,1,True,0.0
6215cf61f682532748483804f0bec679f57e2deeb2019bd3c4e390f10a27f94f,SS,14,D_pos,1,True,0.0
6215cf61f682532748483804f0bec679f57e2deeb2019bd3c4e390f10a27f94f,SS,18,R_end,1,True,0.0
6215cf61f682532748483804f0bec679f57e2deeb2019bd3c4e390f10a27f94f,SS,18,C_end,1,True,0.0
6215cf61f682532748483804f0bec679f57e2deeb2019bd3c4e390f10a27f94f,SS,18,D_pos,1,True,0.0
6215cf61f682532748483804f0bec679f57e2deeb2019bd3c4e390f10a27f94f,SS,22,R_end,1,True,0.0
6215cf61f682532748483804f0bec679f57e2deeb2019bd3c4e390f10a27f94f,SS,22,C_end,1,True,0.0
6215cf61f682532748483804f0bec679f57e2deeb2019bd3c4e390f10a27f94f,SS,22,D_pos,1,True,0.0
6215cf61f682532748483804f0bec679f57e2deeb2019bd3c4e390f10a27f94f,SS,26,R_end,1,True,0.0
6215cf61f682532748483804f0bec679f57e2deeb2019bd3c4e390f10a27f94f,SS,26,C_end,1,True,0.0
6215cf61f682532748483804f0bec679f57e2deeb2019bd3c4e390f10a27f94f,SS,26,D_pos,1,True,0.0
6255ffb540c8565db9b69a1e2e888c6be68f9efe8cfe9d8374f3e350a40ab457,OO,14,R_end,1,True,0.0
6255ffb540c8565db9b69a1e2e888c6be68f9efe8cfe9d8374f3e350a40ab457,OO,14,C_end,1,True,0.0
6255ffb540c8565db9b69a1e2e888c6be68f9efe8cfe9d8374f3e350a40ab457,OO,14,D_pos,1,True,0.0
6255ffb540c8565db9b69a1e2e888c6be68f9efe8cfe9d8374f3e350a40ab457,OO,18,R_end,1,True,0.0
6255ffb540c8565db9b69a1e2e888c6be68f9efe8cfe9d8374f3e350a40ab457,OO,18,C_end,1,True,0.0
6255ffb540c8565db9b69a1e2e888c6be68f9efe8cfe9d8374f3e350a40ab457,OO,18,D_pos,1,True,0.0
6255ffb540c8565db9b69a1e2e888c6be68f9efe8cfe9d8374f3e350a40ab457,OO,22,R_end,1,True,0.0
6255ffb540c8565db9b69a1e2e888c6be68f9efe8cfe9d8374f3e350a40ab457,OO,22,C_end,1,True,0.0
6255ffb540c8565db9b69a1e2e888c6be68f9efe8cfe9d8374f3e350a40ab457,OO,22,D_pos,1,True,0.0
6255ffb540c8565db9b69a1e2e888c6be68f9efe8cfe9d8374f3e350a40ab457,OO,26,R_end,1,True,0.0
6255ffb540c8565db9b69a1e2e888c6be68f9efe8cfe9d8374f3e350a40ab457,OO,26,C_end,1,True,0.0
6255ffb540c8565db9b69a1e2e888c6be68f9efe8cfe9d8374f3e350a40ab457,OO,26,D_pos,1,True,0.0
6255ffb540c8565db9b69a1e2e888c6be68f9efe8cfe9d8374f3e350a40ab457,OS,14,R_end,1,True,0.0
6255ffb540c8565db9b69a1e2e888c6be68f9efe8cfe9d8374f3e350a40ab457,OS,14,C_end,1,True,0.0
6255ffb540c8565db9b69a1e2e888c6be68f9efe8cfe9d8374f3e350a40ab457,OS,14,D_pos,1,True,0.0
6255ffb540c8565db9b69a1e2e888c6be68f9efe8cfe9d8374f3e350a40ab457,OS,18,R_end,1,True,0.0
6255ffb540c8565db9b69a1e2e888c6be68f9efe8cfe9d8374f3e350a40ab457,OS,18,C_end,1,True,0.0
6255ffb540c8565db9b69a1e2e888c6be68f9efe8cfe9d8374f3e350a40ab457,OS,18,D_pos,1,True,0.0
6255ffb540c8565db9b69a1e2e888c6be68f9efe8cfe9d8374f3e350a40ab457,OS,22,R_end,1,True,0.0
6255ffb540c8565db9b69a1e2e888c6be68f9efe8cfe9d8374f3e350a40ab457,OS,22,C_end,1,True,0.0
6255ffb540c8565db9b69a1e2e888c6be68f9efe8cfe9d8374f3e350a40ab457,OS,22,D_pos,1,True,0.0
6255ffb540c8565db9b69a1e2e888c6be68f9efe8cfe9d8374f3e350a40ab457,OS,26,R_end,1,True,0.0
6255ffb540c8565db9b69a1e2e888c6be68f9efe8cfe9d8374f3e350a40ab457,OS,26,C_end,1,True,0.0
6255ffb540c8565db9b69a1e2e888c6be68f9efe8cfe9d8374f3e350a40ab457,OS,26,D_pos,1,True,0.0
6255ffb540c8565db9b69a1e2e888c6be68f9efe8cfe9d8374f3e350a40ab457,SO,14,R_end,1,True,0.0
6255ffb540c8565db9b69a1e2e888c6be68f9efe8cfe9d8374f3e350a40ab457,SO,14,C_end,1,True,0.0
6255ffb540c8565db9b69a1e2e888c6be68f9efe8cfe9d8374f3e350a40ab457,SO,14,D_pos,1,True,0.0
6255ffb540c8565db9b69a1e2e888c6be68f9efe8cfe9d8374f3e350a40ab457,SO,18,R_end,1,True,0.0
6255ffb540c8565db9b69a1e2e888c6be68f9efe8cfe9d8374f3e350a40ab457,SO,18,C_end,1,True,0.0
6255ffb540c8565db9b69a1e2e888c6be68f9efe8cfe9d8374f3e350a40ab457,SO,18,D_pos,1,True,0.0
6255ffb540c8565db9b69a1e2e888c6be68f9efe8cfe9d8374f3e350a40ab457,SO,22,R_end,1,True,0.0
6255ffb540c8565db9b69a1e2e888c6be68f9efe8cfe9d8374f3e350a40ab457,SO,22,C_end,1,True,0.0
6255ffb540c8565db9b69a1e2e888c6be68f9efe8cfe9d8374f3e350a40ab457,SO,22,D_pos,1,True,0.0
6255ffb540c8565db9b69a1e2e888c6be68f9efe8cfe9d8374f3e350a40ab457,SO,26,R_end,1,True,0.0
6255ffb540c8565db9b69a1e2e888c6be68f9efe8cfe9d8374f3e350a40ab457,SO,26,C_end,1,True,0.0
6255ffb540c8565db9b69a1e2e888c6be68f9efe8cfe9d8374f3e350a40ab457,SO,26,D_pos,1,True,0.0
6255ffb540c8565db9b69a1e2e888c6be68f9efe8cfe9d8374f3e350a40ab457,SS,14,R_end,1,True,0.0
6255ffb540c8565db9b69a1e2e888c6be68f9efe8cfe9d8374f3e350a40ab457,SS,14,C_end,1,True,0.0
6255ffb540c8565db9b69a1e2e888c6be68f9efe8cfe9d8374f3e350a40ab457,SS,14,D_pos,1,True,0.0
6255ffb540c8565db9b69a1e2e888c6be68f9efe8cfe9d8374f3e350a40ab457,SS,18,R_end,1,True,0.0
6255ffb540c8565db9b69a1e2e888c6be68f9efe8cfe9d8374f3e350a40ab457,SS,18,C_end,1,True,0.0
6255ffb540c8565db9b69a1e2e888c6be68f9efe8cfe9d8374f3e350a40ab457,SS,18,D_pos,1,True,0.0
6255ffb540c8565db9b69a1e2e888c6be68f9efe8cfe9d8374f3e350a40ab457,SS,22,R_end,1,True,0.0
6255ffb540c8565db9b69a1e2e888c6be68f9efe8cfe9d8374f3e350a40ab457,SS,22,C_end,1,True,0.0
6255ffb540c8565db9b69a1e2e888c6be68f9efe8cfe9d8374f3e350a40ab457,SS,22,D_pos,1,True,0.0
6255ffb540c8565db9b69a1e2e888c6be68f9efe8cfe9d8374f3e350a40ab457,SS,26,R_end,1,True,0.0
6255ffb540c8565db9b69a1e2e888c6be68f9efe8cfe9d8374f3e350a40ab457,SS,26,C_end,1,True,0.0
6255ffb540c8565db9b69a1e2e888c6be68f9efe8cfe9d8374f3e350a40ab457,SS,26,D_pos,1,True,0.0
6b2143e219142ba475d18f254b29ea753624c43f12e7092097d953e83ba3000a,OO,14,R_end,1,True,0.0
6b2143e219142ba475d18f254b29ea753624c43f12e7092097d953e83ba3000a,OO,14,C_end,1,True,0.0
6b2143e219142ba475d18f254b29ea753624c43f12e7092097d953e83ba3000a,OO,14,D_pos,1,True,0.0
6b2143e219142ba475d18f254b29ea753624c43f12e7092097d953e83ba3000a,OO,18,R_end,1,True,0.0
6b2143e219142ba475d18f254b29ea753624c43f12e7092097d953e83ba3000a,OO,18,C_end,1,True,0.0
6b2143e219142ba475d18f254b29ea753624c43f12e7092097d953e83ba3000a,OO,18,D_pos,1,True,0.0
6b2143e219142ba475d18f254b29ea753624c43f12e7092097d953e83ba3000a,OO,22,R_end,1,True,0.0
6b2143e219142ba475d18f254b29ea753624c43f12e7092097d953e83ba3000a,OO,22,C_end,1,True,0.0
6b2143e219142ba475d18f254b29ea753624c43f12e7092097d953e83ba3000a,OO,22,D_pos,1,True,0.0
6b2143e219142ba475d18f254b29ea753624c43f12e7092097d953e83ba3000a,OO,26,R_end,1,True,0.0
6b2143e219142ba475d18f254b29ea753624c43f12e7092097d953e83ba3000a,OO,26,C_end,1,True,0.0
6b2143e219142ba475d18f254b29ea753624c43f12e7092097d953e83ba3000a,OO,26,D_pos,1,True,0.0
6b2143e219142ba475d18f254b29ea753624c43f12e7092097d953e83ba3000a,OS,14,R_end,1,True,0.0
6b2143e219142ba475d18f254b29ea753624c43f12e7092097d953e83ba3000a,OS,14,C_end,1,True,0.0
6b2143e219142ba475d18f254b29ea753624c43f12e7092097d953e83ba3000a,OS,14,D_pos,1,True,0.0
6b2143e219142ba475d18f254b29ea753624c43f12e7092097d953e83ba3000a,OS,18,R_end,1,True,0.0
6b2143e219142ba475d18f254b29ea753624c43f12e7092097d953e83ba3000a,OS,18,C_end,1,True,0.0
6b2143e219142ba475d18f254b29ea753624c43f12e7092097d953e83ba3000a,OS,18,D_pos,1,True,0.0
6b2143e219142ba475d18f254b29ea753624c43f12e7092097d953e83ba3000a,OS,22,R_end,1,True,0.0
6b2143e219142ba475d18f254b29ea753624c43f12e7092097d953e83ba3000a,OS,22,C_end,1,True,0.0
6b2143e219142ba475d18f254b29ea753624c43f12e7092097d953e83ba3000a,OS,22,D_pos,1,True,0.0
6b2143e219142ba475d18f254b29ea753624c43f12e7092097d953e83ba3000a,OS,26,R_end,1,True,0.0
6b2143e219142ba475d18f254b29ea753624c43f12e7092097d953e83ba3000a,OS,26,C_end,1,True,0.0
6b2143e219142ba475d18f254b29ea753624c43f12e7092097d953e83ba3000a,OS,26,D_pos,1,True,0.0
6b2143e219142ba475d18f254b29ea753624c43f12e7092097d953e83ba3000a,SO,14,R_end,1,True,0.0
6b2143e219142ba475d18f254b29ea753624c43f12e7092097d953e83ba3000a,SO,14,C_end,1,True,0.0
6b2143e219142ba475d18f254b29ea753624c43f12e7092097d953e83ba3000a,SO,14,D_pos,1,True,0.0
6b2143e219142ba475d18f254b29ea753624c43f12e7092097d953e83ba3000a,SO,18,R_end,1,True,0.0
6b2143e219142ba475d18f254b29ea753624c43f12e7092097d953e83ba3000a,SO,18,C_end,1,True,0.0
6b2143e219142ba475d18f254b29ea753624c43f12e7092097d953e83ba3000a,SO,18,D_pos,1,True,0.0
6b2143e219142ba475d18f254b29ea753624c43f12e7092097d953e83ba3000a,SO,22,R_end,1,True,0.0
6b2143e219142ba475d18f254b29ea753624c43f12e7092097d953e83ba3000a,SO,22,C_end,1,True,0.0
6b2143e219142ba475d18f254b29ea753624c43f12e7092097d953e83ba3000a,SO,22,D_pos,1,True,0.0
6b2143e219142ba475d18f254b29ea753624c43f12e7092097d953e83ba3000a,SO,26,R_end,1,True,0.0
6b2143e219142ba475d18f254b29ea753624c43f12e7092097d953e83ba3000a,SO,26,C_end,1,True,0.0
6b2143e219142ba475d18f254b29ea753624c43f12e7092097d953e83ba3000a,SO,26,D_pos,1,True,0.0
6b2143e219142ba475d18f254b29ea753624c43f12e7092097d953e83ba3000a,SS,14,R_end,1,True,0.0
6b2143e219142ba475d18f254b29ea753624c43f12e7092097d953e83ba3000a,SS,14,C_end,1,True,0.0
6b2143e219142ba475d18f254b29ea753624c43f12e7092097d953e83ba3000a,SS,14,D_pos,1,True,0.0
6b2143e219142ba475d18f254b29ea753624c43f12e7092097d953e83ba3000a,SS,18,R_end,1,True,0.0
6b2143e219142ba475d18f254b29ea753624c43f12e7092097d953e83ba3000a,SS,18,C_end,1,True,0.0
6b2143e219142ba475d18f254b29ea753624c43f12e7092097d953e83ba3000a,SS,18,D_pos,1,True,0.0
6b2143e219142ba475d18f254b29ea753624c43f12e7092097d953e83ba3000a,SS,22,R_end,1,True,0.0
6b2143e219142ba475d18f254b29ea753624c43f12e7092097d953e83ba3000a,SS,22,C_end,1,True,0.0
6b2143e219142ba475d18f254b29ea753624c43f12e7092097d953e83ba3000a,SS,22,D_pos,1,True,0.0
6b2143e219142ba475d18f254b29ea753624c43f12e7092097d953e83ba3000a,SS,26,R_end,1,True,0.0
6b2143e219142ba475d18f254b29ea753624c43f12e7092097d953e83ba3000a,SS,26,C_end,1,True,0.0
6b2143e219142ba475d18f254b29ea753624c43f12e7092097d953e83ba3000a,SS,26,D_pos,1,True,0.0
6b6dae961d88a80107784712b74ddf87ea5065d3083b52d379ae2ec75cebb215,OO,14,R_end,1,True,0.0
6b6dae961d88a80107784712b74ddf87ea5065d3083b52d379ae2ec75cebb215,OO,14,C_end,1,True,0.0
6b6dae961d88a80107784712b74ddf87ea5065d3083b52d379ae2ec75cebb215,OO,14,D_pos,1,True,0.0
6b6dae961d88a80107784712b74ddf87ea5065d3083b52d379ae2ec75cebb215,OO,18,R_end,1,True,0.0
6b6dae961d88a80107784712b74ddf87ea5065d3083b52d379ae2ec75cebb215,OO,18,C_end,1,True,0.0
6b6dae961d88a80107784712b74ddf87ea5065d3083b52d379ae2ec75cebb215,OO,18,D_pos,1,True,0.0
6b6dae961d88a80107784712b74ddf87ea5065d3083b52d379ae2ec75cebb215,OO,22,R_end,1,True,0.0
6b6dae961d88a80107784712b74ddf87ea5065d3083b52d379ae2ec75cebb215,OO,22,C_end,1,True,0.0
6b6dae961d88a80107784712b74ddf87ea5065d3083b52d379ae2ec75cebb215,OO,22,D_pos,1,True,0.0
6b6dae961d88a80107784712b74ddf87ea5065d3083b52d379ae2ec75cebb215,OO,26,R_end,1,True,0.0
6b6dae961d88a80107784712b74ddf87ea5065d3083b52d379ae2ec75cebb215,OO,26,C_end,1,True,0.0
6b6dae961d88a80107784712b74ddf87ea5065d3083b52d379ae2ec75cebb215,OO,26,D_pos,1,True,0.0
6b6dae961d88a80107784712b74ddf87ea5065d3083b52d379ae2ec75cebb215,OS,14,R_end,1,True,0.0
6b6dae961d88a80107784712b74ddf87ea5065d3083b52d379ae2ec75cebb215,OS,14,C_end,1,True,0.0
6b6dae961d88a80107784712b74ddf87ea5065d3083b52d379ae2ec75cebb215,OS,14,D_pos,1,True,0.0
6b6dae961d88a80107784712b74ddf87ea5065d3083b52d379ae2ec75cebb215,OS,18,R_end,1,True,0.0
6b6dae961d88a80107784712b74ddf87ea5065d3083b52d379ae2ec75cebb215,OS,18,C_end,1,True,0.0
6b6dae961d88a80107784712b74ddf87ea5065d3083b52d379ae2ec75cebb215,OS,18,D_pos,1,True,0.0
6b6dae961d88a80107784712b74ddf87ea5065d3083b52d379ae2ec75cebb215,OS,22,R_end,1,True,0.0
6b6dae961d88a80107784712b74ddf87ea5065d3083b52d379ae2ec75cebb215,OS,22,C_end,1,True,0.0
6b6dae961d88a80107784712b74ddf87ea5065d3083b52d379ae2ec75cebb215,OS,22,D_pos,1,True,0.0
6b6dae961d88a80107784712b74ddf87ea5065d3083b52d379ae2ec75cebb215,OS,26,R_end,1,True,0.0
6b6dae961d88a80107784712b74ddf87ea5065d3083b52d379ae2ec75cebb215,OS,26,C_end,1,True,0.0
6b6dae961d88a80107784712b74ddf87ea5065d3083b52d379ae2ec75cebb215,OS,26,D_pos,1,True,0.0
6b6dae961d88a80107784712b74ddf87ea5065d3083b52d379ae2ec75cebb215,SO,14,R_end,1,True,0.0
6b6dae961d88a80107784712b74ddf87ea5065d3083b52d379ae2ec75cebb215,SO,14,C_end,1,True,0.0
6b6dae961d88a80107784712b74ddf87ea5065d3083b52d379ae2ec75cebb215,SO,14,D_pos,1,True,0.0
6b6dae961d88a80107784712b74ddf87ea5065d3083b52d379ae2ec75cebb215,SO,18,R_end,1,True,0.0
6b6dae961d88a80107784712b74ddf87ea5065d3083b52d379ae2ec75cebb215,SO,18,C_end,1,True,0.0
6b6dae961d88a80107784712b74ddf87ea5065d3083b52d379ae2ec75cebb215,SO,18,D_pos,1,True,0.0
6b6dae961d88a80107784712b74ddf87ea5065d3083b52d379ae2ec75cebb215,SO,22,R_end,1,True,0.0
6b6dae961d88a80107784712b74ddf87ea5065d3083b52d379ae2ec75cebb215,SO,22,C_end,1,True,0.0
6b6dae961d88a80107784712b74ddf87ea5065d3083b52d379ae2ec75cebb215,SO,22,D_pos,1,True,0.0
6b6dae961d88a80107784712b74ddf87ea5065d3083b52d379ae2ec75cebb215,SO,26,R_end,1,True,0.0
6b6dae961d88a80107784712b74ddf87ea5065d3083b52d379ae2ec75cebb215,SO,26,C_end,1,True,0.0
6b6dae961d88a80107784712b74ddf87ea5065d3083b52d379ae2ec75cebb215,SO,26,D_pos,1,True,0.0
6b6dae961d88a80107784712b74ddf87ea5065d3083b52d379ae2ec75cebb215,SS,14,R_end,1,True,0.0
6b6dae961d88a80107784712b74ddf87ea5065d3083b52d379ae2ec75cebb215,SS,14,C_end,1,True,0.0
6b6dae961d88a80107784712b74ddf87ea5065d3083b52d379ae2ec75cebb215,SS,14,D_pos,1,True,0.0
6b6dae961d88a80107784712b74ddf87ea5065d3083b52d379ae2ec75cebb215,SS,18,R_end,1,True,0.0
6b6dae961d88a80107784712b74ddf87ea5065d3083b52d379ae2ec75cebb215,SS,18,C_end,1,True,0.0
6b6dae961d88a80107784712b74ddf87ea5065d3083b52d379ae2ec75cebb215,SS,18,D_pos,1,True,0.0
6b6dae961d88a80107784712b74ddf87ea5065d3083b52d379ae2ec75cebb215,SS,22,R_end,1,True,0.0
6b6dae961d88a80107784712b74ddf87ea5065d3083b52d379ae2ec75cebb215,SS,22,C_end,1,True,0.0
6b6dae961d88a80107784712b74ddf87ea5065d3083b52d379ae2ec75cebb215,SS,22,D_pos,1,True,0.0
6b6dae961d88a80107784712b74ddf87ea5065d3083b52d379ae2ec75cebb215,SS,26,R_end,1,True,0.0
6b6dae961d88a80107784712b74ddf87ea5065d3083b52d379ae2ec75cebb215,SS,26,C_end,1,True,0.0
6b6dae961d88a80107784712b74ddf87ea5065d3083b52d379ae2ec75cebb215,SS,26,D_pos,1,True,0.0
6bc77d7264217b8bfb37ed46f9fc8f6f03293dbe9224c882328d052099453476,OO,14,R_end,1,True,0.0
6bc77d7264217b8bfb37ed46f9fc8f6f03293dbe9224c882328d052099453476,OO,14,C_end,1,True,0.0
6bc77d7264217b8bfb37ed46f9fc8f6f03293dbe9224c882328d052099453476,OO,14,D_pos,1,True,0.0
6bc77d7264217b8bfb37ed46f9fc8f6f03293dbe9224c882328d052099453476,OO,18,R_end,1,True,0.0
6bc77d7264217b8bfb37ed46f9fc8f6f03293dbe9224c882328d052099453476,OO,18,C_end,1,True,0.0
6bc77d7264217b8bfb37ed46f9fc8f6f03293dbe9224c882328d052099453476,OO,18,D_pos,1,True,0.0
6bc77d7264217b8bfb37ed46f9fc8f6f03293dbe9224c882328d052099453476,OO,22,R_end,1,True,0.0
6bc77d7264217b8bfb37ed46f9fc8f6f03293dbe9224c882328d052099453476,OO,22,C_end,1,True,0.0
6bc77d7264217b8bfb37ed46f9fc8f6f03293dbe9224c882328d052099453476,OO,22,D_pos,1,True,0.0
6bc77d7264217b8bfb37ed46f9fc8f6f03293dbe9224c882328d052099453476,OO,26,R_end,1,True,0.0
6bc77d7264217b8bfb37ed46f9fc8f6f03293dbe9224c882328d052099453476,OO,26,C_end,1,True,0.0
6bc77d7264217b8bfb37ed46f9fc8f6f03293dbe9224c882328d052099453476,OO,26,D_pos,1,True,0.0
6bc77d7264217b8bfb37ed46f9fc8f6f03293dbe9224c882328d052099453476,OS,14,R_end,1,True,0.0
6bc77d7264217b8bfb37ed46f9fc8f6f03293dbe9224c882328d052099453476,OS,14,C_end,1,True,0.0
6bc77d7264217b8bfb37ed46f9fc8f6f03293dbe9224c882328d052099453476,OS,14,D_pos,1,True,0.0
6bc77d7264217b8bfb37ed46f9fc8f6f03293dbe9224c882328d052099453476,OS,18,R_end,1,True,0.0
6bc77d7264217b8bfb37ed46f9fc8f6f03293dbe9224c882328d052099453476,OS,18,C_end,1,True,0.0
6bc77d7264217b8bfb37ed46f9fc8f6f03293dbe9224c882328d052099453476,OS,18,D_pos,1,True,0.0
6bc77d7264217b8bfb37ed46f9fc8f6f03293dbe9224c882328d052099453476,OS,22,R_end,1,True,0.0
6bc77d7264217b8bfb37ed46f9fc8f6f03293dbe9224c882328d052099453476,OS,22,C_end,1,True,0.0
6bc77d7264217b8bfb37ed46f9fc8f6f03293dbe9224c882328d052099453476,OS,22,D_pos,1,True,0.0
6bc77d7264217b8bfb37ed46f9fc8f6f03293dbe9224c882328d052099453476,OS,26,R_end,1,True,0.0
6bc77d7264217b8bfb37ed46f9fc8f6f03293dbe9224c882328d052099453476,OS,26,C_end,1,True,0.0
6bc77d7264217b8bfb37ed46f9fc8f6f03293dbe9224c882328d052099453476,OS,26,D_pos,1,True,0.0
6bc77d7264217b8bfb37ed46f9fc8f6f03293dbe9224c882328d052099453476,SO,14,R_end,1,True,0.0
6bc77d7264217b8bfb37ed46f9fc8f6f03293dbe9224c882328d052099453476,SO,14,C_end,1,True,0.0
6bc77d7264217b8bfb37ed46f9fc8f6f03293dbe9224c882328d052099453476,SO,14,D_pos,1,True,0.0
6bc77d7264217b8bfb37ed46f9fc8f6f03293dbe9224c882328d052099453476,SO,18,R_end,1,True,0.0
6bc77d7264217b8bfb37ed46f9fc8f6f03293dbe9224c882328d052099453476,SO,18,C_end,1,True,0.0
6bc77d7264217b8bfb37ed46f9fc8f6f03293dbe9224c882328d052099453476,SO,18,D_pos,1,True,0.0
6bc77d7264217b8bfb37ed46f9fc8f6f03293dbe9224c882328d052099453476,SO,22,R_end,1,True,0.0
6bc77d7264217b8bfb37ed46f9fc8f6f03293dbe9224c882328d052099453476,SO,22,C_end,1,True,0.0
6bc77d7264217b8bfb37ed46f9fc8f6f03293dbe9224c882328d052099453476,SO,22,D_pos,1,True,0.0
6bc77d7264217b8bfb37ed46f9fc8f6f03293dbe9224c882328d052099453476,SO,26,R_end,1,True,0.0
6bc77d7264217b8bfb37ed46f9fc8f6f03293dbe9224c882328d052099453476,SO,26,C_end,1,True,0.0
6bc77d7264217b8bfb37ed46f9fc8f6f03293dbe9224c882328d052099453476,SO,26,D_pos,1,True,0.0
6bc77d7264217b8bfb37ed46f9fc8f6f03293dbe9224c882328d052099453476,SS,14,R_end,1,True,0.0
6bc77d7264217b8bfb37ed46f9fc8f6f03293dbe9224c882328d052099453476,SS,14,C_end,1,True,0.0
6bc77d7264217b8bfb37ed46f9fc8f6f03293dbe9224c882328d052099453476,SS,14,D_pos,1,True,0.0
6bc77d7264217b8bfb37ed46f9fc8f6f03293dbe9224c882328d052099453476,SS,18,R_end,1,True,0.0
6bc77d7264217b8bfb37ed46f9fc8f6f03293dbe9224c882328d052099453476,SS,18,C_end,1,True,0.0
6bc77d7264217b8bfb37ed46f9fc8f6f03293dbe9224c882328d052099453476,SS,18,D_pos,1,True,0.0
6bc77d7264217b8bfb37ed46f9fc8f6f03293dbe9224c882328d052099453476,SS,22,R_end,1,True,0.0
6bc77d7264217b8bfb37ed46f9fc8f6f03293dbe9224c882328d052099453476,SS,22,C_end,1,True,0.0
6bc77d7264217b8bfb37ed46f9fc8f6f03293dbe9224c882328d052099453476,SS,22,D_pos,1,True,0.0
6bc77d7264217b8bfb37ed46f9fc8f6f03293dbe9224c882328d052099453476,SS,26,R_end,1,True,0.0
6bc77d7264217b8bfb37ed46f9fc8f6f03293dbe9224c882328d052099453476,SS,26,C_end,1,True,0.0
6bc77d7264217b8bfb37ed46f9fc8f6f03293dbe9224c882328d052099453476,SS,26,D_pos,1,True,0.0
6bc87279df1f0b1ff747915a2abedad7fcd660bf27fceefe7b6b4be661911960,OO,14,R_end,1,True,0.0
6bc87279df1f0b1ff747915a2abedad7fcd660bf27fceefe7b6b4be661911960,OO,14,C_end,1,True,0.0
6bc87279df1f0b1ff747915a2abedad7fcd660bf27fceefe7b6b4be661911960,OO,14,D_pos,1,True,0.0
6bc87279df1f0b1ff747915a2abedad7fcd660bf27fceefe7b6b4be661911960,OO,18,R_end,1,True,0.0
6bc87279df1f0b1ff747915a2abedad7fcd660bf27fceefe7b6b4be661911960,OO,18,C_end,1,True,0.0
6bc87279df1f0b1ff747915a2abedad7fcd660bf27fceefe7b6b4be661911960,OO,18,D_pos,1,True,0.0
6bc87279df1f0b1ff747915a2abedad7fcd660bf27fceefe7b6b4be661911960,OO,22,R_end,1,True,0.0
6bc87279df1f0b1ff747915a2abedad7fcd660bf27fceefe7b6b4be661911960,OO,22,C_end,1,True,0.0
6bc87279df1f0b1ff747915a2abedad7fcd660bf27fceefe7b6b4be661911960,OO,22,D_pos,1,True,0.0
6bc87279df1f0b1ff747915a2abedad7fcd660bf27fceefe7b6b4be661911960,OO,26,R_end,1,True,0.0
6bc87279df1f0b1ff747915a2abedad7fcd660bf27fceefe7b6b4be661911960,OO,26,C_end,1,True,0.0
6bc87279df1f0b1ff747915a2abedad7fcd660bf27fceefe7b6b4be661911960,OO,26,D_pos,1,True,0.0
6bc87279df1f0b1ff747915a2abedad7fcd660bf27fceefe7b6b4be661911960,OS,14,R_end,1,True,0.0
6bc87279df1f0b1ff747915a2abedad7fcd660bf27fceefe7b6b4be661911960,OS,14,C_end,1,True,0.0
6bc87279df1f0b1ff747915a2abedad7fcd660bf27fceefe7b6b4be661911960,OS,14,D_pos,1,True,0.0
6bc87279df1f0b1ff747915a2abedad7fcd660bf27fceefe7b6b4be661911960,OS,18,R_end,1,True,0.0
6bc87279df1f0b1ff747915a2abedad7fcd660bf27fceefe7b6b4be661911960,OS,18,C_end,1,True,0.0
6bc87279df1f0b1ff747915a2abedad7fcd660bf27fceefe7b6b4be661911960,OS,18,D_pos,1,True,0.0
6bc87279df1f0b1ff747915a2abedad7fcd660bf27fceefe7b6b4be661911960,OS,22,R_end,1,True,0.0
6bc87279df1f0b1ff747915a2abedad7fcd660bf27fceefe7b6b4be661911960,OS,22,C_end,1,True,0.0
6bc87279df1f0b1ff747915a2abedad7fcd660bf27fceefe7b6b4be661911960,OS,22,D_pos,1,True,0.0
6bc87279df1f0b1ff747915a2abedad7fcd660bf27fceefe7b6b4be661911960,OS,26,R_end,1,True,0.0
6bc87279df1f0b1ff747915a2abedad7fcd660bf27fceefe7b6b4be661911960,OS,26,C_end,1,True,0.0
6bc87279df1f0b1ff747915a2abedad7fcd660bf27fceefe7b6b4be661911960,OS,26,D_pos,1,True,0.0
6bc87279df1f0b1ff747915a2abedad7fcd660bf27fceefe7b6b4be661911960,SO,14,R_end,1,True,0.0
6bc87279df1f0b1ff747915a2abedad7fcd660bf27fceefe7b6b4be661911960,SO,14,C_end,1,True,0.0
6bc87279df1f0b1ff747915a2abedad7fcd660bf27fceefe7b6b4be661911960,SO,14,D_pos,1,True,0.0
6bc87279df1f0b1ff747915a2abedad7fcd660bf27fceefe7b6b4be661911960,SO,18,R_end,1,True,0.0
6bc87279df1f0b1ff747915a2abedad7fcd660bf27fceefe7b6b4be661911960,SO,18,C_end,1,True,0.0
6bc87279df1f0b1ff747915a2abedad7fcd660bf27fceefe7b6b4be661911960,SO,18,D_pos,1,True,0.0
6bc87279df1f0b1ff747915a2abedad7fcd660bf27fceefe7b6b4be661911960,SO,22,R_end,1,True,0.0
6bc87279df1f0b1ff747915a2abedad7fcd660bf27fceefe7b6b4be661911960,SO,22,C_end,1,True,0.0
6bc87279df1f0b1ff747915a2abedad7fcd660bf27fceefe7b6b4be661911960,SO,22,D_pos,1,True,0.0
6bc87279df1f0b1ff747915a2abedad7fcd660bf27fceefe7b6b4be661911960,SO,26,R_end,1,True,0.0
6bc87279df1f0b1ff747915a2abedad7fcd660bf27fceefe7b6b4be661911960,SO,26,C_end,1,True,0.0
6bc87279df1f0b1ff747915a2abedad7fcd660bf27fceefe7b6b4be661911960,SO,26,D_pos,1,True,0.0
6bc87279df1f0b1ff747915a2abedad7fcd660bf27fceefe7b6b4be661911960,SS,14,R_end,1,True,0.0
6bc87279df1f0b1ff747915a2abedad7fcd660bf27fceefe7b6b4be661911960,SS,14,C_end,1,True,0.0
6bc87279df1f0b1ff747915a2abedad7fcd660bf27fceefe7b6b4be661911960,SS,14,D_pos,1,True,0.0
6bc87279df1f0b1ff747915a2abedad7fcd660bf27fceefe7b6b4be661911960,SS,18,R_end,1,True,0.0
6bc87279df1f0b1ff747915a2abedad7fcd660bf27fceefe7b6b4be661911960,SS,18,C_end,1,True,0.0
6bc87279df1f0b1ff747915a2abedad7fcd660bf27fceefe7b6b4be661911960,SS,18,D_pos,1,True,0.0
6bc87279df1f0b1ff747915a2abedad7fcd660bf27fceefe7b6b4be661911960,SS,22,R_end,1,True,0.0
6bc87279df1f0b1ff747915a2abedad7fcd660bf27fceefe7b6b4be661911960,SS,22,C_end,1,True,0.0
6bc87279df1f0b1ff747915a2abedad7fcd660bf27fceefe7b6b4be661911960,SS,22,D_pos,1,True,0.0
6bc87279df1f0b1ff747915a2abedad7fcd660bf27fceefe7b6b4be661911960,SS,26,R_end,1,True,0.0
6bc87279df1f0b1ff747915a2abedad7fcd660bf27fceefe7b6b4be661911960,SS,26,C_end,1,True,0.0
6bc87279df1f0b1ff747915a2abedad7fcd660bf27fceefe7b6b4be661911960,SS,26,D_pos,1,True,0.0
6bebdee54546eedaf50b51ca9d6ae84301d1fc8651a5422c8f161163c5b906dc,OO,14,R_end,1,True,0.0
6bebdee54546eedaf50b51ca9d6ae84301d1fc8651a5422c8f161163c5b906dc,OO,14,C_end,1,True,0.0
6bebdee54546eedaf50b51ca9d6ae84301d1fc8651a5422c8f161163c5b906dc,OO,14,D_pos,1,True,0.0
6bebdee54546eedaf50b51ca9d6ae84301d1fc8651a5422c8f161163c5b906dc,OO,18,R_end,1,True,0.0
6bebdee54546eedaf50b51ca9d6ae84301d1fc8651a5422c8f161163c5b906dc,OO,18,C_end,1,True,0.0
6bebdee54546eedaf50b51ca9d6ae84301d1fc8651a5422c8f161163c5b906dc,OO,18,D_pos,1,True,0.0
6bebdee54546eedaf50b51ca9d6ae84301d1fc8651a5422c8f161163c5b906dc,OO,22,R_end,1,True,0.0
6bebdee54546eedaf50b51ca9d6ae84301d1fc8651a5422c8f161163c5b906dc,OO,22,C_end,1,True,0.0
6bebdee54546eedaf50b51ca9d6ae84301d1fc8651a5422c8f161163c5b906dc,OO,22,D_pos,1,True,0.0
6bebdee54546eedaf50b51ca9d6ae84301d1fc8651a5422c8f161163c5b906dc,OO,26,R_end,1,True,0.0
6bebdee54546eedaf50b51ca9d6ae84301d1fc8651a5422c8f161163c5b906dc,OO,26,C_end,1,True,0.0
6bebdee54546eedaf50b51ca9d6ae84301d1fc8651a5422c8f161163c5b906dc,OO,26,D_pos,1,True,0.0
6bebdee54546eedaf50b51ca9d6ae84301d1fc8651a5422c8f161163c5b906dc,OS,14,R_end,1,True,0.0
6bebdee54546eedaf50b51ca9d6ae84301d1fc8651a5422c8f161163c5b906dc,OS,14,C_end,1,True,0.0
6bebdee54546eedaf50b51ca9d6ae84301d1fc8651a5422c8f161163c5b906dc,OS,14,D_pos,1,True,0.0
6bebdee54546eedaf50b51ca9d6ae84301d1fc8651a5422c8f161163c5b906dc,OS,18,R_end,1,True,0.0
6bebdee54546eedaf50b51ca9d6ae84301d1fc8651a5422c8f161163c5b906dc,OS,18,C_end,1,True,0.0
6bebdee54546eedaf50b51ca9d6ae84301d1fc8651a5422c8f161163c5b906dc,OS,18,D_pos,1,True,0.0
6bebdee54546eedaf50b51ca9d6ae84301d1fc8651a5422c8f161163c5b906dc,OS,22,R_end,1,True,0.0
6bebdee54546eedaf50b51ca9d6ae84301d1fc8651a5422c8f161163c5b906dc,OS,22,C_end,1,True,0.0
6bebdee54546eedaf50b51ca9d6ae84301d1fc8651a5422c8f161163c5b906dc,OS,22,D_pos,1,True,0.0
6bebdee54546eedaf50b51ca9d6ae84301d1fc8651a5422c8f161163c5b906dc,OS,26,R_end,1,True,0.0
6bebdee54546eedaf50b51ca9d6ae84301d1fc8651a5422c8f161163c5b906dc,OS,26,C_end,1,True,0.0
6bebdee54546eedaf50b51ca9d6ae84301d1fc8651a5422c8f161163c5b906dc,OS,26,D_pos,1,True,0.0
6bebdee54546eedaf50b51ca9d6ae84301d1fc8651a5422c8f161163c5b906dc,SO,14,R_end,1,True,0.0
6bebdee54546eedaf50b51ca9d6ae84301d1fc8651a5422c8f161163c5b906dc,SO,14,C_end,1,True,0.0
6bebdee54546eedaf50b51ca9d6ae84301d1fc8651a5422c8f161163c5b906dc,SO,14,D_pos,1,True,0.0
6bebdee54546eedaf50b51ca9d6ae84301d1fc8651a5422c8f161163c5b906dc,SO,18,R_end,1,True,0.0
6bebdee54546eedaf50b51ca9d6ae84301d1fc8651a5422c8f161163c5b906dc,SO,18,C_end,1,True,0.0
6bebdee54546eedaf50b51ca9d6ae84301d1fc8651a5422c8f161163c5b906dc,SO,18,D_pos,1,True,0.0
6bebdee54546eedaf50b51ca9d6ae84301d1fc8651a5422c8f161163c5b906dc,SO,22,R_end,1,True,0.0
6bebdee54546eedaf50b51ca9d6ae84301d1fc8651a5422c8f161163c5b906dc,SO,22,C_end,1,True,0.0
6bebdee54546eedaf50b51ca9d6ae84301d1fc8651a5422c8f161163c5b906dc,SO,22,D_pos,1,True,0.0
6bebdee54546eedaf50b51ca9d6ae84301d1fc8651a5422c8f161163c5b906dc,SO,26,R_end,1,True,0.0
6bebdee54546eedaf50b51ca9d6ae84301d1fc8651a5422c8f161163c5b906dc,SO,26,C_end,1,True,0.0
6bebdee54546eedaf50b51ca9d6ae84301d1fc8651a5422c8f161163c5b906dc,SO,26,D_pos,1,True,0.0
6bebdee54546eedaf50b51ca9d6ae84301d1fc8651a5422c8f161163c5b906dc,SS,14,R_end,1,True,0.0
6bebdee54546eedaf50b51ca9d6ae84301d1fc8651a5422c8f161163c5b906dc,SS,14,C_end,1,True,0.0
6bebdee54546eedaf50b51ca9d6ae84301d1fc8651a5422c8f161163c5b906dc,SS,14,D_pos,1,True,0.0
6bebdee54546eedaf50b51ca9d6ae84301d1fc8651a5422c8f161163c5b906dc,SS,18,R_end,1,True,0.0
6bebdee54546eedaf50b51ca9d6ae84301d1fc8651a5422c8f161163c5b906dc,SS,18,C_end,1,True,0.0
6bebdee54546eedaf50b51ca9d6ae84301d1fc8651a5422c8f161163c5b906dc,SS,18,D_pos,1,True,0.0
6bebdee54546eedaf50b51ca9d6ae84301d1fc8651a5422c8f161163c5b906dc,SS,22,R_end,1,True,0.0
6bebdee54546eedaf50b51ca9d6ae84301d1fc8651a5422c8f161163c5b906dc,SS,22,C_end,1,True,0.0
6bebdee54546eedaf50b51ca9d6ae84301d1fc8651a5422c8f161163c5b906dc,SS,22,D_pos,1,True,0.0
6bebdee54546eedaf50b51ca9d6ae84301d1fc8651a5422c8f161163c5b906dc,SS,26,R_end,1,True,0.0
6bebdee54546eedaf50b51ca9d6ae84301d1fc8651a5422c8f161163c5b906dc,SS,26,C_end,1,True,0.0
6bebdee54546eedaf50b51ca9d6ae84301d1fc8651a5422c8f161163c5b906dc,SS,26,D_pos,1,True,0.0
6cdd3522d9eaedecac19afc40a9005f527a589edcb5b98bbe453230b5d0ca2bd,OO,14,R_end,1,True,0.0
6cdd3522d9eaedecac19afc40a9005f527a589edcb5b98bbe453230b5d0ca2bd,OO,14,C_end,1,True,0.0
6cdd3522d9eaedecac19afc40a9005f527a589edcb5b98bbe453230b5d0ca2bd,OO,14,D_pos,1,True,0.0
6cdd3522d9eaedecac19afc40a9005f527a589edcb5b98bbe453230b5d0ca2bd,OO,18,R_end,1,True,0.0
6cdd3522d9eaedecac19afc40a9005f527a589edcb5b98bbe453230b5d0ca2bd,OO,18,C_end,1,True,0.0
6cdd3522d9eaedecac19afc40a9005f527a589edcb5b98bbe453230b5d0ca2bd,OO,18,D_pos,1,True,0.0
6cdd3522d9eaedecac19afc40a9005f527a589edcb5b98bbe453230b5d0ca2bd,OO,22,R_end,1,True,0.0
6cdd3522d9eaedecac19afc40a9005f527a589edcb5b98bbe453230b5d0ca2bd,OO,22,C_end,1,True,0.0
6cdd3522d9eaedecac19afc40a9005f527a589edcb5b98bbe453230b5d0ca2bd,OO,22,D_pos,1,True,0.0
6cdd3522d9eaedecac19afc40a9005f527a589edcb5b98bbe453230b5d0ca2bd,OO,26,R_end,1,True,0.0
6cdd3522d9eaedecac19afc40a9005f527a589edcb5b98bbe453230b5d0ca2bd,OO,26,C_end,1,True,0.0
6cdd3522d9eaedecac19afc40a9005f527a589edcb5b98bbe453230b5d0ca2bd,OO,26,D_pos,1,True,0.0
6cdd3522d9eaedecac19afc40a9005f527a589edcb5b98bbe453230b5d0ca2bd,OS,14,R_end,1,True,0.0
6cdd3522d9eaedecac19afc40a9005f527a589edcb5b98bbe453230b5d0ca2bd,OS,14,C_end,1,True,0.0
6cdd3522d9eaedecac19afc40a9005f527a589edcb5b98bbe453230b5d0ca2bd,OS,14,D_pos,1,True,0.0
6cdd3522d9eaedecac19afc40a9005f527a589edcb5b98bbe453230b5d0ca2bd,OS,18,R_end,1,True,0.0
6cdd3522d9eaedecac19afc40a9005f527a589edcb5b98bbe453230b5d0ca2bd,OS,18,C_end,1,True,0.0
6cdd3522d9eaedecac19afc40a9005f527a589edcb5b98bbe453230b5d0ca2bd,OS,18,D_pos,1,True,0.0
6cdd3522d9eaedecac19afc40a9005f527a589edcb5b98bbe453230b5d0ca2bd,OS,22,R_end,1,True,0.0
6cdd3522d9eaedecac19afc40a9005f527a589edcb5b98bbe453230b5d0ca2bd,OS,22,C_end,1,True,0.0
6cdd3522d9eaedecac19afc40a9005f527a589edcb5b98bbe453230b5d0ca2bd,OS,22,D_pos,1,True,0.0
6cdd3522d9eaedecac19afc40a9005f527a589edcb5b98bbe453230b5d0ca2bd,OS,26,R_end,1,True,0.0
6cdd3522d9eaedecac19afc40a9005f527a589edcb5b98bbe453230b5d0ca2bd,OS,26,C_end,1,True,0.0
6cdd3522d9eaedecac19afc40a9005f527a589edcb5b98bbe453230b5d0ca2bd,OS,26,D_pos,1,True,0.0
6cdd3522d9eaedecac19afc40a9005f527a589edcb5b98bbe453230b5d0ca2bd,SO,14,R_end,1,True,0.0
6cdd3522d9eaedecac19afc40a9005f527a589edcb5b98bbe453230b5d0ca2bd,SO,14,C_end,1,True,0.0
6cdd3522d9eaedecac19afc40a9005f527a589edcb5b98bbe453230b5d0ca2bd,SO,14,D_pos,1,True,0.0
6cdd3522d9eaedecac19afc40a9005f527a589edcb5b98bbe453230b5d0ca2bd,SO,18,R_end,1,True,0.0
6cdd3522d9eaedecac19afc40a9005f527a589edcb5b98bbe453230b5d0ca2bd,SO,18,C_end,1,True,0.0
6cdd3522d9eaedecac19afc40a9005f527a589edcb5b98bbe453230b5d0ca2bd,SO,18,D_pos,1,True,0.0
6cdd3522d9eaedecac19afc40a9005f527a589edcb5b98bbe453230b5d0ca2bd,SO,22,R_end,1,True,0.0
6cdd3522d9eaedecac19afc40a9005f527a589edcb5b98bbe453230b5d0ca2bd,SO,22,C_end,1,True,0.0
6cdd3522d9eaedecac19afc40a9005f527a589edcb5b98bbe453230b5d0ca2bd,SO,22,D_pos,1,True,0.0
6cdd3522d9eaedecac19afc40a9005f527a589edcb5b98bbe453230b5d0ca2bd,SO,26,R_end,1,True,0.0
6cdd3522d9eaedecac19afc40a9005f527a589edcb5b98bbe453230b5d0ca2bd,SO,26,C_end,1,True,0.0
6cdd3522d9eaedecac19afc40a9005f527a589edcb5b98bbe453230b5d0ca2bd,SO,26,D_pos,1,True,0.0
6cdd3522d9eaedecac19afc40a9005f527a589edcb5b98bbe453230b5d0ca2bd,SS,14,R_end,1,True,0.0
6cdd3522d9eaedecac19afc40a9005f527a589edcb5b98bbe453230b5d0ca2bd,SS,14,C_end,1,True,0.0
6cdd3522d9eaedecac19afc40a9005f527a589edcb5b98bbe453230b5d0ca2bd,SS,14,D_pos,1,True,0.0
6cdd3522d9eaedecac19afc40a9005f527a589edcb5b98bbe453230b5d0ca2bd,SS,18,R_end,1,True,0.0
6cdd3522d9eaedecac19afc40a9005f527a589edcb5b98bbe453230b5d0ca2bd,SS,18,C_end,1,True,0.0
6cdd3522d9eaedecac19afc40a9005f527a589edcb5b98bbe453230b5d0ca2bd,SS,18,D_pos,1,True,0.0
6cdd3522d9eaedecac19afc40a9005f527a589edcb5b98bbe453230b5d0ca2bd,SS,22,R_end,1,True,0.0
6cdd3522d9eaedecac19afc40a9005f527a589edcb5b98bbe453230b5d0ca2bd,SS,22,C_end,1,True,0.0
6cdd3522d9eaedecac19afc40a9005f527a589edcb5b98bbe453230b5d0ca2bd,SS,22,D_pos,1,True,0.0
6cdd3522d9eaedecac19afc40a9005f527a589edcb5b98bbe453230b5d0ca2bd,SS,26,R_end,1,True,0.0
6cdd3522d9eaedecac19afc40a9005f527a589edcb5b98bbe453230b5d0ca2bd,SS,26,C_end,1,True,0.0
6cdd3522d9eaedecac19afc40a9005f527a589edcb5b98bbe453230b5d0ca2bd,SS,26,D_pos,1,True,0.0
6ce15494c22ddb7450de80c33b37e57d1f5c7c2c4f3608b8e11053de0e9d44f3,OO,14,R_end,1,True,0.0
6ce15494c22ddb7450de80c33b37e57d1f5c7c2c4f3608b8e11053de0e9d44f3,OO,14,C_end,1,True,0.0
6ce15494c22ddb7450de80c33b37e57d1f5c7c2c4f3608b8e11053de0e9d44f3,OO,14,D_pos,1,True,0.0
6ce15494c22ddb7450de80c33b37e57d1f5c7c2c4f3608b8e11053de0e9d44f3,OO,18,R_end,1,True,0.0
6ce15494c22ddb7450de80c33b37e57d1f5c7c2c4f3608b8e11053de0e9d44f3,OO,18,C_end,1,True,0.0
6ce15494c22ddb7450de80c33b37e57d1f5c7c2c4f3608b8e11053de0e9d44f3,OO,18,D_pos,1,True,0.0
6ce15494c22ddb7450de80c33b37e57d1f5c7c2c4f3608b8e11053de0e9d44f3,OO,22,R_end,1,True,0.0
6ce15494c22ddb7450de80c33b37e57d1f5c7c2c4f3608b8e11053de0e9d44f3,OO,22,C_end,1,True,0.0
6ce15494c22ddb7450de80c33b37e57d1f5c7c2c4f3608b8e11053de0e9d44f3,OO,22,D_pos,1,True,0.0
6ce15494c22ddb7450de80c33b37e57d1f5c7c2c4f3608b8e11053de0e9d44f3,OO,26,R_end,1,True,0.0
6ce15494c22ddb7450de80c33b37e57d1f5c7c2c4f3608b8e11053de0e9d44f3,OO,26,C_end,1,True,0.0
6ce15494c22ddb7450de80c33b37e57d1f5c7c2c4f3608b8e11053de0e9d44f3,OO,26,D_pos,1,True,0.0
6ce15494c22ddb7450de80c33b37e57d1f5c7c2c4f3608b8e11053de0e9d44f3,OS,14,R_end,1,True,0.0
6ce15494c22ddb7450de80c33b37e57d1f5c7c2c4f3608b8e11053de0e9d44f3,OS,14,C_end,1,True,0.0
6ce15494c22ddb7450de80c33b37e57d1f5c7c2c4f3608b8e11053de0e9d44f3,OS,14,D_pos,1,True,0.0
6ce15494c22ddb7450de80c33b37e57d1f5c7c2c4f3608b8e11053de0e9d44f3,OS,18,R_end,1,True,0.0
6ce15494c22ddb7450de80c33b37e57d1f5c7c2c4f3608b8e11053de0e9d44f3,OS,18,C_end,1,True,0.0
6ce15494c22ddb7450de80c33b37e57d1f5c7c2c4f3608b8e11053de0e9d44f3,OS,18,D_pos,1,True,0.0
6ce15494c22ddb7450de80c33b37e57d1f5c7c2c4f3608b8e11053de0e9d44f3,OS,22,R_end,1,True,0.0
6ce15494c22ddb7450de80c33b37e57d1f5c7c2c4f3608b8e11053de0e9d44f3,OS,22,C_end,1,True,0.0
6ce15494c22ddb7450de80c33b37e57d1f5c7c2c4f3608b8e11053de0e9d44f3,OS,22,D_pos,1,True,0.0
6ce15494c22ddb7450de80c33b37e57d1f5c7c2c4f3608b8e11053de0e9d44f3,OS,26,R_end,1,True,0.0
6ce15494c22ddb7450de80c33b37e57d1f5c7c2c4f3608b8e11053de0e9d44f3,OS,26,C_end,1,True,0.0
6ce15494c22ddb7450de80c33b37e57d1f5c7c2c4f3608b8e11053de0e9d44f3,OS,26,D_pos,1,True,0.0
6ce15494c22ddb7450de80c33b37e57d1f5c7c2c4f3608b8e11053de0e9d44f3,SO,14,R_end,1,True,0.0
6ce15494c22ddb7450de80c33b37e57d1f5c7c2c4f3608b8e11053de0e9d44f3,SO,14,C_end,1,True,0.0
6ce15494c22ddb7450de80c33b37e57d1f5c7c2c4f3608b8e11053de0e9d44f3,SO,14,D_pos,1,True,0.0
6ce15494c22ddb7450de80c33b37e57d1f5c7c2c4f3608b8e11053de0e9d44f3,SO,18,R_end,1,True,0.0
6ce15494c22ddb7450de80c33b37e57d1f5c7c2c4f3608b8e11053de0e9d44f3,SO,18,C_end,1,True,0.0
6ce15494c22ddb7450de80c33b37e57d1f5c7c2c4f3608b8e11053de0e9d44f3,SO,18,D_pos,1,True,0.0
6ce15494c22ddb7450de80c33b37e57d1f5c7c2c4f3608b8e11053de0e9d44f3,SO,22,R_end,1,True,0.0
6ce15494c22ddb7450de80c33b37e57d1f5c7c2c4f3608b8e11053de0e9d44f3,SO,22,C_end,1,True,0.0
6ce15494c22ddb7450de80c33b37e57d1f5c7c2c4f3608b8e11053de0e9d44f3,SO,22,D_pos,1,True,0.0
6ce15494c22ddb7450de80c33b37e57d1f5c7c2c4f3608b8e11053de0e9d44f3,SO,26,R_end,1,True,0.0
6ce15494c22ddb7450de80c33b37e57d1f5c7c2c4f3608b8e11053de0e9d44f3,SO,26,C_end,1,True,0.0
6ce15494c22ddb7450de80c33b37e57d1f5c7c2c4f3608b8e11053de0e9d44f3,SO,26,D_pos,1,True,0.0
6ce15494c22ddb7450de80c33b37e57d1f5c7c2c4f3608b8e11053de0e9d44f3,SS,14,R_end,1,True,0.0
6ce15494c22ddb7450de80c33b37e57d1f5c7c2c4f3608b8e11053de0e9d44f3,SS,14,C_end,1,True,0.0
6ce15494c22ddb7450de80c33b37e57d1f5c7c2c4f3608b8e11053de0e9d44f3,SS,14,D_pos,1,True,0.0
6ce15494c22ddb7450de80c33b37e57d1f5c7c2c4f3608b8e11053de0e9d44f3,SS,18,R_end,1,True,0.0
6ce15494c22ddb7450de80c33b37e57d1f5c7c2c4f3608b8e11053de0e9d44f3,SS,18,C_end,1,True,0.0
6ce15494c22ddb7450de80c33b37e57d1f5c7c2c4f3608b8e11053de0e9d44f3,SS,18,D_pos,1,True,0.0
6ce15494c22ddb7450de80c33b37e57d1f5c7c2c4f3608b8e11053de0e9d44f3,SS,22,R_end,1,True,0.0
6ce15494c22ddb7450de80c33b37e57d1f5c7c2c4f3608b8e11053de0e9d44f3,SS,22,C_end,1,True,0.0
6ce15494c22ddb7450de80c33b37e57d1f5c7c2c4f3608b8e11053de0e9d44f3,SS,22,D_pos,1,True,0.0
6ce15494c22ddb7450de80c33b37e57d1f5c7c2c4f3608b8e11053de0e9d44f3,SS,26,R_end,1,True,0.0
6ce15494c22ddb7450de80c33b37e57d1f5c7c2c4f3608b8e11053de0e9d44f3,SS,26,C_end,1,True,0.0
6ce15494c22ddb7450de80c33b37e57d1f5c7c2c4f3608b8e11053de0e9d44f3,SS,26,D_pos,1,True,0.0
6dd3c98e72585bcf228341dc2750f03d27c670e98803ecd3ede73796a9feeaf1,OO,14,R_end,1,True,0.0
6dd3c98e72585bcf228341dc2750f03d27c670e98803ecd3ede73796a9feeaf1,OO,14,C_end,1,True,0.0
6dd3c98e72585bcf228341dc2750f03d27c670e98803ecd3ede73796a9feeaf1,OO,14,D_pos,1,True,0.0
6dd3c98e72585bcf228341dc2750f03d27c670e98803ecd3ede73796a9feeaf1,OO,18,R_end,1,True,0.0
6dd3c98e72585bcf228341dc2750f03d27c670e98803ecd3ede73796a9feeaf1,OO,18,C_end,1,True,0.0
6dd3c98e72585bcf228341dc2750f03d27c670e98803ecd3ede73796a9feeaf1,OO,18,D_pos,1,True,0.0
6dd3c98e72585bcf228341dc2750f03d27c670e98803ecd3ede73796a9feeaf1,OO,22,R_end,1,True,0.0
6dd3c98e72585bcf228341dc2750f03d27c670e98803ecd3ede73796a9feeaf1,OO,22,C_end,1,True,0.0
6dd3c98e72585bcf228341dc2750f03d27c670e98803ecd3ede73796a9feeaf1,OO,22,D_pos,1,True,0.0
6dd3c98e72585bcf228341dc2750f03d27c670e98803ecd3ede73796a9feeaf1,OO,26,R_end,1,True,0.0
6dd3c98e72585bcf228341dc2750f03d27c670e98803ecd3ede73796a9feeaf1,OO,26,C_end,1,True,0.0
6dd3c98e72585bcf228341dc2750f03d27c670e98803ecd3ede73796a9feeaf1,OO,26,D_pos,1,True,0.0
6dd3c98e72585bcf228341dc2750f03d27c670e98803ecd3ede73796a9feeaf1,OS,14,R_end,1,True,0.0
6dd3c98e72585bcf228341dc2750f03d27c670e98803ecd3ede73796a9feeaf1,OS,14,C_end,1,True,0.0
6dd3c98e72585bcf228341dc2750f03d27c670e98803ecd3ede73796a9feeaf1,OS,14,D_pos,1,True,0.0
6dd3c98e72585bcf228341dc2750f03d27c670e98803ecd3ede73796a9feeaf1,OS,18,R_end,1,True,0.0
6dd3c98e72585bcf228341dc2750f03d27c670e98803ecd3ede73796a9feeaf1,OS,18,C_end,1,True,0.0
6dd3c98e72585bcf228341dc2750f03d27c670e98803ecd3ede73796a9feeaf1,OS,18,D_pos,1,True,0.0
6dd3c98e72585bcf228341dc2750f03d27c670e98803ecd3ede73796a9feeaf1,OS,22,R_end,1,True,0.0
6dd3c98e72585bcf228341dc2750f03d27c670e98803ecd3ede73796a9feeaf1,OS,22,C_end,1,True,0.0
6dd3c98e72585bcf228341dc2750f03d27c670e98803ecd3ede73796a9feeaf1,OS,22,D_pos,1,True,0.0
6dd3c98e72585bcf228341dc2750f03d27c670e98803ecd3ede73796a9feeaf1,OS,26,R_end,1,True,0.0
6dd3c98e72585bcf228341dc2750f03d27c670e98803ecd3ede73796a9feeaf1,OS,26,C_end,1,True,0.0
6dd3c98e72585bcf228341dc2750f03d27c670e98803ecd3ede73796a9feeaf1,OS,26,D_pos,1,True,0.0
6dd3c98e72585bcf228341dc2750f03d27c670e98803ecd3ede73796a9feeaf1,SO,14,R_end,1,True,0.0
6dd3c98e72585bcf228341dc2750f03d27c670e98803ecd3ede73796a9feeaf1,SO,14,C_end,1,True,0.0
6dd3c98e72585bcf228341dc2750f03d27c670e98803ecd3ede73796a9feeaf1,SO,14,D_pos,1,True,0.0
6dd3c98e72585bcf228341dc2750f03d27c670e98803ecd3ede73796a9feeaf1,SO,18,R_end,1,True,0.0
6dd3c98e72585bcf228341dc2750f03d27c670e98803ecd3ede73796a9feeaf1,SO,18,C_end,1,True,0.0
6dd3c98e72585bcf228341dc2750f03d27c670e98803ecd3ede73796a9feeaf1,SO,18,D_pos,1,True,0.0
6dd3c98e72585bcf228341dc2750f03d27c670e98803ecd3ede73796a9feeaf1,SO,22,R_end,1,True,0.0
6dd3c98e72585bcf228341dc2750f03d27c670e98803ecd3ede73796a9feeaf1,SO,22,C_end,1,True,0.0
6dd3c98e72585bcf228341dc2750f03d27c670e98803ecd3ede73796a9feeaf1,SO,22,D_pos,1,True,0.0
6dd3c98e72585bcf228341dc2750f03d27c670e98803ecd3ede73796a9feeaf1,SO,26,R_end,1,True,0.0
6dd3c98e72585bcf228341dc2750f03d27c670e98803ecd3ede73796a9feeaf1,SO,26,C_end,1,True,0.0
6dd3c98e72585bcf228341dc2750f03d27c670e98803ecd3ede73796a9feeaf1,SO,26,D_pos,1,True,0.0
6dd3c98e72585bcf228341dc2750f03d27c670e98803ecd3ede73796a9feeaf1,SS,14,R_end,1,True,0.0
6dd3c98e72585bcf228341dc2750f03d27c670e98803ecd3ede73796a9feeaf1,SS,14,C_end,1,True,0.0
6dd3c98e72585bcf228341dc2750f03d27c670e98803ecd3ede73796a9feeaf1,SS,14,D_pos,1,True,0.0
6dd3c98e72585bcf228341dc2750f03d27c670e98803ecd3ede73796a9feeaf1,SS,18,R_end,1,True,0.0
6dd3c98e72585bcf228341dc2750f03d27c670e98803ecd3ede73796a9feeaf1,SS,18,C_end,1,True,0.0
6dd3c98e72585bcf228341dc2750f03d27c670e98803ecd3ede73796a9feeaf1,SS,18,D_pos,1,True,0.0
6dd3c98e72585bcf228341dc2750f03d27c670e98803ecd3ede73796a9feeaf1,SS,22,R_end,1,True,0.0
6dd3c98e72585bcf228341dc2750f03d27c670e98803ecd3ede73796a9feeaf1,SS,22,C_end,1,True,0.0
6dd3c98e72585bcf228341dc2750f03d27c670e98803ecd3ede73796a9feeaf1,SS,22,D_pos,1,True,0.0
6dd3c98e72585bcf228341dc2750f03d27c670e98803ecd3ede73796a9feeaf1,SS,26,R_end,1,True,0.0
6dd3c98e72585bcf228341dc2750f03d27c670e98803ecd3ede73796a9feeaf1,SS,26,C_end,1,True,0.0
6dd3c98e72585bcf228341dc2750f03d27c670e98803ecd3ede73796a9feeaf1,SS,26,D_pos,1,True,0.0
6ddeecbc02f2ffe9006070f939bce5fa8999d16a0e6c024b39163206e364e10f,OO,14,R_end,1,True,0.0
6ddeecbc02f2ffe9006070f939bce5fa8999d16a0e6c024b39163206e364e10f,OO,14,C_end,1,True,0.0
6ddeecbc02f2ffe9006070f939bce5fa8999d16a0e6c024b39163206e364e10f,OO,14,D_pos,1,True,0.0
6ddeecbc02f2ffe9006070f939bce5fa8999d16a0e6c024b39163206e364e10f,OO,18,R_end,1,True,0.0
6ddeecbc02f2ffe9006070f939bce5fa8999d16a0e6c024b39163206e364e10f,OO,18,C_end,1,True,0.0
6ddeecbc02f2ffe9006070f939bce5fa8999d16a0e6c024b39163206e364e10f,OO,18,D_pos,1,True,0.0
6ddeecbc02f2ffe9006070f939bce5fa8999d16a0e6c024b39163206e364e10f,OO,22,R_end,1,True,0.0
6ddeecbc02f2ffe9006070f939bce5fa8999d16a0e6c024b39163206e364e10f,OO,22,C_end,1,True,0.0
6ddeecbc02f2ffe9006070f939bce5fa8999d16a0e6c024b39163206e364e10f,OO,22,D_pos,1,True,0.0
6ddeecbc02f2ffe9006070f939bce5fa8999d16a0e6c024b39163206e364e10f,OO,26,R_end,1,True,0.0
6ddeecbc02f2ffe9006070f939bce5fa8999d16a0e6c024b39163206e364e10f,OO,26,C_end,1,True,0.0
6ddeecbc02f2ffe9006070f939bce5fa8999d16a0e6c024b39163206e364e10f,OO,26,D_pos,1,True,0.0
6ddeecbc02f2ffe9006070f939bce5fa8999d16a0e6c024b39163206e364e10f,OS,14,R_end,1,True,0.0
6ddeecbc02f2ffe9006070f939bce5fa8999d16a0e6c024b39163206e364e10f,OS,14,C_end,1,True,0.0
6ddeecbc02f2ffe9006070f939bce5fa8999d16a0e6c024b39163206e364e10f,OS,14,D_pos,1,True,0.0
6ddeecbc02f2ffe9006070f939bce5fa8999d16a0e6c024b39163206e364e10f,OS,18,R_end,1,True,0.0
6ddeecbc02f2ffe9006070f939bce5fa8999d16a0e6c024b39163206e364e10f,OS,18,C_end,1,True,0.0
6ddeecbc02f2ffe9006070f939bce5fa8999d16a0e6c024b39163206e364e10f,OS,18,D_pos,1,True,0.0
6ddeecbc02f2ffe9006070f939bce5fa8999d16a0e6c024b39163206e364e10f,OS,22,R_end,1,True,0.0
6ddeecbc02f2ffe9006070f939bce5fa8999d16a0e6c024b39163206e364e10f,OS,22,C_end,1,True,0.0
6ddeecbc02f2ffe9006070f939bce5fa8999d16a0e6c024b39163206e364e10f,OS,22,D_pos,1,True,0.0
6ddeecbc02f2ffe9006070f939bce5fa8999d16a0e6c024b39163206e364e10f,OS,26,R_end,1,True,0.0
6ddeecbc02f2ffe9006070f939bce5fa8999d16a0e6c024b39163206e364e10f,OS,26,C_end,1,True,0.0
6ddeecbc02f2ffe9006070f939bce5fa8999d16a0e6c024b39163206e364e10f,OS,26,D_pos,1,True,0.0
6ddeecbc02f2ffe9006070f939bce5fa8999d16a0e6c024b39163206e364e10f,SO,14,R_end,1,True,0.0
6ddeecbc02f2ffe9006070f939bce5fa8999d16a0e6c024b39163206e364e10f,SO,14,C_end,1,True,0.0
6ddeecbc02f2ffe9006070f939bce5fa8999d16a0e6c024b39163206e364e10f,SO,14,D_pos,1,True,0.0
6ddeecbc02f2ffe9006070f939bce5fa8999d16a0e6c024b39163206e364e10f,SO,18,R_end,1,True,0.0
6ddeecbc02f2ffe9006070f939bce5fa8999d16a0e6c024b39163206e364e10f,SO,18,C_end,1,True,0.0
6ddeecbc02f2ffe9006070f939bce5fa8999d16a0e6c024b39163206e364e10f,SO,18,D_pos,1,True,0.0
6ddeecbc02f2ffe9006070f939bce5fa8999d16a0e6c024b39163206e364e10f,SO,22,R_end,1,True,0.0
6ddeecbc02f2ffe9006070f939bce5fa8999d16a0e6c024b39163206e364e10f,SO,22,C_end,1,True,0.0
6ddeecbc02f2ffe9006070f939bce5fa8999d16a0e6c024b39163206e364e10f,SO,22,D_pos,1,True,0.0
6ddeecbc02f2ffe9006070f939bce5fa8999d16a0e6c024b39163206e364e10f,SO,26,R_end,1,True,0.0
6ddeecbc02f2ffe9006070f939bce5fa8999d16a0e6c024b39163206e364e10f,SO,26,C_end,1,True,0.0
6ddeecbc02f2ffe9006070f939bce5fa8999d16a0e6c024b39163206e364e10f,SO,26,D_pos,1,True,0.0
6ddeecbc02f2ffe9006070f939bce5fa8999d16a0e6c024b39163206e364e10f,SS,14,R_end,1,True,0.0
6ddeecbc02f2ffe9006070f939bce5fa8999d16a0e6c024b39163206e364e10f,SS,14,C_end,1,True,0.0
6ddeecbc02f2ffe9006070f939bce5fa8999d16a0e6c024b39163206e364e10f,SS,14,D_pos,1,True,0.0
6ddeecbc02f2ffe9006070f939bce5fa8999d16a0e6c024b39163206e364e10f,SS,18,R_end,1,True,0.0
6ddeecbc02f2ffe9006070f939bce5fa8999d16a0e6c024b39163206e364e10f,SS,18,C_end,1,True,0.0
6ddeecbc02f2ffe9006070f939bce5fa8999d16a0e6c024b39163206e364e10f,SS,18,D_pos,1,True,0.0
6ddeecbc02f2ffe9006070f939bce5fa8999d16a0e6c024b39163206e364e10f,SS,22,R_end,1,True,0.0
6ddeecbc02f2ffe9006070f939bce5fa8999d16a0e6c024b39163206e364e10f,SS,22,C_end,1,True,0.0
6ddeecbc02f2ffe9006070f939bce5fa8999d16a0e6c024b39163206e364e10f,SS,22,D_pos,1,True,0.0
6ddeecbc02f2ffe9006070f939bce5fa8999d16a0e6c024b39163206e364e10f,SS,26,R_end,1,True,0.0
6ddeecbc02f2ffe9006070f939bce5fa8999d16a0e6c024b39163206e364e10f,SS,26,C_end,1,True,0.0
6ddeecbc02f2ffe9006070f939bce5fa8999d16a0e6c024b39163206e364e10f,SS,26,D_pos,1,True,0.0
6e10294b05a6de9d4e5483961b207eeec4a804817c437c5ffa5577336edac801,OO,14,R_end,1,True,0.0
6e10294b05a6de9d4e5483961b207eeec4a804817c437c5ffa5577336edac801,OO,14,C_end,1,True,0.0
6e10294b05a6de9d4e5483961b207eeec4a804817c437c5ffa5577336edac801,OO,14,D_pos,1,True,0.0
6e10294b05a6de9d4e5483961b207eeec4a804817c437c5ffa5577336edac801,OO,18,R_end,1,True,0.0
6e10294b05a6de9d4e5483961b207eeec4a804817c437c5ffa5577336edac801,OO,18,C_end,1,True,0.0
6e10294b05a6de9d4e5483961b207eeec4a804817c437c5ffa5577336edac801,OO,18,D_pos,1,True,0.0
6e10294b05a6de9d4e5483961b207eeec4a804817c437c5ffa5577336edac801,OO,22,R_end,1,True,0.0
6e10294b05a6de9d4e5483961b207eeec4a804817c437c5ffa5577336edac801,OO,22,C_end,1,True,0.0
6e10294b05a6de9d4e5483961b207eeec4a804817c437c5ffa5577336edac801,OO,22,D_pos,1,True,0.0
6e10294b05a6de9d4e5483961b207eeec4a804817c437c5ffa5577336edac801,OO,26,R_end,1,True,0.0
6e10294b05a6de9d4e5483961b207eeec4a804817c437c5ffa5577336edac801,OO,26,C_end,1,True,0.0
6e10294b05a6de9d4e5483961b207eeec4a804817c437c5ffa5577336edac801,OO,26,D_pos,1,True,0.0
6e10294b05a6de9d4e5483961b207eeec4a804817c437c5ffa5577336edac801,OS,14,R_end,1,True,0.0
6e10294b05a6de9d4e5483961b207eeec4a804817c437c5ffa5577336edac801,OS,14,C_end,1,True,0.0
6e10294b05a6de9d4e5483961b207eeec4a804817c437c5ffa5577336edac801,OS,14,D_pos,1,True,0.0
6e10294b05a6de9d4e5483961b207eeec4a804817c437c5ffa5577336edac801,OS,18,R_end,1,True,0.0
6e10294b05a6de9d4e5483961b207eeec4a804817c437c5ffa5577336edac801,OS,18,C_end,1,True,0.0
6e10294b05a6de9d4e5483961b207eeec4a804817c437c5ffa5577336edac801,OS,18,D_pos,1,True,0.0
6e10294b05a6de9d4e5483961b207eeec4a804817c437c5ffa5577336edac801,OS,22,R_end,1,True,0.0
6e10294b05a6de9d4e5483961b207eeec4a804817c437c5ffa5577336edac801,OS,22,C_end,1,True,0.0
6e10294b05a6de9d4e5483961b207eeec4a804817c437c5ffa5577336edac801,OS,22,D_pos,1,True,0.0
6e10294b05a6de9d4e5483961b207eeec4a804817c437c5ffa5577336edac801,OS,26,R_end,1,True,0.0
6e10294b05a6de9d4e5483961b207eeec4a804817c437c5ffa5577336edac801,OS,26,C_end,1,True,0.0
6e10294b05a6de9d4e5483961b207eeec4a804817c437c5ffa5577336edac801,OS,26,D_pos,1,True,0.0
6e10294b05a6de9d4e5483961b207eeec4a804817c437c5ffa5577336edac801,SO,14,R_end,1,True,0.0
6e10294b05a6de9d4e5483961b207eeec4a804817c437c5ffa5577336edac801,SO,14,C_end,1,True,0.0
6e10294b05a6de9d4e5483961b207eeec4a804817c437c5ffa5577336edac801,SO,14,D_pos,1,True,0.0
6e10294b05a6de9d4e5483961b207eeec4a804817c437c5ffa5577336edac801,SO,18,R_end,1,True,0.0
6e10294b05a6de9d4e5483961b207eeec4a804817c437c5ffa5577336edac801,SO,18,C_end,1,True,0.0
6e10294b05a6de9d4e5483961b207eeec4a804817c437c5ffa5577336edac801,SO,18,D_pos,1,True,0.0
6e10294b05a6de9d4e5483961b207eeec4a804817c437c5ffa5577336edac801,SO,22,R_end,1,True,0.0
6e10294b05a6de9d4e5483961b207eeec4a804817c437c5ffa5577336edac801,SO,22,C_end,1,True,0.0
6e10294b05a6de9d4e5483961b207eeec4a804817c437c5ffa5577336edac801,SO,22,D_pos,1,True,0.0
6e10294b05a6de9d4e5483961b207eeec4a804817c437c5ffa5577336edac801,SO,26,R_end,1,True,0.0
6e10294b05a6de9d4e5483961b207eeec4a804817c437c5ffa5577336edac801,SO,26,C_end,1,True,0.0
6e10294b05a6de9d4e5483961b207eeec4a804817c437c5ffa5577336edac801,SO,26,D_pos,1,True,0.0
6e10294b05a6de9d4e5483961b207eeec4a804817c437c5ffa5577336edac801,SS,14,R_end,1,True,0.0
6e10294b05a6de9d4e5483961b207eeec4a804817c437c5ffa5577336edac801,SS,14,C_end,1,True,0.0
6e10294b05a6de9d4e5483961b207eeec4a804817c437c5ffa5577336edac801,SS,14,D_pos,1,True,0.0
6e10294b05a6de9d4e5483961b207eeec4a804817c437c5ffa5577336edac801,SS,18,R_end,1,True,0.0
6e10294b05a6de9d4e5483961b207eeec4a804817c437c5ffa5577336edac801,SS,18,C_end,1,True,0.0
6e10294b05a6de9d4e5483961b207eeec4a804817c437c5ffa5577336edac801,SS,18,D_pos,1,True,0.0
6e10294b05a6de9d4e5483961b207eeec4a804817c437c5ffa5577336edac801,SS,22,R_end,1,True,0.0
6e10294b05a6de9d4e5483961b207eeec4a804817c437c5ffa5577336edac801,SS,22,C_end,1,True,0.0
6e10294b05a6de9d4e5483961b207eeec4a804817c437c5ffa5577336edac801,SS,22,D_pos,1,True,0.0
6e10294b05a6de9d4e5483961b207eeec4a804817c437c5ffa5577336edac801,SS,26,R_end,1,True,0.0
6e10294b05a6de9d4e5483961b207eeec4a804817c437c5ffa5577336edac801,SS,26,C_end,1,True,0.0
6e10294b05a6de9d4e5483961b207eeec4a804817c437c5ffa5577336edac801,SS,26,D_pos,1,True,0.0
6f17b25ae06b263b38dc906ddf0ee72e91d2235171291091a43585a1c55263a4,OO,14,R_end,1,True,0.0
6f17b25ae06b263b38dc906ddf0ee72e91d2235171291091a43585a1c55263a4,OO,14,C_end,1,True,0.0
6f17b25ae06b263b38dc906ddf0ee72e91d2235171291091a43585a1c55263a4,OO,14,D_pos,1,True,0.0
6f17b25ae06b263b38dc906ddf0ee72e91d2235171291091a43585a1c55263a4,OO,18,R_end,1,True,0.0
6f17b25ae06b263b38dc906ddf0ee72e91d2235171291091a43585a1c55263a4,OO,18,C_end,1,True,0.0
6f17b25ae06b263b38dc906ddf0ee72e91d2235171291091a43585a1c55263a4,OO,18,D_pos,1,True,0.0
6f17b25ae06b263b38dc906ddf0ee72e91d2235171291091a43585a1c55263a4,OO,22,R_end,1,True,0.0
6f17b25ae06b263b38dc906ddf0ee72e91d2235171291091a43585a1c55263a4,OO,22,C_end,1,True,0.0
6f17b25ae06b263b38dc906ddf0ee72e91d2235171291091a43585a1c55263a4,OO,22,D_pos,1,True,0.0
6f17b25ae06b263b38dc906ddf0ee72e91d2235171291091a43585a1c55263a4,OO,26,R_end,1,True,0.0
6f17b25ae06b263b38dc906ddf0ee72e91d2235171291091a43585a1c55263a4,OO,26,C_end,1,True,0.0
6f17b25ae06b263b38dc906ddf0ee72e91d2235171291091a43585a1c55263a4,OO,26,D_pos,1,True,0.0
6f17b25ae06b263b38dc906ddf0ee72e91d2235171291091a43585a1c55263a4,OS,14,R_end,1,True,0.0
6f17b25ae06b263b38dc906ddf0ee72e91d2235171291091a43585a1c55263a4,OS,14,C_end,1,True,0.0
6f17b25ae06b263b38dc906ddf0ee72e91d2235171291091a43585a1c55263a4,OS,14,D_pos,1,True,0.0
6f17b25ae06b263b38dc906ddf0ee72e91d2235171291091a43585a1c55263a4,OS,18,R_end,1,True,0.0
6f17b25ae06b263b38dc906ddf0ee72e91d2235171291091a43585a1c55263a4,OS,18,C_end,1,True,0.0
6f17b25ae06b263b38dc906ddf0ee72e91d2235171291091a43585a1c55263a4,OS,18,D_pos,1,True,0.0
6f17b25ae06b263b38dc906ddf0ee72e91d2235171291091a43585a1c55263a4,OS,22,R_end,1,True,0.0
6f17b25ae06b263b38dc906ddf0ee72e91d2235171291091a43585a1c55263a4,OS,22,C_end,1,True,0.0
6f17b25ae06b263b38dc906ddf0ee72e91d2235171291091a43585a1c55263a4,OS,22,D_pos,1,True,0.0
6f17b25ae06b263b38dc906ddf0ee72e91d2235171291091a43585a1c55263a4,OS,26,R_end,1,True,0.0
6f17b25ae06b263b38dc906ddf0ee72e91d2235171291091a43585a1c55263a4,OS,26,C_end,1,True,0.0
6f17b25ae06b263b38dc906ddf0ee72e91d2235171291091a43585a1c55263a4,OS,26,D_pos,1,True,0.0
6f17b25ae06b263b38dc906ddf0ee72e91d2235171291091a43585a1c55263a4,SO,14,R_end,1,True,0.0
6f17b25ae06b263b38dc906ddf0ee72e91d2235171291091a43585a1c55263a4,SO,14,C_end,1,True,0.0
6f17b25ae06b263b38dc906ddf0ee72e91d2235171291091a43585a1c55263a4,SO,14,D_pos,1,True,0.0
6f17b25ae06b263b38dc906ddf0ee72e91d2235171291091a43585a1c55263a4,SO,18,R_end,1,True,0.0
6f17b25ae06b263b38dc906ddf0ee72e91d2235171291091a43585a1c55263a4,SO,18,C_end,1,True,0.0
6f17b25ae06b263b38dc906ddf0ee72e91d2235171291091a43585a1c55263a4,SO,18,D_pos,1,True,0.0
6f17b25ae06b263b38dc906ddf0ee72e91d2235171291091a43585a1c55263a4,SO,22,R_end,1,True,0.0
6f17b25ae06b263b38dc906ddf0ee72e91d2235171291091a43585a1c55263a4,SO,22,C_end,1,True,0.0
6f17b25ae06b263b38dc906ddf0ee72e91d2235171291091a43585a1c55263a4,SO,22,D_pos,1,True,0.0
6f17b25ae06b263b38dc906ddf0ee72e91d2235171291091a43585a1c55263a4,SO,26,R_end,1,True,0.0
6f17b25ae06b263b38dc906ddf0ee72e91d2235171291091a43585a1c55263a4,SO,26,C_end,1,True,0.0
6f17b25ae06b263b38dc906ddf0ee72e91d2235171291091a43585a1c55263a4,SO,26,D_pos,1,True,0.0
6f17b25ae06b263b38dc906ddf0ee72e91d2235171291091a43585a1c55263a4,SS,14,R_end,1,True,0.0
6f17b25ae06b263b38dc906ddf0ee72e91d2235171291091a43585a1c55263a4,SS,14,C_end,1,True,0.0
6f17b25ae06b263b38dc906ddf0ee72e91d2235171291091a43585a1c55263a4,SS,14,D_pos,1,True,0.0
6f17b25ae06b263b38dc906ddf0ee72e91d2235171291091a43585a1c55263a4,SS,18,R_end,1,True,0.0
6f17b25ae06b263b38dc906ddf0ee72e91d2235171291091a43585a1c55263a4,SS,18,C_end,1,True,0.0
6f17b25ae06b263b38dc906ddf0ee72e91d2235171291091a43585a1c55263a4,SS,18,D_pos,1,True,0.0
6f17b25ae06b263b38dc906ddf0ee72e91d2235171291091a43585a1c55263a4,SS,22,R_end,1,True,0.0
6f17b25ae06b263b38dc906ddf0ee72e91d2235171291091a43585a1c55263a4,SS,22,C_end,1,True,0.0
6f17b25ae06b263b38dc906ddf0ee72e91d2235171291091a43585a1c55263a4,SS,22,D_pos,1,True,0.0
6f17b25ae06b263b38dc906ddf0ee72e91d2235171291091a43585a1c55263a4,SS,26,R_end,1,True,0.0
6f17b25ae06b263b38dc906ddf0ee72e91d2235171291091a43585a1c55263a4,SS,26,C_end,1,True,0.0
6f17b25ae06b263b38dc906ddf0ee72e91d2235171291091a43585a1c55263a4,SS,26,D_pos,1,True,0.0
6f20891d4fbbf36a868ef4d6543496c6ca675d18fb0c79eeb2f864c4a2a65d1a,OO,14,R_end,1,True,0.0
6f20891d4fbbf36a868ef4d6543496c6ca675d18fb0c79eeb2f864c4a2a65d1a,OO,14,C_end,1,True,0.0
6f20891d4fbbf36a868ef4d6543496c6ca675d18fb0c79eeb2f864c4a2a65d1a,OO,14,D_pos,1,True,0.0
6f20891d4fbbf36a868ef4d6543496c6ca675d18fb0c79eeb2f864c4a2a65d1a,OO,18,R_end,1,True,0.0
6f20891d4fbbf36a868ef4d6543496c6ca675d18fb0c79eeb2f864c4a2a65d1a,OO,18,C_end,1,True,0.0
6f20891d4fbbf36a868ef4d6543496c6ca675d18fb0c79eeb2f864c4a2a65d1a,OO,18,D_pos,1,True,0.0
6f20891d4fbbf36a868ef4d6543496c6ca675d18fb0c79eeb2f864c4a2a65d1a,OO,22,R_end,1,True,0.0
6f20891d4fbbf36a868ef4d6543496c6ca675d18fb0c79eeb2f864c4a2a65d1a,OO,22,C_end,1,True,0.0
6f20891d4fbbf36a868ef4d6543496c6ca675d18fb0c79eeb2f864c4a2a65d1a,OO,22,D_pos,1,True,0.0
6f20891d4fbbf36a868ef4d6543496c6ca675d18fb0c79eeb2f864c4a2a65d1a,OO,26,R_end,1,True,0.0
6f20891d4fbbf36a868ef4d6543496c6ca675d18fb0c79eeb2f864c4a2a65d1a,OO,26,C_end,1,True,0.0
6f20891d4fbbf36a868ef4d6543496c6ca675d18fb0c79eeb2f864c4a2a65d1a,OO,26,D_pos,1,True,0.0
6f20891d4fbbf36a868ef4d6543496c6ca675d18fb0c79eeb2f864c4a2a65d1a,OS,14,R_end,1,True,0.0
6f20891d4fbbf36a868ef4d6543496c6ca675d18fb0c79eeb2f864c4a2a65d1a,OS,14,C_end,1,True,0.0
6f20891d4fbbf36a868ef4d6543496c6ca675d18fb0c79eeb2f864c4a2a65d1a,OS,14,D_pos,1,True,0.0
6f20891d4fbbf36a868ef4d6543496c6ca675d18fb0c79eeb2f864c4a2a65d1a,OS,18,R_end,1,True,0.0
6f20891d4fbbf36a868ef4d6543496c6ca675d18fb0c79eeb2f864c4a2a65d1a,OS,18,C_end,1,True,0.0
6f20891d4fbbf36a868ef4d6543496c6ca675d18fb0c79eeb2f864c4a2a65d1a,OS,18,D_pos,1,True,0.0
6f20891d4fbbf36a868ef4d6543496c6ca675d18fb0c79eeb2f864c4a2a65d1a,OS,22,R_end,1,True,0.0
6f20891d4fbbf36a868ef4d6543496c6ca675d18fb0c79eeb2f864c4a2a65d1a,OS,22,C_end,1,True,0.0
6f20891d4fbbf36a868ef4d6543496c6ca675d18fb0c79eeb2f864c4a2a65d1a,OS,22,D_pos,1,True,0.0
6f20891d4fbbf36a868ef4d6543496c6ca675d18fb0c79eeb2f864c4a2a65d1a,OS,26,R_end,1,True,0.0
6f20891d4fbbf36a868ef4d6543496c6ca675d18fb0c79eeb2f864c4a2a65d1a,OS,26,C_end,1,True,0.0
6f20891d4fbbf36a868ef4d6543496c6ca675d18fb0c79eeb2f864c4a2a65d1a,OS,26,D_pos,1,True,0.0
6f20891d4fbbf36a868ef4d6543496c6ca675d18fb0c79eeb2f864c4a2a65d1a,SO,14,R_end,1,True,0.0
6f20891d4fbbf36a868ef4d6543496c6ca675d18fb0c79eeb2f864c4a2a65d1a,SO,14,C_end,1,True,0.0
6f20891d4fbbf36a868ef4d6543496c6ca675d18fb0c79eeb2f864c4a2a65d1a,SO,14,D_pos,1,True,0.0
6f20891d4fbbf36a868ef4d6543496c6ca675d18fb0c79eeb2f864c4a2a65d1a,SO,18,R_end,1,True,0.0
6f20891d4fbbf36a868ef4d6543496c6ca675d18fb0c79eeb2f864c4a2a65d1a,SO,18,C_end,1,True,0.0
6f20891d4fbbf36a868ef4d6543496c6ca675d18fb0c79eeb2f864c4a2a65d1a,SO,18,D_pos,1,True,0.0
6f20891d4fbbf36a868ef4d6543496c6ca675d18fb0c79eeb2f864c4a2a65d1a,SO,22,R_end,1,True,0.0
6f20891d4fbbf36a868ef4d6543496c6ca675d18fb0c79eeb2f864c4a2a65d1a,SO,22,C_end,1,True,0.0
6f20891d4fbbf36a868ef4d6543496c6ca675d18fb0c79eeb2f864c4a2a65d1a,SO,22,D_pos,1,True,0.0
6f20891d4fbbf36a868ef4d6543496c6ca675d18fb0c79eeb2f864c4a2a65d1a,SO,26,R_end,1,True,0.0
6f20891d4fbbf36a868ef4d6543496c6ca675d18fb0c79eeb2f864c4a2a65d1a,SO,26,C_end,1,True,0.0
6f20891d4fbbf36a868ef4d6543496c6ca675d18fb0c79eeb2f864c4a2a65d1a,SO,26,D_pos,1,True,0.0
6f20891d4fbbf36a868ef4d6543496c6ca675d18fb0c79eeb2f864c4a2a65d1a,SS,14,R_end,1,True,0.0
6f20891d4fbbf36a868ef4d6543496c6ca675d18fb0c79eeb2f864c4a2a65d1a,SS,14,C_end,1,True,0.0
6f20891d4fbbf36a868ef4d6543496c6ca675d18fb0c79eeb2f864c4a2a65d1a,SS,14,D_pos,1,True,0.0
6f20891d4fbbf36a868ef4d6543496c6ca675d18fb0c79eeb2f864c4a2a65d1a,SS,18,R_end,1,True,0.0
6f20891d4fbbf36a868ef4d6543496c6ca675d18fb0c79eeb2f864c4a2a65d1a,SS,18,C_end,1,True,0.0
6f20891d4fbbf36a868ef4d6543496c6ca675d18fb0c79eeb2f864c4a2a65d1a,SS,18,D_pos,1,True,0.0
6f20891d4fbbf36a868ef4d6543496c6ca675d18fb0c79eeb2f864c4a2a65d1a,SS,22,R_end,1,True,0.0
6f20891d4fbbf36a868ef4d6543496c6ca675d18fb0c79eeb2f864c4a2a65d1a,SS,22,C_end,1,True,0.0
6f20891d4fbbf36a868ef4d6543496c6ca675d18fb0c79eeb2f864c4a2a65d1a,SS,22,D_pos,1,True,0.0
6f20891d4fbbf36a868ef4d6543496c6ca675d18fb0c79eeb2f864c4a2a65d1a,SS,26,R_end,1,True,0.0
6f20891d4fbbf36a868ef4d6543496c6ca675d18fb0c79eeb2f864c4a2a65d1a,SS,26,C_end,1,True,0.0
6f20891d4fbbf36a868ef4d6543496c6ca675d18fb0c79eeb2f864c4a2a65d1a,SS,26,D_pos,1,True,0.0
6fe3e27510c2d45cf3bc5f48a43f3f9b0f5bcfd61b08a8167b199bd40fc56c11,OO,14,R_end,1,True,0.0
6fe3e27510c2d45cf3bc5f48a43f3f9b0f5bcfd61b08a8167b199bd40fc56c11,OO,14,C_end,1,True,0.0
6fe3e27510c2d45cf3bc5f48a43f3f9b0f5bcfd61b08a8167b199bd40fc56c11,OO,14,D_pos,1,True,0.0
6fe3e27510c2d45cf3bc5f48a43f3f9b0f5bcfd61b08a8167b199bd40fc56c11,OO,18,R_end,1,True,0.0
6fe3e27510c2d45cf3bc5f48a43f3f9b0f5bcfd61b08a8167b199bd40fc56c11,OO,18,C_end,1,True,0.0
6fe3e27510c2d45cf3bc5f48a43f3f9b0f5bcfd61b08a8167b199bd40fc56c11,OO,18,D_pos,1,True,0.0
6fe3e27510c2d45cf3bc5f48a43f3f9b0f5bcfd61b08a8167b199bd40fc56c11,OO,22,R_end,1,True,0.0
6fe3e27510c2d45cf3bc5f48a43f3f9b0f5bcfd61b08a8167b199bd40fc56c11,OO,22,C_end,1,True,0.0
6fe3e27510c2d45cf3bc5f48a43f3f9b0f5bcfd61b08a8167b199bd40fc56c11,OO,22,D_pos,1,True,0.0
6fe3e27510c2d45cf3bc5f48a43f3f9b0f5bcfd61b08a8167b199bd40fc56c11,OO,26,R_end,1,True,0.0
6fe3e27510c2d45cf3bc5f48a43f3f9b0f5bcfd61b08a8167b199bd40fc56c11,OO,26,C_end,1,True,0.0
6fe3e27510c2d45cf3bc5f48a43f3f9b0f5bcfd61b08a8167b199bd40fc56c11,OO,26,D_pos,1,True,0.0
6fe3e27510c2d45cf3bc5f48a43f3f9b0f5bcfd61b08a8167b199bd40fc56c11,OS,14,R_end,1,True,0.0
6fe3e27510c2d45cf3bc5f48a43f3f9b0f5bcfd61b08a8167b199bd40fc56c11,OS,14,C_end,1,True,0.0
6fe3e27510c2d45cf3bc5f48a43f3f9b0f5bcfd61b08a8167b199bd40fc56c11,OS,14,D_pos,1,True,0.0
6fe3e27510c2d45cf3bc5f48a43f3f9b0f5bcfd61b08a8167b199bd40fc56c11,OS,18,R_end,1,True,0.0
6fe3e27510c2d45cf3bc5f48a43f3f9b0f5bcfd61b08a8167b199bd40fc56c11,OS,18,C_end,1,True,0.0
6fe3e27510c2d45cf3bc5f48a43f3f9b0f5bcfd61b08a8167b199bd40fc56c11,OS,18,D_pos,1,True,0.0
6fe3e27510c2d45cf3bc5f48a43f3f9b0f5bcfd61b08a8167b199bd40fc56c11,OS,22,R_end,1,True,0.0
6fe3e27510c2d45cf3bc5f48a43f3f9b0f5bcfd61b08a8167b199bd40fc56c11,OS,22,C_end,1,True,0.0
6fe3e27510c2d45cf3bc5f48a43f3f9b0f5bcfd61b08a8167b199bd40fc56c11,OS,22,D_pos,1,True,0.0
6fe3e27510c2d45cf3bc5f48a43f3f9b0f5bcfd61b08a8167b199bd40fc56c11,OS,26,R_end,1,True,0.0
6fe3e27510c2d45cf3bc5f48a43f3f9b0f5bcfd61b08a8167b199bd40fc56c11,OS,26,C_end,1,True,0.0
6fe3e27510c2d45cf3bc5f48a43f3f9b0f5bcfd61b08a8167b199bd40fc56c11,OS,26,D_pos,1,True,0.0
6fe3e27510c2d45cf3bc5f48a43f3f9b0f5bcfd61b08a8167b199bd40fc56c11,SO,14,R_end,1,True,0.0
6fe3e27510c2d45cf3bc5f48a43f3f9b0f5bcfd61b08a8167b199bd40fc56c11,SO,14,C_end,1,True,0.0
6fe3e27510c2d45cf3bc5f48a43f3f9b0f5bcfd61b08a8167b199bd40fc56c11,SO,14,D_pos,1,True,0.0
6fe3e27510c2d45cf3bc5f48a43f3f9b0f5bcfd61b08a8167b199bd40fc56c11,SO,18,R_end,1,True,0.0
6fe3e27510c2d45cf3bc5f48a43f3f9b0f5bcfd61b08a8167b199bd40fc56c11,SO,18,C_end,1,True,0.0
6fe3e27510c2d45cf3bc5f48a43f3f9b0f5bcfd61b08a8167b199bd40fc56c11,SO,18,D_pos,1,True,0.0
6fe3e27510c2d45cf3bc5f48a43f3f9b0f5bcfd61b08a8167b199bd40fc56c11,SO,22,R_end,1,True,0.0
6fe3e27510c2d45cf3bc5f48a43f3f9b0f5bcfd61b08a8167b199bd40fc56c11,SO,22,C_end,1,True,0.0
6fe3e27510c2d45cf3bc5f48a43f3f9b0f5bcfd61b08a8167b199bd40fc56c11,SO,22,D_pos,1,True,0.0
6fe3e27510c2d45cf3bc5f48a43f3f9b0f5bcfd61b08a8167b199bd40fc56c11,SO,26,R_end,1,True,0.0
6fe3e27510c2d45cf3bc5f48a43f3f9b0f5bcfd61b08a8167b199bd40fc56c11,SO,26,C_end,1,True,0.0
6fe3e27510c2d45cf3bc5f48a43f3f9b0f5bcfd61b08a8167b199bd40fc56c11,SO,26,D_pos,1,True,0.0
6fe3e27510c2d45cf3bc5f48a43f3f9b0f5bcfd61b08a8167b199bd40fc56c11,SS,14,R_end,1,True,0.0
6fe3e27510c2d45cf3bc5f48a43f3f9b0f5bcfd61b08a8167b199bd40fc56c11,SS,14,C_end,1,True,0.0
6fe3e27510c2d45cf3bc5f48a43f3f9b0f5bcfd61b08a8167b199bd40fc56c11,SS,14,D_pos,1,True,0.0
6fe3e27510c2d45cf3bc5f48a43f3f9b0f5bcfd61b08a8167b199bd40fc56c11,SS,18,R_end,1,True,0.0
6fe3e27510c2d45cf3bc5f48a43f3f9b0f5bcfd61b08a8167b199bd40fc56c11,SS,18,C_end,1,True,0.0
6fe3e27510c2d45cf3bc5f48a43f3f9b0f5bcfd61b08a8167b199bd40fc56c11,SS,18,D_pos,1,True,0.0
6fe3e27510c2d45cf3bc5f48a43f3f9b0f5bcfd61b08a8167b199bd40fc56c11,SS,22,R_end,1,True,0.0
6fe3e27510c2d45cf3bc5f48a43f3f9b0f5bcfd61b08a8167b199bd40fc56c11,SS,22,C_end,1,True,0.0
6fe3e27510c2d45cf3bc5f48a43f3f9b0f5bcfd61b08a8167b199bd40fc56c11,SS,22,D_pos,1,True,0.0
6fe3e27510c2d45cf3bc5f48a43f3f9b0f5bcfd61b08a8167b199bd40fc56c11,SS,26,R_end,1,True,0.0
6fe3e27510c2d45cf3bc5f48a43f3f9b0f5bcfd61b08a8167b199bd40fc56c11,SS,26,C_end,1,True,0.0
6fe3e27510c2d45cf3bc5f48a43f3f9b0f5bcfd61b08a8167b199bd40fc56c11,SS,26,D_pos,1,True,0.0
6ffbd9b9795989778a37dfc5868aeb0b9078a0370e24e5ca96e692ad3a9dbb0a,OO,14,R_end,1,True,0.0
6ffbd9b9795989778a37dfc5868aeb0b9078a0370e24e5ca96e692ad3a9dbb0a,OO,14,C_end,1,True,0.0
6ffbd9b9795989778a37dfc5868aeb0b9078a0370e24e5ca96e692ad3a9dbb0a,OO,14,D_pos,1,True,0.0
6ffbd9b9795989778a37dfc5868aeb0b9078a0370e24e5ca96e692ad3a9dbb0a,OO,18,R_end,1,True,0.0
6ffbd9b9795989778a37dfc5868aeb0b9078a0370e24e5ca96e692ad3a9dbb0a,OO,18,C_end,1,True,0.0
6ffbd9b9795989778a37dfc5868aeb0b9078a0370e24e5ca96e692ad3a9dbb0a,OO,18,D_pos,1,True,0.0
6ffbd9b9795989778a37dfc5868aeb0b9078a0370e24e5ca96e692ad3a9dbb0a,OO,22,R_end,1,True,0.0
6ffbd9b9795989778a37dfc5868aeb0b9078a0370e24e5ca96e692ad3a9dbb0a,OO,22,C_end,1,True,0.0
6ffbd9b9795989778a37dfc5868aeb0b9078a0370e24e5ca96e692ad3a9dbb0a,OO,22,D_pos,1,True,0.0
6ffbd9b9795989778a37dfc5868aeb0b9078a0370e24e5ca96e692ad3a9dbb0a,OO,26,R_end,1,True,0.0
6ffbd9b9795989778a37dfc5868aeb0b9078a0370e24e5ca96e692ad3a9dbb0a,OO,26,C_end,1,True,0.0
6ffbd9b9795989778a37dfc5868aeb0b9078a0370e24e5ca96e692ad3a9dbb0a,OO,26,D_pos,1,True,0.0
6ffbd9b9795989778a37dfc5868aeb0b9078a0370e24e5ca96e692ad3a9dbb0a,OS,14,R_end,1,True,0.0
6ffbd9b9795989778a37dfc5868aeb0b9078a0370e24e5ca96e692ad3a9dbb0a,OS,14,C_end,1,True,0.0
6ffbd9b9795989778a37dfc5868aeb0b9078a0370e24e5ca96e692ad3a9dbb0a,OS,14,D_pos,1,True,0.0
6ffbd9b9795989778a37dfc5868aeb0b9078a0370e24e5ca96e692ad3a9dbb0a,OS,18,R_end,1,True,0.0
6ffbd9b9795989778a37dfc5868aeb0b9078a0370e24e5ca96e692ad3a9dbb0a,OS,18,C_end,1,True,0.0
6ffbd9b9795989778a37dfc5868aeb0b9078a0370e24e5ca96e692ad3a9dbb0a,OS,18,D_pos,1,True,0.0
6ffbd9b9795989778a37dfc5868aeb0b9078a0370e24e5ca96e692ad3a9dbb0a,OS,22,R_end,1,True,0.0
6ffbd9b9795989778a37dfc5868aeb0b9078a0370e24e5ca96e692ad3a9dbb0a,OS,22,C_end,1,True,0.0
6ffbd9b9795989778a37dfc5868aeb0b9078a0370e24e5ca96e692ad3a9dbb0a,OS,22,D_pos,1,True,0.0
6ffbd9b9795989778a37dfc5868aeb0b9078a0370e24e5ca96e692ad3a9dbb0a,OS,26,R_end,1,True,0.0
6ffbd9b9795989778a37dfc5868aeb0b9078a0370e24e5ca96e692ad3a9dbb0a,OS,26,C_end,1,True,0.0
6ffbd9b9795989778a37dfc5868aeb0b9078a0370e24e5ca96e692ad3a9dbb0a,OS,26,D_pos,1,True,0.0
6ffbd9b9795989778a37dfc5868aeb0b9078a0370e24e5ca96e692ad3a9dbb0a,SO,14,R_end,1,True,0.0
6ffbd9b9795989778a37dfc5868aeb0b9078a0370e24e5ca96e692ad3a9dbb0a,SO,14,C_end,1,True,0.0
6ffbd9b9795989778a37dfc5868aeb0b9078a0370e24e5ca96e692ad3a9dbb0a,SO,14,D_pos,1,True,0.0
6ffbd9b9795989778a37dfc5868aeb0b9078a0370e24e5ca96e692ad3a9dbb0a,SO,18,R_end,1,True,0.0
6ffbd9b9795989778a37dfc5868aeb0b9078a0370e24e5ca96e692ad3a9dbb0a,SO,18,C_end,1,True,0.0
6ffbd9b9795989778a37dfc5868aeb0b9078a0370e24e5ca96e692ad3a9dbb0a,SO,18,D_pos,1,True,0.0
6ffbd9b9795989778a37dfc5868aeb0b9078a0370e24e5ca96e692ad3a9dbb0a,SO,22,R_end,1,True,0.0
6ffbd9b9795989778a37dfc5868aeb0b9078a0370e24e5ca96e692ad3a9dbb0a,SO,22,C_end,1,True,0.0
6ffbd9b9795989778a37dfc5868aeb0b9078a0370e24e5ca96e692ad3a9dbb0a,SO,22,D_pos,1,True,0.0
6ffbd9b9795989778a37dfc5868aeb0b9078a0370e24e5ca96e692ad3a9dbb0a,SO,26,R_end,1,True,0.0
6ffbd9b9795989778a37dfc5868aeb0b9078a0370e24e5ca96e692ad3a9dbb0a,SO,26,C_end,1,True,0.0
6ffbd9b9795989778a37dfc5868aeb0b9078a0370e24e5ca96e692ad3a9dbb0a,SO,26,D_pos,1,True,0.0
6ffbd9b9795989778a37dfc5868aeb0b9078a0370e24e5ca96e692ad3a9dbb0a,SS,14,R_end,1,True,0.0
6ffbd9b9795989778a37dfc5868aeb0b9078a0370e24e5ca96e692ad3a9dbb0a,SS,14,C_end,1,True,0.0
6ffbd9b9795989778a37dfc5868aeb0b9078a0370e24e5ca96e692ad3a9dbb0a,SS,14,D_pos,1,True,0.0
6ffbd9b9795989778a37dfc5868aeb0b9078a0370e24e5ca96e692ad3a9dbb0a,SS,18,R_end,1,True,0.0
6ffbd9b9795989778a37dfc5868aeb0b9078a0370e24e5ca96e692ad3a9dbb0a,SS,18,C_end,1,True,0.0
6ffbd9b9795989778a37dfc5868aeb0b9078a0370e24e5ca96e692ad3a9dbb0a,SS,18,D_pos,1,True,0.0
6ffbd9b9795989778a37dfc5868aeb0b9078a0370e24e5ca96e692ad3a9dbb0a,SS,22,R_end,1,True,0.0
6ffbd9b9795989778a37dfc5868aeb0b9078a0370e24e5ca96e692ad3a9dbb0a,SS,22,C_end,1,True,0.0
6ffbd9b9795989778a37dfc5868aeb0b9078a0370e24e5ca96e692ad3a9dbb0a,SS,22,D_pos,1,True,0.0
6ffbd9b9795989778a37dfc5868aeb0b9078a0370e24e5ca96e692ad3a9dbb0a,SS,26,R_end,1,True,0.0
6ffbd9b9795989778a37dfc5868aeb0b9078a0370e24e5ca96e692ad3a9dbb0a,SS,26,C_end,1,True,0.0
6ffbd9b9795989778a37dfc5868aeb0b9078a0370e24e5ca96e692ad3a9dbb0a,SS,26,D_pos,1,True,0.0
71f1274bf08beee7a3769accd9e3c8a51314d5289247f9e114fb8bafa53bb1ac,OO,14,R_end,1,True,0.0
71f1274bf08beee7a3769accd9e3c8a51314d5289247f9e114fb8bafa53bb1ac,OO,14,C_end,1,True,0.0
71f1274bf08beee7a3769accd9e3c8a51314d5289247f9e114fb8bafa53bb1ac,OO,14,D_pos,1,True,0.0
71f1274bf08beee7a3769accd9e3c8a51314d5289247f9e114fb8bafa53bb1ac,OO,18,R_end,1,True,0.0
71f1274bf08beee7a3769accd9e3c8a51314d5289247f9e114fb8bafa53bb1ac,OO,18,C_end,1,True,0.0
71f1274bf08beee7a3769accd9e3c8a51314d5289247f9e114fb8bafa53bb1ac,OO,18,D_pos,1,True,0.0
71f1274bf08beee7a3769accd9e3c8a51314d5289247f9e114fb8bafa53bb1ac,OO,22,R_end,1,True,0.0
71f1274bf08beee7a3769accd9e3c8a51314d5289247f9e114fb8bafa53bb1ac,OO,22,C_end,1,True,0.0
71f1274bf08beee7a3769accd9e3c8a51314d5289247f9e114fb8bafa53bb1ac,OO,22,D_pos,1,True,0.0
71f1274bf08beee7a3769accd9e3c8a51314d5289247f9e114fb8bafa53bb1ac,OO,26,R_end,1,True,0.0
71f1274bf08beee7a3769accd9e3c8a51314d5289247f9e114fb8bafa53bb1ac,OO,26,C_end,1,True,0.0
71f1274bf08beee7a3769accd9e3c8a51314d5289247f9e114fb8bafa53bb1ac,OO,26,D_pos,1,True,0.0
71f1274bf08beee7a3769accd9e3c8a51314d5289247f9e114fb8bafa53bb1ac,OS,14,R_end,1,True,0.0
71f1274bf08beee7a3769accd9e3c8a51314d5289247f9e114fb8bafa53bb1ac,OS,14,C_end,1,True,0.0
71f1274bf08beee7a3769accd9e3c8a51314d5289247f9e114fb8bafa53bb1ac,OS,14,D_pos,1,True,0.0
71f1274bf08beee7a3769accd9e3c8a51314d5289247f9e114fb8bafa53bb1ac,OS,18,R_end,1,True,0.0
71f1274bf08beee7a3769accd9e3c8a51314d5289247f9e114fb8bafa53bb1ac,OS,18,C_end,1,True,0.0
71f1274bf08beee7a3769accd9e3c8a51314d5289247f9e114fb8bafa53bb1ac,OS,18,D_pos,1,True,0.0
71f1274bf08beee7a3769accd9e3c8a51314d5289247f9e114fb8bafa53bb1ac,OS,22,R_end,1,True,0.0
71f1274bf08beee7a3769accd9e3c8a51314d5289247f9e114fb8bafa53bb1ac,OS,22,C_end,1,True,0.0
71f1274bf08beee7a3769accd9e3c8a51314d5289247f9e114fb8bafa53bb1ac,OS,22,D_pos,1,True,0.0
71f1274bf08beee7a3769accd9e3c8a51314d5289247f9e114fb8bafa53bb1ac,OS,26,R_end,1,True,0.0
71f1274bf08beee7a3769accd9e3c8a51314d5289247f9e114fb8bafa53bb1ac,OS,26,C_end,1,True,0.0
71f1274bf08beee7a3769accd9e3c8a51314d5289247f9e114fb8bafa53bb1ac,OS,26,D_pos,1,True,0.0
71f1274bf08beee7a3769accd9e3c8a51314d5289247f9e114fb8bafa53bb1ac,SO,14,R_end,1,True,0.0
71f1274bf08beee7a3769accd9e3c8a51314d5289247f9e114fb8bafa53bb1ac,SO,14,C_end,1,True,0.0
71f1274bf08beee7a3769accd9e3c8a51314d5289247f9e114fb8bafa53bb1ac,SO,14,D_pos,1,True,0.0
71f1274bf08beee7a3769accd9e3c8a51314d5289247f9e114fb8bafa53bb1ac,SO,18,R_end,1,True,0.0
71f1274bf08beee7a3769accd9e3c8a51314d5289247f9e114fb8bafa53bb1ac,SO,18,C_end,1,True,0.0
71f1274bf08beee7a3769accd9e3c8a51314d5289247f9e114fb8bafa53bb1ac,SO,18,D_pos,1,True,0.0
71f1274bf08beee7a3769accd9e3c8a51314d5289247f9e114fb8bafa53bb1ac,SO,22,R_end,1,True,0.0
71f1274bf08beee7a3769accd9e3c8a51314d5289247f9e114fb8bafa53bb1ac,SO,22,C_end,1,True,0.0
71f1274bf08beee7a3769accd9e3c8a51314d5289247f9e114fb8bafa53bb1ac,SO,22,D_pos,1,True,0.0
71f1274bf08beee7a3769accd9e3c8a51314d5289247f9e114fb8bafa53bb1ac,SO,26,R_end,1,True,0.0
71f1274bf08beee7a3769accd9e3c8a51314d5289247f9e114fb8bafa53bb1ac,SO,26,C_end,1,True,0.0
71f1274bf08beee7a3769accd9e3c8a51314d5289247f9e114fb8bafa53bb1ac,SO,26,D_pos,1,True,0.0
71f1274bf08beee7a3769accd9e3c8a51314d5289247f9e114fb8bafa53bb1ac,SS,14,R_end,1,True,0.0
71f1274bf08beee7a3769accd9e3c8a51314d5289247f9e114fb8bafa53bb1ac,SS,14,C_end,1,True,0.0
71f1274bf08beee7a3769accd9e3c8a51314d5289247f9e114fb8bafa53bb1ac,SS,14,D_pos,1,True,0.0
71f1274bf08beee7a3769accd9e3c8a51314d5289247f9e114fb8bafa53bb1ac,SS,18,R_end,1,True,0.0
71f1274bf08beee7a3769accd9e3c8a51314d5289247f9e114fb8bafa53bb1ac,SS,18,C_end,1,True,0.0
71f1274bf08beee7a3769accd9e3c8a51314d5289247f9e114fb8bafa53bb1ac,SS,18,D_pos,1,True,0.0
71f1274bf08beee7a3769accd9e3c8a51314d5289247f9e114fb8bafa53bb1ac,SS,22,R_end,1,True,0.0
71f1274bf08beee7a3769accd9e3c8a51314d5289247f9e114fb8bafa53bb1ac,SS,22,C_end,1,True,0.0
71f1274bf08beee7a3769accd9e3c8a51314d5289247f9e114fb8bafa53bb1ac,SS,22,D_pos,1,True,0.0
71f1274bf08beee7a3769accd9e3c8a51314d5289247f9e114fb8bafa53bb1ac,SS,26,R_end,1,True,0.0
71f1274bf08beee7a3769accd9e3c8a51314d5289247f9e114fb8bafa53bb1ac,SS,26,C_end,1,True,0.0
71f1274bf08beee7a3769accd9e3c8a51314d5289247f9e114fb8bafa53bb1ac,SS,26,D_pos,1,True,0.0
76da1b679586705525ee875bdc8b0d1767d6ed57efa3f21fdafab78c35f4a084,OO,14,R_end,1,True,0.0
76da1b679586705525ee875bdc8b0d1767d6ed57efa3f21fdafab78c35f4a084,OO,14,C_end,1,True,0.0
76da1b679586705525ee875bdc8b0d1767d6ed57efa3f21fdafab78c35f4a084,OO,14,D_pos,1,True,0.0
76da1b679586705525ee875bdc8b0d1767d6ed57efa3f21fdafab78c35f4a084,OO,18,R_end,1,True,0.0
76da1b679586705525ee875bdc8b0d1767d6ed57efa3f21fdafab78c35f4a084,OO,18,C_end,1,True,0.0
76da1b679586705525ee875bdc8b0d1767d6ed57efa3f21fdafab78c35f4a084,OO,18,D_pos,1,True,0.0
76da1b679586705525ee875bdc8b0d1767d6ed57efa3f21fdafab78c35f4a084,OO,22,R_end,1,True,0.0
76da1b679586705525ee875bdc8b0d1767d6ed57efa3f21fdafab78c35f4a084,OO,22,C_end,1,True,0.0
76da1b679586705525ee875bdc8b0d1767d6ed57efa3f21fdafab78c35f4a084,OO,22,D_pos,1,True,0.0
76da1b679586705525ee875bdc8b0d1767d6ed57efa3f21fdafab78c35f4a084,OO,26,R_end,1,True,0.0
76da1b679586705525ee875bdc8b0d1767d6ed57efa3f21fdafab78c35f4a084,OO,26,C_end,1,True,0.0
76da1b679586705525ee875bdc8b0d1767d6ed57efa3f21fdafab78c35f4a084,OO,26,D_pos,1,True,0.0
76da1b679586705525ee875bdc8b0d1767d6ed57efa3f21fdafab78c35f4a084,OS,14,R_end,1,True,0.0
76da1b679586705525ee875bdc8b0d1767d6ed57efa3f21fdafab78c35f4a084,OS,14,C_end,1,True,0.0
76da1b679586705525ee875bdc8b0d1767d6ed57efa3f21fdafab78c35f4a084,OS,14,D_pos,1,True,0.0
76da1b679586705525ee875bdc8b0d1767d6ed57efa3f21fdafab78c35f4a084,OS,18,R_end,1,True,0.0
76da1b679586705525ee875bdc8b0d1767d6ed57efa3f21fdafab78c35f4a084,OS,18,C_end,1,True,0.0
76da1b679586705525ee875bdc8b0d1767d6ed57efa3f21fdafab78c35f4a084,OS,18,D_pos,1,True,0.0
76da1b679586705525ee875bdc8b0d1767d6ed57efa3f21fdafab78c35f4a084,OS,22,R_end,1,True,0.0
76da1b679586705525ee875bdc8b0d1767d6ed57efa3f21fdafab78c35f4a084,OS,22,C_end,1,True,0.0
76da1b679586705525ee875bdc8b0d1767d6ed57efa3f21fdafab78c35f4a084,OS,22,D_pos,1,True,0.0
76da1b679586705525ee875bdc8b0d1767d6ed57efa3f21fdafab78c35f4a084,OS,26,R_end,1,True,0.0
76da1b679586705525ee875bdc8b0d1767d6ed57efa3f21fdafab78c35f4a084,OS,26,C_end,1,True,0.0
76da1b679586705525ee875bdc8b0d1767d6ed57efa3f21fdafab78c35f4a084,OS,26,D_pos,1,True,0.0
76da1b679586705525ee875bdc8b0d1767d6ed57efa3f21fdafab78c35f4a084,SO,14,R_end,1,True,0.0
76da1b679586705525ee875bdc8b0d1767d6ed57efa3f21fdafab78c35f4a084,SO,14,C_end,1,True,0.0
76da1b679586705525ee875bdc8b0d1767d6ed57efa3f21fdafab78c35f4a084,SO,14,D_pos,1,True,0.0
76da1b679586705525ee875bdc8b0d1767d6ed57efa3f21fdafab78c35f4a084,SO,18,R_end,1,True,0.0
76da1b679586705525ee875bdc8b0d1767d6ed57efa3f21fdafab78c35f4a084,SO,18,C_end,1,True,0.0
76da1b679586705525ee875bdc8b0d1767d6ed57efa3f21fdafab78c35f4a084,SO,18,D_pos,1,True,0.0
76da1b679586705525ee875bdc8b0d1767d6ed57efa3f21fdafab78c35f4a084,SO,22,R_end,1,True,0.0
76da1b679586705525ee875bdc8b0d1767d6ed57efa3f21fdafab78c35f4a084,SO,22,C_end,1,True,0.0
76da1b679586705525ee875bdc8b0d1767d6ed57efa3f21fdafab78c35f4a084,SO,22,D_pos,1,True,0.0
76da1b679586705525ee875bdc8b0d1767d6ed57efa3f21fdafab78c35f4a084,SO,26,R_end,1,True,0.0
76da1b679586705525ee875bdc8b0d1767d6ed57efa3f21fdafab78c35f4a084,SO,26,C_end,1,True,0.0
76da1b679586705525ee875bdc8b0d1767d6ed57efa3f21fdafab78c35f4a084,SO,26,D_pos,1,True,0.0
76da1b679586705525ee875bdc8b0d1767d6ed57efa3f21fdafab78c35f4a084,SS,14,R_end,1,True,0.0
76da1b679586705525ee875bdc8b0d1767d6ed57efa3f21fdafab78c35f4a084,SS,14,C_end,1,True,0.0
76da1b679586705525ee875bdc8b0d1767d6ed57efa3f21fdafab78c35f4a084,SS,14,D_pos,1,True,0.0
76da1b679586705525ee875bdc8b0d1767d6ed57efa3f21fdafab78c35f4a084,SS,18,R_end,1,True,0.0
76da1b679586705525ee875bdc8b0d1767d6ed57efa3f21fdafab78c35f4a084,SS,18,C_end,1,True,0.0
76da1b679586705525ee875bdc8b0d1767d6ed57efa3f21fdafab78c35f4a084,SS,18,D_pos,1,True,0.0
76da1b679586705525ee875bdc8b0d1767d6ed57efa3f21fdafab78c35f4a084,SS,22,R_end,1,True,0.0
76da1b679586705525ee875bdc8b0d1767d6ed57efa3f21fdafab78c35f4a084,SS,22,C_end,1,True,0.0
76da1b679586705525ee875bdc8b0d1767d6ed57efa3f21fdafab78c35f4a084,SS,22,D_pos,1,True,0.0
76da1b679586705525ee875bdc8b0d1767d6ed57efa3f21fdafab78c35f4a084,SS,26,R_end,1,True,0.0
76da1b679586705525ee875bdc8b0d1767d6ed57efa3f21fdafab78c35f4a084,SS,26,C_end,1,True,0.0
76da1b679586705525ee875bdc8b0d1767d6ed57efa3f21fdafab78c35f4a084,SS,26,D_pos,1,True,0.0
788876e1b5c09ad34b156c2244f70441c80075d509e1527ec22555a72eeb7db6,OO,14,R_end,1,True,0.0
788876e1b5c09ad34b156c2244f70441c80075d509e1527ec22555a72eeb7db6,OO,14,C_end,1,True,0.0
788876e1b5c09ad34b156c2244f70441c80075d509e1527ec22555a72eeb7db6,OO,14,D_pos,1,True,0.0
788876e1b5c09ad34b156c2244f70441c80075d509e1527ec22555a72eeb7db6,OO,18,R_end,1,True,0.0
788876e1b5c09ad34b156c2244f70441c80075d509e1527ec22555a72eeb7db6,OO,18,C_end,1,True,0.0
788876e1b5c09ad34b156c2244f70441c80075d509e1527ec22555a72eeb7db6,OO,18,D_pos,1,True,0.0
788876e1b5c09ad34b156c2244f70441c80075d509e1527ec22555a72eeb7db6,OO,22,R_end,1,True,0.0
788876e1b5c09ad34b156c2244f70441c80075d509e1527ec22555a72eeb7db6,OO,22,C_end,1,True,0.0
788876e1b5c09ad34b156c2244f70441c80075d509e1527ec22555a72eeb7db6,OO,22,D_pos,1,True,0.0
788876e1b5c09ad34b156c2244f70441c80075d509e1527ec22555a72eeb7db6,OO,26,R_end,1,True,0.0
788876e1b5c09ad34b156c2244f70441c80075d509e1527ec22555a72eeb7db6,OO,26,C_end,1,True,0.0
788876e1b5c09ad34b156c2244f70441c80075d509e1527ec22555a72eeb7db6,OO,26,D_pos,1,True,0.0
788876e1b5c09ad34b156c2244f70441c80075d509e1527ec22555a72eeb7db6,OS,14,R_end,1,True,0.0
788876e1b5c09ad34b156c2244f70441c80075d509e1527ec22555a72eeb7db6,OS,14,C_end,1,True,0.0
788876e1b5c09ad34b156c2244f70441c80075d509e1527ec22555a72eeb7db6,OS,14,D_pos,1,True,0.0
788876e1b5c09ad34b156c2244f70441c80075d509e1527ec22555a72eeb7db6,OS,18,R_end,1,True,0.0
788876e1b5c09ad34b156c2244f70441c80075d509e1527ec22555a72eeb7db6,OS,18,C_end,1,True,0.0
788876e1b5c09ad34b156c2244f70441c80075d509e1527ec22555a72eeb7db6,OS,18,D_pos,1,True,0.0
788876e1b5c09ad34b156c2244f70441c80075d509e1527ec22555a72eeb7db6,OS,22,R_end,1,True,0.0
788876e1b5c09ad34b156c2244f70441c80075d509e1527ec22555a72eeb7db6,OS,22,C_end,1,True,0.0
788876e1b5c09ad34b156c2244f70441c80075d509e1527ec22555a72eeb7db6,OS,22,D_pos,1,True,0.0
788876e1b5c09ad34b156c2244f70441c80075d509e1527ec22555a72eeb7db6,OS,26,R_end,1,True,0.0
788876e1b5c09ad34b156c2244f70441c80075d509e1527ec22555a72eeb7db6,OS,26,C_end,1,True,0.0
788876e1b5c09ad34b156c2244f70441c80075d509e1527ec22555a72eeb7db6,OS,26,D_pos,1,True,0.0
788876e1b5c09ad34b156c2244f70441c80075d509e1527ec22555a72eeb7db6,SO,14,R_end,1,True,0.0
788876e1b5c09ad34b156c2244f70441c80075d509e1527ec22555a72eeb7db6,SO,14,C_end,1,True,0.0
788876e1b5c09ad34b156c2244f70441c80075d509e1527ec22555a72eeb7db6,SO,14,D_pos,1,True,0.0
788876e1b5c09ad34b156c2244f70441c80075d509e1527ec22555a72eeb7db6,SO,18,R_end,1,True,0.0
788876e1b5c09ad34b156c2244f70441c80075d509e1527ec22555a72eeb7db6,SO,18,C_end,1,True,0.0
788876e1b5c09ad34b156c2244f70441c80075d509e1527ec22555a72eeb7db6,SO,18,D_pos,1,True,0.0
788876e1b5c09ad34b156c2244f70441c80075d509e1527ec22555a72eeb7db6,SO,22,R_end,1,True,0.0
788876e1b5c09ad34b156c2244f70441c80075d509e1527ec22555a72eeb7db6,SO,22,C_end,1,True,0.0
788876e1b5c09ad34b156c2244f70441c80075d509e1527ec22555a72eeb7db6,SO,22,D_pos,1,True,0.0
788876e1b5c09ad34b156c2244f70441c80075d509e1527ec22555a72eeb7db6,SO,26,R_end,1,True,0.0
788876e1b5c09ad34b156c2244f70441c80075d509e1527ec22555a72eeb7db6,SO,26,C_end,1,True,0.0
788876e1b5c09ad34b156c2244f70441c80075d509e1527ec22555a72eeb7db6,SO,26,D_pos,1,True,0.0
788876e1b5c09ad34b156c2244f70441c80075d509e1527ec22555a72eeb7db6,SS,14,R_end,1,True,0.0
788876e1b5c09ad34b156c2244f70441c80075d509e1527ec22555a72eeb7db6,SS,14,C_end,1,True,0.0
788876e1b5c09ad34b156c2244f70441c80075d509e1527ec22555a72eeb7db6,SS,14,D_pos,1,True,0.0
788876e1b5c09ad34b156c2244f70441c80075d509e1527ec22555a72eeb7db6,SS,18,R_end,1,True,0.0
788876e1b5c09ad34b156c2244f70441c80075d509e1527ec22555a72eeb7db6,SS,18,C_end,1,True,0.0
788876e1b5c09ad34b156c2244f70441c80075d509e1527ec22555a72eeb7db6,SS,18,D_pos,1,True,0.0
788876e1b5c09ad34b156c2244f70441c80075d509e1527ec22555a72eeb7db6,SS,22,R_end,1,True,0.0
788876e1b5c09ad34b156c2244f70441c80075d509e1527ec22555a72eeb7db6,SS,22,C_end,1,True,0.0
788876e1b5c09ad34b156c2244f70441c80075d509e1527ec22555a72eeb7db6,SS,22,D_pos,1,True,0.0
788876e1b5c09ad34b156c2244f70441c80075d509e1527ec22555a72eeb7db6,SS,26,R_end,1,True,0.0
788876e1b5c09ad34b156c2244f70441c80075d509e1527ec22555a72eeb7db6,SS,26,C_end,1,True,0.0
788876e1b5c09ad34b156c2244f70441c80075d509e1527ec22555a72eeb7db6,SS,26,D_pos,1,True,0.0
788927faccfd32ff6d16678442de476ecad200eae740119b74261dc3094829fb,OO,14,R_end,1,True,0.0
788927faccfd32ff6d16678442de476ecad200eae740119b74261dc3094829fb,OO,14,C_end,1,True,0.0
788927faccfd32ff6d16678442de476ecad200eae740119b74261dc3094829fb,OO,14,D_pos,1,True,0.0
788927faccfd32ff6d16678442de476ecad200eae740119b74261dc3094829fb,OO,18,R_end,1,True,0.0
788927faccfd32ff6d16678442de476ecad200eae740119b74261dc3094829fb,OO,18,C_end,1,True,0.0
788927faccfd32ff6d16678442de476ecad200eae740119b74261dc3094829fb,OO,18,D_pos,1,True,0.0
788927faccfd32ff6d16678442de476ecad200eae740119b74261dc3094829fb,OO,22,R_end,1,True,0.0
788927faccfd32ff6d16678442de476ecad200eae740119b74261dc3094829fb,OO,22,C_end,1,True,0.0
788927faccfd32ff6d16678442de476ecad200eae740119b74261dc3094829fb,OO,22,D_pos,1,True,0.0
788927faccfd32ff6d16678442de476ecad200eae740119b74261dc3094829fb,OO,26,R_end,1,True,0.0
788927faccfd32ff6d16678442de476ecad200eae740119b74261dc3094829fb,OO,26,C_end,1,True,0.0
788927faccfd32ff6d16678442de476ecad200eae740119b74261dc3094829fb,OO,26,D_pos,1,True,0.0
788927faccfd32ff6d16678442de476ecad200eae740119b74261dc3094829fb,OS,14,R_end,1,True,0.0
788927faccfd32ff6d16678442de476ecad200eae740119b74261dc3094829fb,OS,14,C_end,1,True,0.0
788927faccfd32ff6d16678442de476ecad200eae740119b74261dc3094829fb,OS,14,D_pos,1,True,0.0
788927faccfd32ff6d16678442de476ecad200eae740119b74261dc3094829fb,OS,18,R_end,1,True,0.0
788927faccfd32ff6d16678442de476ecad200eae740119b74261dc3094829fb,OS,18,C_end,1,True,0.0
788927faccfd32ff6d16678442de476ecad200eae740119b74261dc3094829fb,OS,18,D_pos,1,True,0.0
788927faccfd32ff6d16678442de476ecad200eae740119b74261dc3094829fb,OS,22,R_end,1,True,0.0
788927faccfd32ff6d16678442de476ecad200eae740119b74261dc3094829fb,OS,22,C_end,1,True,0.0
788927faccfd32ff6d16678442de476ecad200eae740119b74261dc3094829fb,OS,22,D_pos,1,True,0.0
788927faccfd32ff6d16678442de476ecad200eae740119b74261dc3094829fb,OS,26,R_end,1,True,0.0
788927faccfd32ff6d16678442de476ecad200eae740119b74261dc3094829fb,OS,26,C_end,1,True,0.0
788927faccfd32ff6d16678442de476ecad200eae740119b74261dc3094829fb,OS,26,D_pos,1,True,0.0
788927faccfd32ff6d16678442de476ecad200eae740119b74261dc3094829fb,SO,14,R_end,1,True,0.0
788927faccfd32ff6d16678442de476ecad200eae740119b74261dc3094829fb,SO,14,C_end,1,True,0.0
788927faccfd32ff6d16678442de476ecad200eae740119b74261dc3094829fb,SO,14,D_pos,1,True,0.0
788927faccfd32ff6d16678442de476ecad200eae740119b74261dc3094829fb,SO,18,R_end,1,True,0.0
788927faccfd32ff6d16678442de476ecad200eae740119b74261dc3094829fb,SO,18,C_end,1,True,0.0
788927faccfd32ff6d16678442de476ecad200eae740119b74261dc3094829fb,SO,18,D_pos,1,True,0.0
788927faccfd32ff6d16678442de476ecad200eae740119b74261dc3094829fb,SO,22,R_end,1,True,0.0
788927faccfd32ff6d16678442de476ecad200eae740119b74261dc3094829fb,SO,22,C_end,1,True,0.0
788927faccfd32ff6d16678442de476ecad200eae740119b74261dc3094829fb,SO,22,D_pos,1,True,0.0
788927faccfd32ff6d16678442de476ecad200eae740119b74261dc3094829fb,SO,26,R_end,1,True,0.0
788927faccfd32ff6d16678442de476ecad200eae740119b74261dc3094829fb,SO,26,C_end,1,True,0.0
788927faccfd32ff6d16678442de476ecad200eae740119b74261dc3094829fb,SO,26,D_pos,1,True,0.0
788927faccfd32ff6d16678442de476ecad200eae740119b74261dc3094829fb,SS,14,R_end,1,True,0.0
788927faccfd32ff6d16678442de476ecad200eae740119b74261dc3094829fb,SS,14,C_end,1,True,0.0
788927faccfd32ff6d16678442de476ecad200eae740119b74261dc3094829fb,SS,14,D_pos,1,True,0.0
788927faccfd32ff6d16678442de476ecad200eae740119b74261dc3094829fb,SS,18,R_end,1,True,0.0
788927faccfd32ff6d16678442de476ecad200eae740119b74261dc3094829fb,SS,18,C_end,1,True,0.0
788927faccfd32ff6d16678442de476ecad200eae740119b74261dc3094829fb,SS,18,D_pos,1,True,0.0
788927faccfd32ff6d16678442de476ecad200eae740119b74261dc3094829fb,SS,22,R_end,1,True,0.0
788927faccfd32ff6d16678442de476ecad200eae740119b74261dc3094829fb,SS,22,C_end,1,True,0.0
788927faccfd32ff6d16678442de476ecad200eae740119b74261dc3094829fb,SS,22,D_pos,1,True,0.0
788927faccfd32ff6d16678442de476ecad200eae740119b74261dc3094829fb,SS,26,R_end,1,True,0.0
788927faccfd32ff6d16678442de476ecad200eae740119b74261dc3094829fb,SS,26,C_end,1,True,0.0
788927faccfd32ff6d16678442de476ecad200eae740119b74261dc3094829fb,SS,26,D_pos,1,True,0.0
788c34ef73e5ccaf4376fc748a0275e60532beed1cab5c8e3bcc7dd363c8537c,OO,14,R_end,1,True,0.0
788c34ef73e5ccaf4376fc748a0275e60532beed1cab5c8e3bcc7dd363c8537c,OO,14,C_end,1,True,0.0
788c34ef73e5ccaf4376fc748a0275e60532beed1cab5c8e3bcc7dd363c8537c,OO,14,D_pos,1,True,0.0
788c34ef73e5ccaf4376fc748a0275e60532beed1cab5c8e3bcc7dd363c8537c,OO,18,R_end,1,True,0.0
788c34ef73e5ccaf4376fc748a0275e60532beed1cab5c8e3bcc7dd363c8537c,OO,18,C_end,1,True,0.0
788c34ef73e5ccaf4376fc748a0275e60532beed1cab5c8e3bcc7dd363c8537c,OO,18,D_pos,1,True,0.0
788c34ef73e5ccaf4376fc748a0275e60532beed1cab5c8e3bcc7dd363c8537c,OO,22,R_end,1,True,0.0
788c34ef73e5ccaf4376fc748a0275e60532beed1cab5c8e3bcc7dd363c8537c,OO,22,C_end,1,True,0.0
788c34ef73e5ccaf4376fc748a0275e60532beed1cab5c8e3bcc7dd363c8537c,OO,22,D_pos,1,True,0.0
788c34ef73e5ccaf4376fc748a0275e60532beed1cab5c8e3bcc7dd363c8537c,OO,26,R_end,1,True,0.0
788c34ef73e5ccaf4376fc748a0275e60532beed1cab5c8e3bcc7dd363c8537c,OO,26,C_end,1,True,0.0
788c34ef73e5ccaf4376fc748a0275e60532beed1cab5c8e3bcc7dd363c8537c,OO,26,D_pos,1,True,0.0
788c34ef73e5ccaf4376fc748a0275e60532beed1cab5c8e3bcc7dd363c8537c,OS,14,R_end,1,True,0.0
788c34ef73e5ccaf4376fc748a0275e60532beed1cab5c8e3bcc7dd363c8537c,OS,14,C_end,1,True,0.0
788c34ef73e5ccaf4376fc748a0275e60532beed1cab5c8e3bcc7dd363c8537c,OS,14,D_pos,1,True,0.0
788c34ef73e5ccaf4376fc748a0275e60532beed1cab5c8e3bcc7dd363c8537c,OS,18,R_end,1,True,0.0
788c34ef73e5ccaf4376fc748a0275e60532beed1cab5c8e3bcc7dd363c8537c,OS,18,C_end,1,True,0.0
788c34ef73e5ccaf4376fc748a0275e60532beed1cab5c8e3bcc7dd363c8537c,OS,18,D_pos,1,True,0.0
788c34ef73e5ccaf4376fc748a0275e60532beed1cab5c8e3bcc7dd363c8537c,OS,22,R_end,1,True,0.0
788c34ef73e5ccaf4376fc748a0275e60532beed1cab5c8e3bcc7dd363c8537c,OS,22,C_end,1,True,0.0
788c34ef73e5ccaf4376fc748a0275e60532beed1cab5c8e3bcc7dd363c8537c,OS,22,D_pos,1,True,0.0
788c34ef73e5ccaf4376fc748a0275e60532beed1cab5c8e3bcc7dd363c8537c,OS,26,R_end,1,True,0.0
788c34ef73e5ccaf4376fc748a0275e60532beed1cab5c8e3bcc7dd363c8537c,OS,26,C_end,1,True,0.0
788c34ef73e5ccaf4376fc748a0275e60532beed1cab5c8e3bcc7dd363c8537c,OS,26,D_pos,1,True,0.0
788c34ef73e5ccaf4376fc748a0275e60532beed1cab5c8e3bcc7dd363c8537c,SO,14,R_end,1,True,0.0
788c34ef73e5ccaf4376fc748a0275e60532beed1cab5c8e3bcc7dd363c8537c,SO,14,C_end,1,True,0.0
788c34ef73e5ccaf4376fc748a0275e60532beed1cab5c8e3bcc7dd363c8537c,SO,14,D_pos,1,True,0.0
788c34ef73e5ccaf4376fc748a0275e60532beed1cab5c8e3bcc7dd363c8537c,SO,18,R_end,1,True,0.0
788c34ef73e5ccaf4376fc748a0275e60532beed1cab5c8e3bcc7dd363c8537c,SO,18,C_end,1,True,0.0
788c34ef73e5ccaf4376fc748a0275e60532beed1cab5c8e3bcc7dd363c8537c,SO,18,D_pos,1,True,0.0
788c34ef73e5ccaf4376fc748a0275e60532beed1cab5c8e3bcc7dd363c8537c,SO,22,R_end,1,True,0.0
788c34ef73e5ccaf4376fc748a0275e60532beed1cab5c8e3bcc7dd363c8537c,SO,22,C_end,1,True,0.0
788c34ef73e5ccaf4376fc748a0275e60532beed1cab5c8e3bcc7dd363c8537c,SO,22,D_pos,1,True,0.0
788c34ef73e5ccaf4376fc748a0275e60532beed1cab5c8e3bcc7dd363c8537c,SO,26,R_end,1,True,0.0
788c34ef73e5ccaf4376fc748a0275e60532beed1cab5c8e3bcc7dd363c8537c,SO,26,C_end,1,True,0.0
788c34ef73e5ccaf4376fc748a0275e60532beed1cab5c8e3bcc7dd363c8537c,SO,26,D_pos,1,True,0.0
788c34ef73e5ccaf4376fc748a0275e60532beed1cab5c8e3bcc7dd363c8537c,SS,14,R_end,1,True,0.0
788c34ef73e5ccaf4376fc748a0275e60532beed1cab5c8e3bcc7dd363c8537c,SS,14,C_end,1,True,0.0
788c34ef73e5ccaf4376fc748a0275e60532beed1cab5c8e3bcc7dd363c8537c,SS,14,D_pos,1,True,0.0
788c34ef73e5ccaf4376fc748a0275e60532beed1cab5c8e3bcc7dd363c8537c,SS,18,R_end,1,True,0.0
788c34ef73e5ccaf4376fc748a0275e60532beed1cab5c8e3bcc7dd363c8537c,SS,18,C_end,1,True,0.0
788c34ef73e5ccaf4376fc748a0275e60532beed1cab5c8e3bcc7dd363c8537c,SS,18,D_pos,1,True,0.0
788c34ef73e5ccaf4376fc748a0275e60532beed1cab5c8e3bcc7dd363c8537c,SS,22,R_end,1,True,0.0
788c34ef73e5ccaf4376fc748a0275e60532beed1cab5c8e3bcc7dd363c8537c,SS,22,C_end,1,True,0.0
788c34ef73e5ccaf4376fc748a0275e60532beed1cab5c8e3bcc7dd363c8537c,SS,22,D_pos,1,True,0.0
788c34ef73e5ccaf4376fc748a0275e60532beed1cab5c8e3bcc7dd363c8537c,SS,26,R_end,1,True,0.0
788c34ef73e5ccaf4376fc748a0275e60532beed1cab5c8e3bcc7dd363c8537c,SS,26,C_end,1,True,0.0
788c34ef73e5ccaf4376fc748a0275e60532beed1cab5c8e3bcc7dd363c8537c,SS,26,D_pos,1,True,0.0
7ac34260dc94d314d3558af30a19c45350584a3259272e494b7b690422dd661f,OO,14,R_end,1,True,0.0
7ac34260dc94d314d3558af30a19c45350584a3259272e494b7b690422dd661f,OO,14,C_end,1,True,0.0
7ac34260dc94d314d3558af30a19c45350584a3259272e494b7b690422dd661f,OO,14,D_pos,1,True,0.0
7ac34260dc94d314d3558af30a19c45350584a3259272e494b7b690422dd661f,OO,18,R_end,1,True,0.0
7ac34260dc94d314d3558af30a19c45350584a3259272e494b7b690422dd661f,OO,18,C_end,1,True,0.0
7ac34260dc94d314d3558af30a19c45350584a3259272e494b7b690422dd661f,OO,18,D_pos,1,True,0.0
7ac34260dc94d314d3558af30a19c45350584a3259272e494b7b690422dd661f,OO,22,R_end,1,True,0.0
7ac34260dc94d314d3558af30a19c45350584a3259272e494b7b690422dd661f,OO,22,C_end,1,True,0.0
7ac34260dc94d314d3558af30a19c45350584a3259272e494b7b690422dd661f,OO,22,D_pos,1,True,0.0
7ac34260dc94d314d3558af30a19c45350584a3259272e494b7b690422dd661f,OO,26,R_end,1,True,0.0
7ac34260dc94d314d3558af30a19c45350584a3259272e494b7b690422dd661f,OO,26,C_end,1,True,0.0
7ac34260dc94d314d3558af30a19c45350584a3259272e494b7b690422dd661f,OO,26,D_pos,1,True,0.0
7ac34260dc94d314d3558af30a19c45350584a3259272e494b7b690422dd661f,OS,14,R_end,1,True,0.0
7ac34260dc94d314d3558af30a19c45350584a3259272e494b7b690422dd661f,OS,14,C_end,1,True,0.0
7ac34260dc94d314d3558af30a19c45350584a3259272e494b7b690422dd661f,OS,14,D_pos,1,True,0.0
7ac34260dc94d314d3558af30a19c45350584a3259272e494b7b690422dd661f,OS,18,R_end,1,True,0.0
7ac34260dc94d314d3558af30a19c45350584a3259272e494b7b690422dd661f,OS,18,C_end,1,True,0.0
7ac34260dc94d314d3558af30a19c45350584a3259272e494b7b690422dd661f,OS,18,D_pos,1,True,0.0
7ac34260dc94d314d3558af30a19c45350584a3259272e494b7b690422dd661f,OS,22,R_end,1,True,0.0
7ac34260dc94d314d3558af30a19c45350584a3259272e494b7b690422dd661f,OS,22,C_end,1,True,0.0
7ac34260dc94d314d3558af30a19c45350584a3259272e494b7b690422dd661f,OS,22,D_pos,1,True,0.0
7ac34260dc94d314d3558af30a19c45350584a3259272e494b7b690422dd661f,OS,26,R_end,1,True,0.0
7ac34260dc94d314d3558af30a19c45350584a3259272e494b7b690422dd661f,OS,26,C_end,1,True,0.0
7ac34260dc94d314d3558af30a19c45350584a3259272e494b7b690422dd661f,OS,26,D_pos,1,True,0.0
7ac34260dc94d314d3558af30a19c45350584a3259272e494b7b690422dd661f,SO,14,R_end,1,True,0.0
7ac34260dc94d314d3558af30a19c45350584a3259272e494b7b690422dd661f,SO,14,C_end,1,True,0.0
7ac34260dc94d314d3558af30a19c45350584a3259272e494b7b690422dd661f,SO,14,D_pos,1,True,0.0
7ac34260dc94d314d3558af30a19c45350584a3259272e494b7b690422dd661f,SO,18,R_end,1,True,0.0
7ac34260dc94d314d3558af30a19c45350584a3259272e494b7b690422dd661f,SO,18,C_end,1,True,0.0
7ac34260dc94d314d3558af30a19c45350584a3259272e494b7b690422dd661f,SO,18,D_pos,1,True,0.0
7ac34260dc94d314d3558af30a19c45350584a3259272e494b7b690422dd661f,SO,22,R_end,1,True,0.0
7ac34260dc94d314d3558af30a19c45350584a3259272e494b7b690422dd661f,SO,22,C_end,1,True,0.0
7ac34260dc94d314d3558af30a19c45350584a3259272e494b7b690422dd661f,SO,22,D_pos,1,True,0.0
7ac34260dc94d314d3558af30a19c45350584a3259272e494b7b690422dd661f,SO,26,R_end,1,True,0.0
7ac34260dc94d314d3558af30a19c45350584a3259272e494b7b690422dd661f,SO,26,C_end,1,True,0.0
7ac34260dc94d314d3558af30a19c45350584a3259272e494b7b690422dd661f,SO,26,D_pos,1,True,0.0
7ac34260dc94d314d3558af30a19c45350584a3259272e494b7b690422dd661f,SS,14,R_end,1,True,0.0
7ac34260dc94d314d3558af30a19c45350584a3259272e494b7b690422dd661f,SS,14,C_end,1,True,0.0
7ac34260dc94d314d3558af30a19c45350584a3259272e494b7b690422dd661f,SS,14,D_pos,1,True,0.0
7ac34260dc94d314d3558af30a19c45350584a3259272e494b7b690422dd661f,SS,18,R_end,1,True,0.0
7ac34260dc94d314d3558af30a19c45350584a3259272e494b7b690422dd661f,SS,18,C_end,1,True,0.0
7ac34260dc94d314d3558af30a19c45350584a3259272e494b7b690422dd661f,SS,18,D_pos,1,True,0.0
7ac34260dc94d314d3558af30a19c45350584a3259272e494b7b690422dd661f,SS,22,R_end,1,True,0.0
7ac34260dc94d314d3558af30a19c45350584a3259272e494b7b690422dd661f,SS,22,C_end,1,True,0.0
7ac34260dc94d314d3558af30a19c45350584a3259272e494b7b690422dd661f,SS,22,D_pos,1,True,0.0
7ac34260dc94d314d3558af30a19c45350584a3259272e494b7b690422dd661f,SS,26,R_end,1,True,0.0
7ac34260dc94d314d3558af30a19c45350584a3259272e494b7b690422dd661f,SS,26,C_end,1,True,0.0
7ac34260dc94d314d3558af30a19c45350584a3259272e494b7b690422dd661f,SS,26,D_pos,1,True,0.0
7ca502c87aaf48633f254cf4f029007113e462645d89eb77dc5336148736535b,OO,14,R_end,1,True,0.0
7ca502c87aaf48633f254cf4f029007113e462645d89eb77dc5336148736535b,OO,14,C_end,1,True,0.0
7ca502c87aaf48633f254cf4f029007113e462645d89eb77dc5336148736535b,OO,14,D_pos,1,True,0.0
7ca502c87aaf48633f254cf4f029007113e462645d89eb77dc5336148736535b,OO,18,R_end,1,True,0.0
7ca502c87aaf48633f254cf4f029007113e462645d89eb77dc5336148736535b,OO,18,C_end,1,True,0.0
7ca502c87aaf48633f254cf4f029007113e462645d89eb77dc5336148736535b,OO,18,D_pos,1,True,0.0
7ca502c87aaf48633f254cf4f029007113e462645d89eb77dc5336148736535b,OO,22,R_end,1,True,0.0
7ca502c87aaf48633f254cf4f029007113e462645d89eb77dc5336148736535b,OO,22,C_end,1,True,0.0
7ca502c87aaf48633f254cf4f029007113e462645d89eb77dc5336148736535b,OO,22,D_pos,1,True,0.0
7ca502c87aaf48633f254cf4f029007113e462645d89eb77dc5336148736535b,OO,26,R_end,1,True,0.0
7ca502c87aaf48633f254cf4f029007113e462645d89eb77dc5336148736535b,OO,26,C_end,1,True,0.0
7ca502c87aaf48633f254cf4f029007113e462645d89eb77dc5336148736535b,OO,26,D_pos,1,True,0.0
7ca502c87aaf48633f254cf4f029007113e462645d89eb77dc5336148736535b,OS,14,R_end,1,True,0.0
7ca502c87aaf48633f254cf4f029007113e462645d89eb77dc5336148736535b,OS,14,C_end,1,True,0.0
7ca502c87aaf48633f254cf4f029007113e462645d89eb77dc5336148736535b,OS,14,D_pos,1,True,0.0
7ca502c87aaf48633f254cf4f029007113e462645d89eb77dc5336148736535b,OS,18,R_end,1,True,0.0
7ca502c87aaf48633f254cf4f029007113e462645d89eb77dc5336148736535b,OS,18,C_end,1,True,0.0
7ca502c87aaf48633f254cf4f029007113e462645d89eb77dc5336148736535b,OS,18,D_pos,1,True,0.0
7ca502c87aaf48633f254cf4f029007113e462645d89eb77dc5336148736535b,OS,22,R_end,1,True,0.0
7ca502c87aaf48633f254cf4f029007113e462645d89eb77dc5336148736535b,OS,22,C_end,1,True,0.0
7ca502c87aaf48633f254cf4f029007113e462645d89eb77dc5336148736535b,OS,22,D_pos,1,True,0.0
7ca502c87aaf48633f254cf4f029007113e462645d89eb77dc5336148736535b,OS,26,R_end,1,True,0.0
7ca502c87aaf48633f254cf4f029007113e462645d89eb77dc5336148736535b,OS,26,C_end,1,True,0.0
7ca502c87aaf48633f254cf4f029007113e462645d89eb77dc5336148736535b,OS,26,D_pos,1,True,0.0
7ca502c87aaf48633f254cf4f029007113e462645d89eb77dc5336148736535b,SO,14,R_end,1,True,0.0
7ca502c87aaf48633f254cf4f029007113e462645d89eb77dc5336148736535b,SO,14,C_end,1,True,0.0
7ca502c87aaf48633f254cf4f029007113e462645d89eb77dc5336148736535b,SO,14,D_pos,1,True,0.0
7ca502c87aaf48633f254cf4f029007113e462645d89eb77dc5336148736535b,SO,18,R_end,1,True,0.0
7ca502c87aaf48633f254cf4f029007113e462645d89eb77dc5336148736535b,SO,18,C_end,1,True,0.0
7ca502c87aaf48633f254cf4f029007113e462645d89eb77dc5336148736535b,SO,18,D_pos,1,True,0.0
7ca502c87aaf48633f254cf4f029007113e462645d89eb77dc5336148736535b,SO,22,R_end,1,True,0.0
7ca502c87aaf48633f254cf4f029007113e462645d89eb77dc5336148736535b,SO,22,C_end,1,True,0.0
7ca502c87aaf48633f254cf4f029007113e462645d89eb77dc5336148736535b,SO,22,D_pos,1,True,0.0
7ca502c87aaf48633f254cf4f029007113e462645d89eb77dc5336148736535b,SO,26,R_end,1,True,0.0
7ca502c87aaf48633f254cf4f029007113e462645d89eb77dc5336148736535b,SO,26,C_end,1,True,0.0
7ca502c87aaf48633f254cf4f029007113e462645d89eb77dc5336148736535b,SO,26,D_pos,1,True,0.0
7ca502c87aaf48633f254cf4f029007113e462645d89eb77dc5336148736535b,SS,14,R_end,1,True,0.0
7ca502c87aaf48633f254cf4f029007113e462645d89eb77dc5336148736535b,SS,14,C_end,1,True,0.0
7ca502c87aaf48633f254cf4f029007113e462645d89eb77dc5336148736535b,SS,14,D_pos,1,True,0.0
7ca502c87aaf48633f254cf4f029007113e462645d89eb77dc5336148736535b,SS,18,R_end,1,True,0.0
7ca502c87aaf48633f254cf4f029007113e462645d89eb77dc5336148736535b,SS,18,C_end,1,True,0.0
7ca502c87aaf48633f254cf4f029007113e462645d89eb77dc5336148736535b,SS,18,D_pos,1,True,0.0
7ca502c87aaf48633f254cf4f029007113e462645d89eb77dc5336148736535b,SS,22,R_end,1,True,0.0
7ca502c87aaf48633f254cf4f029007113e462645d89eb77dc5336148736535b,SS,22,C_end,1,True,0.0
7ca502c87aaf48633f254cf4f029007113e462645d89eb77dc5336148736535b,SS,22,D_pos,1,True,0.0
7ca502c87aaf48633f254cf4f029007113e462645d89eb77dc5336148736535b,SS,26,R_end,1,True,0.0
7ca502c87aaf48633f254cf4f029007113e462645d89eb77dc5336148736535b,SS,26,C_end,1,True,0.0
7ca502c87aaf48633f254cf4f029007113e462645d89eb77dc5336148736535b,SS,26,D_pos,1,True,0.0
7d17895daf33aa644e6b588c7e429b6bfd5bc962e94b358e347c3f915384da54,OO,14,R_end,1,True,0.0
7d17895daf33aa644e6b588c7e429b6bfd5bc962e94b358e347c3f915384da54,OO,14,C_end,1,True,0.0
7d17895daf33aa644e6b588c7e429b6bfd5bc962e94b358e347c3f915384da54,OO,14,D_pos,1,True,0.0
7d17895daf33aa644e6b588c7e429b6bfd5bc962e94b358e347c3f915384da54,OO,18,R_end,1,True,0.0
7d17895daf33aa644e6b588c7e429b6bfd5bc962e94b358e347c3f915384da54,OO,18,C_end,1,True,0.0
7d17895daf33aa644e6b588c7e429b6bfd5bc962e94b358e347c3f915384da54,OO,18,D_pos,1,True,0.0
7d17895daf33aa644e6b588c7e429b6bfd5bc962e94b358e347c3f915384da54,OO,22,R_end,1,True,0.0
7d17895daf33aa644e6b588c7e429b6bfd5bc962e94b358e347c3f915384da54,OO,22,C_end,1,True,0.0
7d17895daf33aa644e6b588c7e429b6bfd5bc962e94b358e347c3f915384da54,OO,22,D_pos,1,True,0.0
7d17895daf33aa644e6b588c7e429b6bfd5bc962e94b358e347c3f915384da54,OO,26,R_end,1,True,0.0
7d17895daf33aa644e6b588c7e429b6bfd5bc962e94b358e347c3f915384da54,OO,26,C_end,1,True,0.0
7d17895daf33aa644e6b588c7e429b6bfd5bc962e94b358e347c3f915384da54,OO,26,D_pos,1,True,0.0
7d17895daf33aa644e6b588c7e429b6bfd5bc962e94b358e347c3f915384da54,OS,14,R_end,1,True,0.0
7d17895daf33aa644e6b588c7e429b6bfd5bc962e94b358e347c3f915384da54,OS,14,C_end,1,True,0.0
7d17895daf33aa644e6b588c7e429b6bfd5bc962e94b358e347c3f915384da54,OS,14,D_pos,1,True,0.0
7d17895daf33aa644e6b588c7e429b6bfd5bc962e94b358e347c3f915384da54,OS,18,R_end,1,True,0.0
7d17895daf33aa644e6b588c7e429b6bfd5bc962e94b358e347c3f915384da54,OS,18,C_end,1,True,0.0
7d17895daf33aa644e6b588c7e429b6bfd5bc962e94b358e347c3f915384da54,OS,18,D_pos,1,True,0.0
7d17895daf33aa644e6b588c7e429b6bfd5bc962e94b358e347c3f915384da54,OS,22,R_end,1,True,0.0
7d17895daf33aa644e6b588c7e429b6bfd5bc962e94b358e347c3f915384da54,OS,22,C_end,1,True,0.0
7d17895daf33aa644e6b588c7e429b6bfd5bc962e94b358e347c3f915384da54,OS,22,D_pos,1,True,0.0
7d17895daf33aa644e6b588c7e429b6bfd5bc962e94b358e347c3f915384da54,OS,26,R_end,1,True,0.0
7d17895daf33aa644e6b588c7e429b6bfd5bc962e94b358e347c3f915384da54,OS,26,C_end,1,True,0.0
7d17895daf33aa644e6b588c7e429b6bfd5bc962e94b358e347c3f915384da54,OS,26,D_pos,1,True,0.0
7d17895daf33aa644e6b588c7e429b6bfd5bc962e94b358e347c3f915384da54,SO,14,R_end,1,True,0.0
7d17895daf33aa644e6b588c7e429b6bfd5bc962e94b358e347c3f915384da54,SO,14,C_end,1,True,0.0
7d17895daf33aa644e6b588c7e429b6bfd5bc962e94b358e347c3f915384da54,SO,14,D_pos,1,True,0.0
7d17895daf33aa644e6b588c7e429b6bfd5bc962e94b358e347c3f915384da54,SO,18,R_end,1,True,0.0
7d17895daf33aa644e6b588c7e429b6bfd5bc962e94b358e347c3f915384da54,SO,18,C_end,1,True,0.0
7d17895daf33aa644e6b588c7e429b6bfd5bc962e94b358e347c3f915384da54,SO,18,D_pos,1,True,0.0
7d17895daf33aa644e6b588c7e429b6bfd5bc962e94b358e347c3f915384da54,SO,22,R_end,1,True,0.0
7d17895daf33aa644e6b588c7e429b6bfd5bc962e94b358e347c3f915384da54,SO,22,C_end,1,True,0.0
7d17895daf33aa644e6b588c7e429b6bfd5bc962e94b358e347c3f915384da54,SO,22,D_pos,1,True,0.0
7d17895daf33aa644e6b588c7e429b6bfd5bc962e94b358e347c3f915384da54,SO,26,R_end,1,True,0.0
7d17895daf33aa644e6b588c7e429b6bfd5bc962e94b358e347c3f915384da54,SO,26,C_end,1,True,0.0
7d17895daf33aa644e6b588c7e429b6bfd5bc962e94b358e347c3f915384da54,SO,26,D_pos,1,True,0.0
7d17895daf33aa644e6b588c7e429b6bfd5bc962e94b358e347c3f915384da54,SS,14,R_end,1,True,0.0
7d17895daf33aa644e6b588c7e429b6bfd5bc962e94b358e347c3f915384da54,SS,14,C_end,1,True,0.0
7d17895daf33aa644e6b588c7e429b6bfd5bc962e94b358e347c3f915384da54,SS,14,D_pos,1,True,0.0
7d17895daf33aa644e6b588c7e429b6bfd5bc962e94b358e347c3f915384da54,SS,18,R_end,1,True,0.0
7d17895daf33aa644e6b588c7e429b6bfd5bc962e94b358e347c3f915384da54,SS,18,C_end,1,True,0.0
7d17895daf33aa644e6b588c7e429b6bfd5bc962e94b358e347c3f915384da54,SS,18,D_pos,1,True,0.0
7d17895daf33aa644e6b588c7e429b6bfd5bc962e94b358e347c3f915384da54,SS,22,R_end,1,True,0.0
7d17895daf33aa644e6b588c7e429b6bfd5bc962e94b358e347c3f915384da54,SS,22,C_end,1,True,0.0
7d17895daf33aa644e6b588c7e429b6bfd5bc962e94b358e347c3f915384da54,SS,22,D_pos,1,True,0.0
7d17895daf33aa644e6b588c7e429b6bfd5bc962e94b358e347c3f915384da54,SS,26,R_end,1,True,0.0
7d17895daf33aa644e6b588c7e429b6bfd5bc962e94b358e347c3f915384da54,SS,26,C_end,1,True,0.0
7d17895daf33aa644e6b588c7e429b6bfd5bc962e94b358e347c3f915384da54,SS,26,D_pos,1,True,0.0
7e32fa7cf5ca42d16222f5523f4bea95acd53df81ba18e3de93b4e23833406dd,OO,14,R_end,1,True,0.0
7e32fa7cf5ca42d16222f5523f4bea95acd53df81ba18e3de93b4e23833406dd,OO,14,C_end,1,True,0.0
7e32fa7cf5ca42d16222f5523f4bea95acd53df81ba18e3de93b4e23833406dd,OO,14,D_pos,1,True,0.0
7e32fa7cf5ca42d16222f5523f4bea95acd53df81ba18e3de93b4e23833406dd,OO,18,R_end,1,True,0.0
7e32fa7cf5ca42d16222f5523f4bea95acd53df81ba18e3de93b4e23833406dd,OO,18,C_end,1,True,0.0
7e32fa7cf5ca42d16222f5523f4bea95acd53df81ba18e3de93b4e23833406dd,OO,18,D_pos,1,True,0.0
7e32fa7cf5ca42d16222f5523f4bea95acd53df81ba18e3de93b4e23833406dd,OO,22,R_end,1,True,0.0
7e32fa7cf5ca42d16222f5523f4bea95acd53df81ba18e3de93b4e23833406dd,OO,22,C_end,1,True,0.0
7e32fa7cf5ca42d16222f5523f4bea95acd53df81ba18e3de93b4e23833406dd,OO,22,D_pos,1,True,0.0
7e32fa7cf5ca42d16222f5523f4bea95acd53df81ba18e3de93b4e23833406dd,OO,26,R_end,1,True,0.0
7e32fa7cf5ca42d16222f5523f4bea95acd53df81ba18e3de93b4e23833406dd,OO,26,C_end,1,True,0.0
7e32fa7cf5ca42d16222f5523f4bea95acd53df81ba18e3de93b4e23833406dd,OO,26,D_pos,1,True,0.0
7e32fa7cf5ca42d16222f5523f4bea95acd53df81ba18e3de93b4e23833406dd,OS,14,R_end,1,True,0.0
7e32fa7cf5ca42d16222f5523f4bea95acd53df81ba18e3de93b4e23833406dd,OS,14,C_end,1,True,0.0
7e32fa7cf5ca42d16222f5523f4bea95acd53df81ba18e3de93b4e23833406dd,OS,14,D_pos,1,True,0.0
7e32fa7cf5ca42d16222f5523f4bea95acd53df81ba18e3de93b4e23833406dd,OS,18,R_end,1,True,0.0
7e32fa7cf5ca42d16222f5523f4bea95acd53df81ba18e3de93b4e23833406dd,OS,18,C_end,1,True,0.0
7e32fa7cf5ca42d16222f5523f4bea95acd53df81ba18e3de93b4e23833406dd,OS,18,D_pos,1,True,0.0
7e32fa7cf5ca42d16222f5523f4bea95acd53df81ba18e3de93b4e23833406dd,OS,22,R_end,1,True,0.0
7e32fa7cf5ca42d16222f5523f4bea95acd53df81ba18e3de93b4e23833406dd,OS,22,C_end,1,True,0.0
7e32fa7cf5ca42d16222f5523f4bea95acd53df81ba18e3de93b4e23833406dd,OS,22,D_pos,1,True,0.0
7e32fa7cf5ca42d16222f5523f4bea95acd53df81ba18e3de93b4e23833406dd,OS,26,R_end,1,True,0.0
7e32fa7cf5ca42d16222f5523f4bea95acd53df81ba18e3de93b4e23833406dd,OS,26,C_end,1,True,0.0
7e32fa7cf5ca42d16222f5523f4bea95acd53df81ba18e3de93b4e23833406dd,OS,26,D_pos,1,True,0.0
7e32fa7cf5ca42d16222f5523f4bea95acd53df81ba18e3de93b4e23833406dd,SO,14,R_end,1,True,0.0
7e32fa7cf5ca42d16222f5523f4bea95acd53df81ba18e3de93b4e23833406dd,SO,14,C_end,1,True,0.0
7e32fa7cf5ca42d16222f5523f4bea95acd53df81ba18e3de93b4e23833406dd,SO,14,D_pos,1,True,0.0
7e32fa7cf5ca42d16222f5523f4bea95acd53df81ba18e3de93b4e23833406dd,SO,18,R_end,1,True,0.0
7e32fa7cf5ca42d16222f5523f4bea95acd53df81ba18e3de93b4e23833406dd,SO,18,C_end,1,True,0.0
7e32fa7cf5ca42d16222f5523f4bea95acd53df81ba18e3de93b4e23833406dd,SO,18,D_pos,1,True,0.0
7e32fa7cf5ca42d16222f5523f4bea95acd53df81ba18e3de93b4e23833406dd,SO,22,R_end,1,True,0.0
7e32fa7cf5ca42d16222f5523f4bea95acd53df81ba18e3de93b4e23833406dd,SO,22,C_end,1,True,0.0
7e32fa7cf5ca42d16222f5523f4bea95acd53df81ba18e3de93b4e23833406dd,SO,22,D_pos,1,True,0.0
7e32fa7cf5ca42d16222f5523f4bea95acd53df81ba18e3de93b4e23833406dd,SO,26,R_end,1,True,0.0
7e32fa7cf5ca42d16222f5523f4bea95acd53df81ba18e3de93b4e23833406dd,SO,26,C_end,1,True,0.0
7e32fa7cf5ca42d16222f5523f4bea95acd53df81ba18e3de93b4e23833406dd,SO,26,D_pos,1,True,0.0
7e32fa7cf5ca42d16222f5523f4bea95acd53df81ba18e3de93b4e23833406dd,SS,14,R_end,1,True,0.0
7e32fa7cf5ca42d16222f5523f4bea95acd53df81ba18e3de93b4e23833406dd,SS,14,C_end,1,True,0.0
7e32fa7cf5ca42d16222f5523f4bea95acd53df81ba18e3de93b4e23833406dd,SS,14,D_pos,1,True,0.0
7e32fa7cf5ca42d16222f5523f4bea95acd53df81ba18e3de93b4e23833406dd,SS,18,R_end,1,True,0.0
7e32fa7cf5ca42d16222f5523f4bea95acd53df81ba18e3de93b4e23833406dd,SS,18,C_end,1,True,0.0
7e32fa7cf5ca42d16222f5523f4bea95acd53df81ba18e3de93b4e23833406dd,SS,18,D_pos,1,True,0.0
7e32fa7cf5ca42d16222f5523f4bea95acd53df81ba18e3de93b4e23833406dd,SS,22,R_end,1,True,0.0
7e32fa7cf5ca42d16222f5523f4bea95acd53df81ba18e3de93b4e23833406dd,SS,22,C_end,1,True,0.0
7e32fa7cf5ca42d16222f5523f4bea95acd53df81ba18e3de93b4e23833406dd,SS,22,D_pos,1,True,0.0
7e32fa7cf5ca42d16222f5523f4bea95acd53df81ba18e3de93b4e23833406dd,SS,26,R_end,1,True,0.0
7e32fa7cf5ca42d16222f5523f4bea95acd53df81ba18e3de93b4e23833406dd,SS,26,C_end,1,True,0.0
7e32fa7cf5ca42d16222f5523f4bea95acd53df81ba18e3de93b4e23833406dd,SS,26,D_pos,1,True,0.0
801ea8780af5ab0b2c3cc77a3f4ac2b6c0bcddac3942f28db77284b3fab8c8b0,OO,14,R_end,1,True,0.0
801ea8780af5ab0b2c3cc77a3f4ac2b6c0bcddac3942f28db77284b3fab8c8b0,OO,14,C_end,1,True,0.0
801ea8780af5ab0b2c3cc77a3f4ac2b6c0bcddac3942f28db77284b3fab8c8b0,OO,14,D_pos,1,True,0.0
801ea8780af5ab0b2c3cc77a3f4ac2b6c0bcddac3942f28db77284b3fab8c8b0,OO,18,R_end,1,True,0.0
801ea8780af5ab0b2c3cc77a3f4ac2b6c0bcddac3942f28db77284b3fab8c8b0,OO,18,C_end,1,True,0.0
801ea8780af5ab0b2c3cc77a3f4ac2b6c0bcddac3942f28db77284b3fab8c8b0,OO,18,D_pos,1,True,0.0
801ea8780af5ab0b2c3cc77a3f4ac2b6c0bcddac3942f28db77284b3fab8c8b0,OO,22,R_end,1,True,0.0
801ea8780af5ab0b2c3cc77a3f4ac2b6c0bcddac3942f28db77284b3fab8c8b0,OO,22,C_end,1,True,0.0
801ea8780af5ab0b2c3cc77a3f4ac2b6c0bcddac3942f28db77284b3fab8c8b0,OO,22,D_pos,1,True,0.0
801ea8780af5ab0b2c3cc77a3f4ac2b6c0bcddac3942f28db77284b3fab8c8b0,OO,26,R_end,1,True,0.0
801ea8780af5ab0b2c3cc77a3f4ac2b6c0bcddac3942f28db77284b3fab8c8b0,OO,26,C_end,1,True,0.0
801ea8780af5ab0b2c3cc77a3f4ac2b6c0bcddac3942f28db77284b3fab8c8b0,OO,26,D_pos,1,True,0.0
801ea8780af5ab0b2c3cc77a3f4ac2b6c0bcddac3942f28db77284b3fab8c8b0,OS,14,R_end,1,True,0.0
801ea8780af5ab0b2c3cc77a3f4ac2b6c0bcddac3942f28db77284b3fab8c8b0,OS,14,C_end,1,True,0.0
801ea8780af5ab0b2c3cc77a3f4ac2b6c0bcddac3942f28db77284b3fab8c8b0,OS,14,D_pos,1,True,0.0
801ea8780af5ab0b2c3cc77a3f4ac2b6c0bcddac3942f28db77284b3fab8c8b0,OS,18,R_end,1,True,0.0
801ea8780af5ab0b2c3cc77a3f4ac2b6c0bcddac3942f28db77284b3fab8c8b0,OS,18,C_end,1,True,0.0
801ea8780af5ab0b2c3cc77a3f4ac2b6c0bcddac3942f28db77284b3fab8c8b0,OS,18,D_pos,1,True,0.0
801ea8780af5ab0b2c3cc77a3f4ac2b6c0bcddac3942f28db77284b3fab8c8b0,OS,22,R_end,1,True,0.0
801ea8780af5ab0b2c3cc77a3f4ac2b6c0bcddac3942f28db77284b3fab8c8b0,OS,22,C_end,1,True,0.0
801ea8780af5ab0b2c3cc77a3f4ac2b6c0bcddac3942f28db77284b3fab8c8b0,OS,22,D_pos,1,True,0.0
801ea8780af5ab0b2c3cc77a3f4ac2b6c0bcddac3942f28db77284b3fab8c8b0,OS,26,R_end,1,True,0.0
801ea8780af5ab0b2c3cc77a3f4ac2b6c0bcddac3942f28db77284b3fab8c8b0,OS,26,C_end,1,True,0.0
801ea8780af5ab0b2c3cc77a3f4ac2b6c0bcddac3942f28db77284b3fab8c8b0,OS,26,D_pos,1,True,0.0
801ea8780af5ab0b2c3cc77a3f4ac2b6c0bcddac3942f28db77284b3fab8c8b0,SO,14,R_end,1,True,0.0
801ea8780af5ab0b2c3cc77a3f4ac2b6c0bcddac3942f28db77284b3fab8c8b0,SO,14,C_end,1,True,0.0
801ea8780af5ab0b2c3cc77a3f4ac2b6c0bcddac3942f28db77284b3fab8c8b0,SO,14,D_pos,1,True,0.0
801ea8780af5ab0b2c3cc77a3f4ac2b6c0bcddac3942f28db77284b3fab8c8b0,SO,18,R_end,1,True,0.0
801ea8780af5ab0b2c3cc77a3f4ac2b6c0bcddac3942f28db77284b3fab8c8b0,SO,18,C_end,1,True,0.0
801ea8780af5ab0b2c3cc77a3f4ac2b6c0bcddac3942f28db77284b3fab8c8b0,SO,18,D_pos,1,True,0.0
801ea8780af5ab0b2c3cc77a3f4ac2b6c0bcddac3942f28db77284b3fab8c8b0,SO,22,R_end,1,True,0.0
801ea8780af5ab0b2c3cc77a3f4ac2b6c0bcddac3942f28db77284b3fab8c8b0,SO,22,C_end,1,True,0.0
801ea8780af5ab0b2c3cc77a3f4ac2b6c0bcddac3942f28db77284b3fab8c8b0,SO,22,D_pos,1,True,0.0
801ea8780af5ab0b2c3cc77a3f4ac2b6c0bcddac3942f28db77284b3fab8c8b0,SO,26,R_end,1,True,0.0
801ea8780af5ab0b2c3cc77a3f4ac2b6c0bcddac3942f28db77284b3fab8c8b0,SO,26,C_end,1,True,0.0
801ea8780af5ab0b2c3cc77a3f4ac2b6c0bcddac3942f28db77284b3fab8c8b0,SO,26,D_pos,1,True,0.0
801ea8780af5ab0b2c3cc77a3f4ac2b6c0bcddac3942f28db77284b3fab8c8b0,SS,14,R_end,1,True,0.0
801ea8780af5ab0b2c3cc77a3f4ac2b6c0bcddac3942f28db77284b3fab8c8b0,SS,14,C_end,1,True,0.0
801ea8780af5ab0b2c3cc77a3f4ac2b6c0bcddac3942f28db77284b3fab8c8b0,SS,14,D_pos,1,True,0.0
801ea8780af5ab0b2c3cc77a3f4ac2b6c0bcddac3942f28db77284b3fab8c8b0,SS,18,R_end,1,True,0.0
801ea8780af5ab0b2c3cc77a3f4ac2b6c0bcddac3942f28db77284b3fab8c8b0,SS,18,C_end,1,True,0.0
801ea8780af5ab0b2c3cc77a3f4ac2b6c0bcddac3942f28db77284b3fab8c8b0,SS,18,D_pos,1,True,0.0
801ea8780af5ab0b2c3cc77a3f4ac2b6c0bcddac3942f28db77284b3fab8c8b0,SS,22,R_end,1,True,0.0
801ea8780af5ab0b2c3cc77a3f4ac2b6c0bcddac3942f28db77284b3fab8c8b0,SS,22,C_end,1,True,0.0
801ea8780af5ab0b2c3cc77a3f4ac2b6c0bcddac3942f28db77284b3fab8c8b0,SS,22,D_pos,1,True,0.0
801ea8780af5ab0b2c3cc77a3f4ac2b6c0bcddac3942f28db77284b3fab8c8b0,SS,26,R_end,1,True,0.0
801ea8780af5ab0b2c3cc77a3f4ac2b6c0bcddac3942f28db77284b3fab8c8b0,SS,26,C_end,1,True,0.0
801ea8780af5ab0b2c3cc77a3f4ac2b6c0bcddac3942f28db77284b3fab8c8b0,SS,26,D_pos,1,True,0.0
84ab9cc3d020ac95fe7fca05196e2a35dc0cf1eecf0da504facb46e1881eeb39,OO,14,R_end,1,True,0.0
84ab9cc3d020ac95fe7fca05196e2a35dc0cf1eecf0da504facb46e1881eeb39,OO,14,C_end,1,True,0.0
84ab9cc3d020ac95fe7fca05196e2a35dc0cf1eecf0da504facb46e1881eeb39,OO,14,D_pos,1,True,0.0
84ab9cc3d020ac95fe7fca05196e2a35dc0cf1eecf0da504facb46e1881eeb39,OO,18,R_end,1,True,0.0
84ab9cc3d020ac95fe7fca05196e2a35dc0cf1eecf0da504facb46e1881eeb39,OO,18,C_end,1,True,0.0
84ab9cc3d020ac95fe7fca05196e2a35dc0cf1eecf0da504facb46e1881eeb39,OO,18,D_pos,1,True,0.0
84ab9cc3d020ac95fe7fca05196e2a35dc0cf1eecf0da504facb46e1881eeb39,OO,22,R_end,1,True,0.0
84ab9cc3d020ac95fe7fca05196e2a35dc0cf1eecf0da504facb46e1881eeb39,OO,22,C_end,1,True,0.0
84ab9cc3d020ac95fe7fca05196e2a35dc0cf1eecf0da504facb46e1881eeb39,OO,22,D_pos,1,True,0.0
84ab9cc3d020ac95fe7fca05196e2a35dc0cf1eecf0da504facb46e1881eeb39,OO,26,R_end,1,True,0.0
84ab9cc3d020ac95fe7fca05196e2a35dc0cf1eecf0da504facb46e1881eeb39,OO,26,C_end,1,True,0.0
84ab9cc3d020ac95fe7fca05196e2a35dc0cf1eecf0da504facb46e1881eeb39,OO,26,D_pos,1,True,0.0
84ab9cc3d020ac95fe7fca05196e2a35dc0cf1eecf0da504facb46e1881eeb39,OS,14,R_end,1,True,0.0
84ab9cc3d020ac95fe7fca05196e2a35dc0cf1eecf0da504facb46e1881eeb39,OS,14,C_end,1,True,0.0
84ab9cc3d020ac95fe7fca05196e2a35dc0cf1eecf0da504facb46e1881eeb39,OS,14,D_pos,1,True,0.0
84ab9cc3d020ac95fe7fca05196e2a35dc0cf1eecf0da504facb46e1881eeb39,OS,18,R_end,1,True,0.0
84ab9cc3d020ac95fe7fca05196e2a35dc0cf1eecf0da504facb46e1881eeb39,OS,18,C_end,1,True,0.0
84ab9cc3d020ac95fe7fca05196e2a35dc0cf1eecf0da504facb46e1881eeb39,OS,18,D_pos,1,True,0.0
84ab9cc3d020ac95fe7fca05196e2a35dc0cf1eecf0da504facb46e1881eeb39,OS,22,R_end,1,True,0.0
84ab9cc3d020ac95fe7fca05196e2a35dc0cf1eecf0da504facb46e1881eeb39,OS,22,C_end,1,True,0.0
84ab9cc3d020ac95fe7fca05196e2a35dc0cf1eecf0da504facb46e1881eeb39,OS,22,D_pos,1,True,0.0
84ab9cc3d020ac95fe7fca05196e2a35dc0cf1eecf0da504facb46e1881eeb39,OS,26,R_end,1,True,0.0
84ab9cc3d020ac95fe7fca05196e2a35dc0cf1eecf0da504facb46e1881eeb39,OS,26,C_end,1,True,0.0
84ab9cc3d020ac95fe7fca05196e2a35dc0cf1eecf0da504facb46e1881eeb39,OS,26,D_pos,1,True,0.0
84ab9cc3d020ac95fe7fca05196e2a35dc0cf1eecf0da504facb46e1881eeb39,SO,14,R_end,1,True,0.0
84ab9cc3d020ac95fe7fca05196e2a35dc0cf1eecf0da504facb46e1881eeb39,SO,14,C_end,1,True,0.0
84ab9cc3d020ac95fe7fca05196e2a35dc0cf1eecf0da504facb46e1881eeb39,SO,14,D_pos,1,True,0.0
84ab9cc3d020ac95fe7fca05196e2a35dc0cf1eecf0da504facb46e1881eeb39,SO,18,R_end,1,True,0.0
84ab9cc3d020ac95fe7fca05196e2a35dc0cf1eecf0da504facb46e1881eeb39,SO,18,C_end,1,True,0.0
84ab9cc3d020ac95fe7fca05196e2a35dc0cf1eecf0da504facb46e1881eeb39,SO,18,D_pos,1,True,0.0
84ab9cc3d020ac95fe7fca05196e2a35dc0cf1eecf0da504facb46e1881eeb39,SO,22,R_end,1,True,0.0
84ab9cc3d020ac95fe7fca05196e2a35dc0cf1eecf0da504facb46e1881eeb39,SO,22,C_end,1,True,0.0
84ab9cc3d020ac95fe7fca05196e2a35dc0cf1eecf0da504facb46e1881eeb39,SO,22,D_pos,1,True,0.0
84ab9cc3d020ac95fe7fca05196e2a35dc0cf1eecf0da504facb46e1881eeb39,SO,26,R_end,1,True,0.0
84ab9cc3d020ac95fe7fca05196e2a35dc0cf1eecf0da504facb46e1881eeb39,SO,26,C_end,1,True,0.0
84ab9cc3d020ac95fe7fca05196e2a35dc0cf1eecf0da504facb46e1881eeb39,SO,26,D_pos,1,True,0.0
84ab9cc3d020ac95fe7fca05196e2a35dc0cf1eecf0da504facb46e1881eeb39,SS,14,R_end,1,True,0.0
84ab9cc3d020ac95fe7fca05196e2a35dc0cf1eecf0da504facb46e1881eeb39,SS,14,C_end,1,True,0.0
84ab9cc3d020ac95fe7fca05196e2a35dc0cf1eecf0da504facb46e1881eeb39,SS,14,D_pos,1,True,0.0
84ab9cc3d020ac95fe7fca05196e2a35dc0cf1eecf0da504facb46e1881eeb39,SS,18,R_end,1,True,0.0
84ab9cc3d020ac95fe7fca05196e2a35dc0cf1eecf0da504facb46e1881eeb39,SS,18,C_end,1,True,0.0
84ab9cc3d020ac95fe7fca05196e2a35dc0cf1eecf0da504facb46e1881eeb39,SS,18,D_pos,1,True,0.0
84ab9cc3d020ac95fe7fca05196e2a35dc0cf1eecf0da504facb46e1881eeb39,SS,22,R_end,1,True,0.0
84ab9cc3d020ac95fe7fca05196e2a35dc0cf1eecf0da504facb46e1881eeb39,SS,22,C_end,1,True,0.0
84ab9cc3d020ac95fe7fca05196e2a35dc0cf1eecf0da504facb46e1881eeb39,SS,22,D_pos,1,True,0.0
84ab9cc3d020ac95fe7fca05196e2a35dc0cf1eecf0da504facb46e1881eeb39,SS,26,R_end,1,True,0.0
84ab9cc3d020ac95fe7fca05196e2a35dc0cf1eecf0da504facb46e1881eeb39,SS,26,C_end,1,True,0.0
84ab9cc3d020ac95fe7fca05196e2a35dc0cf1eecf0da504facb46e1881eeb39,SS,26,D_pos,1,True,0.0
84b4aabec1529e21986e9e63913501fc41337699a474a00cf5b119c9a021868e,OO,14,R_end,1,True,0.0
84b4aabec1529e21986e9e63913501fc41337699a474a00cf5b119c9a021868e,OO,14,C_end,1,True,0.0
84b4aabec1529e21986e9e63913501fc41337699a474a00cf5b119c9a021868e,OO,14,D_pos,1,True,0.0
84b4aabec1529e21986e9e63913501fc41337699a474a00cf5b119c9a021868e,OO,18,R_end,1,True,0.0
84b4aabec1529e21986e9e63913501fc41337699a474a00cf5b119c9a021868e,OO,18,C_end,1,True,0.0
84b4aabec1529e21986e9e63913501fc41337699a474a00cf5b119c9a021868e,OO,18,D_pos,1,True,0.0
84b4aabec1529e21986e9e63913501fc41337699a474a00cf5b119c9a021868e,OO,22,R_end,1,True,0.0
84b4aabec1529e21986e9e63913501fc41337699a474a00cf5b119c9a021868e,OO,22,C_end,1,True,0.0
84b4aabec1529e21986e9e63913501fc41337699a474a00cf5b119c9a021868e,OO,22,D_pos,1,True,0.0
84b4aabec1529e21986e9e63913501fc41337699a474a00cf5b119c9a021868e,OO,26,R_end,1,True,0.0
84b4aabec1529e21986e9e63913501fc41337699a474a00cf5b119c9a021868e,OO,26,C_end,1,True,0.0
84b4aabec1529e21986e9e63913501fc41337699a474a00cf5b119c9a021868e,OO,26,D_pos,1,True,0.0
84b4aabec1529e21986e9e63913501fc41337699a474a00cf5b119c9a021868e,OS,14,R_end,1,True,0.0
84b4aabec1529e21986e9e63913501fc41337699a474a00cf5b119c9a021868e,OS,14,C_end,1,True,0.0
84b4aabec1529e21986e9e63913501fc41337699a474a00cf5b119c9a021868e,OS,14,D_pos,1,True,0.0
84b4aabec1529e21986e9e63913501fc41337699a474a00cf5b119c9a021868e,OS,18,R_end,1,True,0.0
84b4aabec1529e21986e9e63913501fc41337699a474a00cf5b119c9a021868e,OS,18,C_end,1,True,0.0
84b4aabec1529e21986e9e63913501fc41337699a474a00cf5b119c9a021868e,OS,18,D_pos,1,True,0.0
84b4aabec1529e21986e9e63913501fc41337699a474a00cf5b119c9a021868e,OS,22,R_end,1,True,0.0
84b4aabec1529e21986e9e63913501fc41337699a474a00cf5b119c9a021868e,OS,22,C_end,1,True,0.0
84b4aabec1529e21986e9e63913501fc41337699a474a00cf5b119c9a021868e,OS,22,D_pos,1,True,0.0
84b4aabec1529e21986e9e63913501fc41337699a474a00cf5b119c9a021868e,OS,26,R_end,1,True,0.0
84b4aabec1529e21986e9e63913501fc41337699a474a00cf5b119c9a021868e,OS,26,C_end,1,True,0.0
84b4aabec1529e21986e9e63913501fc41337699a474a00cf5b119c9a021868e,OS,26,D_pos,1,True,0.0
84b4aabec1529e21986e9e63913501fc41337699a474a00cf5b119c9a021868e,SO,14,R_end,1,True,0.0
84b4aabec1529e21986e9e63913501fc41337699a474a00cf5b119c9a021868e,SO,14,C_end,1,True,0.0
84b4aabec1529e21986e9e63913501fc41337699a474a00cf5b119c9a021868e,SO,14,D_pos,1,True,0.0
84b4aabec1529e21986e9e63913501fc41337699a474a00cf5b119c9a021868e,SO,18,R_end,1,True,0.0
84b4aabec1529e21986e9e63913501fc41337699a474a00cf5b119c9a021868e,SO,18,C_end,1,True,0.0
84b4aabec1529e21986e9e63913501fc41337699a474a00cf5b119c9a021868e,SO,18,D_pos,1,True,0.0
84b4aabec1529e21986e9e63913501fc41337699a474a00cf5b119c9a021868e,SO,22,R_end,1,True,0.0
84b4aabec1529e21986e9e63913501fc41337699a474a00cf5b119c9a021868e,SO,22,C_end,1,True,0.0
84b4aabec1529e21986e9e63913501fc41337699a474a00cf5b119c9a021868e,SO,22,D_pos,1,True,0.0
84b4aabec1529e21986e9e63913501fc41337699a474a00cf5b119c9a021868e,SO,26,R_end,1,True,0.0
84b4aabec1529e21986e9e63913501fc41337699a474a00cf5b119c9a021868e,SO,26,C_end,1,True,0.0
84b4aabec1529e21986e9e63913501fc41337699a474a00cf5b119c9a021868e,SO,26,D_pos,1,True,0.0
84b4aabec1529e21986e9e63913501fc41337699a474a00cf5b119c9a021868e,SS,14,R_end,1,True,0.0
84b4aabec1529e21986e9e63913501fc41337699a474a00cf5b119c9a021868e,SS,14,C_end,1,True,0.0
84b4aabec1529e21986e9e63913501fc41337699a474a00cf5b119c9a021868e,SS,14,D_pos,1,True,0.0
84b4aabec1529e21986e9e63913501fc41337699a474a00cf5b119c9a021868e,SS,18,R_end,1,True,0.0
84b4aabec1529e21986e9e63913501fc41337699a474a00cf5b119c9a021868e,SS,18,C_end,1,True,0.0
84b4aabec1529e21986e9e63913501fc41337699a474a00cf5b119c9a021868e,SS,18,D_pos,1,True,0.0
84b4aabec1529e21986e9e63913501fc41337699a474a00cf5b119c9a021868e,SS,22,R_end,1,True,0.0
84b4aabec1529e21986e9e63913501fc41337699a474a00cf5b119c9a021868e,SS,22,C_end,1,True,0.0
84b4aabec1529e21986e9e63913501fc41337699a474a00cf5b119c9a021868e,SS,22,D_pos,1,True,0.0
84b4aabec1529e21986e9e63913501fc41337699a474a00cf5b119c9a021868e,SS,26,R_end,1,True,0.0
84b4aabec1529e21986e9e63913501fc41337699a474a00cf5b119c9a021868e,SS,26,C_end,1,True,0.0
84b4aabec1529e21986e9e63913501fc41337699a474a00cf5b119c9a021868e,SS,26,D_pos,1,True,0.0
86297af299924f76b8956048c63fa84a663c50aca292898344ed31a1cb48fd71,OO,14,R_end,1,True,0.0
86297af299924f76b8956048c63fa84a663c50aca292898344ed31a1cb48fd71,OO,14,C_end,1,True,0.0
86297af299924f76b8956048c63fa84a663c50aca292898344ed31a1cb48fd71,OO,14,D_pos,1,True,0.0
86297af299924f76b8956048c63fa84a663c50aca292898344ed31a1cb48fd71,OO,18,R_end,1,True,0.0
86297af299924f76b8956048c63fa84a663c50aca292898344ed31a1cb48fd71,OO,18,C_end,1,True,0.0
86297af299924f76b8956048c63fa84a663c50aca292898344ed31a1cb48fd71,OO,18,D_pos,1,True,0.0
86297af299924f76b8956048c63fa84a663c50aca292898344ed31a1cb48fd71,OO,22,R_end,1,True,0.0
86297af299924f76b8956048c63fa84a663c50aca292898344ed31a1cb48fd71,OO,22,C_end,1,True,0.0
86297af299924f76b8956048c63fa84a663c50aca292898344ed31a1cb48fd71,OO,22,D_pos,1,True,0.0
86297af299924f76b8956048c63fa84a663c50aca292898344ed31a1cb48fd71,OO,26,R_end,1,True,0.0
86297af299924f76b8956048c63fa84a663c50aca292898344ed31a1cb48fd71,OO,26,C_end,1,True,0.0
86297af299924f76b8956048c63fa84a663c50aca292898344ed31a1cb48fd71,OO,26,D_pos,1,True,0.0
86297af299924f76b8956048c63fa84a663c50aca292898344ed31a1cb48fd71,OS,14,R_end,1,True,0.0
86297af299924f76b8956048c63fa84a663c50aca292898344ed31a1cb48fd71,OS,14,C_end,1,True,0.0
86297af299924f76b8956048c63fa84a663c50aca292898344ed31a1cb48fd71,OS,14,D_pos,1,True,0.0
86297af299924f76b8956048c63fa84a663c50aca292898344ed31a1cb48fd71,OS,18,R_end,1,True,0.0
86297af299924f76b8956048c63fa84a663c50aca292898344ed31a1cb48fd71,OS,18,C_end,1,True,0.0
86297af299924f76b8956048c63fa84a663c50aca292898344ed31a1cb48fd71,OS,18,D_pos,1,True,0.0
86297af299924f76b8956048c63fa84a663c50aca292898344ed31a1cb48fd71,OS,22,R_end,1,True,0.0
86297af299924f76b8956048c63fa84a663c50aca292898344ed31a1cb48fd71,OS,22,C_end,1,True,0.0
86297af299924f76b8956048c63fa84a663c50aca292898344ed31a1cb48fd71,OS,22,D_pos,1,True,0.0
86297af299924f76b8956048c63fa84a663c50aca292898344ed31a1cb48fd71,OS,26,R_end,1,True,0.0
86297af299924f76b8956048c63fa84a663c50aca292898344ed31a1cb48fd71,OS,26,C_end,1,True,0.0
86297af299924f76b8956048c63fa84a663c50aca292898344ed31a1cb48fd71,OS,26,D_pos,1,True,0.0
86297af299924f76b8956048c63fa84a663c50aca292898344ed31a1cb48fd71,SO,14,R_end,1,True,0.0
86297af299924f76b8956048c63fa84a663c50aca292898344ed31a1cb48fd71,SO,14,C_end,1,True,0.0
86297af299924f76b8956048c63fa84a663c50aca292898344ed31a1cb48fd71,SO,14,D_pos,1,True,0.0
86297af299924f76b8956048c63fa84a663c50aca292898344ed31a1cb48fd71,SO,18,R_end,1,True,0.0
86297af299924f76b8956048c63fa84a663c50aca292898344ed31a1cb48fd71,SO,18,C_end,1,True,0.0
86297af299924f76b8956048c63fa84a663c50aca292898344ed31a1cb48fd71,SO,18,D_pos,1,True,0.0
86297af299924f76b8956048c63fa84a663c50aca292898344ed31a1cb48fd71,SO,22,R_end,1,True,0.0
86297af299924f76b8956048c63fa84a663c50aca292898344ed31a1cb48fd71,SO,22,C_end,1,True,0.0
86297af299924f76b8956048c63fa84a663c50aca292898344ed31a1cb48fd71,SO,22,D_pos,1,True,0.0
86297af299924f76b8956048c63fa84a663c50aca292898344ed31a1cb48fd71,SO,26,R_end,1,True,0.0
86297af299924f76b8956048c63fa84a663c50aca292898344ed31a1cb48fd71,SO,26,C_end,1,True,0.0
86297af299924f76b8956048c63fa84a663c50aca292898344ed31a1cb48fd71,SO,26,D_pos,1,True,0.0
86297af299924f76b8956048c63fa84a663c50aca292898344ed31a1cb48fd71,SS,14,R_end,1,True,0.0
86297af299924f76b8956048c63fa84a663c50aca292898344ed31a1cb48fd71,SS,14,C_end,1,True,0.0
86297af299924f76b8956048c63fa84a663c50aca292898344ed31a1cb48fd71,SS,14,D_pos,1,True,0.0
86297af299924f76b8956048c63fa84a663c50aca292898344ed31a1cb48fd71,SS,18,R_end,1,True,0.0
86297af299924f76b8956048c63fa84a663c50aca292898344ed31a1cb48fd71,SS,18,C_end,1,True,0.0
86297af299924f76b8956048c63fa84a663c50aca292898344ed31a1cb48fd71,SS,18,D_pos,1,True,0.0
86297af299924f76b8956048c63fa84a663c50aca292898344ed31a1cb48fd71,SS,22,R_end,1,True,0.0
86297af299924f76b8956048c63fa84a663c50aca292898344ed31a1cb48fd71,SS,22,C_end,1,True,0.0
86297af299924f76b8956048c63fa84a663c50aca292898344ed31a1cb48fd71,SS,22,D_pos,1,True,0.0
86297af299924f76b8956048c63fa84a663c50aca292898344ed31a1cb48fd71,SS,26,R_end,1,True,0.0
86297af299924f76b8956048c63fa84a663c50aca292898344ed31a1cb48fd71,SS,26,C_end,1,True,0.0
86297af299924f76b8956048c63fa84a663c50aca292898344ed31a1cb48fd71,SS,26,D_pos,1,True,0.0
86919f6991beb95325ed45558f32834d3d57e83085e8390b259364160ef24e81,OO,14,R_end,1,True,0.0
86919f6991beb95325ed45558f32834d3d57e83085e8390b259364160ef24e81,OO,14,C_end,1,True,0.0
86919f6991beb95325ed45558f32834d3d57e83085e8390b259364160ef24e81,OO,14,D_pos,1,True,0.0
86919f6991beb95325ed45558f32834d3d57e83085e8390b259364160ef24e81,OO,18,R_end,1,True,0.0
86919f6991beb95325ed45558f32834d3d57e83085e8390b259364160ef24e81,OO,18,C_end,1,True,0.0
86919f6991beb95325ed45558f32834d3d57e83085e8390b259364160ef24e81,OO,18,D_pos,1,True,0.0
86919f6991beb95325ed45558f32834d3d57e83085e8390b259364160ef24e81,OO,22,R_end,1,True,0.0
86919f6991beb95325ed45558f32834d3d57e83085e8390b259364160ef24e81,OO,22,C_end,1,True,0.0
86919f6991beb95325ed45558f32834d3d57e83085e8390b259364160ef24e81,OO,22,D_pos,1,True,0.0
86919f6991beb95325ed45558f32834d3d57e83085e8390b259364160ef24e81,OO,26,R_end,1,True,0.0
86919f6991beb95325ed45558f32834d3d57e83085e8390b259364160ef24e81,OO,26,C_end,1,True,0.0
86919f6991beb95325ed45558f32834d3d57e83085e8390b259364160ef24e81,OO,26,D_pos,1,True,0.0
86919f6991beb95325ed45558f32834d3d57e83085e8390b259364160ef24e81,OS,14,R_end,1,True,0.0
86919f6991beb95325ed45558f32834d3d57e83085e8390b259364160ef24e81,OS,14,C_end,1,True,0.0
86919f6991beb95325ed45558f32834d3d57e83085e8390b259364160ef24e81,OS,14,D_pos,1,True,0.0
86919f6991beb95325ed45558f32834d3d57e83085e8390b259364160ef24e81,OS,18,R_end,1,True,0.0
86919f6991beb95325ed45558f32834d3d57e83085e8390b259364160ef24e81,OS,18,C_end,1,True,0.0
86919f6991beb95325ed45558f32834d3d57e83085e8390b259364160ef24e81,OS,18,D_pos,1,True,0.0
86919f6991beb95325ed45558f32834d3d57e83085e8390b259364160ef24e81,OS,22,R_end,1,True,0.0
86919f6991beb95325ed45558f32834d3d57e83085e8390b259364160ef24e81,OS,22,C_end,1,True,0.0
86919f6991beb95325ed45558f32834d3d57e83085e8390b259364160ef24e81,OS,22,D_pos,1,True,0.0
86919f6991beb95325ed45558f32834d3d57e83085e8390b259364160ef24e81,OS,26,R_end,1,True,0.0
86919f6991beb95325ed45558f32834d3d57e83085e8390b259364160ef24e81,OS,26,C_end,1,True,0.0
86919f6991beb95325ed45558f32834d3d57e83085e8390b259364160ef24e81,OS,26,D_pos,1,True,0.0
86919f6991beb95325ed45558f32834d3d57e83085e8390b259364160ef24e81,SO,14,R_end,1,True,0.0
86919f6991beb95325ed45558f32834d3d57e83085e8390b259364160ef24e81,SO,14,C_end,1,True,0.0
86919f6991beb95325ed45558f32834d3d57e83085e8390b259364160ef24e81,SO,14,D_pos,1,True,0.0
86919f6991beb95325ed45558f32834d3d57e83085e8390b259364160ef24e81,SO,18,R_end,1,True,0.0
86919f6991beb95325ed45558f32834d3d57e83085e8390b259364160ef24e81,SO,18,C_end,1,True,0.0
86919f6991beb95325ed45558f32834d3d57e83085e8390b259364160ef24e81,SO,18,D_pos,1,True,0.0
86919f6991beb95325ed45558f32834d3d57e83085e8390b259364160ef24e81,SO,22,R_end,1,True,0.0
86919f6991beb95325ed45558f32834d3d57e83085e8390b259364160ef24e81,SO,22,C_end,1,True,0.0
86919f6991beb95325ed45558f32834d3d57e83085e8390b259364160ef24e81,SO,22,D_pos,1,True,0.0
86919f6991beb95325ed45558f32834d3d57e83085e8390b259364160ef24e81,SO,26,R_end,1,True,0.0
86919f6991beb95325ed45558f32834d3d57e83085e8390b259364160ef24e81,SO,26,C_end,1,True,0.0
86919f6991beb95325ed45558f32834d3d57e83085e8390b259364160ef24e81,SO,26,D_pos,1,True,0.0
86919f6991beb95325ed45558f32834d3d57e83085e8390b259364160ef24e81,SS,14,R_end,1,True,0.0
86919f6991beb95325ed45558f32834d3d57e83085e8390b259364160ef24e81,SS,14,C_end,1,True,0.0
86919f6991beb95325ed45558f32834d3d57e83085e8390b259364160ef24e81,SS,14,D_pos,1,True,0.0
86919f6991beb95325ed45558f32834d3d57e83085e8390b259364160ef24e81,SS,18,R_end,1,True,0.0
86919f6991beb95325ed45558f32834d3d57e83085e8390b259364160ef24e81,SS,18,C_end,1,True,0.0
86919f6991beb95325ed45558f32834d3d57e83085e8390b259364160ef24e81,SS,18,D_pos,1,True,0.0
86919f6991beb95325ed45558f32834d3d57e83085e8390b259364160ef24e81,SS,22,R_end,1,True,0.0
86919f6991beb95325ed45558f32834d3d57e83085e8390b259364160ef24e81,SS,22,C_end,1,True,0.0
86919f6991beb95325ed45558f32834d3d57e83085e8390b259364160ef24e81,SS,22,D_pos,1,True,0.0
86919f6991beb95325ed45558f32834d3d57e83085e8390b259364160ef24e81,SS,26,R_end,1,True,0.0
86919f6991beb95325ed45558f32834d3d57e83085e8390b259364160ef24e81,SS,26,C_end,1,True,0.0
86919f6991beb95325ed45558f32834d3d57e83085e8390b259364160ef24e81,SS,26,D_pos,1,True,0.0
87f8c0fd0b06dd3ec294b9dd1326d4154e4e63e85e0d9c6abca67da45ad29605,OO,14,R_end,1,True,0.0
87f8c0fd0b06dd3ec294b9dd1326d4154e4e63e85e0d9c6abca67da45ad29605,OO,14,C_end,1,True,0.0
87f8c0fd0b06dd3ec294b9dd1326d4154e4e63e85e0d9c6abca67da45ad29605,OO,14,D_pos,1,True,0.0
87f8c0fd0b06dd3ec294b9dd1326d4154e4e63e85e0d9c6abca67da45ad29605,OO,18,R_end,1,True,0.0
87f8c0fd0b06dd3ec294b9dd1326d4154e4e63e85e0d9c6abca67da45ad29605,OO,18,C_end,1,True,0.0
87f8c0fd0b06dd3ec294b9dd1326d4154e4e63e85e0d9c6abca67da45ad29605,OO,18,D_pos,1,True,0.0
87f8c0fd0b06dd3ec294b9dd1326d4154e4e63e85e0d9c6abca67da45ad29605,OO,22,R_end,1,True,0.0
87f8c0fd0b06dd3ec294b9dd1326d4154e4e63e85e0d9c6abca67da45ad29605,OO,22,C_end,1,True,0.0
87f8c0fd0b06dd3ec294b9dd1326d4154e4e63e85e0d9c6abca67da45ad29605,OO,22,D_pos,1,True,0.0
87f8c0fd0b06dd3ec294b9dd1326d4154e4e63e85e0d9c6abca67da45ad29605,OO,26,R_end,1,True,0.0
87f8c0fd0b06dd3ec294b9dd1326d4154e4e63e85e0d9c6abca67da45ad29605,OO,26,C_end,1,True,0.0
87f8c0fd0b06dd3ec294b9dd1326d4154e4e63e85e0d9c6abca67da45ad29605,OO,26,D_pos,1,True,0.0
87f8c0fd0b06dd3ec294b9dd1326d4154e4e63e85e0d9c6abca67da45ad29605,OS,14,R_end,1,True,0.0
87f8c0fd0b06dd3ec294b9dd1326d4154e4e63e85e0d9c6abca67da45ad29605,OS,14,C_end,1,True,0.0
87f8c0fd0b06dd3ec294b9dd1326d4154e4e63e85e0d9c6abca67da45ad29605,OS,14,D_pos,1,True,0.0
87f8c0fd0b06dd3ec294b9dd1326d4154e4e63e85e0d9c6abca67da45ad29605,OS,18,R_end,1,True,0.0
87f8c0fd0b06dd3ec294b9dd1326d4154e4e63e85e0d9c6abca67da45ad29605,OS,18,C_end,1,True,0.0
87f8c0fd0b06dd3ec294b9dd1326d4154e4e63e85e0d9c6abca67da45ad29605,OS,18,D_pos,1,True,0.0
87f8c0fd0b06dd3ec294b9dd1326d4154e4e63e85e0d9c6abca67da45ad29605,OS,22,R_end,1,True,0.0
87f8c0fd0b06dd3ec294b9dd1326d4154e4e63e85e0d9c6abca67da45ad29605,OS,22,C_end,1,True,0.0
87f8c0fd0b06dd3ec294b9dd1326d4154e4e63e85e0d9c6abca67da45ad29605,OS,22,D_pos,1,True,0.0
87f8c0fd0b06dd3ec294b9dd1326d4154e4e63e85e0d9c6abca67da45ad29605,OS,26,R_end,1,True,0.0
87f8c0fd0b06dd3ec294b9dd1326d4154e4e63e85e0d9c6abca67da45ad29605,OS,26,C_end,1,True,0.0
87f8c0fd0b06dd3ec294b9dd1326d4154e4e63e85e0d9c6abca67da45ad29605,OS,26,D_pos,1,True,0.0
87f8c0fd0b06dd3ec294b9dd1326d4154e4e63e85e0d9c6abca67da45ad29605,SO,14,R_end,1,True,0.0
87f8c0fd0b06dd3ec294b9dd1326d4154e4e63e85e0d9c6abca67da45ad29605,SO,14,C_end,1,True,0.0
87f8c0fd0b06dd3ec294b9dd1326d4154e4e63e85e0d9c6abca67da45ad29605,SO,14,D_pos,1,True,0.0
87f8c0fd0b06dd3ec294b9dd1326d4154e4e63e85e0d9c6abca67da45ad29605,SO,18,R_end,1,True,0.0
87f8c0fd0b06dd3ec294b9dd1326d4154e4e63e85e0d9c6abca67da45ad29605,SO,18,C_end,1,True,0.0
87f8c0fd0b06dd3ec294b9dd1326d4154e4e63e85e0d9c6abca67da45ad29605,SO,18,D_pos,1,True,0.0
87f8c0fd0b06dd3ec294b9dd1326d4154e4e63e85e0d9c6abca67da45ad29605,SO,22,R_end,1,True,0.0
87f8c0fd0b06dd3ec294b9dd1326d4154e4e63e85e0d9c6abca67da45ad29605,SO,22,C_end,1,True,0.0
87f8c0fd0b06dd3ec294b9dd1326d4154e4e63e85e0d9c6abca67da45ad29605,SO,22,D_pos,1,True,0.0
87f8c0fd0b06dd3ec294b9dd1326d4154e4e63e85e0d9c6abca67da45ad29605,SO,26,R_end,1,True,0.0
87f8c0fd0b06dd3ec294b9dd1326d4154e4e63e85e0d9c6abca67da45ad29605,SO,26,C_end,1,True,0.0
87f8c0fd0b06dd3ec294b9dd1326d4154e4e63e85e0d9c6abca67da45ad29605,SO,26,D_pos,1,True,0.0
87f8c0fd0b06dd3ec294b9dd1326d4154e4e63e85e0d9c6abca67da45ad29605,SS,14,R_end,1,True,0.0
87f8c0fd0b06dd3ec294b9dd1326d4154e4e63e85e0d9c6abca67da45ad29605,SS,14,C_end,1,True,0.0
87f8c0fd0b06dd3ec294b9dd1326d4154e4e63e85e0d9c6abca67da45ad29605,SS,14,D_pos,1,True,0.0
87f8c0fd0b06dd3ec294b9dd1326d4154e4e63e85e0d9c6abca67da45ad29605,SS,18,R_end,1,True,0.0
87f8c0fd0b06dd3ec294b9dd1326d4154e4e63e85e0d9c6abca67da45ad29605,SS,18,C_end,1,True,0.0
87f8c0fd0b06dd3ec294b9dd1326d4154e4e63e85e0d9c6abca67da45ad29605,SS,18,D_pos,1,True,0.0
87f8c0fd0b06dd3ec294b9dd1326d4154e4e63e85e0d9c6abca67da45ad29605,SS,22,R_end,1,True,0.0
87f8c0fd0b06dd3ec294b9dd1326d4154e4e63e85e0d9c6abca67da45ad29605,SS,22,C_end,1,True,0.0
87f8c0fd0b06dd3ec294b9dd1326d4154e4e63e85e0d9c6abca67da45ad29605,SS,22,D_pos,1,True,0.0
87f8c0fd0b06dd3ec294b9dd1326d4154e4e63e85e0d9c6abca67da45ad29605,SS,26,R_end,1,True,0.0
87f8c0fd0b06dd3ec294b9dd1326d4154e4e63e85e0d9c6abca67da45ad29605,SS,26,C_end,1,True,0.0
87f8c0fd0b06dd3ec294b9dd1326d4154e4e63e85e0d9c6abca67da45ad29605,SS,26,D_pos,1,True,0.0
895b905fe243a9dd7b626e5d8e0985821bbf640290f5d6837b2433b3780ec4a6,OO,14,R_end,1,True,0.0
895b905fe243a9dd7b626e5d8e0985821bbf640290f5d6837b2433b3780ec4a6,OO,14,C_end,1,True,0.0
895b905fe243a9dd7b626e5d8e0985821bbf640290f5d6837b2433b3780ec4a6,OO,14,D_pos,1,True,0.0
895b905fe243a9dd7b626e5d8e0985821bbf640290f5d6837b2433b3780ec4a6,OO,18,R_end,1,True,0.0
895b905fe243a9dd7b626e5d8e0985821bbf640290f5d6837b2433b3780ec4a6,OO,18,C_end,1,True,0.0
895b905fe243a9dd7b626e5d8e0985821bbf640290f5d6837b2433b3780ec4a6,OO,18,D_pos,1,True,0.0
895b905fe243a9dd7b626e5d8e0985821bbf640290f5d6837b2433b3780ec4a6,OO,22,R_end,1,True,0.0
895b905fe243a9dd7b626e5d8e0985821bbf640290f5d6837b2433b3780ec4a6,OO,22,C_end,1,True,0.0
895b905fe243a9dd7b626e5d8e0985821bbf640290f5d6837b2433b3780ec4a6,OO,22,D_pos,1,True,0.0
895b905fe243a9dd7b626e5d8e0985821bbf640290f5d6837b2433b3780ec4a6,OO,26,R_end,1,True,0.0
895b905fe243a9dd7b626e5d8e0985821bbf640290f5d6837b2433b3780ec4a6,OO,26,C_end,1,True,0.0
895b905fe243a9dd7b626e5d8e0985821bbf640290f5d6837b2433b3780ec4a6,OO,26,D_pos,1,True,0.0
895b905fe243a9dd7b626e5d8e0985821bbf640290f5d6837b2433b3780ec4a6,OS,14,R_end,1,True,0.0
895b905fe243a9dd7b626e5d8e0985821bbf640290f5d6837b2433b3780ec4a6,OS,14,C_end,1,True,0.0
895b905fe243a9dd7b626e5d8e0985821bbf640290f5d6837b2433b3780ec4a6,OS,14,D_pos,1,True,0.0
895b905fe243a9dd7b626e5d8e0985821bbf640290f5d6837b2433b3780ec4a6,OS,18,R_end,1,True,0.0
895b905fe243a9dd7b626e5d8e0985821bbf640290f5d6837b2433b3780ec4a6,OS,18,C_end,1,True,0.0
895b905fe243a9dd7b626e5d8e0985821bbf640290f5d6837b2433b3780ec4a6,OS,18,D_pos,1,True,0.0
895b905fe243a9dd7b626e5d8e0985821bbf640290f5d6837b2433b3780ec4a6,OS,22,R_end,1,True,0.0
895b905fe243a9dd7b626e5d8e0985821bbf640290f5d6837b2433b3780ec4a6,OS,22,C_end,1,True,0.0
895b905fe243a9dd7b626e5d8e0985821bbf640290f5d6837b2433b3780ec4a6,OS,22,D_pos,1,True,0.0
895b905fe243a9dd7b626e5d8e0985821bbf640290f5d6837b2433b3780ec4a6,OS,26,R_end,1,True,0.0
895b905fe243a9dd7b626e5d8e0985821bbf640290f5d6837b2433b3780ec4a6,OS,26,C_end,1,True,0.0
895b905fe243a9dd7b626e5d8e0985821bbf640290f5d6837b2433b3780ec4a6,OS,26,D_pos,1,True,0.0
895b905fe243a9dd7b626e5d8e0985821bbf640290f5d6837b2433b3780ec4a6,SO,14,R_end,1,True,0.0
895b905fe243a9dd7b626e5d8e0985821bbf640290f5d6837b2433b3780ec4a6,SO,14,C_end,1,True,0.0
895b905fe243a9dd7b626e5d8e0985821bbf640290f5d6837b2433b3780ec4a6,SO,14,D_pos,1,True,0.0
895b905fe243a9dd7b626e5d8e0985821bbf640290f5d6837b2433b3780ec4a6,SO,18,R_end,1,True,0.0
895b905fe243a9dd7b626e5d8e0985821bbf640290f5d6837b2433b3780ec4a6,SO,18,C_end,1,True,0.0
895b905fe243a9dd7b626e5d8e0985821bbf640290f5d6837b2433b3780ec4a6,SO,18,D_pos,1,True,0.0
895b905fe243a9dd7b626e5d8e0985821bbf640290f5d6837b2433b3780ec4a6,SO,22,R_end,1,True,0.0
895b905fe243a9dd7b626e5d8e0985821bbf640290f5d6837b2433b3780ec4a6,SO,22,C_end,1,True,0.0
895b905fe243a9dd7b626e5d8e0985821bbf640290f5d6837b2433b3780ec4a6,SO,22,D_pos,1,True,0.0
895b905fe243a9dd7b626e5d8e0985821bbf640290f5d6837b2433b3780ec4a6,SO,26,R_end,1,True,0.0
895b905fe243a9dd7b626e5d8e0985821bbf640290f5d6837b2433b3780ec4a6,SO,26,C_end,1,True,0.0
895b905fe243a9dd7b626e5d8e0985821bbf640290f5d6837b2433b3780ec4a6,SO,26,D_pos,1,True,0.0
895b905fe243a9dd7b626e5d8e0985821bbf640290f5d6837b2433b3780ec4a6,SS,14,R_end,1,True,0.0
895b905fe243a9dd7b626e5d8e0985821bbf640290f5d6837b2433b3780ec4a6,SS,14,C_end,1,True,0.0
895b905fe243a9dd7b626e5d8e0985821bbf640290f5d6837b2433b3780ec4a6,SS,14,D_pos,1,True,0.0
895b905fe243a9dd7b626e5d8e0985821bbf640290f5d6837b2433b3780ec4a6,SS,18,R_end,1,True,0.0
895b905fe243a9dd7b626e5d8e0985821bbf640290f5d6837b2433b3780ec4a6,SS,18,C_end,1,True,0.0
895b905fe243a9dd7b626e5d8e0985821bbf640290f5d6837b2433b3780ec4a6,SS,18,D_pos,1,True,0.0
895b905fe243a9dd7b626e5d8e0985821bbf640290f5d6837b2433b3780ec4a6,SS,22,R_end,1,True,0.0
895b905fe243a9dd7b626e5d8e0985821bbf640290f5d6837b2433b3780ec4a6,SS,22,C_end,1,True,0.0
895b905fe243a9dd7b626e5d8e0985821bbf640290f5d6837b2433b3780ec4a6,SS,22,D_pos,1,True,0.0
895b905fe243a9dd7b626e5d8e0985821bbf640290f5d6837b2433b3780ec4a6,SS,26,R_end,1,True,0.0
895b905fe243a9dd7b626e5d8e0985821bbf640290f5d6837b2433b3780ec4a6,SS,26,C_end,1,True,0.0
895b905fe243a9dd7b626e5d8e0985821bbf640290f5d6837b2433b3780ec4a6,SS,26,D_pos,1,True,0.0
89e01c538ebbb197fda81d378cfb9526161fa6370e6b72b1af232bc48d51f4a2,OO,14,R_end,1,True,0.0
89e01c538ebbb197fda81d378cfb9526161fa6370e6b72b1af232bc48d51f4a2,OO,14,C_end,1,True,0.0
89e01c538ebbb197fda81d378cfb9526161fa6370e6b72b1af232bc48d51f4a2,OO,14,D_pos,1,True,0.0
89e01c538ebbb197fda81d378cfb9526161fa6370e6b72b1af232bc48d51f4a2,OO,18,R_end,1,True,0.0
89e01c538ebbb197fda81d378cfb9526161fa6370e6b72b1af232bc48d51f4a2,OO,18,C_end,1,True,0.0
89e01c538ebbb197fda81d378cfb9526161fa6370e6b72b1af232bc48d51f4a2,OO,18,D_pos,1,True,0.0
89e01c538ebbb197fda81d378cfb9526161fa6370e6b72b1af232bc48d51f4a2,OO,22,R_end,1,True,0.0
89e01c538ebbb197fda81d378cfb9526161fa6370e6b72b1af232bc48d51f4a2,OO,22,C_end,1,True,0.0
89e01c538ebbb197fda81d378cfb9526161fa6370e6b72b1af232bc48d51f4a2,OO,22,D_pos,1,True,0.0
89e01c538ebbb197fda81d378cfb9526161fa6370e6b72b1af232bc48d51f4a2,OO,26,R_end,1,True,0.0
89e01c538ebbb197fda81d378cfb9526161fa6370e6b72b1af232bc48d51f4a2,OO,26,C_end,1,True,0.0
89e01c538ebbb197fda81d378cfb9526161fa6370e6b72b1af232bc48d51f4a2,OO,26,D_pos,1,True,0.0
89e01c538ebbb197fda81d378cfb9526161fa6370e6b72b1af232bc48d51f4a2,OS,14,R_end,1,True,0.0
89e01c538ebbb197fda81d378cfb9526161fa6370e6b72b1af232bc48d51f4a2,OS,14,C_end,1,True,0.0
89e01c538ebbb197fda81d378cfb9526161fa6370e6b72b1af232bc48d51f4a2,OS,14,D_pos,1,True,0.0
89e01c538ebbb197fda81d378cfb9526161fa6370e6b72b1af232bc48d51f4a2,OS,18,R_end,1,True,0.0
89e01c538ebbb197fda81d378cfb9526161fa6370e6b72b1af232bc48d51f4a2,OS,18,C_end,1,True,0.0
89e01c538ebbb197fda81d378cfb9526161fa6370e6b72b1af232bc48d51f4a2,OS,18,D_pos,1,True,0.0
89e01c538ebbb197fda81d378cfb9526161fa6370e6b72b1af232bc48d51f4a2,OS,22,R_end,1,True,0.0
89e01c538ebbb197fda81d378cfb9526161fa6370e6b72b1af232bc48d51f4a2,OS,22,C_end,1,True,0.0
89e01c538ebbb197fda81d378cfb9526161fa6370e6b72b1af232bc48d51f4a2,OS,22,D_pos,1,True,0.0
89e01c538ebbb197fda81d378cfb9526161fa6370e6b72b1af232bc48d51f4a2,OS,26,R_end,1,True,0.0
89e01c538ebbb197fda81d378cfb9526161fa6370e6b72b1af232bc48d51f4a2,OS,26,C_end,1,True,0.0
89e01c538ebbb197fda81d378cfb9526161fa6370e6b72b1af232bc48d51f4a2,OS,26,D_pos,1,True,0.0
89e01c538ebbb197fda81d378cfb9526161fa6370e6b72b1af232bc48d51f4a2,SO,14,R_end,1,True,0.0
89e01c538ebbb197fda81d378cfb9526161fa6370e6b72b1af232bc48d51f4a2,SO,14,C_end,1,True,0.0
89e01c538ebbb197fda81d378cfb9526161fa6370e6b72b1af232bc48d51f4a2,SO,14,D_pos,1,True,0.0
89e01c538ebbb197fda81d378cfb9526161fa6370e6b72b1af232bc48d51f4a2,SO,18,R_end,1,True,0.0
89e01c538ebbb197fda81d378cfb9526161fa6370e6b72b1af232bc48d51f4a2,SO,18,C_end,1,True,0.0
89e01c538ebbb197fda81d378cfb9526161fa6370e6b72b1af232bc48d51f4a2,SO,18,D_pos,1,True,0.0
89e01c538ebbb197fda81d378cfb9526161fa6370e6b72b1af232bc48d51f4a2,SO,22,R_end,1,True,0.0
89e01c538ebbb197fda81d378cfb9526161fa6370e6b72b1af232bc48d51f4a2,SO,22,C_end,1,True,0.0
89e01c538ebbb197fda81d378cfb9526161fa6370e6b72b1af232bc48d51f4a2,SO,22,D_pos,1,True,0.0
89e01c538ebbb197fda81d378cfb9526161fa6370e6b72b1af232bc48d51f4a2,SO,26,R_end,1,True,0.0
89e01c538ebbb197fda81d378cfb9526161fa6370e6b72b1af232bc48d51f4a2,SO,26,C_end,1,True,0.0
89e01c538ebbb197fda81d378cfb9526161fa6370e6b72b1af232bc48d51f4a2,SO,26,D_pos,1,True,0.0
89e01c538ebbb197fda81d378cfb9526161fa6370e6b72b1af232bc48d51f4a2,SS,14,R_end,1,True,0.0
89e01c538ebbb197fda81d378cfb9526161fa6370e6b72b1af232bc48d51f4a2,SS,14,C_end,1,True,0.0
89e01c538ebbb197fda81d378cfb9526161fa6370e6b72b1af232bc48d51f4a2,SS,14,D_pos,1,True,0.0
89e01c538ebbb197fda81d378cfb9526161fa6370e6b72b1af232bc48d51f4a2,SS,18,R_end,1,True,0.0
89e01c538ebbb197fda81d378cfb9526161fa6370e6b72b1af232bc48d51f4a2,SS,18,C_end,1,True,0.0
89e01c538ebbb197fda81d378cfb9526161fa6370e6b72b1af232bc48d51f4a2,SS,18,D_pos,1,True,0.0
89e01c538ebbb197fda81d378cfb9526161fa6370e6b72b1af232bc48d51f4a2,SS,22,R_end,1,True,0.0
89e01c538ebbb197fda81d378cfb9526161fa6370e6b72b1af232bc48d51f4a2,SS,22,C_end,1,True,0.0
89e01c538ebbb197fda81d378cfb9526161fa6370e6b72b1af232bc48d51f4a2,SS,22,D_pos,1,True,0.0
89e01c538ebbb197fda81d378cfb9526161fa6370e6b72b1af232bc48d51f4a2,SS,26,R_end,1,True,0.0
89e01c538ebbb197fda81d378cfb9526161fa6370e6b72b1af232bc48d51f4a2,SS,26,C_end,1,True,0.0
89e01c538ebbb197fda81d378cfb9526161fa6370e6b72b1af232bc48d51f4a2,SS,26,D_pos,1,True,0.0
8a997b3cc2c043287907667bd7d69ee45a4c50724967de92fba36f9e4a8076d4,OO,14,R_end,1,True,0.0
8a997b3cc2c043287907667bd7d69ee45a4c50724967de92fba36f9e4a8076d4,OO,14,C_end,1,True,0.0
8a997b3cc2c043287907667bd7d69ee45a4c50724967de92fba36f9e4a8076d4,OO,14,D_pos,1,True,0.0
8a997b3cc2c043287907667bd7d69ee45a4c50724967de92fba36f9e4a8076d4,OO,18,R_end,1,True,0.0
8a997b3cc2c043287907667bd7d69ee45a4c50724967de92fba36f9e4a8076d4,OO,18,C_end,1,True,0.0
8a997b3cc2c043287907667bd7d69ee45a4c50724967de92fba36f9e4a8076d4,OO,18,D_pos,1,True,0.0
8a997b3cc2c043287907667bd7d69ee45a4c50724967de92fba36f9e4a8076d4,OO,22,R_end,1,True,0.0
8a997b3cc2c043287907667bd7d69ee45a4c50724967de92fba36f9e4a8076d4,OO,22,C_end,1,True,0.0
8a997b3cc2c043287907667bd7d69ee45a4c50724967de92fba36f9e4a8076d4,OO,22,D_pos,1,True,0.0
8a997b3cc2c043287907667bd7d69ee45a4c50724967de92fba36f9e4a8076d4,OO,26,R_end,1,True,0.0
8a997b3cc2c043287907667bd7d69ee45a4c50724967de92fba36f9e4a8076d4,OO,26,C_end,1,True,0.0
8a997b3cc2c043287907667bd7d69ee45a4c50724967de92fba36f9e4a8076d4,OO,26,D_pos,1,True,0.0
8a997b3cc2c043287907667bd7d69ee45a4c50724967de92fba36f9e4a8076d4,OS,14,R_end,1,True,0.0
8a997b3cc2c043287907667bd7d69ee45a4c50724967de92fba36f9e4a8076d4,OS,14,C_end,1,True,0.0
8a997b3cc2c043287907667bd7d69ee45a4c50724967de92fba36f9e4a8076d4,OS,14,D_pos,1,True,0.0
8a997b3cc2c043287907667bd7d69ee45a4c50724967de92fba36f9e4a8076d4,OS,18,R_end,1,True,0.0
8a997b3cc2c043287907667bd7d69ee45a4c50724967de92fba36f9e4a8076d4,OS,18,C_end,1,True,0.0
8a997b3cc2c043287907667bd7d69ee45a4c50724967de92fba36f9e4a8076d4,OS,18,D_pos,1,True,0.0
8a997b3cc2c043287907667bd7d69ee45a4c50724967de92fba36f9e4a8076d4,OS,22,R_end,1,True,0.0
8a997b3cc2c043287907667bd7d69ee45a4c50724967de92fba36f9e4a8076d4,OS,22,C_end,1,True,0.0
8a997b3cc2c043287907667bd7d69ee45a4c50724967de92fba36f9e4a8076d4,OS,22,D_pos,1,True,0.0
8a997b3cc2c043287907667bd7d69ee45a4c50724967de92fba36f9e4a8076d4,OS,26,R_end,1,True,0.0
8a997b3cc2c043287907667bd7d69ee45a4c50724967de92fba36f9e4a8076d4,OS,26,C_end,1,True,0.0
8a997b3cc2c043287907667bd7d69ee45a4c50724967de92fba36f9e4a8076d4,OS,26,D_pos,1,True,0.0
8a997b3cc2c043287907667bd7d69ee45a4c50724967de92fba36f9e4a8076d4,SO,14,R_end,1,True,0.0
8a997b3cc2c043287907667bd7d69ee45a4c50724967de92fba36f9e4a8076d4,SO,14,C_end,1,True,0.0
8a997b3cc2c043287907667bd7d69ee45a4c50724967de92fba36f9e4a8076d4,SO,14,D_pos,1,True,0.0
8a997b3cc2c043287907667bd7d69ee45a4c50724967de92fba36f9e4a8076d4,SO,18,R_end,1,True,0.0
8a997b3cc2c043287907667bd7d69ee45a4c50724967de92fba36f9e4a8076d4,SO,18,C_end,1,True,0.0
8a997b3cc2c043287907667bd7d69ee45a4c50724967de92fba36f9e4a8076d4,SO,18,D_pos,1,True,0.0
8a997b3cc2c043287907667bd7d69ee45a4c50724967de92fba36f9e4a8076d4,SO,22,R_end,1,True,0.0
8a997b3cc2c043287907667bd7d69ee45a4c50724967de92fba36f9e4a8076d4,SO,22,C_end,1,True,0.0
8a997b3cc2c043287907667bd7d69ee45a4c50724967de92fba36f9e4a8076d4,SO,22,D_pos,1,True,0.0
8a997b3cc2c043287907667bd7d69ee45a4c50724967de92fba36f9e4a8076d4,SO,26,R_end,1,True,0.0
8a997b3cc2c043287907667bd7d69ee45a4c50724967de92fba36f9e4a8076d4,SO,26,C_end,1,True,0.0
8a997b3cc2c043287907667bd7d69ee45a4c50724967de92fba36f9e4a8076d4,SO,26,D_pos,1,True,0.0
8a997b3cc2c043287907667bd7d69ee45a4c50724967de92fba36f9e4a8076d4,SS,14,R_end,1,True,0.0
8a997b3cc2c043287907667bd7d69ee45a4c50724967de92fba36f9e4a8076d4,SS,14,C_end,1,True,0.0
8a997b3cc2c043287907667bd7d69ee45a4c50724967de92fba36f9e4a8076d4,SS,14,D_pos,1,True,0.0
8a997b3cc2c043287907667bd7d69ee45a4c50724967de92fba36f9e4a8076d4,SS,18,R_end,1,True,0.0
8a997b3cc2c043287907667bd7d69ee45a4c50724967de92fba36f9e4a8076d4,SS,18,C_end,1,True,0.0
8a997b3cc2c043287907667bd7d69ee45a4c50724967de92fba36f9e4a8076d4,SS,18,D_pos,1,True,0.0
8a997b3cc2c043287907667bd7d69ee45a4c50724967de92fba36f9e4a8076d4,SS,22,R_end,1,True,0.0
8a997b3cc2c043287907667bd7d69ee45a4c50724967de92fba36f9e4a8076d4,SS,22,C_end,1,True,0.0
8a997b3cc2c043287907667bd7d69ee45a4c50724967de92fba36f9e4a8076d4,SS,22,D_pos,1,True,0.0
8a997b3cc2c043287907667bd7d69ee45a4c50724967de92fba36f9e4a8076d4,SS,26,R_end,1,True,0.0
8a997b3cc2c043287907667bd7d69ee45a4c50724967de92fba36f9e4a8076d4,SS,26,C_end,1,True,0.0
8a997b3cc2c043287907667bd7d69ee45a4c50724967de92fba36f9e4a8076d4,SS,26,D_pos,1,True,0.0
8c4e292978fa72f89377d47c958fcb532d76bf1fc00a70f9d4e1966f067c29d5,OO,14,R_end,1,True,0.0
8c4e292978fa72f89377d47c958fcb532d76bf1fc00a70f9d4e1966f067c29d5,OO,14,C_end,1,True,0.0
8c4e292978fa72f89377d47c958fcb532d76bf1fc00a70f9d4e1966f067c29d5,OO,14,D_pos,1,True,0.0
8c4e292978fa72f89377d47c958fcb532d76bf1fc00a70f9d4e1966f067c29d5,OO,18,R_end,1,True,0.0
8c4e292978fa72f89377d47c958fcb532d76bf1fc00a70f9d4e1966f067c29d5,OO,18,C_end,1,True,0.0
8c4e292978fa72f89377d47c958fcb532d76bf1fc00a70f9d4e1966f067c29d5,OO,18,D_pos,1,True,0.0
8c4e292978fa72f89377d47c958fcb532d76bf1fc00a70f9d4e1966f067c29d5,OO,22,R_end,1,True,0.0
8c4e292978fa72f89377d47c958fcb532d76bf1fc00a70f9d4e1966f067c29d5,OO,22,C_end,1,True,0.0
8c4e292978fa72f89377d47c958fcb532d76bf1fc00a70f9d4e1966f067c29d5,OO,22,D_pos,1,True,0.0
8c4e292978fa72f89377d47c958fcb532d76bf1fc00a70f9d4e1966f067c29d5,OO,26,R_end,1,True,0.0
8c4e292978fa72f89377d47c958fcb532d76bf1fc00a70f9d4e1966f067c29d5,OO,26,C_end,1,True,0.0
8c4e292978fa72f89377d47c958fcb532d76bf1fc00a70f9d4e1966f067c29d5,OO,26,D_pos,1,True,0.0
8c4e292978fa72f89377d47c958fcb532d76bf1fc00a70f9d4e1966f067c29d5,OS,14,R_end,1,True,0.0
8c4e292978fa72f89377d47c958fcb532d76bf1fc00a70f9d4e1966f067c29d5,OS,14,C_end,1,True,0.0
8c4e292978fa72f89377d47c958fcb532d76bf1fc00a70f9d4e1966f067c29d5,OS,14,D_pos,1,True,0.0
8c4e292978fa72f89377d47c958fcb532d76bf1fc00a70f9d4e1966f067c29d5,OS,18,R_end,1,True,0.0
8c4e292978fa72f89377d47c958fcb532d76bf1fc00a70f9d4e1966f067c29d5,OS,18,C_end,1,True,0.0
8c4e292978fa72f89377d47c958fcb532d76bf1fc00a70f9d4e1966f067c29d5,OS,18,D_pos,1,True,0.0
8c4e292978fa72f89377d47c958fcb532d76bf1fc00a70f9d4e1966f067c29d5,OS,22,R_end,1,True,0.0
8c4e292978fa72f89377d47c958fcb532d76bf1fc00a70f9d4e1966f067c29d5,OS,22,C_end,1,True,0.0
8c4e292978fa72f89377d47c958fcb532d76bf1fc00a70f9d4e1966f067c29d5,OS,22,D_pos,1,True,0.0
8c4e292978fa72f89377d47c958fcb532d76bf1fc00a70f9d4e1966f067c29d5,OS,26,R_end,1,True,0.0
8c4e292978fa72f89377d47c958fcb532d76bf1fc00a70f9d4e1966f067c29d5,OS,26,C_end,1,True,0.0
8c4e292978fa72f89377d47c958fcb532d76bf1fc00a70f9d4e1966f067c29d5,OS,26,D_pos,1,True,0.0
8c4e292978fa72f89377d47c958fcb532d76bf1fc00a70f9d4e1966f067c29d5,SO,14,R_end,1,True,0.0
8c4e292978fa72f89377d47c958fcb532d76bf1fc00a70f9d4e1966f067c29d5,SO,14,C_end,1,True,0.0
8c4e292978fa72f89377d47c958fcb532d76bf1fc00a70f9d4e1966f067c29d5,SO,14,D_pos,1,True,0.0
8c4e292978fa72f89377d47c958fcb532d76bf1fc00a70f9d4e1966f067c29d5,SO,18,R_end,1,True,0.0
8c4e292978fa72f89377d47c958fcb532d76bf1fc00a70f9d4e1966f067c29d5,SO,18,C_end,1,True,0.0
8c4e292978fa72f89377d47c958fcb532d76bf1fc00a70f9d4e1966f067c29d5,SO,18,D_pos,1,True,0.0
8c4e292978fa72f89377d47c958fcb532d76bf1fc00a70f9d4e1966f067c29d5,SO,22,R_end,1,True,0.0
8c4e292978fa72f89377d47c958fcb532d76bf1fc00a70f9d4e1966f067c29d5,SO,22,C_end,1,True,0.0
8c4e292978fa72f89377d47c958fcb532d76bf1fc00a70f9d4e1966f067c29d5,SO,22,D_pos,1,True,0.0
8c4e292978fa72f89377d47c958fcb532d76bf1fc00a70f9d4e1966f067c29d5,SO,26,R_end,1,True,0.0
8c4e292978fa72f89377d47c958fcb532d76bf1fc00a70f9d4e1966f067c29d5,SO,26,C_end,1,True,0.0
8c4e292978fa72f89377d47c958fcb532d76bf1fc00a70f9d4e1966f067c29d5,SO,26,D_pos,1,True,0.0
8c4e292978fa72f89377d47c958fcb532d76bf1fc00a70f9d4e1966f067c29d5,SS,14,R_end,1,True,0.0
8c4e292978fa72f89377d47c958fcb532d76bf1fc00a70f9d4e1966f067c29d5,SS,14,C_end,1,True,0.0
8c4e292978fa72f89377d47c958fcb532d76bf1fc00a70f9d4e1966f067c29d5,SS,14,D_pos,1,True,0.0
8c4e292978fa72f89377d47c958fcb532d76bf1fc00a70f9d4e1966f067c29d5,SS,18,R_end,1,True,0.0
8c4e292978fa72f89377d47c958fcb532d76bf1fc00a70f9d4e1966f067c29d5,SS,18,C_end,1,True,0.0
8c4e292978fa72f89377d47c958fcb532d76bf1fc00a70f9d4e1966f067c29d5,SS,18,D_pos,1,True,0.0
8c4e292978fa72f89377d47c958fcb532d76bf1fc00a70f9d4e1966f067c29d5,SS,22,R_end,1,True,0.0
8c4e292978fa72f89377d47c958fcb532d76bf1fc00a70f9d4e1966f067c29d5,SS,22,C_end,1,True,0.0
8c4e292978fa72f89377d47c958fcb532d76bf1fc00a70f9d4e1966f067c29d5,SS,22,D_pos,1,True,0.0
8c4e292978fa72f89377d47c958fcb532d76bf1fc00a70f9d4e1966f067c29d5,SS,26,R_end,1,True,0.0
8c4e292978fa72f89377d47c958fcb532d76bf1fc00a70f9d4e1966f067c29d5,SS,26,C_end,1,True,0.0
8c4e292978fa72f89377d47c958fcb532d76bf1fc00a70f9d4e1966f067c29d5,SS,26,D_pos,1,True,0.0
8e63f950b177c6f1acee25e35005d2a081fbdc51abe07d934642ad1e7b23256b,OO,14,R_end,1,True,0.0
8e63f950b177c6f1acee25e35005d2a081fbdc51abe07d934642ad1e7b23256b,OO,14,C_end,1,True,0.0
8e63f950b177c6f1acee25e35005d2a081fbdc51abe07d934642ad1e7b23256b,OO,14,D_pos,1,True,0.0
8e63f950b177c6f1acee25e35005d2a081fbdc51abe07d934642ad1e7b23256b,OO,18,R_end,1,True,0.0
8e63f950b177c6f1acee25e35005d2a081fbdc51abe07d934642ad1e7b23256b,OO,18,C_end,1,True,0.0
8e63f950b177c6f1acee25e35005d2a081fbdc51abe07d934642ad1e7b23256b,OO,18,D_pos,1,True,0.0
8e63f950b177c6f1acee25e35005d2a081fbdc51abe07d934642ad1e7b23256b,OO,22,R_end,1,True,0.0
8e63f950b177c6f1acee25e35005d2a081fbdc51abe07d934642ad1e7b23256b,OO,22,C_end,1,True,0.0
8e63f950b177c6f1acee25e35005d2a081fbdc51abe07d934642ad1e7b23256b,OO,22,D_pos,1,True,0.0
8e63f950b177c6f1acee25e35005d2a081fbdc51abe07d934642ad1e7b23256b,OO,26,R_end,1,True,0.0
8e63f950b177c6f1acee25e35005d2a081fbdc51abe07d934642ad1e7b23256b,OO,26,C_end,1,True,0.0
8e63f950b177c6f1acee25e35005d2a081fbdc51abe07d934642ad1e7b23256b,OO,26,D_pos,1,True,0.0
8e63f950b177c6f1acee25e35005d2a081fbdc51abe07d934642ad1e7b23256b,OS,14,R_end,1,True,0.0
8e63f950b177c6f1acee25e35005d2a081fbdc51abe07d934642ad1e7b23256b,OS,14,C_end,1,True,0.0
8e63f950b177c6f1acee25e35005d2a081fbdc51abe07d934642ad1e7b23256b,OS,14,D_pos,1,True,0.0
8e63f950b177c6f1acee25e35005d2a081fbdc51abe07d934642ad1e7b23256b,OS,18,R_end,1,True,0.0
8e63f950b177c6f1acee25e35005d2a081fbdc51abe07d934642ad1e7b23256b,OS,18,C_end,1,True,0.0
8e63f950b177c6f1acee25e35005d2a081fbdc51abe07d934642ad1e7b23256b,OS,18,D_pos,1,True,0.0
8e63f950b177c6f1acee25e35005d2a081fbdc51abe07d934642ad1e7b23256b,OS,22,R_end,1,True,0.0
8e63f950b177c6f1acee25e35005d2a081fbdc51abe07d934642ad1e7b23256b,OS,22,C_end,1,True,0.0
8e63f950b177c6f1acee25e35005d2a081fbdc51abe07d934642ad1e7b23256b,OS,22,D_pos,1,True,0.0
8e63f950b177c6f1acee25e35005d2a081fbdc51abe07d934642ad1e7b23256b,OS,26,R_end,1,True,0.0
8e63f950b177c6f1acee25e35005d2a081fbdc51abe07d934642ad1e7b23256b,OS,26,C_end,1,True,0.0
8e63f950b177c6f1acee25e35005d2a081fbdc51abe07d934642ad1e7b23256b,OS,26,D_pos,1,True,0.0
8e63f950b177c6f1acee25e35005d2a081fbdc51abe07d934642ad1e7b23256b,SO,14,R_end,1,True,0.0
8e63f950b177c6f1acee25e35005d2a081fbdc51abe07d934642ad1e7b23256b,SO,14,C_end,1,True,0.0
8e63f950b177c6f1acee25e35005d2a081fbdc51abe07d934642ad1e7b23256b,SO,14,D_pos,1,True,0.0
8e63f950b177c6f1acee25e35005d2a081fbdc51abe07d934642ad1e7b23256b,SO,18,R_end,1,True,0.0
8e63f950b177c6f1acee25e35005d2a081fbdc51abe07d934642ad1e7b23256b,SO,18,C_end,1,True,0.0
8e63f950b177c6f1acee25e35005d2a081fbdc51abe07d934642ad1e7b23256b,SO,18,D_pos,1,True,0.0
8e63f950b177c6f1acee25e35005d2a081fbdc51abe07d934642ad1e7b23256b,SO,22,R_end,1,True,0.0
8e63f950b177c6f1acee25e35005d2a081fbdc51abe07d934642ad1e7b23256b,SO,22,C_end,1,True,0.0
8e63f950b177c6f1acee25e35005d2a081fbdc51abe07d934642ad1e7b23256b,SO,22,D_pos,1,True,0.0
8e63f950b177c6f1acee25e35005d2a081fbdc51abe07d934642ad1e7b23256b,SO,26,R_end,1,True,0.0
8e63f950b177c6f1acee25e35005d2a081fbdc51abe07d934642ad1e7b23256b,SO,26,C_end,1,True,0.0
8e63f950b177c6f1acee25e35005d2a081fbdc51abe07d934642ad1e7b23256b,SO,26,D_pos,1,True,0.0
8e63f950b177c6f1acee25e35005d2a081fbdc51abe07d934642ad1e7b23256b,SS,14,R_end,1,True,0.0
8e63f950b177c6f1acee25e35005d2a081fbdc51abe07d934642ad1e7b23256b,SS,14,C_end,1,True,0.0
8e63f950b177c6f1acee25e35005d2a081fbdc51abe07d934642ad1e7b23256b,SS,14,D_pos,1,True,0.0
8e63f950b177c6f1acee25e35005d2a081fbdc51abe07d934642ad1e7b23256b,SS,18,R_end,1,True,0.0
8e63f950b177c6f1acee25e35005d2a081fbdc51abe07d934642ad1e7b23256b,SS,18,C_end,1,True,0.0
8e63f950b177c6f1acee25e35005d2a081fbdc51abe07d934642ad1e7b23256b,SS,18,D_pos,1,True,0.0
8e63f950b177c6f1acee25e35005d2a081fbdc51abe07d934642ad1e7b23256b,SS,22,R_end,1,True,0.0
8e63f950b177c6f1acee25e35005d2a081fbdc51abe07d934642ad1e7b23256b,SS,22,C_end,1,True,0.0
8e63f950b177c6f1acee25e35005d2a081fbdc51abe07d934642ad1e7b23256b,SS,22,D_pos,1,True,0.0
8e63f950b177c6f1acee25e35005d2a081fbdc51abe07d934642ad1e7b23256b,SS,26,R_end,1,True,0.0
8e63f950b177c6f1acee25e35005d2a081fbdc51abe07d934642ad1e7b23256b,SS,26,C_end,1,True,0.0
8e63f950b177c6f1acee25e35005d2a081fbdc51abe07d934642ad1e7b23256b,SS,26,D_pos,1,True,0.0
8fce14c379feba472876fb2aa26bac14c2f1373c3764020af2347decdd813f21,OO,14,R_end,1,True,0.0
8fce14c379feba472876fb2aa26bac14c2f1373c3764020af2347decdd813f21,OO,14,C_end,1,True,0.0
8fce14c379feba472876fb2aa26bac14c2f1373c3764020af2347decdd813f21,OO,14,D_pos,1,True,0.0
8fce14c379feba472876fb2aa26bac14c2f1373c3764020af2347decdd813f21,OO,18,R_end,1,True,0.0
8fce14c379feba472876fb2aa26bac14c2f1373c3764020af2347decdd813f21,OO,18,C_end,1,True,0.0
8fce14c379feba472876fb2aa26bac14c2f1373c3764020af2347decdd813f21,OO,18,D_pos,1,True,0.0
8fce14c379feba472876fb2aa26bac14c2f1373c3764020af2347decdd813f21,OO,22,R_end,1,True,0.0
8fce14c379feba472876fb2aa26bac14c2f1373c3764020af2347decdd813f21,OO,22,C_end,1,True,0.0
8fce14c379feba472876fb2aa26bac14c2f1373c3764020af2347decdd813f21,OO,22,D_pos,1,True,0.0
8fce14c379feba472876fb2aa26bac14c2f1373c3764020af2347decdd813f21,OO,26,R_end,1,True,0.0
8fce14c379feba472876fb2aa26bac14c2f1373c3764020af2347decdd813f21,OO,26,C_end,1,True,0.0
8fce14c379feba472876fb2aa26bac14c2f1373c3764020af2347decdd813f21,OO,26,D_pos,1,True,0.0
8fce14c379feba472876fb2aa26bac14c2f1373c3764020af2347decdd813f21,OS,14,R_end,1,True,0.0
8fce14c379feba472876fb2aa26bac14c2f1373c3764020af2347decdd813f21,OS,14,C_end,1,True,0.0
8fce14c379feba472876fb2aa26bac14c2f1373c3764020af2347decdd813f21,OS,14,D_pos,1,True,0.0
8fce14c379feba472876fb2aa26bac14c2f1373c3764020af2347decdd813f21,OS,18,R_end,1,True,0.0
8fce14c379feba472876fb2aa26bac14c2f1373c3764020af2347decdd813f21,OS,18,C_end,1,True,0.0
8fce14c379feba472876fb2aa26bac14c2f1373c3764020af2347decdd813f21,OS,18,D_pos,1,True,0.0
8fce14c379feba472876fb2aa26bac14c2f1373c3764020af2347decdd813f21,OS,22,R_end,1,True,0.0
8fce14c379feba472876fb2aa26bac14c2f1373c3764020af2347decdd813f21,OS,22,C_end,1,True,0.0
8fce14c379feba472876fb2aa26bac14c2f1373c3764020af2347decdd813f21,OS,22,D_pos,1,True,0.0
8fce14c379feba472876fb2aa26bac14c2f1373c3764020af2347decdd813f21,OS,26,R_end,1,True,0.0
8fce14c379feba472876fb2aa26bac14c2f1373c3764020af2347decdd813f21,OS,26,C_end,1,True,0.0
8fce14c379feba472876fb2aa26bac14c2f1373c3764020af2347decdd813f21,OS,26,D_pos,1,True,0.0
8fce14c379feba472876fb2aa26bac14c2f1373c3764020af2347decdd813f21,SO,14,R_end,1,True,0.0
8fce14c379feba472876fb2aa26bac14c2f1373c3764020af2347decdd813f21,SO,14,C_end,1,True,0.0
8fce14c379feba472876fb2aa26bac14c2f1373c3764020af2347decdd813f21,SO,14,D_pos,1,True,0.0
8fce14c379feba472876fb2aa26bac14c2f1373c3764020af2347decdd813f21,SO,18,R_end,1,True,0.0
8fce14c379feba472876fb2aa26bac14c2f1373c3764020af2347decdd813f21,SO,18,C_end,1,True,0.0
8fce14c379feba472876fb2aa26bac14c2f1373c3764020af2347decdd813f21,SO,18,D_pos,1,True,0.0
8fce14c379feba472876fb2aa26bac14c2f1373c3764020af2347decdd813f21,SO,22,R_end,1,True,0.0
8fce14c379feba472876fb2aa26bac14c2f1373c3764020af2347decdd813f21,SO,22,C_end,1,True,0.0
8fce14c379feba472876fb2aa26bac14c2f1373c3764020af2347decdd813f21,SO,22,D_pos,1,True,0.0
8fce14c379feba472876fb2aa26bac14c2f1373c3764020af2347decdd813f21,SO,26,R_end,1,True,0.0
8fce14c379feba472876fb2aa26bac14c2f1373c3764020af2347decdd813f21,SO,26,C_end,1,True,0.0
8fce14c379feba472876fb2aa26bac14c2f1373c3764020af2347decdd813f21,SO,26,D_pos,1,True,0.0
8fce14c379feba472876fb2aa26bac14c2f1373c3764020af2347decdd813f21,SS,14,R_end,1,True,0.0
8fce14c379feba472876fb2aa26bac14c2f1373c3764020af2347decdd813f21,SS,14,C_end,1,True,0.0
8fce14c379feba472876fb2aa26bac14c2f1373c3764020af2347decdd813f21,SS,14,D_pos,1,True,0.0
8fce14c379feba472876fb2aa26bac14c2f1373c3764020af2347decdd813f21,SS,18,R_end,1,True,0.0
8fce14c379feba472876fb2aa26bac14c2f1373c3764020af2347decdd813f21,SS,18,C_end,1,True,0.0
8fce14c379feba472876fb2aa26bac14c2f1373c3764020af2347decdd813f21,SS,18,D_pos,1,True,0.0
8fce14c379feba472876fb2aa26bac14c2f1373c3764020af2347decdd813f21,SS,22,R_end,1,True,0.0
8fce14c379feba472876fb2aa26bac14c2f1373c3764020af2347decdd813f21,SS,22,C_end,1,True,0.0
8fce14c379feba472876fb2aa26bac14c2f1373c3764020af2347decdd813f21,SS,22,D_pos,1,True,0.0
8fce14c379feba472876fb2aa26bac14c2f1373c3764020af2347decdd813f21,SS,26,R_end,1,True,0.0
8fce14c379feba472876fb2aa26bac14c2f1373c3764020af2347decdd813f21,SS,26,C_end,1,True,0.0
8fce14c379feba472876fb2aa26bac14c2f1373c3764020af2347decdd813f21,SS,26,D_pos,1,True,0.0
9015a63195c2e27cd74439ad9d40649115256058f8218ba88e280ff140087102,OO,14,R_end,1,True,0.0
9015a63195c2e27cd74439ad9d40649115256058f8218ba88e280ff140087102,OO,14,C_end,1,True,0.0
9015a63195c2e27cd74439ad9d40649115256058f8218ba88e280ff140087102,OO,14,D_pos,1,True,0.0
9015a63195c2e27cd74439ad9d40649115256058f8218ba88e280ff140087102,OO,18,R_end,1,True,0.0
9015a63195c2e27cd74439ad9d40649115256058f8218ba88e280ff140087102,OO,18,C_end,1,True,0.0
9015a63195c2e27cd74439ad9d40649115256058f8218ba88e280ff140087102,OO,18,D_pos,1,True,0.0
9015a63195c2e27cd74439ad9d40649115256058f8218ba88e280ff140087102,OO,22,R_end,1,True,0.0
9015a63195c2e27cd74439ad9d40649115256058f8218ba88e280ff140087102,OO,22,C_end,1,True,0.0
9015a63195c2e27cd74439ad9d40649115256058f8218ba88e280ff140087102,OO,22,D_pos,1,True,0.0
9015a63195c2e27cd74439ad9d40649115256058f8218ba88e280ff140087102,OO,26,R_end,1,True,0.0
9015a63195c2e27cd74439ad9d40649115256058f8218ba88e280ff140087102,OO,26,C_end,1,True,0.0
9015a63195c2e27cd74439ad9d40649115256058f8218ba88e280ff140087102,OO,26,D_pos,1,True,0.0
9015a63195c2e27cd74439ad9d40649115256058f8218ba88e280ff140087102,OS,14,R_end,1,True,0.0
9015a63195c2e27cd74439ad9d40649115256058f8218ba88e280ff140087102,OS,14,C_end,1,True,0.0
9015a63195c2e27cd74439ad9d40649115256058f8218ba88e280ff140087102,OS,14,D_pos,1,True,0.0
9015a63195c2e27cd74439ad9d40649115256058f8218ba88e280ff140087102,OS,18,R_end,1,True,0.0
9015a63195c2e27cd74439ad9d40649115256058f8218ba88e280ff140087102,OS,18,C_end,1,True,0.0
9015a63195c2e27cd74439ad9d40649115256058f8218ba88e280ff140087102,OS,18,D_pos,1,True,0.0
9015a63195c2e27cd74439ad9d40649115256058f8218ba88e280ff140087102,OS,22,R_end,1,True,0.0
9015a63195c2e27cd74439ad9d40649115256058f8218ba88e280ff140087102,OS,22,C_end,1,True,0.0
9015a63195c2e27cd74439ad9d40649115256058f8218ba88e280ff140087102,OS,22,D_pos,1,True,0.0
9015a63195c2e27cd74439ad9d40649115256058f8218ba88e280ff140087102,OS,26,R_end,1,True,0.0
9015a63195c2e27cd74439ad9d40649115256058f8218ba88e280ff140087102,OS,26,C_end,1,True,0.0
9015a63195c2e27cd74439ad9d40649115256058f8218ba88e280ff140087102,OS,26,D_pos,1,True,0.0
9015a63195c2e27cd74439ad9d40649115256058f8218ba88e280ff140087102,SO,14,R_end,1,True,0.0
9015a63195c2e27cd74439ad9d40649115256058f8218ba88e280ff140087102,SO,14,C_end,1,True,0.0
9015a63195c2e27cd74439ad9d40649115256058f8218ba88e280ff140087102,SO,14,D_pos,1,True,0.0
9015a63195c2e27cd74439ad9d40649115256058f8218ba88e280ff140087102,SO,18,R_end,1,True,0.0
9015a63195c2e27cd74439ad9d40649115256058f8218ba88e280ff140087102,SO,18,C_end,1,True,0.0
9015a63195c2e27cd74439ad9d40649115256058f8218ba88e280ff140087102,SO,18,D_pos,1,True,0.0
9015a63195c2e27cd74439ad9d40649115256058f8218ba88e280ff140087102,SO,22,R_end,1,True,0.0
9015a63195c2e27cd74439ad9d40649115256058f8218ba88e280ff140087102,SO,22,C_end,1,True,0.0
9015a63195c2e27cd74439ad9d40649115256058f8218ba88e280ff140087102,SO,22,D_pos,1,True,0.0
9015a63195c2e27cd74439ad9d40649115256058f8218ba88e280ff140087102,SO,26,R_end,1,True,0.0
9015a63195c2e27cd74439ad9d40649115256058f8218ba88e280ff140087102,SO,26,C_end,1,True,0.0
9015a63195c2e27cd74439ad9d40649115256058f8218ba88e280ff140087102,SO,26,D_pos,1,True,0.0
9015a63195c2e27cd74439ad9d40649115256058f8218ba88e280ff140087102,SS,14,R_end,1,True,0.0
9015a63195c2e27cd74439ad9d40649115256058f8218ba88e280ff140087102,SS,14,C_end,1,True,0.0
9015a63195c2e27cd74439ad9d40649115256058f8218ba88e280ff140087102,SS,14,D_pos,1,True,0.0
9015a63195c2e27cd74439ad9d40649115256058f8218ba88e280ff140087102,SS,18,R_end,1,True,0.0
9015a63195c2e27cd74439ad9d40649115256058f8218ba88e280ff140087102,SS,18,C_end,1,True,0.0
9015a63195c2e27cd74439ad9d40649115256058f8218ba88e280ff140087102,SS,18,D_pos,1,True,0.0
9015a63195c2e27cd74439ad9d40649115256058f8218ba88e280ff140087102,SS,22,R_end,1,True,0.0
9015a63195c2e27cd74439ad9d40649115256058f8218ba88e280ff140087102,SS,22,C_end,1,True,0.0
9015a63195c2e27cd74439ad9d40649115256058f8218ba88e280ff140087102,SS,22,D_pos,1,True,0.0
9015a63195c2e27cd74439ad9d40649115256058f8218ba88e280ff140087102,SS,26,R_end,1,True,0.0
9015a63195c2e27cd74439ad9d40649115256058f8218ba88e280ff140087102,SS,26,C_end,1,True,0.0
9015a63195c2e27cd74439ad9d40649115256058f8218ba88e280ff140087102,SS,26,D_pos,1,True,0.0
9272c3b8d12a64ff6030063a0a5ddeb2ebac32976a533c022723bb2a8743d4d2,OO,14,R_end,1,True,0.0
9272c3b8d12a64ff6030063a0a5ddeb2ebac32976a533c022723bb2a8743d4d2,OO,14,C_end,1,True,0.0
9272c3b8d12a64ff6030063a0a5ddeb2ebac32976a533c022723bb2a8743d4d2,OO,14,D_pos,1,True,0.0
9272c3b8d12a64ff6030063a0a5ddeb2ebac32976a533c022723bb2a8743d4d2,OO,18,R_end,1,True,0.0
9272c3b8d12a64ff6030063a0a5ddeb2ebac32976a533c022723bb2a8743d4d2,OO,18,C_end,1,True,0.0
9272c3b8d12a64ff6030063a0a5ddeb2ebac32976a533c022723bb2a8743d4d2,OO,18,D_pos,1,True,0.0
9272c3b8d12a64ff6030063a0a5ddeb2ebac32976a533c022723bb2a8743d4d2,OO,22,R_end,1,True,0.0
9272c3b8d12a64ff6030063a0a5ddeb2ebac32976a533c022723bb2a8743d4d2,OO,22,C_end,1,True,0.0
9272c3b8d12a64ff6030063a0a5ddeb2ebac32976a533c022723bb2a8743d4d2,OO,22,D_pos,1,True,0.0
9272c3b8d12a64ff6030063a0a5ddeb2ebac32976a533c022723bb2a8743d4d2,OO,26,R_end,1,True,0.0
9272c3b8d12a64ff6030063a0a5ddeb2ebac32976a533c022723bb2a8743d4d2,OO,26,C_end,1,True,0.0
9272c3b8d12a64ff6030063a0a5ddeb2ebac32976a533c022723bb2a8743d4d2,OO,26,D_pos,1,True,0.0
9272c3b8d12a64ff6030063a0a5ddeb2ebac32976a533c022723bb2a8743d4d2,OS,14,R_end,1,True,0.0
9272c3b8d12a64ff6030063a0a5ddeb2ebac32976a533c022723bb2a8743d4d2,OS,14,C_end,1,True,0.0
9272c3b8d12a64ff6030063a0a5ddeb2ebac32976a533c022723bb2a8743d4d2,OS,14,D_pos,1,True,0.0
9272c3b8d12a64ff6030063a0a5ddeb2ebac32976a533c022723bb2a8743d4d2,OS,18,R_end,1,True,0.0
9272c3b8d12a64ff6030063a0a5ddeb2ebac32976a533c022723bb2a8743d4d2,OS,18,C_end,1,True,0.0
9272c3b8d12a64ff6030063a0a5ddeb2ebac32976a533c022723bb2a8743d4d2,OS,18,D_pos,1,True,0.0
9272c3b8d12a64ff6030063a0a5ddeb2ebac32976a533c022723bb2a8743d4d2,OS,22,R_end,1,True,0.0
9272c3b8d12a64ff6030063a0a5ddeb2ebac32976a533c022723bb2a8743d4d2,OS,22,C_end,1,True,0.0
9272c3b8d12a64ff6030063a0a5ddeb2ebac32976a533c022723bb2a8743d4d2,OS,22,D_pos,1,True,0.0
9272c3b8d12a64ff6030063a0a5ddeb2ebac32976a533c022723bb2a8743d4d2,OS,26,R_end,1,True,0.0
9272c3b8d12a64ff6030063a0a5ddeb2ebac32976a533c022723bb2a8743d4d2,OS,26,C_end,1,True,0.0
9272c3b8d12a64ff6030063a0a5ddeb2ebac32976a533c022723bb2a8743d4d2,OS,26,D_pos,1,True,0.0
9272c3b8d12a64ff6030063a0a5ddeb2ebac32976a533c022723bb2a8743d4d2,SO,14,R_end,1,True,0.0
9272c3b8d12a64ff6030063a0a5ddeb2ebac32976a533c022723bb2a8743d4d2,SO,14,C_end,1,True,0.0
9272c3b8d12a64ff6030063a0a5ddeb2ebac32976a533c022723bb2a8743d4d2,SO,14,D_pos,1,True,0.0
9272c3b8d12a64ff6030063a0a5ddeb2ebac32976a533c022723bb2a8743d4d2,SO,18,R_end,1,True,0.0
9272c3b8d12a64ff6030063a0a5ddeb2ebac32976a533c022723bb2a8743d4d2,SO,18,C_end,1,True,0.0
9272c3b8d12a64ff6030063a0a5ddeb2ebac32976a533c022723bb2a8743d4d2,SO,18,D_pos,1,True,0.0
9272c3b8d12a64ff6030063a0a5ddeb2ebac32976a533c022723bb2a8743d4d2,SO,22,R_end,1,True,0.0
9272c3b8d12a64ff6030063a0a5ddeb2ebac32976a533c022723bb2a8743d4d2,SO,22,C_end,1,True,0.0
9272c3b8d12a64ff6030063a0a5ddeb2ebac32976a533c022723bb2a8743d4d2,SO,22,D_pos,1,True,0.0
9272c3b8d12a64ff6030063a0a5ddeb2ebac32976a533c022723bb2a8743d4d2,SO,26,R_end,1,True,0.0
9272c3b8d12a64ff6030063a0a5ddeb2ebac32976a533c022723bb2a8743d4d2,SO,26,C_end,1,True,0.0
9272c3b8d12a64ff6030063a0a5ddeb2ebac32976a533c022723bb2a8743d4d2,SO,26,D_pos,1,True,0.0
9272c3b8d12a64ff6030063a0a5ddeb2ebac32976a533c022723bb2a8743d4d2,SS,14,R_end,1,True,0.0
9272c3b8d12a64ff6030063a0a5ddeb2ebac32976a533c022723bb2a8743d4d2,SS,14,C_end,1,True,0.0
9272c3b8d12a64ff6030063a0a5ddeb2ebac32976a533c022723bb2a8743d4d2,SS,14,D_pos,1,True,0.0
9272c3b8d12a64ff6030063a0a5ddeb2ebac32976a533c022723bb2a8743d4d2,SS,18,R_end,1,True,0.0
9272c3b8d12a64ff6030063a0a5ddeb2ebac32976a533c022723bb2a8743d4d2,SS,18,C_end,1,True,0.0
9272c3b8d12a64ff6030063a0a5ddeb2ebac32976a533c022723bb2a8743d4d2,SS,18,D_pos,1,True,0.0
9272c3b8d12a64ff6030063a0a5ddeb2ebac32976a533c022723bb2a8743d4d2,SS,22,R_end,1,True,0.0
9272c3b8d12a64ff6030063a0a5ddeb2ebac32976a533c022723bb2a8743d4d2,SS,22,C_end,1,True,0.0
9272c3b8d12a64ff6030063a0a5ddeb2ebac32976a533c022723bb2a8743d4d2,SS,22,D_pos,1,True,0.0
9272c3b8d12a64ff6030063a0a5ddeb2ebac32976a533c022723bb2a8743d4d2,SS,26,R_end,1,True,0.0
9272c3b8d12a64ff6030063a0a5ddeb2ebac32976a533c022723bb2a8743d4d2,SS,26,C_end,1,True,0.0
9272c3b8d12a64ff6030063a0a5ddeb2ebac32976a533c022723bb2a8743d4d2,SS,26,D_pos,1,True,0.0
92aafe1dda864da442bd8a0884ef9728e8135620225fa175ec14144edffec931,OO,14,R_end,1,True,0.0
92aafe1dda864da442bd8a0884ef9728e8135620225fa175ec14144edffec931,OO,14,C_end,1,True,0.0
92aafe1dda864da442bd8a0884ef9728e8135620225fa175ec14144edffec931,OO,14,D_pos,1,True,0.0
92aafe1dda864da442bd8a0884ef9728e8135620225fa175ec14144edffec931,OO,18,R_end,1,True,0.0
92aafe1dda864da442bd8a0884ef9728e8135620225fa175ec14144edffec931,OO,18,C_end,1,True,0.0
92aafe1dda864da442bd8a0884ef9728e8135620225fa175ec14144edffec931,OO,18,D_pos,1,True,0.0
92aafe1dda864da442bd8a0884ef9728e8135620225fa175ec14144edffec931,OO,22,R_end,1,True,0.0
92aafe1dda864da442bd8a0884ef9728e8135620225fa175ec14144edffec931,OO,22,C_end,1,True,0.0
92aafe1dda864da442bd8a0884ef9728e8135620225fa175ec14144edffec931,OO,22,D_pos,1,True,0.0
92aafe1dda864da442bd8a0884ef9728e8135620225fa175ec14144edffec931,OO,26,R_end,1,True,0.0
92aafe1dda864da442bd8a0884ef9728e8135620225fa175ec14144edffec931,OO,26,C_end,1,True,0.0
92aafe1dda864da442bd8a0884ef9728e8135620225fa175ec14144edffec931,OO,26,D_pos,1,True,0.0
92aafe1dda864da442bd8a0884ef9728e8135620225fa175ec14144edffec931,OS,14,R_end,1,True,0.0
92aafe1dda864da442bd8a0884ef9728e8135620225fa175ec14144edffec931,OS,14,C_end,1,True,0.0
92aafe1dda864da442bd8a0884ef9728e8135620225fa175ec14144edffec931,OS,14,D_pos,1,True,0.0
92aafe1dda864da442bd8a0884ef9728e8135620225fa175ec14144edffec931,OS,18,R_end,1,True,0.0
92aafe1dda864da442bd8a0884ef9728e8135620225fa175ec14144edffec931,OS,18,C_end,1,True,0.0
92aafe1dda864da442bd8a0884ef9728e8135620225fa175ec14144edffec931,OS,18,D_pos,1,True,0.0
92aafe1dda864da442bd8a0884ef9728e8135620225fa175ec14144edffec931,OS,22,R_end,1,True,0.0
92aafe1dda864da442bd8a0884ef9728e8135620225fa175ec14144edffec931,OS,22,C_end,1,True,0.0
92aafe1dda864da442bd8a0884ef9728e8135620225fa175ec14144edffec931,OS,22,D_pos,1,True,0.0
92aafe1dda864da442bd8a0884ef9728e8135620225fa175ec14144edffec931,OS,26,R_end,1,True,0.0
92aafe1dda864da442bd8a0884ef9728e8135620225fa175ec14144edffec931,OS,26,C_end,1,True,0.0
92aafe1dda864da442bd8a0884ef9728e8135620225fa175ec14144edffec931,OS,26,D_pos,1,True,0.0
92aafe1dda864da442bd8a0884ef9728e8135620225fa175ec14144edffec931,SO,14,R_end,1,True,0.0
92aafe1dda864da442bd8a0884ef9728e8135620225fa175ec14144edffec931,SO,14,C_end,1,True,0.0
92aafe1dda864da442bd8a0884ef9728e8135620225fa175ec14144edffec931,SO,14,D_pos,1,True,0.0
92aafe1dda864da442bd8a0884ef9728e8135620225fa175ec14144edffec931,SO,18,R_end,1,True,0.0
92aafe1dda864da442bd8a0884ef9728e8135620225fa175ec14144edffec931,SO,18,C_end,1,True,0.0
92aafe1dda864da442bd8a0884ef9728e8135620225fa175ec14144edffec931,SO,18,D_pos,1,True,0.0
92aafe1dda864da442bd8a0884ef9728e8135620225fa175ec14144edffec931,SO,22,R_end,1,True,0.0
92aafe1dda864da442bd8a0884ef9728e8135620225fa175ec14144edffec931,SO,22,C_end,1,True,0.0
92aafe1dda864da442bd8a0884ef9728e8135620225fa175ec14144edffec931,SO,22,D_pos,1,True,0.0
92aafe1dda864da442bd8a0884ef9728e8135620225fa175ec14144edffec931,SO,26,R_end,1,True,0.0
92aafe1dda864da442bd8a0884ef9728e8135620225fa175ec14144edffec931,SO,26,C_end,1,True,0.0
92aafe1dda864da442bd8a0884ef9728e8135620225fa175ec14144edffec931,SO,26,D_pos,1,True,0.0
92aafe1dda864da442bd8a0884ef9728e8135620225fa175ec14144edffec931,SS,14,R_end,1,True,0.0
92aafe1dda864da442bd8a0884ef9728e8135620225fa175ec14144edffec931,SS,14,C_end,1,True,0.0
92aafe1dda864da442bd8a0884ef9728e8135620225fa175ec14144edffec931,SS,14,D_pos,1,True,0.0
92aafe1dda864da442bd8a0884ef9728e8135620225fa175ec14144edffec931,SS,18,R_end,1,True,0.0
92aafe1dda864da442bd8a0884ef9728e8135620225fa175ec14144edffec931,SS,18,C_end,1,True,0.0
92aafe1dda864da442bd8a0884ef9728e8135620225fa175ec14144edffec931,SS,18,D_pos,1,True,0.0
92aafe1dda864da442bd8a0884ef9728e8135620225fa175ec14144edffec931,SS,22,R_end,1,True,0.0
92aafe1dda864da442bd8a0884ef9728e8135620225fa175ec14144edffec931,SS,22,C_end,1,True,0.0
92aafe1dda864da442bd8a0884ef9728e8135620225fa175ec14144edffec931,SS,22,D_pos,1,True,0.0
92aafe1dda864da442bd8a0884ef9728e8135620225fa175ec14144edffec931,SS,26,R_end,1,True,0.0
92aafe1dda864da442bd8a0884ef9728e8135620225fa175ec14144edffec931,SS,26,C_end,1,True,0.0
92aafe1dda864da442bd8a0884ef9728e8135620225fa175ec14144edffec931,SS,26,D_pos,1,True,0.0
955271f457a865b6538de58e05ec976217c17a96cc31ccb2c72e86fe77e6cce0,OO,14,R_end,1,True,0.0
955271f457a865b6538de58e05ec976217c17a96cc31ccb2c72e86fe77e6cce0,OO,14,C_end,1,True,0.0
955271f457a865b6538de58e05ec976217c17a96cc31ccb2c72e86fe77e6cce0,OO,14,D_pos,1,True,0.0
955271f457a865b6538de58e05ec976217c17a96cc31ccb2c72e86fe77e6cce0,OO,18,R_end,1,True,0.0
955271f457a865b6538de58e05ec976217c17a96cc31ccb2c72e86fe77e6cce0,OO,18,C_end,1,True,0.0
955271f457a865b6538de58e05ec976217c17a96cc31ccb2c72e86fe77e6cce0,OO,18,D_pos,1,True,0.0
955271f457a865b6538de58e05ec976217c17a96cc31ccb2c72e86fe77e6cce0,OO,22,R_end,1,True,0.0
955271f457a865b6538de58e05ec976217c17a96cc31ccb2c72e86fe77e6cce0,OO,22,C_end,1,True,0.0
955271f457a865b6538de58e05ec976217c17a96cc31ccb2c72e86fe77e6cce0,OO,22,D_pos,1,True,0.0
955271f457a865b6538de58e05ec976217c17a96cc31ccb2c72e86fe77e6cce0,OO,26,R_end,1,True,0.0
955271f457a865b6538de58e05ec976217c17a96cc31ccb2c72e86fe77e6cce0,OO,26,C_end,1,True,0.0
955271f457a865b6538de58e05ec976217c17a96cc31ccb2c72e86fe77e6cce0,OO,26,D_pos,1,True,0.0
955271f457a865b6538de58e05ec976217c17a96cc31ccb2c72e86fe77e6cce0,OS,14,R_end,1,True,0.0
955271f457a865b6538de58e05ec976217c17a96cc31ccb2c72e86fe77e6cce0,OS,14,C_end,1,True,0.0
955271f457a865b6538de58e05ec976217c17a96cc31ccb2c72e86fe77e6cce0,OS,14,D_pos,1,True,0.0
955271f457a865b6538de58e05ec976217c17a96cc31ccb2c72e86fe77e6cce0,OS,18,R_end,1,True,0.0
955271f457a865b6538de58e05ec976217c17a96cc31ccb2c72e86fe77e6cce0,OS,18,C_end,1,True,0.0
955271f457a865b6538de58e05ec976217c17a96cc31ccb2c72e86fe77e6cce0,OS,18,D_pos,1,True,0.0
955271f457a865b6538de58e05ec976217c17a96cc31ccb2c72e86fe77e6cce0,OS,22,R_end,1,True,0.0
955271f457a865b6538de58e05ec976217c17a96cc31ccb2c72e86fe77e6cce0,OS,22,C_end,1,True,0.0
955271f457a865b6538de58e05ec976217c17a96cc31ccb2c72e86fe77e6cce0,OS,22,D_pos,1,True,0.0
955271f457a865b6538de58e05ec976217c17a96cc31ccb2c72e86fe77e6cce0,OS,26,R_end,1,True,0.0
955271f457a865b6538de58e05ec976217c17a96cc31ccb2c72e86fe77e6cce0,OS,26,C_end,1,True,0.0
955271f457a865b6538de58e05ec976217c17a96cc31ccb2c72e86fe77e6cce0,OS,26,D_pos,1,True,0.0
955271f457a865b6538de58e05ec976217c17a96cc31ccb2c72e86fe77e6cce0,SO,14,R_end,1,True,0.0
955271f457a865b6538de58e05ec976217c17a96cc31ccb2c72e86fe77e6cce0,SO,14,C_end,1,True,0.0
955271f457a865b6538de58e05ec976217c17a96cc31ccb2c72e86fe77e6cce0,SO,14,D_pos,1,True,0.0
955271f457a865b6538de58e05ec976217c17a96cc31ccb2c72e86fe77e6cce0,SO,18,R_end,1,True,0.0
955271f457a865b6538de58e05ec976217c17a96cc31ccb2c72e86fe77e6cce0,SO,18,C_end,1,True,0.0
955271f457a865b6538de58e05ec976217c17a96cc31ccb2c72e86fe77e6cce0,SO,18,D_pos,1,True,0.0
955271f457a865b6538de58e05ec976217c17a96cc31ccb2c72e86fe77e6cce0,SO,22,R_end,1,True,0.0
955271f457a865b6538de58e05ec976217c17a96cc31ccb2c72e86fe77e6cce0,SO,22,C_end,1,True,0.0
955271f457a865b6538de58e05ec976217c17a96cc31ccb2c72e86fe77e6cce0,SO,22,D_pos,1,True,0.0
955271f457a865b6538de58e05ec976217c17a96cc31ccb2c72e86fe77e6cce0,SO,26,R_end,1,True,0.0
955271f457a865b6538de58e05ec976217c17a96cc31ccb2c72e86fe77e6cce0,SO,26,C_end,1,True,0.0
955271f457a865b6538de58e05ec976217c17a96cc31ccb2c72e86fe77e6cce0,SO,26,D_pos,1,True,0.0
955271f457a865b6538de58e05ec976217c17a96cc31ccb2c72e86fe77e6cce0,SS,14,R_end,1,True,0.0
955271f457a865b6538de58e05ec976217c17a96cc31ccb2c72e86fe77e6cce0,SS,14,C_end,1,True,0.0
955271f457a865b6538de58e05ec976217c17a96cc31ccb2c72e86fe77e6cce0,SS,14,D_pos,1,True,0.0
955271f457a865b6538de58e05ec976217c17a96cc31ccb2c72e86fe77e6cce0,SS,18,R_end,1,True,0.0
955271f457a865b6538de58e05ec976217c17a96cc31ccb2c72e86fe77e6cce0,SS,18,C_end,1,True,0.0
955271f457a865b6538de58e05ec976217c17a96cc31ccb2c72e86fe77e6cce0,SS,18,D_pos,1,True,0.0
955271f457a865b6538de58e05ec976217c17a96cc31ccb2c72e86fe77e6cce0,SS,22,R_end,1,True,0.0
955271f457a865b6538de58e05ec976217c17a96cc31ccb2c72e86fe77e6cce0,SS,22,C_end,1,True,0.0
955271f457a865b6538de58e05ec976217c17a96cc31ccb2c72e86fe77e6cce0,SS,22,D_pos,1,True,0.0
955271f457a865b6538de58e05ec976217c17a96cc31ccb2c72e86fe77e6cce0,SS,26,R_end,1,True,0.0
955271f457a865b6538de58e05ec976217c17a96cc31ccb2c72e86fe77e6cce0,SS,26,C_end,1,True,0.0
955271f457a865b6538de58e05ec976217c17a96cc31ccb2c72e86fe77e6cce0,SS,26,D_pos,1,True,0.0
9605a6042a7f9978526d1a45d4d230805e7843b08bcf7d058bbf8d93fcdc7147,OO,14,R_end,1,True,0.0
9605a6042a7f9978526d1a45d4d230805e7843b08bcf7d058bbf8d93fcdc7147,OO,14,C_end,1,True,0.0
9605a6042a7f9978526d1a45d4d230805e7843b08bcf7d058bbf8d93fcdc7147,OO,14,D_pos,1,True,0.0
9605a6042a7f9978526d1a45d4d230805e7843b08bcf7d058bbf8d93fcdc7147,OO,18,R_end,1,True,0.0
9605a6042a7f9978526d1a45d4d230805e7843b08bcf7d058bbf8d93fcdc7147,OO,18,C_end,1,True,0.0
9605a6042a7f9978526d1a45d4d230805e7843b08bcf7d058bbf8d93fcdc7147,OO,18,D_pos,1,True,0.0
9605a6042a7f9978526d1a45d4d230805e7843b08bcf7d058bbf8d93fcdc7147,OO,22,R_end,1,True,0.0
9605a6042a7f9978526d1a45d4d230805e7843b08bcf7d058bbf8d93fcdc7147,OO,22,C_end,1,True,0.0
9605a6042a7f9978526d1a45d4d230805e7843b08bcf7d058bbf8d93fcdc7147,OO,22,D_pos,1,True,0.0
9605a6042a7f9978526d1a45d4d230805e7843b08bcf7d058bbf8d93fcdc7147,OO,26,R_end,1,True,0.0
9605a6042a7f9978526d1a45d4d230805e7843b08bcf7d058bbf8d93fcdc7147,OO,26,C_end,1,True,0.0
9605a6042a7f9978526d1a45d4d230805e7843b08bcf7d058bbf8d93fcdc7147,OO,26,D_pos,1,True,0.0
9605a6042a7f9978526d1a45d4d230805e7843b08bcf7d058bbf8d93fcdc7147,OS,14,R_end,1,True,0.0
9605a6042a7f9978526d1a45d4d230805e7843b08bcf7d058bbf8d93fcdc7147,OS,14,C_end,1,True,0.0
9605a6042a7f9978526d1a45d4d230805e7843b08bcf7d058bbf8d93fcdc7147,OS,14,D_pos,1,True,0.0
9605a6042a7f9978526d1a45d4d230805e7843b08bcf7d058bbf8d93fcdc7147,OS,18,R_end,1,True,0.0
9605a6042a7f9978526d1a45d4d230805e7843b08bcf7d058bbf8d93fcdc7147,OS,18,C_end,1,True,0.0
9605a6042a7f9978526d1a45d4d230805e7843b08bcf7d058bbf8d93fcdc7147,OS,18,D_pos,1,True,0.0
9605a6042a7f9978526d1a45d4d230805e7843b08bcf7d058bbf8d93fcdc7147,OS,22,R_end,1,True,0.0
9605a6042a7f9978526d1a45d4d230805e7843b08bcf7d058bbf8d93fcdc7147,OS,22,C_end,1,True,0.0
9605a6042a7f9978526d1a45d4d230805e7843b08bcf7d058bbf8d93fcdc7147,OS,22,D_pos,1,True,0.0
9605a6042a7f9978526d1a45d4d230805e7843b08bcf7d058bbf8d93fcdc7147,OS,26,R_end,1,True,0.0
9605a6042a7f9978526d1a45d4d230805e7843b08bcf7d058bbf8d93fcdc7147,OS,26,C_end,1,True,0.0
9605a6042a7f9978526d1a45d4d230805e7843b08bcf7d058bbf8d93fcdc7147,OS,26,D_pos,1,True,0.0
9605a6042a7f9978526d1a45d4d230805e7843b08bcf7d058bbf8d93fcdc7147,SO,14,R_end,1,True,0.0
9605a6042a7f9978526d1a45d4d230805e7843b08bcf7d058bbf8d93fcdc7147,SO,14,C_end,1,True,0.0
9605a6042a7f9978526d1a45d4d230805e7843b08bcf7d058bbf8d93fcdc7147,SO,14,D_pos,1,True,0.0
9605a6042a7f9978526d1a45d4d230805e7843b08bcf7d058bbf8d93fcdc7147,SO,18,R_end,1,True,0.0
9605a6042a7f9978526d1a45d4d230805e7843b08bcf7d058bbf8d93fcdc7147,SO,18,C_end,1,True,0.0
9605a6042a7f9978526d1a45d4d230805e7843b08bcf7d058bbf8d93fcdc7147,SO,18,D_pos,1,True,0.0
9605a6042a7f9978526d1a45d4d230805e7843b08bcf7d058bbf8d93fcdc7147,SO,22,R_end,1,True,0.0
9605a6042a7f9978526d1a45d4d230805e7843b08bcf7d058bbf8d93fcdc7147,SO,22,C_end,1,True,0.0
9605a6042a7f9978526d1a45d4d230805e7843b08bcf7d058bbf8d93fcdc7147,SO,22,D_pos,1,True,0.0
9605a6042a7f9978526d1a45d4d230805e7843b08bcf7d058bbf8d93fcdc7147,SO,26,R_end,1,True,0.0
9605a6042a7f9978526d1a45d4d230805e7843b08bcf7d058bbf8d93fcdc7147,SO,26,C_end,1,True,0.0
9605a6042a7f9978526d1a45d4d230805e7843b08bcf7d058bbf8d93fcdc7147,SO,26,D_pos,1,True,0.0
9605a6042a7f9978526d1a45d4d230805e7843b08bcf7d058bbf8d93fcdc7147,SS,14,R_end,1,True,0.0
9605a6042a7f9978526d1a45d4d230805e7843b08bcf7d058bbf8d93fcdc7147,SS,14,C_end,1,True,0.0
9605a6042a7f9978526d1a45d4d230805e7843b08bcf7d058bbf8d93fcdc7147,SS,14,D_pos,1,True,0.0
9605a6042a7f9978526d1a45d4d230805e7843b08bcf7d058bbf8d93fcdc7147,SS,18,R_end,1,True,0.0
9605a6042a7f9978526d1a45d4d230805e7843b08bcf7d058bbf8d93fcdc7147,SS,18,C_end,1,True,0.0
9605a6042a7f9978526d1a45d4d230805e7843b08bcf7d058bbf8d93fcdc7147,SS,18,D_pos,1,True,0.0
9605a6042a7f9978526d1a45d4d230805e7843b08bcf7d058bbf8d93fcdc7147,SS,22,R_end,1,True,0.0
9605a6042a7f9978526d1a45d4d230805e7843b08bcf7d058bbf8d93fcdc7147,SS,22,C_end,1,True,0.0
9605a6042a7f9978526d1a45d4d230805e7843b08bcf7d058bbf8d93fcdc7147,SS,22,D_pos,1,True,0.0
9605a6042a7f9978526d1a45d4d230805e7843b08bcf7d058bbf8d93fcdc7147,SS,26,R_end,1,True,0.0
9605a6042a7f9978526d1a45d4d230805e7843b08bcf7d058bbf8d93fcdc7147,SS,26,C_end,1,True,0.0
9605a6042a7f9978526d1a45d4d230805e7843b08bcf7d058bbf8d93fcdc7147,SS,26,D_pos,1,True,0.0
991e13498e76b0fa28ad7f9a37a2033c1dcd871ee5f9c8a0a038797010bc4e6f,OO,14,R_end,1,True,0.0
991e13498e76b0fa28ad7f9a37a2033c1dcd871ee5f9c8a0a038797010bc4e6f,OO,14,C_end,1,True,0.0
991e13498e76b0fa28ad7f9a37a2033c1dcd871ee5f9c8a0a038797010bc4e6f,OO,14,D_pos,1,True,0.0
991e13498e76b0fa28ad7f9a37a2033c1dcd871ee5f9c8a0a038797010bc4e6f,OO,18,R_end,1,True,0.0
991e13498e76b0fa28ad7f9a37a2033c1dcd871ee5f9c8a0a038797010bc4e6f,OO,18,C_end,1,True,0.0
991e13498e76b0fa28ad7f9a37a2033c1dcd871ee5f9c8a0a038797010bc4e6f,OO,18,D_pos,1,True,0.0
991e13498e76b0fa28ad7f9a37a2033c1dcd871ee5f9c8a0a038797010bc4e6f,OO,22,R_end,1,True,0.0
991e13498e76b0fa28ad7f9a37a2033c1dcd871ee5f9c8a0a038797010bc4e6f,OO,22,C_end,1,True,0.0
991e13498e76b0fa28ad7f9a37a2033c1dcd871ee5f9c8a0a038797010bc4e6f,OO,22,D_pos,1,True,0.0
991e13498e76b0fa28ad7f9a37a2033c1dcd871ee5f9c8a0a038797010bc4e6f,OO,26,R_end,1,True,0.0
991e13498e76b0fa28ad7f9a37a2033c1dcd871ee5f9c8a0a038797010bc4e6f,OO,26,C_end,1,True,0.0
991e13498e76b0fa28ad7f9a37a2033c1dcd871ee5f9c8a0a038797010bc4e6f,OO,26,D_pos,1,True,0.0
991e13498e76b0fa28ad7f9a37a2033c1dcd871ee5f9c8a0a038797010bc4e6f,OS,14,R_end,1,True,0.0
991e13498e76b0fa28ad7f9a37a2033c1dcd871ee5f9c8a0a038797010bc4e6f,OS,14,C_end,1,True,0.0
991e13498e76b0fa28ad7f9a37a2033c1dcd871ee5f9c8a0a038797010bc4e6f,OS,14,D_pos,1,True,0.0
991e13498e76b0fa28ad7f9a37a2033c1dcd871ee5f9c8a0a038797010bc4e6f,OS,18,R_end,1,True,0.0
991e13498e76b0fa28ad7f9a37a2033c1dcd871ee5f9c8a0a038797010bc4e6f,OS,18,C_end,1,True,0.0
991e13498e76b0fa28ad7f9a37a2033c1dcd871ee5f9c8a0a038797010bc4e6f,OS,18,D_pos,1,True,0.0
991e13498e76b0fa28ad7f9a37a2033c1dcd871ee5f9c8a0a038797010bc4e6f,OS,22,R_end,1,True,0.0
991e13498e76b0fa28ad7f9a37a2033c1dcd871ee5f9c8a0a038797010bc4e6f,OS,22,C_end,1,True,0.0
991e13498e76b0fa28ad7f9a37a2033c1dcd871ee5f9c8a0a038797010bc4e6f,OS,22,D_pos,1,True,0.0
991e13498e76b0fa28ad7f9a37a2033c1dcd871ee5f9c8a0a038797010bc4e6f,OS,26,R_end,1,True,0.0
991e13498e76b0fa28ad7f9a37a2033c1dcd871ee5f9c8a0a038797010bc4e6f,OS,26,C_end,1,True,0.0
991e13498e76b0fa28ad7f9a37a2033c1dcd871ee5f9c8a0a038797010bc4e6f,OS,26,D_pos,1,True,0.0
991e13498e76b0fa28ad7f9a37a2033c1dcd871ee5f9c8a0a038797010bc4e6f,SO,14,R_end,1,True,0.0
991e13498e76b0fa28ad7f9a37a2033c1dcd871ee5f9c8a0a038797010bc4e6f,SO,14,C_end,1,True,0.0
991e13498e76b0fa28ad7f9a37a2033c1dcd871ee5f9c8a0a038797010bc4e6f,SO,14,D_pos,1,True,0.0
991e13498e76b0fa28ad7f9a37a2033c1dcd871ee5f9c8a0a038797010bc4e6f,SO,18,R_end,1,True,0.0
991e13498e76b0fa28ad7f9a37a2033c1dcd871ee5f9c8a0a038797010bc4e6f,SO,18,C_end,1,True,0.0
991e13498e76b0fa28ad7f9a37a2033c1dcd871ee5f9c8a0a038797010bc4e6f,SO,18,D_pos,1,True,0.0
991e13498e76b0fa28ad7f9a37a2033c1dcd871ee5f9c8a0a038797010bc4e6f,SO,22,R_end,1,True,0.0
991e13498e76b0fa28ad7f9a37a2033c1dcd871ee5f9c8a0a038797010bc4e6f,SO,22,C_end,1,True,0.0
991e13498e76b0fa28ad7f9a37a2033c1dcd871ee5f9c8a0a038797010bc4e6f,SO,22,D_pos,1,True,0.0
991e13498e76b0fa28ad7f9a37a2033c1dcd871ee5f9c8a0a038797010bc4e6f,SO,26,R_end,1,True,0.0
991e13498e76b0fa28ad7f9a37a2033c1dcd871ee5f9c8a0a038797010bc4e6f,SO,26,C_end,1,True,0.0
991e13498e76b0fa28ad7f9a37a2033c1dcd871ee5f9c8a0a038797010bc4e6f,SO,26,D_pos,1,True,0.0
991e13498e76b0fa28ad7f9a37a2033c1dcd871ee5f9c8a0a038797010bc4e6f,SS,14,R_end,1,True,0.0
991e13498e76b0fa28ad7f9a37a2033c1dcd871ee5f9c8a0a038797010bc4e6f,SS,14,C_end,1,True,0.0
991e13498e76b0fa28ad7f9a37a2033c1dcd871ee5f9c8a0a038797010bc4e6f,SS,14,D_pos,1,True,0.0
991e13498e76b0fa28ad7f9a37a2033c1dcd871ee5f9c8a0a038797010bc4e6f,SS,18,R_end,1,True,0.0
991e13498e76b0fa28ad7f9a37a2033c1dcd871ee5f9c8a0a038797010bc4e6f,SS,18,C_end,1,True,0.0
991e13498e76b0fa28ad7f9a37a2033c1dcd871ee5f9c8a0a038797010bc4e6f,SS,18,D_pos,1,True,0.0
991e13498e76b0fa28ad7f9a37a2033c1dcd871ee5f9c8a0a038797010bc4e6f,SS,22,R_end,1,True,0.0
991e13498e76b0fa28ad7f9a37a2033c1dcd871ee5f9c8a0a038797010bc4e6f,SS,22,C_end,1,True,0.0
991e13498e76b0fa28ad7f9a37a2033c1dcd871ee5f9c8a0a038797010bc4e6f,SS,22,D_pos,1,True,0.0
991e13498e76b0fa28ad7f9a37a2033c1dcd871ee5f9c8a0a038797010bc4e6f,SS,26,R_end,1,True,0.0
991e13498e76b0fa28ad7f9a37a2033c1dcd871ee5f9c8a0a038797010bc4e6f,SS,26,C_end,1,True,0.0
991e13498e76b0fa28ad7f9a37a2033c1dcd871ee5f9c8a0a038797010bc4e6f,SS,26,D_pos,1,True,0.0
996c03db13b8afd1e8707f383cef74de8100202bf05fe3c73c48798528923df0,OO,14,R_end,1,True,0.0
996c03db13b8afd1e8707f383cef74de8100202bf05fe3c73c48798528923df0,OO,14,C_end,1,True,0.0
996c03db13b8afd1e8707f383cef74de8100202bf05fe3c73c48798528923df0,OO,14,D_pos,1,True,0.0
996c03db13b8afd1e8707f383cef74de8100202bf05fe3c73c48798528923df0,OO,18,R_end,1,True,0.0
996c03db13b8afd1e8707f383cef74de8100202bf05fe3c73c48798528923df0,OO,18,C_end,1,True,0.0
996c03db13b8afd1e8707f383cef74de8100202bf05fe3c73c48798528923df0,OO,18,D_pos,1,True,0.0
996c03db13b8afd1e8707f383cef74de8100202bf05fe3c73c48798528923df0,OO,22,R_end,1,True,0.0
996c03db13b8afd1e8707f383cef74de8100202bf05fe3c73c48798528923df0,OO,22,C_end,1,True,0.0
996c03db13b8afd1e8707f383cef74de8100202bf05fe3c73c48798528923df0,OO,22,D_pos,1,True,0.0
996c03db13b8afd1e8707f383cef74de8100202bf05fe3c73c48798528923df0,OO,26,R_end,1,True,0.0
996c03db13b8afd1e8707f383cef74de8100202bf05fe3c73c48798528923df0,OO,26,C_end,1,True,0.0
996c03db13b8afd1e8707f383cef74de8100202bf05fe3c73c48798528923df0,OO,26,D_pos,1,True,0.0
996c03db13b8afd1e8707f383cef74de8100202bf05fe3c73c48798528923df0,OS,14,R_end,1,True,0.0
996c03db13b8afd1e8707f383cef74de8100202bf05fe3c73c48798528923df0,OS,14,C_end,1,True,0.0
996c03db13b8afd1e8707f383cef74de8100202bf05fe3c73c48798528923df0,OS,14,D_pos,1,True,0.0
996c03db13b8afd1e8707f383cef74de8100202bf05fe3c73c48798528923df0,OS,18,R_end,1,True,0.0
996c03db13b8afd1e8707f383cef74de8100202bf05fe3c73c48798528923df0,OS,18,C_end,1,True,0.0
996c03db13b8afd1e8707f383cef74de8100202bf05fe3c73c48798528923df0,OS,18,D_pos,1,True,0.0
996c03db13b8afd1e8707f383cef74de8100202bf05fe3c73c48798528923df0,OS,22,R_end,1,True,0.0
996c03db13b8afd1e8707f383cef74de8100202bf05fe3c73c48798528923df0,OS,22,C_end,1,True,0.0
996c03db13b8afd1e8707f383cef74de8100202bf05fe3c73c48798528923df0,OS,22,D_pos,1,True,0.0
996c03db13b8afd1e8707f383cef74de8100202bf05fe3c73c48798528923df0,OS,26,R_end,1,True,0.0
996c03db13b8afd1e8707f383cef74de8100202bf05fe3c73c48798528923df0,OS,26,C_end,1,True,0.0
996c03db13b8afd1e8707f383cef74de8100202bf05fe3c73c48798528923df0,OS,26,D_pos,1,True,0.0
996c03db13b8afd1e8707f383cef74de8100202bf05fe3c73c48798528923df0,SO,14,R_end,1,True,0.0
996c03db13b8afd1e8707f383cef74de8100202bf05fe3c73c48798528923df0,SO,14,C_end,1,True,0.0
996c03db13b8afd1e8707f383cef74de8100202bf05fe3c73c48798528923df0,SO,14,D_pos,1,True,0.0
996c03db13b8afd1e8707f383cef74de8100202bf05fe3c73c48798528923df0,SO,18,R_end,1,True,0.0
996c03db13b8afd1e8707f383cef74de8100202bf05fe3c73c48798528923df0,SO,18,C_end,1,True,0.0
996c03db13b8afd1e8707f383cef74de8100202bf05fe3c73c48798528923df0,SO,18,D_pos,1,True,0.0
996c03db13b8afd1e8707f383cef74de8100202bf05fe3c73c48798528923df0,SO,22,R_end,1,True,0.0
996c03db13b8afd1e8707f383cef74de8100202bf05fe3c73c48798528923df0,SO,22,C_end,1,True,0.0
996c03db13b8afd1e8707f383cef74de8100202bf05fe3c73c48798528923df0,SO,22,D_pos,1,True,0.0
996c03db13b8afd1e8707f383cef74de8100202bf05fe3c73c48798528923df0,SO,26,R_end,1,True,0.0
996c03db13b8afd1e8707f383cef74de8100202bf05fe3c73c48798528923df0,SO,26,C_end,1,True,0.0
996c03db13b8afd1e8707f383cef74de8100202bf05fe3c73c48798528923df0,SO,26,D_pos,1,True,0.0
996c03db13b8afd1e8707f383cef74de8100202bf05fe3c73c48798528923df0,SS,14,R_end,1,True,0.0
996c03db13b8afd1e8707f383cef74de8100202bf05fe3c73c48798528923df0,SS,14,C_end,1,True,0.0
996c03db13b8afd1e8707f383cef74de8100202bf05fe3c73c48798528923df0,SS,14,D_pos,1,True,0.0
996c03db13b8afd1e8707f383cef74de8100202bf05fe3c73c48798528923df0,SS,18,R_end,1,True,0.0
996c03db13b8afd1e8707f383cef74de8100202bf05fe3c73c48798528923df0,SS,18,C_end,1,True,0.0
996c03db13b8afd1e8707f383cef74de8100202bf05fe3c73c48798528923df0,SS,18,D_pos,1,True,0.0
996c03db13b8afd1e8707f383cef74de8100202bf05fe3c73c48798528923df0,SS,22,R_end,1,True,0.0
996c03db13b8afd1e8707f383cef74de8100202bf05fe3c73c48798528923df0,SS,22,C_end,1,True,0.0
996c03db13b8afd1e8707f383cef74de8100202bf05fe3c73c48798528923df0,SS,22,D_pos,1,True,0.0
996c03db13b8afd1e8707f383cef74de8100202bf05fe3c73c48798528923df0,SS,26,R_end,1,True,0.0
996c03db13b8afd1e8707f383cef74de8100202bf05fe3c73c48798528923df0,SS,26,C_end,1,True,0.0
996c03db13b8afd1e8707f383cef74de8100202bf05fe3c73c48798528923df0,SS,26,D_pos,1,True,0.0
9a48b8a8d35c10c9696fa88651a5e839600948a47294a46721caa270613cc5cd,OO,14,R_end,1,True,0.0
9a48b8a8d35c10c9696fa88651a5e839600948a47294a46721caa270613cc5cd,OO,14,C_end,1,True,0.0
9a48b8a8d35c10c9696fa88651a5e839600948a47294a46721caa270613cc5cd,OO,14,D_pos,1,True,0.0
9a48b8a8d35c10c9696fa88651a5e839600948a47294a46721caa270613cc5cd,OO,18,R_end,1,True,0.0
9a48b8a8d35c10c9696fa88651a5e839600948a47294a46721caa270613cc5cd,OO,18,C_end,1,True,0.0
9a48b8a8d35c10c9696fa88651a5e839600948a47294a46721caa270613cc5cd,OO,18,D_pos,1,True,0.0
9a48b8a8d35c10c9696fa88651a5e839600948a47294a46721caa270613cc5cd,OO,22,R_end,1,True,0.0
9a48b8a8d35c10c9696fa88651a5e839600948a47294a46721caa270613cc5cd,OO,22,C_end,1,True,0.0
9a48b8a8d35c10c9696fa88651a5e839600948a47294a46721caa270613cc5cd,OO,22,D_pos,1,True,0.0
9a48b8a8d35c10c9696fa88651a5e839600948a47294a46721caa270613cc5cd,OO,26,R_end,1,True,0.0
9a48b8a8d35c10c9696fa88651a5e839600948a47294a46721caa270613cc5cd,OO,26,C_end,1,True,0.0
9a48b8a8d35c10c9696fa88651a5e839600948a47294a46721caa270613cc5cd,OO,26,D_pos,1,True,0.0
9a48b8a8d35c10c9696fa88651a5e839600948a47294a46721caa270613cc5cd,OS,14,R_end,1,True,0.0
9a48b8a8d35c10c9696fa88651a5e839600948a47294a46721caa270613cc5cd,OS,14,C_end,1,True,0.0
9a48b8a8d35c10c9696fa88651a5e839600948a47294a46721caa270613cc5cd,OS,14,D_pos,1,True,0.0
9a48b8a8d35c10c9696fa88651a5e839600948a47294a46721caa270613cc5cd,OS,18,R_end,1,True,0.0
9a48b8a8d35c10c9696fa88651a5e839600948a47294a46721caa270613cc5cd,OS,18,C_end,1,True,0.0
9a48b8a8d35c10c9696fa88651a5e839600948a47294a46721caa270613cc5cd,OS,18,D_pos,1,True,0.0
9a48b8a8d35c10c9696fa88651a5e839600948a47294a46721caa270613cc5cd,OS,22,R_end,1,True,0.0
9a48b8a8d35c10c9696fa88651a5e839600948a47294a46721caa270613cc5cd,OS,22,C_end,1,True,0.0
9a48b8a8d35c10c9696fa88651a5e839600948a47294a46721caa270613cc5cd,OS,22,D_pos,1,True,0.0
9a48b8a8d35c10c9696fa88651a5e839600948a47294a46721caa270613cc5cd,OS,26,R_end,1,True,0.0
9a48b8a8d35c10c9696fa88651a5e839600948a47294a46721caa270613cc5cd,OS,26,C_end,1,True,0.0
9a48b8a8d35c10c9696fa88651a5e839600948a47294a46721caa270613cc5cd,OS,26,D_pos,1,True,0.0
9a48b8a8d35c10c9696fa88651a5e839600948a47294a46721caa270613cc5cd,SO,14,R_end,1,True,0.0
9a48b8a8d35c10c9696fa88651a5e839600948a47294a46721caa270613cc5cd,SO,14,C_end,1,True,0.0
9a48b8a8d35c10c9696fa88651a5e839600948a47294a46721caa270613cc5cd,SO,14,D_pos,1,True,0.0
9a48b8a8d35c10c9696fa88651a5e839600948a47294a46721caa270613cc5cd,SO,18,R_end,1,True,0.0
9a48b8a8d35c10c9696fa88651a5e839600948a47294a46721caa270613cc5cd,SO,18,C_end,1,True,0.0
9a48b8a8d35c10c9696fa88651a5e839600948a47294a46721caa270613cc5cd,SO,18,D_pos,1,True,0.0
9a48b8a8d35c10c9696fa88651a5e839600948a47294a46721caa270613cc5cd,SO,22,R_end,1,True,0.0
9a48b8a8d35c10c9696fa88651a5e839600948a47294a46721caa270613cc5cd,SO,22,C_end,1,True,0.0
9a48b8a8d35c10c9696fa88651a5e839600948a47294a46721caa270613cc5cd,SO,22,D_pos,1,True,0.0
9a48b8a8d35c10c9696fa88651a5e839600948a47294a46721caa270613cc5cd,SO,26,R_end,1,True,0.0
9a48b8a8d35c10c9696fa88651a5e839600948a47294a46721caa270613cc5cd,SO,26,C_end,1,True,0.0
9a48b8a8d35c10c9696fa88651a5e839600948a47294a46721caa270613cc5cd,SO,26,D_pos,1,True,0.0
9a48b8a8d35c10c9696fa88651a5e839600948a47294a46721caa270613cc5cd,SS,14,R_end,1,True,0.0
9a48b8a8d35c10c9696fa88651a5e839600948a47294a46721caa270613cc5cd,SS,14,C_end,1,True,0.0
9a48b8a8d35c10c9696fa88651a5e839600948a47294a46721caa270613cc5cd,SS,14,D_pos,1,True,0.0
9a48b8a8d35c10c9696fa88651a5e839600948a47294a46721caa270613cc5cd,SS,18,R_end,1,True,0.0
9a48b8a8d35c10c9696fa88651a5e839600948a47294a46721caa270613cc5cd,SS,18,C_end,1,True,0.0
9a48b8a8d35c10c9696fa88651a5e839600948a47294a46721caa270613cc5cd,SS,18,D_pos,1,True,0.0
9a48b8a8d35c10c9696fa88651a5e839600948a47294a46721caa270613cc5cd,SS,22,R_end,1,True,0.0
9a48b8a8d35c10c9696fa88651a5e839600948a47294a46721caa270613cc5cd,SS,22,C_end,1,True,0.0
9a48b8a8d35c10c9696fa88651a5e839600948a47294a46721caa270613cc5cd,SS,22,D_pos,1,True,0.0
9a48b8a8d35c10c9696fa88651a5e839600948a47294a46721caa270613cc5cd,SS,26,R_end,1,True,0.0
9a48b8a8d35c10c9696fa88651a5e839600948a47294a46721caa270613cc5cd,SS,26,C_end,1,True,0.0
9a48b8a8d35c10c9696fa88651a5e839600948a47294a46721caa270613cc5cd,SS,26,D_pos,1,True,0.0
9a95b89b7aed4069296c76ff091de2e4b363583c73a648a5c37edbc80ebe97ee,OO,14,R_end,1,True,0.0
9a95b89b7aed4069296c76ff091de2e4b363583c73a648a5c37edbc80ebe97ee,OO,14,C_end,1,True,0.0
9a95b89b7aed4069296c76ff091de2e4b363583c73a648a5c37edbc80ebe97ee,OO,14,D_pos,1,True,0.0
9a95b89b7aed4069296c76ff091de2e4b363583c73a648a5c37edbc80ebe97ee,OO,18,R_end,1,True,0.0
9a95b89b7aed4069296c76ff091de2e4b363583c73a648a5c37edbc80ebe97ee,OO,18,C_end,1,True,0.0
9a95b89b7aed4069296c76ff091de2e4b363583c73a648a5c37edbc80ebe97ee,OO,18,D_pos,1,True,0.0
9a95b89b7aed4069296c76ff091de2e4b363583c73a648a5c37edbc80ebe97ee,OO,22,R_end,1,True,0.0
9a95b89b7aed4069296c76ff091de2e4b363583c73a648a5c37edbc80ebe97ee,OO,22,C_end,1,True,0.0
9a95b89b7aed4069296c76ff091de2e4b363583c73a648a5c37edbc80ebe97ee,OO,22,D_pos,1,True,0.0
9a95b89b7aed4069296c76ff091de2e4b363583c73a648a5c37edbc80ebe97ee,OO,26,R_end,1,True,0.0
9a95b89b7aed4069296c76ff091de2e4b363583c73a648a5c37edbc80ebe97ee,OO,26,C_end,1,True,0.0
9a95b89b7aed4069296c76ff091de2e4b363583c73a648a5c37edbc80ebe97ee,OO,26,D_pos,1,True,0.0
9a95b89b7aed4069296c76ff091de2e4b363583c73a648a5c37edbc80ebe97ee,OS,14,R_end,1,True,0.0
9a95b89b7aed4069296c76ff091de2e4b363583c73a648a5c37edbc80ebe97ee,OS,14,C_end,1,True,0.0
9a95b89b7aed4069296c76ff091de2e4b363583c73a648a5c37edbc80ebe97ee,OS,14,D_pos,1,True,0.0
9a95b89b7aed4069296c76ff091de2e4b363583c73a648a5c37edbc80ebe97ee,OS,18,R_end,1,True,0.0
9a95b89b7aed4069296c76ff091de2e4b363583c73a648a5c37edbc80ebe97ee,OS,18,C_end,1,True,0.0
9a95b89b7aed4069296c76ff091de2e4b363583c73a648a5c37edbc80ebe97ee,OS,18,D_pos,1,True,0.0
9a95b89b7aed4069296c76ff091de2e4b363583c73a648a5c37edbc80ebe97ee,OS,22,R_end,1,True,0.0
9a95b89b7aed4069296c76ff091de2e4b363583c73a648a5c37edbc80ebe97ee,OS,22,C_end,1,True,0.0
9a95b89b7aed4069296c76ff091de2e4b363583c73a648a5c37edbc80ebe97ee,OS,22,D_pos,1,True,0.0
9a95b89b7aed4069296c76ff091de2e4b363583c73a648a5c37edbc80ebe97ee,OS,26,R_end,1,True,0.0
9a95b89b7aed4069296c76ff091de2e4b363583c73a648a5c37edbc80ebe97ee,OS,26,C_end,1,True,0.0
9a95b89b7aed4069296c76ff091de2e4b363583c73a648a5c37edbc80ebe97ee,OS,26,D_pos,1,True,0.0
9a95b89b7aed4069296c76ff091de2e4b363583c73a648a5c37edbc80ebe97ee,SO,14,R_end,1,True,0.0
9a95b89b7aed4069296c76ff091de2e4b363583c73a648a5c37edbc80ebe97ee,SO,14,C_end,1,True,0.0
9a95b89b7aed4069296c76ff091de2e4b363583c73a648a5c37edbc80ebe97ee,SO,14,D_pos,1,True,0.0
9a95b89b7aed4069296c76ff091de2e4b363583c73a648a5c37edbc80ebe97ee,SO,18,R_end,1,True,0.0
9a95b89b7aed4069296c76ff091de2e4b363583c73a648a5c37edbc80ebe97ee,SO,18,C_end,1,True,0.0
9a95b89b7aed4069296c76ff091de2e4b363583c73a648a5c37edbc80ebe97ee,SO,18,D_pos,1,True,0.0
9a95b89b7aed4069296c76ff091de2e4b363583c73a648a5c37edbc80ebe97ee,SO,22,R_end,1,True,0.0
9a95b89b7aed4069296c76ff091de2e4b363583c73a648a5c37edbc80ebe97ee,SO,22,C_end,1,True,0.0
9a95b89b7aed4069296c76ff091de2e4b363583c73a648a5c37edbc80ebe97ee,SO,22,D_pos,1,True,0.0
9a95b89b7aed4069296c76ff091de2e4b363583c73a648a5c37edbc80ebe97ee,SO,26,R_end,1,True,0.0
9a95b89b7aed4069296c76ff091de2e4b363583c73a648a5c37edbc80ebe97ee,SO,26,C_end,1,True,0.0
9a95b89b7aed4069296c76ff091de2e4b363583c73a648a5c37edbc80ebe97ee,SO,26,D_pos,1,True,0.0
9a95b89b7aed4069296c76ff091de2e4b363583c73a648a5c37edbc80ebe97ee,SS,14,R_end,1,True,0.0
9a95b89b7aed4069296c76ff091de2e4b363583c73a648a5c37edbc80ebe97ee,SS,14,C_end,1,True,0.0
9a95b89b7aed4069296c76ff091de2e4b363583c73a648a5c37edbc80ebe97ee,SS,14,D_pos,1,True,0.0
9a95b89b7aed4069296c76ff091de2e4b363583c73a648a5c37edbc80ebe97ee,SS,18,R_end,1,True,0.0
9a95b89b7aed4069296c76ff091de2e4b363583c73a648a5c37edbc80ebe97ee,SS,18,C_end,1,True,0.0
9a95b89b7aed4069296c76ff091de2e4b363583c73a648a5c37edbc80ebe97ee,SS,18,D_pos,1,True,0.0
9a95b89b7aed4069296c76ff091de2e4b363583c73a648a5c37edbc80ebe97ee,SS,22,R_end,1,True,0.0
9a95b89b7aed4069296c76ff091de2e4b363583c73a648a5c37edbc80ebe97ee,SS,22,C_end,1,True,0.0
9a95b89b7aed4069296c76ff091de2e4b363583c73a648a5c37edbc80ebe97ee,SS,22,D_pos,1,True,0.0
9a95b89b7aed4069296c76ff091de2e4b363583c73a648a5c37edbc80ebe97ee,SS,26,R_end,1,True,0.0
9a95b89b7aed4069296c76ff091de2e4b363583c73a648a5c37edbc80ebe97ee,SS,26,C_end,1,True,0.0
9a95b89b7aed4069296c76ff091de2e4b363583c73a648a5c37edbc80ebe97ee,SS,26,D_pos,1,True,0.0
9cd58e1d566fb4441d8b7dbbbe6746c56c82824181c0896e95ccbc243d4f2626,OO,14,R_end,1,True,0.0
9cd58e1d566fb4441d8b7dbbbe6746c56c82824181c0896e95ccbc243d4f2626,OO,14,C_end,1,True,0.0
9cd58e1d566fb4441d8b7dbbbe6746c56c82824181c0896e95ccbc243d4f2626,OO,14,D_pos,1,True,0.0
9cd58e1d566fb4441d8b7dbbbe6746c56c82824181c0896e95ccbc243d4f2626,OO,18,R_end,1,True,0.0
9cd58e1d566fb4441d8b7dbbbe6746c56c82824181c0896e95ccbc243d4f2626,OO,18,C_end,1,True,0.0
9cd58e1d566fb4441d8b7dbbbe6746c56c82824181c0896e95ccbc243d4f2626,OO,18,D_pos,1,True,0.0
9cd58e1d566fb4441d8b7dbbbe6746c56c82824181c0896e95ccbc243d4f2626,OO,22,R_end,1,True,0.0
9cd58e1d566fb4441d8b7dbbbe6746c56c82824181c0896e95ccbc243d4f2626,OO,22,C_end,1,True,0.0
9cd58e1d566fb4441d8b7dbbbe6746c56c82824181c0896e95ccbc243d4f2626,OO,22,D_pos,1,True,0.0
9cd58e1d566fb4441d8b7dbbbe6746c56c82824181c0896e95ccbc243d4f2626,OO,26,R_end,1,True,0.0
9cd58e1d566fb4441d8b7dbbbe6746c56c82824181c0896e95ccbc243d4f2626,OO,26,C_end,1,True,0.0
9cd58e1d566fb4441d8b7dbbbe6746c56c82824181c0896e95ccbc243d4f2626,OO,26,D_pos,1,True,0.0
9cd58e1d566fb4441d8b7dbbbe6746c56c82824181c0896e95ccbc243d4f2626,OS,14,R_end,1,True,0.0
9cd58e1d566fb4441d8b7dbbbe6746c56c82824181c0896e95ccbc243d4f2626,OS,14,C_end,1,True,0.0
9cd58e1d566fb4441d8b7dbbbe6746c56c82824181c0896e95ccbc243d4f2626,OS,14,D_pos,1,True,0.0
9cd58e1d566fb4441d8b7dbbbe6746c56c82824181c0896e95ccbc243d4f2626,OS,18,R_end,1,True,0.0
9cd58e1d566fb4441d8b7dbbbe6746c56c82824181c0896e95ccbc243d4f2626,OS,18,C_end,1,True,0.0
9cd58e1d566fb4441d8b7dbbbe6746c56c82824181c0896e95ccbc243d4f2626,OS,18,D_pos,1,True,0.0
9cd58e1d566fb4441d8b7dbbbe6746c56c82824181c0896e95ccbc243d4f2626,OS,22,R_end,1,True,0.0
9cd58e1d566fb4441d8b7dbbbe6746c56c82824181c0896e95ccbc243d4f2626,OS,22,C_end,1,True,0.0
9cd58e1d566fb4441d8b7dbbbe6746c56c82824181c0896e95ccbc243d4f2626,OS,22,D_pos,1,True,0.0
9cd58e1d566fb4441d8b7dbbbe6746c56c82824181c0896e95ccbc243d4f2626,OS,26,R_end,1,True,0.0
9cd58e1d566fb4441d8b7dbbbe6746c56c82824181c0896e95ccbc243d4f2626,OS,26,C_end,1,True,0.0
9cd58e1d566fb4441d8b7dbbbe6746c56c82824181c0896e95ccbc243d4f2626,OS,26,D_pos,1,True,0.0
9cd58e1d566fb4441d8b7dbbbe6746c56c82824181c0896e95ccbc243d4f2626,SO,14,R_end,1,True,0.0
9cd58e1d566fb4441d8b7dbbbe6746c56c82824181c0896e95ccbc243d4f2626,SO,14,C_end,1,True,0.0
9cd58e1d566fb4441d8b7dbbbe6746c56c82824181c0896e95ccbc243d4f2626,SO,14,D_pos,1,True,0.0
9cd58e1d566fb4441d8b7dbbbe6746c56c82824181c0896e95ccbc243d4f2626,SO,18,R_end,1,True,0.0
9cd58e1d566fb4441d8b7dbbbe6746c56c82824181c0896e95ccbc243d4f2626,SO,18,C_end,1,True,0.0
9cd58e1d566fb4441d8b7dbbbe6746c56c82824181c0896e95ccbc243d4f2626,SO,18,D_pos,1,True,0.0
9cd58e1d566fb4441d8b7dbbbe6746c56c82824181c0896e95ccbc243d4f2626,SO,22,R_end,1,True,0.0
9cd58e1d566fb4441d8b7dbbbe6746c56c82824181c0896e95ccbc243d4f2626,SO,22,C_end,1,True,0.0
9cd58e1d566fb4441d8b7dbbbe6746c56c82824181c0896e95ccbc243d4f2626,SO,22,D_pos,1,True,0.0
9cd58e1d566fb4441d8b7dbbbe6746c56c82824181c0896e95ccbc243d4f2626,SO,26,R_end,1,True,0.0
9cd58e1d566fb4441d8b7dbbbe6746c56c82824181c0896e95ccbc243d4f2626,SO,26,C_end,1,True,0.0
9cd58e1d566fb4441d8b7dbbbe6746c56c82824181c0896e95ccbc243d4f2626,SO,26,D_pos,1,True,0.0
9cd58e1d566fb4441d8b7dbbbe6746c56c82824181c0896e95ccbc243d4f2626,SS,14,R_end,1,True,0.0
9cd58e1d566fb4441d8b7dbbbe6746c56c82824181c0896e95ccbc243d4f2626,SS,14,C_end,1,True,0.0
9cd58e1d566fb4441d8b7dbbbe6746c56c82824181c0896e95ccbc243d4f2626,SS,14,D_pos,1,True,0.0
9cd58e1d566fb4441d8b7dbbbe6746c56c82824181c0896e95ccbc243d4f2626,SS,18,R_end,1,True,0.0
9cd58e1d566fb4441d8b7dbbbe6746c56c82824181c0896e95ccbc243d4f2626,SS,18,C_end,1,True,0.0
9cd58e1d566fb4441d8b7dbbbe6746c56c82824181c0896e95ccbc243d4f2626,SS,18,D_pos,1,True,0.0
9cd58e1d566fb4441d8b7dbbbe6746c56c82824181c0896e95ccbc243d4f2626,SS,22,R_end,1,True,0.0
9cd58e1d566fb4441d8b7dbbbe6746c56c82824181c0896e95ccbc243d4f2626,SS,22,C_end,1,True,0.0
9cd58e1d566fb4441d8b7dbbbe6746c56c82824181c0896e95ccbc243d4f2626,SS,22,D_pos,1,True,0.0
9cd58e1d566fb4441d8b7dbbbe6746c56c82824181c0896e95ccbc243d4f2626,SS,26,R_end,1,True,0.0
9cd58e1d566fb4441d8b7dbbbe6746c56c82824181c0896e95ccbc243d4f2626,SS,26,C_end,1,True,0.0
9cd58e1d566fb4441d8b7dbbbe6746c56c82824181c0896e95ccbc243d4f2626,SS,26,D_pos,1,True,0.0
9fac6c285cc8c76a315fdb0ebc87d9b13258b066e1a43bf98a0b3f0c4041ec93,OO,14,R_end,1,True,0.0
9fac6c285cc8c76a315fdb0ebc87d9b13258b066e1a43bf98a0b3f0c4041ec93,OO,14,C_end,1,True,0.0
9fac6c285cc8c76a315fdb0ebc87d9b13258b066e1a43bf98a0b3f0c4041ec93,OO,14,D_pos,1,True,0.0
9fac6c285cc8c76a315fdb0ebc87d9b13258b066e1a43bf98a0b3f0c4041ec93,OO,18,R_end,1,True,0.0
9fac6c285cc8c76a315fdb0ebc87d9b13258b066e1a43bf98a0b3f0c4041ec93,OO,18,C_end,1,True,0.0
9fac6c285cc8c76a315fdb0ebc87d9b13258b066e1a43bf98a0b3f0c4041ec93,OO,18,D_pos,1,True,0.0
9fac6c285cc8c76a315fdb0ebc87d9b13258b066e1a43bf98a0b3f0c4041ec93,OO,22,R_end,1,True,0.0
9fac6c285cc8c76a315fdb0ebc87d9b13258b066e1a43bf98a0b3f0c4041ec93,OO,22,C_end,1,True,0.0
9fac6c285cc8c76a315fdb0ebc87d9b13258b066e1a43bf98a0b3f0c4041ec93,OO,22,D_pos,1,True,0.0
9fac6c285cc8c76a315fdb0ebc87d9b13258b066e1a43bf98a0b3f0c4041ec93,OO,26,R_end,1,True,0.0
9fac6c285cc8c76a315fdb0ebc87d9b13258b066e1a43bf98a0b3f0c4041ec93,OO,26,C_end,1,True,0.0
9fac6c285cc8c76a315fdb0ebc87d9b13258b066e1a43bf98a0b3f0c4041ec93,OO,26,D_pos,1,True,0.0
9fac6c285cc8c76a315fdb0ebc87d9b13258b066e1a43bf98a0b3f0c4041ec93,OS,14,R_end,1,True,0.0
9fac6c285cc8c76a315fdb0ebc87d9b13258b066e1a43bf98a0b3f0c4041ec93,OS,14,C_end,1,True,0.0
9fac6c285cc8c76a315fdb0ebc87d9b13258b066e1a43bf98a0b3f0c4041ec93,OS,14,D_pos,1,True,0.0
9fac6c285cc8c76a315fdb0ebc87d9b13258b066e1a43bf98a0b3f0c4041ec93,OS,18,R_end,1,True,0.0
9fac6c285cc8c76a315fdb0ebc87d9b13258b066e1a43bf98a0b3f0c4041ec93,OS,18,C_end,1,True,0.0
9fac6c285cc8c76a315fdb0ebc87d9b13258b066e1a43bf98a0b3f0c4041ec93,OS,18,D_pos,1,True,0.0
9fac6c285cc8c76a315fdb0ebc87d9b13258b066e1a43bf98a0b3f0c4041ec93,OS,22,R_end,1,True,0.0
9fac6c285cc8c76a315fdb0ebc87d9b13258b066e1a43bf98a0b3f0c4041ec93,OS,22,C_end,1,True,0.0
9fac6c285cc8c76a315fdb0ebc87d9b13258b066e1a43bf98a0b3f0c4041ec93,OS,22,D_pos,1,True,0.0
9fac6c285cc8c76a315fdb0ebc87d9b13258b066e1a43bf98a0b3f0c4041ec93,OS,26,R_end,1,True,0.0
9fac6c285cc8c76a315fdb0ebc87d9b13258b066e1a43bf98a0b3f0c4041ec93,OS,26,C_end,1,True,0.0
9fac6c285cc8c76a315fdb0ebc87d9b13258b066e1a43bf98a0b3f0c4041ec93,OS,26,D_pos,1,True,0.0
9fac6c285cc8c76a315fdb0ebc87d9b13258b066e1a43bf98a0b3f0c4041ec93,SO,14,R_end,1,True,0.0
9fac6c285cc8c76a315fdb0ebc87d9b13258b066e1a43bf98a0b3f0c4041ec93,SO,14,C_end,1,True,0.0
9fac6c285cc8c76a315fdb0ebc87d9b13258b066e1a43bf98a0b3f0c4041ec93,SO,14,D_pos,1,True,0.0
9fac6c285cc8c76a315fdb0ebc87d9b13258b066e1a43bf98a0b3f0c4041ec93,SO,18,R_end,1,True,0.0
9fac6c285cc8c76a315fdb0ebc87d9b13258b066e1a43bf98a0b3f0c4041ec93,SO,18,C_end,1,True,0.0
9fac6c285cc8c76a315fdb0ebc87d9b13258b066e1a43bf98a0b3f0c4041ec93,SO,18,D_pos,1,True,0.0
9fac6c285cc8c76a315fdb0ebc87d9b13258b066e1a43bf98a0b3f0c4041ec93,SO,22,R_end,1,True,0.0
9fac6c285cc8c76a315fdb0ebc87d9b13258b066e1a43bf98a0b3f0c4041ec93,SO,22,C_end,1,True,0.0
9fac6c285cc8c76a315fdb0ebc87d9b13258b066e1a43bf98a0b3f0c4041ec93,SO,22,D_pos,1,True,0.0
9fac6c285cc8c76a315fdb0ebc87d9b13258b066e1a43bf98a0b3f0c4041ec93,SO,26,R_end,1,True,0.0
9fac6c285cc8c76a315fdb0ebc87d9b13258b066e1a43bf98a0b3f0c4041ec93,SO,26,C_end,1,True,0.0
9fac6c285cc8c76a315fdb0ebc87d9b13258b066e1a43bf98a0b3f0c4041ec93,SO,26,D_pos,1,True,0.0
9fac6c285cc8c76a315fdb0ebc87d9b13258b066e1a43bf98a0b3f0c4041ec93,SS,14,R_end,1,True,0.0
9fac6c285cc8c76a315fdb0ebc87d9b13258b066e1a43bf98a0b3f0c4041ec93,SS,14,C_end,1,True,0.0
9fac6c285cc8c76a315fdb0ebc87d9b13258b066e1a43bf98a0b3f0c4041ec93,SS,14,D_pos,1,True,0.0
9fac6c285cc8c76a315fdb0ebc87d9b13258b066e1a43bf98a0b3f0c4041ec93,SS,18,R_end,1,True,0.0
9fac6c285cc8c76a315fdb0ebc87d9b13258b066e1a43bf98a0b3f0c4041ec93,SS,18,C_end,1,True,0.0
9fac6c285cc8c76a315fdb0ebc87d9b13258b066e1a43bf98a0b3f0c4041ec93,SS,18,D_pos,1,True,0.0
9fac6c285cc8c76a315fdb0ebc87d9b13258b066e1a43bf98a0b3f0c4041ec93,SS,22,R_end,1,True,0.0
9fac6c285cc8c76a315fdb0ebc87d9b13258b066e1a43bf98a0b3f0c4041ec93,SS,22,C_end,1,True,0.0
9fac6c285cc8c76a315fdb0ebc87d9b13258b066e1a43bf98a0b3f0c4041ec93,SS,22,D_pos,1,True,0.0
9fac6c285cc8c76a315fdb0ebc87d9b13258b066e1a43bf98a0b3f0c4041ec93,SS,26,R_end,1,True,0.0
9fac6c285cc8c76a315fdb0ebc87d9b13258b066e1a43bf98a0b3f0c4041ec93,SS,26,C_end,1,True,0.0
9fac6c285cc8c76a315fdb0ebc87d9b13258b066e1a43bf98a0b3f0c4041ec93,SS,26,D_pos,1,True,0.0
9fb3ba35b4c9be26de8fe444e1d8057bdc8018f5a3c044b453d270a222474319,OO,14,R_end,1,True,0.0
9fb3ba35b4c9be26de8fe444e1d8057bdc8018f5a3c044b453d270a222474319,OO,14,C_end,1,True,0.0
9fb3ba35b4c9be26de8fe444e1d8057bdc8018f5a3c044b453d270a222474319,OO,14,D_pos,1,True,0.0
9fb3ba35b4c9be26de8fe444e1d8057bdc8018f5a3c044b453d270a222474319,OO,18,R_end,1,True,0.0
9fb3ba35b4c9be26de8fe444e1d8057bdc8018f5a3c044b453d270a222474319,OO,18,C_end,1,True,0.0
9fb3ba35b4c9be26de8fe444e1d8057bdc8018f5a3c044b453d270a222474319,OO,18,D_pos,1,True,0.0
9fb3ba35b4c9be26de8fe444e1d8057bdc8018f5a3c044b453d270a222474319,OO,22,R_end,1,True,0.0
9fb3ba35b4c9be26de8fe444e1d8057bdc8018f5a3c044b453d270a222474319,OO,22,C_end,1,True,0.0
9fb3ba35b4c9be26de8fe444e1d8057bdc8018f5a3c044b453d270a222474319,OO,22,D_pos,1,True,0.0
9fb3ba35b4c9be26de8fe444e1d8057bdc8018f5a3c044b453d270a222474319,OO,26,R_end,1,True,0.0
9fb3ba35b4c9be26de8fe444e1d8057bdc8018f5a3c044b453d270a222474319,OO,26,C_end,1,True,0.0
9fb3ba35b4c9be26de8fe444e1d8057bdc8018f5a3c044b453d270a222474319,OO,26,D_pos,1,True,0.0
9fb3ba35b4c9be26de8fe444e1d8057bdc8018f5a3c044b453d270a222474319,OS,14,R_end,1,True,0.0
9fb3ba35b4c9be26de8fe444e1d8057bdc8018f5a3c044b453d270a222474319,OS,14,C_end,1,True,0.0
9fb3ba35b4c9be26de8fe444e1d8057bdc8018f5a3c044b453d270a222474319,OS,14,D_pos,1,True,0.0
9fb3ba35b4c9be26de8fe444e1d8057bdc8018f5a3c044b453d270a222474319,OS,18,R_end,1,True,0.0
9fb3ba35b4c9be26de8fe444e1d8057bdc8018f5a3c044b453d270a222474319,OS,18,C_end,1,True,0.0
9fb3ba35b4c9be26de8fe444e1d8057bdc8018f5a3c044b453d270a222474319,OS,18,D_pos,1,True,0.0
9fb3ba35b4c9be26de8fe444e1d8057bdc8018f5a3c044b453d270a222474319,OS,22,R_end,1,True,0.0
9fb3ba35b4c9be26de8fe444e1d8057bdc8018f5a3c044b453d270a222474319,OS,22,C_end,1,True,0.0
9fb3ba35b4c9be26de8fe444e1d8057bdc8018f5a3c044b453d270a222474319,OS,22,D_pos,1,True,0.0
9fb3ba35b4c9be26de8fe444e1d8057bdc8018f5a3c044b453d270a222474319,OS,26,R_end,1,True,0.0
9fb3ba35b4c9be26de8fe444e1d8057bdc8018f5a3c044b453d270a222474319,OS,26,C_end,1,True,0.0
9fb3ba35b4c9be26de8fe444e1d8057bdc8018f5a3c044b453d270a222474319,OS,26,D_pos,1,True,0.0
9fb3ba35b4c9be26de8fe444e1d8057bdc8018f5a3c044b453d270a222474319,SO,14,R_end,1,True,0.0
9fb3ba35b4c9be26de8fe444e1d8057bdc8018f5a3c044b453d270a222474319,SO,14,C_end,1,True,0.0
9fb3ba35b4c9be26de8fe444e1d8057bdc8018f5a3c044b453d270a222474319,SO,14,D_pos,1,True,0.0
9fb3ba35b4c9be26de8fe444e1d8057bdc8018f5a3c044b453d270a222474319,SO,18,R_end,1,True,0.0
9fb3ba35b4c9be26de8fe444e1d8057bdc8018f5a3c044b453d270a222474319,SO,18,C_end,1,True,0.0
9fb3ba35b4c9be26de8fe444e1d8057bdc8018f5a3c044b453d270a222474319,SO,18,D_pos,1,True,0.0
9fb3ba35b4c9be26de8fe444e1d8057bdc8018f5a3c044b453d270a222474319,SO,22,R_end,1,True,0.0
9fb3ba35b4c9be26de8fe444e1d8057bdc8018f5a3c044b453d270a222474319,SO,22,C_end,1,True,0.0
9fb3ba35b4c9be26de8fe444e1d8057bdc8018f5a3c044b453d270a222474319,SO,22,D_pos,1,True,0.0
9fb3ba35b4c9be26de8fe444e1d8057bdc8018f5a3c044b453d270a222474319,SO,26,R_end,1,True,0.0
9fb3ba35b4c9be26de8fe444e1d8057bdc8018f5a3c044b453d270a222474319,SO,26,C_end,1,True,0.0
9fb3ba35b4c9be26de8fe444e1d8057bdc8018f5a3c044b453d270a222474319,SO,26,D_pos,1,True,0.0
9fb3ba35b4c9be26de8fe444e1d8057bdc8018f5a3c044b453d270a222474319,SS,14,R_end,1,True,0.0
9fb3ba35b4c9be26de8fe444e1d8057bdc8018f5a3c044b453d270a222474319,SS,14,C_end,1,True,0.0
9fb3ba35b4c9be26de8fe444e1d8057bdc8018f5a3c044b453d270a222474319,SS,14,D_pos,1,True,0.0
9fb3ba35b4c9be26de8fe444e1d8057bdc8018f5a3c044b453d270a222474319,SS,18,R_end,1,True,0.0
9fb3ba35b4c9be26de8fe444e1d8057bdc8018f5a3c044b453d270a222474319,SS,18,C_end,1,True,0.0
9fb3ba35b4c9be26de8fe444e1d8057bdc8018f5a3c044b453d270a222474319,SS,18,D_pos,1,True,0.0
9fb3ba35b4c9be26de8fe444e1d8057bdc8018f5a3c044b453d270a222474319,SS,22,R_end,1,True,0.0
9fb3ba35b4c9be26de8fe444e1d8057bdc8018f5a3c044b453d270a222474319,SS,22,C_end,1,True,0.0
9fb3ba35b4c9be26de8fe444e1d8057bdc8018f5a3c044b453d270a222474319,SS,22,D_pos,1,True,0.0
9fb3ba35b4c9be26de8fe444e1d8057bdc8018f5a3c044b453d270a222474319,SS,26,R_end,1,True,0.0
9fb3ba35b4c9be26de8fe444e1d8057bdc8018f5a3c044b453d270a222474319,SS,26,C_end,1,True,0.0
9fb3ba35b4c9be26de8fe444e1d8057bdc8018f5a3c044b453d270a222474319,SS,26,D_pos,1,True,0.0
a2aed8ae91384128577f7d97b413b47249fa8eea55b7860ee373095c2671a43d,OO,14,R_end,1,True,0.0
a2aed8ae91384128577f7d97b413b47249fa8eea55b7860ee373095c2671a43d,OO,14,C_end,1,True,0.0
a2aed8ae91384128577f7d97b413b47249fa8eea55b7860ee373095c2671a43d,OO,14,D_pos,1,True,0.0
a2aed8ae91384128577f7d97b413b47249fa8eea55b7860ee373095c2671a43d,OO,18,R_end,1,True,0.0
a2aed8ae91384128577f7d97b413b47249fa8eea55b7860ee373095c2671a43d,OO,18,C_end,1,True,0.0
a2aed8ae91384128577f7d97b413b47249fa8eea55b7860ee373095c2671a43d,OO,18,D_pos,1,True,0.0
a2aed8ae91384128577f7d97b413b47249fa8eea55b7860ee373095c2671a43d,OO,22,R_end,1,True,0.0
a2aed8ae91384128577f7d97b413b47249fa8eea55b7860ee373095c2671a43d,OO,22,C_end,1,True,0.0
a2aed8ae91384128577f7d97b413b47249fa8eea55b7860ee373095c2671a43d,OO,22,D_pos,1,True,0.0
a2aed8ae91384128577f7d97b413b47249fa8eea55b7860ee373095c2671a43d,OO,26,R_end,1,True,0.0
a2aed8ae91384128577f7d97b413b47249fa8eea55b7860ee373095c2671a43d,OO,26,C_end,1,True,0.0
a2aed8ae91384128577f7d97b413b47249fa8eea55b7860ee373095c2671a43d,OO,26,D_pos,1,True,0.0
a2aed8ae91384128577f7d97b413b47249fa8eea55b7860ee373095c2671a43d,OS,14,R_end,1,True,0.0
a2aed8ae91384128577f7d97b413b47249fa8eea55b7860ee373095c2671a43d,OS,14,C_end,1,True,0.0
a2aed8ae91384128577f7d97b413b47249fa8eea55b7860ee373095c2671a43d,OS,14,D_pos,1,True,0.0
a2aed8ae91384128577f7d97b413b47249fa8eea55b7860ee373095c2671a43d,OS,18,R_end,1,True,0.0
a2aed8ae91384128577f7d97b413b47249fa8eea55b7860ee373095c2671a43d,OS,18,C_end,1,True,0.0
a2aed8ae91384128577f7d97b413b47249fa8eea55b7860ee373095c2671a43d,OS,18,D_pos,1,True,0.0
a2aed8ae91384128577f7d97b413b47249fa8eea55b7860ee373095c2671a43d,OS,22,R_end,1,True,0.0
a2aed8ae91384128577f7d97b413b47249fa8eea55b7860ee373095c2671a43d,OS,22,C_end,1,True,0.0
a2aed8ae91384128577f7d97b413b47249fa8eea55b7860ee373095c2671a43d,OS,22,D_pos,1,True,0.0
a2aed8ae91384128577f7d97b413b47249fa8eea55b7860ee373095c2671a43d,OS,26,R_end,1,True,0.0
a2aed8ae91384128577f7d97b413b47249fa8eea55b7860ee373095c2671a43d,OS,26,C_end,1,True,0.0
a2aed8ae91384128577f7d97b413b47249fa8eea55b7860ee373095c2671a43d,OS,26,D_pos,1,True,0.0
a2aed8ae91384128577f7d97b413b47249fa8eea55b7860ee373095c2671a43d,SO,14,R_end,1,True,0.0
a2aed8ae91384128577f7d97b413b47249fa8eea55b7860ee373095c2671a43d,SO,14,C_end,1,True,0.0
a2aed8ae91384128577f7d97b413b47249fa8eea55b7860ee373095c2671a43d,SO,14,D_pos,1,True,0.0
a2aed8ae91384128577f7d97b413b47249fa8eea55b7860ee373095c2671a43d,SO,18,R_end,1,True,0.0
a2aed8ae91384128577f7d97b413b47249fa8eea55b7860ee373095c2671a43d,SO,18,C_end,1,True,0.0
a2aed8ae91384128577f7d97b413b47249fa8eea55b7860ee373095c2671a43d,SO,18,D_pos,1,True,0.0
a2aed8ae91384128577f7d97b413b47249fa8eea55b7860ee373095c2671a43d,SO,22,R_end,1,True,0.0
a2aed8ae91384128577f7d97b413b47249fa8eea55b7860ee373095c2671a43d,SO,22,C_end,1,True,0.0
a2aed8ae91384128577f7d97b413b47249fa8eea55b7860ee373095c2671a43d,SO,22,D_pos,1,True,0.0
a2aed8ae91384128577f7d97b413b47249fa8eea55b7860ee373095c2671a43d,SO,26,R_end,1,True,0.0
a2aed8ae91384128577f7d97b413b47249fa8eea55b7860ee373095c2671a43d,SO,26,C_end,1,True,0.0
a2aed8ae91384128577f7d97b413b47249fa8eea55b7860ee373095c2671a43d,SO,26,D_pos,1,True,0.0
a2aed8ae91384128577f7d97b413b47249fa8eea55b7860ee373095c2671a43d,SS,14,R_end,1,True,0.0
a2aed8ae91384128577f7d97b413b47249fa8eea55b7860ee373095c2671a43d,SS,14,C_end,1,True,0.0
a2aed8ae91384128577f7d97b413b47249fa8eea55b7860ee373095c2671a43d,SS,14,D_pos,1,True,0.0
a2aed8ae91384128577f7d97b413b47249fa8eea55b7860ee373095c2671a43d,SS,18,R_end,1,True,0.0
a2aed8ae91384128577f7d97b413b47249fa8eea55b7860ee373095c2671a43d,SS,18,C_end,1,True,0.0
a2aed8ae91384128577f7d97b413b47249fa8eea55b7860ee373095c2671a43d,SS,18,D_pos,1,True,0.0
a2aed8ae91384128577f7d97b413b47249fa8eea55b7860ee373095c2671a43d,SS,22,R_end,1,True,0.0
a2aed8ae91384128577f7d97b413b47249fa8eea55b7860ee373095c2671a43d,SS,22,C_end,1,True,0.0
a2aed8ae91384128577f7d97b413b47249fa8eea55b7860ee373095c2671a43d,SS,22,D_pos,1,True,0.0
a2aed8ae91384128577f7d97b413b47249fa8eea55b7860ee373095c2671a43d,SS,26,R_end,1,True,0.0
a2aed8ae91384128577f7d97b413b47249fa8eea55b7860ee373095c2671a43d,SS,26,C_end,1,True,0.0
a2aed8ae91384128577f7d97b413b47249fa8eea55b7860ee373095c2671a43d,SS,26,D_pos,1,True,0.0
a2c1a94c57d112205546cf50db6313a864cb117283441b2d9ceba73cdfdb5d4c,OO,14,R_end,1,True,0.0
a2c1a94c57d112205546cf50db6313a864cb117283441b2d9ceba73cdfdb5d4c,OO,14,C_end,1,True,0.0
a2c1a94c57d112205546cf50db6313a864cb117283441b2d9ceba73cdfdb5d4c,OO,14,D_pos,1,True,0.0
a2c1a94c57d112205546cf50db6313a864cb117283441b2d9ceba73cdfdb5d4c,OO,18,R_end,1,True,0.0
a2c1a94c57d112205546cf50db6313a864cb117283441b2d9ceba73cdfdb5d4c,OO,18,C_end,1,True,0.0
a2c1a94c57d112205546cf50db6313a864cb117283441b2d9ceba73cdfdb5d4c,OO,18,D_pos,1,True,0.0
a2c1a94c57d112205546cf50db6313a864cb117283441b2d9ceba73cdfdb5d4c,OO,22,R_end,1,True,0.0
a2c1a94c57d112205546cf50db6313a864cb117283441b2d9ceba73cdfdb5d4c,OO,22,C_end,1,True,0.0
a2c1a94c57d112205546cf50db6313a864cb117283441b2d9ceba73cdfdb5d4c,OO,22,D_pos,1,True,0.0
a2c1a94c57d112205546cf50db6313a864cb117283441b2d9ceba73cdfdb5d4c,OO,26,R_end,1,True,0.0
a2c1a94c57d112205546cf50db6313a864cb117283441b2d9ceba73cdfdb5d4c,OO,26,C_end,1,True,0.0
a2c1a94c57d112205546cf50db6313a864cb117283441b2d9ceba73cdfdb5d4c,OO,26,D_pos,1,True,0.0
a2c1a94c57d112205546cf50db6313a864cb117283441b2d9ceba73cdfdb5d4c,OS,14,R_end,1,True,0.0
a2c1a94c57d112205546cf50db6313a864cb117283441b2d9ceba73cdfdb5d4c,OS,14,C_end,1,True,0.0
a2c1a94c57d112205546cf50db6313a864cb117283441b2d9ceba73cdfdb5d4c,OS,14,D_pos,1,True,0.0
a2c1a94c57d112205546cf50db6313a864cb117283441b2d9ceba73cdfdb5d4c,OS,18,R_end,1,True,0.0
a2c1a94c57d112205546cf50db6313a864cb117283441b2d9ceba73cdfdb5d4c,OS,18,C_end,1,True,0.0
a2c1a94c57d112205546cf50db6313a864cb117283441b2d9ceba73cdfdb5d4c,OS,18,D_pos,1,True,0.0
a2c1a94c57d112205546cf50db6313a864cb117283441b2d9ceba73cdfdb5d4c,OS,22,R_end,1,True,0.0
a2c1a94c57d112205546cf50db6313a864cb117283441b2d9ceba73cdfdb5d4c,OS,22,C_end,1,True,0.0
a2c1a94c57d112205546cf50db6313a864cb117283441b2d9ceba73cdfdb5d4c,OS,22,D_pos,1,True,0.0
a2c1a94c57d112205546cf50db6313a864cb117283441b2d9ceba73cdfdb5d4c,OS,26,R_end,1,True,0.0
a2c1a94c57d112205546cf50db6313a864cb117283441b2d9ceba73cdfdb5d4c,OS,26,C_end,1,True,0.0
a2c1a94c57d112205546cf50db6313a864cb117283441b2d9ceba73cdfdb5d4c,OS,26,D_pos,1,True,0.0
a2c1a94c57d112205546cf50db6313a864cb117283441b2d9ceba73cdfdb5d4c,SO,14,R_end,1,True,0.0
a2c1a94c57d112205546cf50db6313a864cb117283441b2d9ceba73cdfdb5d4c,SO,14,C_end,1,True,0.0
a2c1a94c57d112205546cf50db6313a864cb117283441b2d9ceba73cdfdb5d4c,SO,14,D_pos,1,True,0.0
a2c1a94c57d112205546cf50db6313a864cb117283441b2d9ceba73cdfdb5d4c,SO,18,R_end,1,True,0.0
a2c1a94c57d112205546cf50db6313a864cb117283441b2d9ceba73cdfdb5d4c,SO,18,C_end,1,True,0.0
a2c1a94c57d112205546cf50db6313a864cb117283441b2d9ceba73cdfdb5d4c,SO,18,D_pos,1,True,0.0
a2c1a94c57d112205546cf50db6313a864cb117283441b2d9ceba73cdfdb5d4c,SO,22,R_end,1,True,0.0
a2c1a94c57d112205546cf50db6313a864cb117283441b2d9ceba73cdfdb5d4c,SO,22,C_end,1,True,0.0
a2c1a94c57d112205546cf50db6313a864cb117283441b2d9ceba73cdfdb5d4c,SO,22,D_pos,1,True,0.0
a2c1a94c57d112205546cf50db6313a864cb117283441b2d9ceba73cdfdb5d4c,SO,26,R_end,1,True,0.0
a2c1a94c57d112205546cf50db6313a864cb117283441b2d9ceba73cdfdb5d4c,SO,26,C_end,1,True,0.0
a2c1a94c57d112205546cf50db6313a864cb117283441b2d9ceba73cdfdb5d4c,SO,26,D_pos,1,True,0.0
a2c1a94c57d112205546cf50db6313a864cb117283441b2d9ceba73cdfdb5d4c,SS,14,R_end,1,True,0.0
a2c1a94c57d112205546cf50db6313a864cb117283441b2d9ceba73cdfdb5d4c,SS,14,C_end,1,True,0.0
a2c1a94c57d112205546cf50db6313a864cb117283441b2d9ceba73cdfdb5d4c,SS,14,D_pos,1,True,0.0
a2c1a94c57d112205546cf50db6313a864cb117283441b2d9ceba73cdfdb5d4c,SS,18,R_end,1,True,0.0
a2c1a94c57d112205546cf50db6313a864cb117283441b2d9ceba73cdfdb5d4c,SS,18,C_end,1,True,0.0
a2c1a94c57d112205546cf50db6313a864cb117283441b2d9ceba73cdfdb5d4c,SS,18,D_pos,1,True,0.0
a2c1a94c57d112205546cf50db6313a864cb117283441b2d9ceba73cdfdb5d4c,SS,22,R_end,1,True,0.0
a2c1a94c57d112205546cf50db6313a864cb117283441b2d9ceba73cdfdb5d4c,SS,22,C_end,1,True,0.0
a2c1a94c57d112205546cf50db6313a864cb117283441b2d9ceba73cdfdb5d4c,SS,22,D_pos,1,True,0.0
a2c1a94c57d112205546cf50db6313a864cb117283441b2d9ceba73cdfdb5d4c,SS,26,R_end,1,True,0.0
a2c1a94c57d112205546cf50db6313a864cb117283441b2d9ceba73cdfdb5d4c,SS,26,C_end,1,True,0.0
a2c1a94c57d112205546cf50db6313a864cb117283441b2d9ceba73cdfdb5d4c,SS,26,D_pos,1,True,0.0
a3a450f9313ceaddb2009d36def5be6496af9497d6dacd33873b70792a7047d7,OO,14,R_end,1,True,0.0
a3a450f9313ceaddb2009d36def5be6496af9497d6dacd33873b70792a7047d7,OO,14,C_end,1,True,0.0
a3a450f9313ceaddb2009d36def5be6496af9497d6dacd33873b70792a7047d7,OO,14,D_pos,1,True,0.0
a3a450f9313ceaddb2009d36def5be6496af9497d6dacd33873b70792a7047d7,OO,18,R_end,1,True,0.0
a3a450f9313ceaddb2009d36def5be6496af9497d6dacd33873b70792a7047d7,OO,18,C_end,1,True,0.0
a3a450f9313ceaddb2009d36def5be6496af9497d6dacd33873b70792a7047d7,OO,18,D_pos,1,True,0.0
a3a450f9313ceaddb2009d36def5be6496af9497d6dacd33873b70792a7047d7,OO,22,R_end,1,True,0.0
a3a450f9313ceaddb2009d36def5be6496af9497d6dacd33873b70792a7047d7,OO,22,C_end,1,True,0.0
a3a450f9313ceaddb2009d36def5be6496af9497d6dacd33873b70792a7047d7,OO,22,D_pos,1,True,0.0
a3a450f9313ceaddb2009d36def5be6496af9497d6dacd33873b70792a7047d7,OO,26,R_end,1,True,0.0
a3a450f9313ceaddb2009d36def5be6496af9497d6dacd33873b70792a7047d7,OO,26,C_end,1,True,0.0
a3a450f9313ceaddb2009d36def5be6496af9497d6dacd33873b70792a7047d7,OO,26,D_pos,1,True,0.0
a3a450f9313ceaddb2009d36def5be6496af9497d6dacd33873b70792a7047d7,OS,14,R_end,1,True,0.0
a3a450f9313ceaddb2009d36def5be6496af9497d6dacd33873b70792a7047d7,OS,14,C_end,1,True,0.0
a3a450f9313ceaddb2009d36def5be6496af9497d6dacd33873b70792a7047d7,OS,14,D_pos,1,True,0.0
a3a450f9313ceaddb2009d36def5be6496af9497d6dacd33873b70792a7047d7,OS,18,R_end,1,True,0.0
a3a450f9313ceaddb2009d36def5be6496af9497d6dacd33873b70792a7047d7,OS,18,C_end,1,True,0.0
a3a450f9313ceaddb2009d36def5be6496af9497d6dacd33873b70792a7047d7,OS,18,D_pos,1,True,0.0
a3a450f9313ceaddb2009d36def5be6496af9497d6dacd33873b70792a7047d7,OS,22,R_end,1,True,0.0
a3a450f9313ceaddb2009d36def5be6496af9497d6dacd33873b70792a7047d7,OS,22,C_end,1,True,0.0
a3a450f9313ceaddb2009d36def5be6496af9497d6dacd33873b70792a7047d7,OS,22,D_pos,1,True,0.0
a3a450f9313ceaddb2009d36def5be6496af9497d6dacd33873b70792a7047d7,OS,26,R_end,1,True,0.0
a3a450f9313ceaddb2009d36def5be6496af9497d6dacd33873b70792a7047d7,OS,26,C_end,1,True,0.0
a3a450f9313ceaddb2009d36def5be6496af9497d6dacd33873b70792a7047d7,OS,26,D_pos,1,True,0.0
a3a450f9313ceaddb2009d36def5be6496af9497d6dacd33873b70792a7047d7,SO,14,R_end,1,True,0.0
a3a450f9313ceaddb2009d36def5be6496af9497d6dacd33873b70792a7047d7,SO,14,C_end,1,True,0.0
a3a450f9313ceaddb2009d36def5be6496af9497d6dacd33873b70792a7047d7,SO,14,D_pos,1,True,0.0
a3a450f9313ceaddb2009d36def5be6496af9497d6dacd33873b70792a7047d7,SO,18,R_end,1,True,0.0
a3a450f9313ceaddb2009d36def5be6496af9497d6dacd33873b70792a7047d7,SO,18,C_end,1,True,0.0
a3a450f9313ceaddb2009d36def5be6496af9497d6dacd33873b70792a7047d7,SO,18,D_pos,1,True,0.0
a3a450f9313ceaddb2009d36def5be6496af9497d6dacd33873b70792a7047d7,SO,22,R_end,1,True,0.0
a3a450f9313ceaddb2009d36def5be6496af9497d6dacd33873b70792a7047d7,SO,22,C_end,1,True,0.0
a3a450f9313ceaddb2009d36def5be6496af9497d6dacd33873b70792a7047d7,SO,22,D_pos,1,True,0.0
a3a450f9313ceaddb2009d36def5be6496af9497d6dacd33873b70792a7047d7,SO,26,R_end,1,True,0.0
a3a450f9313ceaddb2009d36def5be6496af9497d6dacd33873b70792a7047d7,SO,26,C_end,1,True,0.0
a3a450f9313ceaddb2009d36def5be6496af9497d6dacd33873b70792a7047d7,SO,26,D_pos,1,True,0.0
a3a450f9313ceaddb2009d36def5be6496af9497d6dacd33873b70792a7047d7,SS,14,R_end,1,True,0.0
a3a450f9313ceaddb2009d36def5be6496af9497d6dacd33873b70792a7047d7,SS,14,C_end,1,True,0.0
a3a450f9313ceaddb2009d36def5be6496af9497d6dacd33873b70792a7047d7,SS,14,D_pos,1,True,0.0
a3a450f9313ceaddb2009d36def5be6496af9497d6dacd33873b70792a7047d7,SS,18,R_end,1,True,0.0
a3a450f9313ceaddb2009d36def5be6496af9497d6dacd33873b70792a7047d7,SS,18,C_end,1,True,0.0
a3a450f9313ceaddb2009d36def5be6496af9497d6dacd33873b70792a7047d7,SS,18,D_pos,1,True,0.0
a3a450f9313ceaddb2009d36def5be6496af9497d6dacd33873b70792a7047d7,SS,22,R_end,1,True,0.0
a3a450f9313ceaddb2009d36def5be6496af9497d6dacd33873b70792a7047d7,SS,22,C_end,1,True,0.0
a3a450f9313ceaddb2009d36def5be6496af9497d6dacd33873b70792a7047d7,SS,22,D_pos,1,True,0.0
a3a450f9313ceaddb2009d36def5be6496af9497d6dacd33873b70792a7047d7,SS,26,R_end,1,True,0.0
a3a450f9313ceaddb2009d36def5be6496af9497d6dacd33873b70792a7047d7,SS,26,C_end,1,True,0.0
a3a450f9313ceaddb2009d36def5be6496af9497d6dacd33873b70792a7047d7,SS,26,D_pos,1,True,0.0
a4ae82dae765d416ea2a087fedfefe60d89e5f7da5262c2d1d12fc40956fc27b,OO,14,R_end,1,True,0.0
a4ae82dae765d416ea2a087fedfefe60d89e5f7da5262c2d1d12fc40956fc27b,OO,14,C_end,1,True,0.0
a4ae82dae765d416ea2a087fedfefe60d89e5f7da5262c2d1d12fc40956fc27b,OO,14,D_pos,1,True,0.0
a4ae82dae765d416ea2a087fedfefe60d89e5f7da5262c2d1d12fc40956fc27b,OO,18,R_end,1,True,0.0
a4ae82dae765d416ea2a087fedfefe60d89e5f7da5262c2d1d12fc40956fc27b,OO,18,C_end,1,True,0.0
a4ae82dae765d416ea2a087fedfefe60d89e5f7da5262c2d1d12fc40956fc27b,OO,18,D_pos,1,True,0.0
a4ae82dae765d416ea2a087fedfefe60d89e5f7da5262c2d1d12fc40956fc27b,OO,22,R_end,1,True,0.0
a4ae82dae765d416ea2a087fedfefe60d89e5f7da5262c2d1d12fc40956fc27b,OO,22,C_end,1,True,0.0
a4ae82dae765d416ea2a087fedfefe60d89e5f7da5262c2d1d12fc40956fc27b,OO,22,D_pos,1,True,0.0
a4ae82dae765d416ea2a087fedfefe60d89e5f7da5262c2d1d12fc40956fc27b,OO,26,R_end,1,True,0.0
a4ae82dae765d416ea2a087fedfefe60d89e5f7da5262c2d1d12fc40956fc27b,OO,26,C_end,1,True,0.0
a4ae82dae765d416ea2a087fedfefe60d89e5f7da5262c2d1d12fc40956fc27b,OO,26,D_pos,1,True,0.0
a4ae82dae765d416ea2a087fedfefe60d89e5f7da5262c2d1d12fc40956fc27b,OS,14,R_end,1,True,0.0
a4ae82dae765d416ea2a087fedfefe60d89e5f7da5262c2d1d12fc40956fc27b,OS,14,C_end,1,True,0.0
a4ae82dae765d416ea2a087fedfefe60d89e5f7da5262c2d1d12fc40956fc27b,OS,14,D_pos,1,True,0.0
a4ae82dae765d416ea2a087fedfefe60d89e5f7da5262c2d1d12fc40956fc27b,OS,18,R_end,1,True,0.0
a4ae82dae765d416ea2a087fedfefe60d89e5f7da5262c2d1d12fc40956fc27b,OS,18,C_end,1,True,0.0
a4ae82dae765d416ea2a087fedfefe60d89e5f7da5262c2d1d12fc40956fc27b,OS,18,D_pos,1,True,0.0
a4ae82dae765d416ea2a087fedfefe60d89e5f7da5262c2d1d12fc40956fc27b,OS,22,R_end,1,True,0.0
a4ae82dae765d416ea2a087fedfefe60d89e5f7da5262c2d1d12fc40956fc27b,OS,22,C_end,1,True,0.0
a4ae82dae765d416ea2a087fedfefe60d89e5f7da5262c2d1d12fc40956fc27b,OS,22,D_pos,1,True,0.0
a4ae82dae765d416ea2a087fedfefe60d89e5f7da5262c2d1d12fc40956fc27b,OS,26,R_end,1,True,0.0
a4ae82dae765d416ea2a087fedfefe60d89e5f7da5262c2d1d12fc40956fc27b,OS,26,C_end,1,True,0.0
a4ae82dae765d416ea2a087fedfefe60d89e5f7da5262c2d1d12fc40956fc27b,OS,26,D_pos,1,True,0.0
a4ae82dae765d416ea2a087fedfefe60d89e5f7da5262c2d1d12fc40956fc27b,SO,14,R_end,1,True,0.0
a4ae82dae765d416ea2a087fedfefe60d89e5f7da5262c2d1d12fc40956fc27b,SO,14,C_end,1,True,0.0
a4ae82dae765d416ea2a087fedfefe60d89e5f7da5262c2d1d12fc40956fc27b,SO,14,D_pos,1,True,0.0
a4ae82dae765d416ea2a087fedfefe60d89e5f7da5262c2d1d12fc40956fc27b,SO,18,R_end,1,True,0.0
a4ae82dae765d416ea2a087fedfefe60d89e5f7da5262c2d1d12fc40956fc27b,SO,18,C_end,1,True,0.0
a4ae82dae765d416ea2a087fedfefe60d89e5f7da5262c2d1d12fc40956fc27b,SO,18,D_pos,1,True,0.0
a4ae82dae765d416ea2a087fedfefe60d89e5f7da5262c2d1d12fc40956fc27b,SO,22,R_end,1,True,0.0
a4ae82dae765d416ea2a087fedfefe60d89e5f7da5262c2d1d12fc40956fc27b,SO,22,C_end,1,True,0.0
a4ae82dae765d416ea2a087fedfefe60d89e5f7da5262c2d1d12fc40956fc27b,SO,22,D_pos,1,True,0.0
a4ae82dae765d416ea2a087fedfefe60d89e5f7da5262c2d1d12fc40956fc27b,SO,26,R_end,1,True,0.0
a4ae82dae765d416ea2a087fedfefe60d89e5f7da5262c2d1d12fc40956fc27b,SO,26,C_end,1,True,0.0
a4ae82dae765d416ea2a087fedfefe60d89e5f7da5262c2d1d12fc40956fc27b,SO,26,D_pos,1,True,0.0
a4ae82dae765d416ea2a087fedfefe60d89e5f7da5262c2d1d12fc40956fc27b,SS,14,R_end,1,True,0.0
a4ae82dae765d416ea2a087fedfefe60d89e5f7da5262c2d1d12fc40956fc27b,SS,14,C_end,1,True,0.0
a4ae82dae765d416ea2a087fedfefe60d89e5f7da5262c2d1d12fc40956fc27b,SS,14,D_pos,1,True,0.0
a4ae82dae765d416ea2a087fedfefe60d89e5f7da5262c2d1d12fc40956fc27b,SS,18,R_end,1,True,0.0
a4ae82dae765d416ea2a087fedfefe60d89e5f7da5262c2d1d12fc40956fc27b,SS,18,C_end,1,True,0.0
a4ae82dae765d416ea2a087fedfefe60d89e5f7da5262c2d1d12fc40956fc27b,SS,18,D_pos,1,True,0.0
a4ae82dae765d416ea2a087fedfefe60d89e5f7da5262c2d1d12fc40956fc27b,SS,22,R_end,1,True,0.0
a4ae82dae765d416ea2a087fedfefe60d89e5f7da5262c2d1d12fc40956fc27b,SS,22,C_end,1,True,0.0
a4ae82dae765d416ea2a087fedfefe60d89e5f7da5262c2d1d12fc40956fc27b,SS,22,D_pos,1,True,0.0
a4ae82dae765d416ea2a087fedfefe60d89e5f7da5262c2d1d12fc40956fc27b,SS,26,R_end,1,True,0.0
a4ae82dae765d416ea2a087fedfefe60d89e5f7da5262c2d1d12fc40956fc27b,SS,26,C_end,1,True,0.0
a4ae82dae765d416ea2a087fedfefe60d89e5f7da5262c2d1d12fc40956fc27b,SS,26,D_pos,1,True,0.0
a6f1302baac87b0fda4e2648522e2317160e4b5cb7be118bd813d61557cdc3a8,OO,14,R_end,1,True,0.0
a6f1302baac87b0fda4e2648522e2317160e4b5cb7be118bd813d61557cdc3a8,OO,14,C_end,1,True,0.0
a6f1302baac87b0fda4e2648522e2317160e4b5cb7be118bd813d61557cdc3a8,OO,14,D_pos,1,True,0.0
a6f1302baac87b0fda4e2648522e2317160e4b5cb7be118bd813d61557cdc3a8,OO,18,R_end,1,True,0.0
a6f1302baac87b0fda4e2648522e2317160e4b5cb7be118bd813d61557cdc3a8,OO,18,C_end,1,True,0.0
a6f1302baac87b0fda4e2648522e2317160e4b5cb7be118bd813d61557cdc3a8,OO,18,D_pos,1,True,0.0
a6f1302baac87b0fda4e2648522e2317160e4b5cb7be118bd813d61557cdc3a8,OO,22,R_end,1,True,0.0
a6f1302baac87b0fda4e2648522e2317160e4b5cb7be118bd813d61557cdc3a8,OO,22,C_end,1,True,0.0
a6f1302baac87b0fda4e2648522e2317160e4b5cb7be118bd813d61557cdc3a8,OO,22,D_pos,1,True,0.0
a6f1302baac87b0fda4e2648522e2317160e4b5cb7be118bd813d61557cdc3a8,OO,26,R_end,1,True,0.0
a6f1302baac87b0fda4e2648522e2317160e4b5cb7be118bd813d61557cdc3a8,OO,26,C_end,1,True,0.0
a6f1302baac87b0fda4e2648522e2317160e4b5cb7be118bd813d61557cdc3a8,OO,26,D_pos,1,True,0.0
a6f1302baac87b0fda4e2648522e2317160e4b5cb7be118bd813d61557cdc3a8,OS,14,R_end,1,True,0.0
a6f1302baac87b0fda4e2648522e2317160e4b5cb7be118bd813d61557cdc3a8,OS,14,C_end,1,True,0.0
a6f1302baac87b0fda4e2648522e2317160e4b5cb7be118bd813d61557cdc3a8,OS,14,D_pos,1,True,0.0
a6f1302baac87b0fda4e2648522e2317160e4b5cb7be118bd813d61557cdc3a8,OS,18,R_end,1,True,0.0
a6f1302baac87b0fda4e2648522e2317160e4b5cb7be118bd813d61557cdc3a8,OS,18,C_end,1,True,0.0
a6f1302baac87b0fda4e2648522e2317160e4b5cb7be118bd813d61557cdc3a8,OS,18,D_pos,1,True,0.0
a6f1302baac87b0fda4e2648522e2317160e4b5cb7be118bd813d61557cdc3a8,OS,22,R_end,1,True,0.0
a6f1302baac87b0fda4e2648522e2317160e4b5cb7be118bd813d61557cdc3a8,OS,22,C_end,1,True,0.0
a6f1302baac87b0fda4e2648522e2317160e4b5cb7be118bd813d61557cdc3a8,OS,22,D_pos,1,True,0.0
a6f1302baac87b0fda4e2648522e2317160e4b5cb7be118bd813d61557cdc3a8,OS,26,R_end,1,True,0.0
a6f1302baac87b0fda4e2648522e2317160e4b5cb7be118bd813d61557cdc3a8,OS,26,C_end,1,True,0.0
a6f1302baac87b0fda4e2648522e2317160e4b5cb7be118bd813d61557cdc3a8,OS,26,D_pos,1,True,0.0
a6f1302baac87b0fda4e2648522e2317160e4b5cb7be118bd813d61557cdc3a8,SO,14,R_end,1,True,0.0
a6f1302baac87b0fda4e2648522e2317160e4b5cb7be118bd813d61557cdc3a8,SO,14,C_end,1,True,0.0
a6f1302baac87b0fda4e2648522e2317160e4b5cb7be118bd813d61557cdc3a8,SO,14,D_pos,1,True,0.0
a6f1302baac87b0fda4e2648522e2317160e4b5cb7be118bd813d61557cdc3a8,SO,18,R_end,1,True,0.0
a6f1302baac87b0fda4e2648522e2317160e4b5cb7be118bd813d61557cdc3a8,SO,18,C_end,1,True,0.0
a6f1302baac87b0fda4e2648522e2317160e4b5cb7be118bd813d61557cdc3a8,SO,18,D_pos,1,True,0.0
a6f1302baac87b0fda4e2648522e2317160e4b5cb7be118bd813d61557cdc3a8,SO,22,R_end,1,True,0.0
a6f1302baac87b0fda4e2648522e2317160e4b5cb7be118bd813d61557cdc3a8,SO,22,C_end,1,True,0.0
a6f1302baac87b0fda4e2648522e2317160e4b5cb7be118bd813d61557cdc3a8,SO,22,D_pos,1,True,0.0
a6f1302baac87b0fda4e2648522e2317160e4b5cb7be118bd813d61557cdc3a8,SO,26,R_end,1,True,0.0
a6f1302baac87b0fda4e2648522e2317160e4b5cb7be118bd813d61557cdc3a8,SO,26,C_end,1,True,0.0
a6f1302baac87b0fda4e2648522e2317160e4b5cb7be118bd813d61557cdc3a8,SO,26,D_pos,1,True,0.0
a6f1302baac87b0fda4e2648522e2317160e4b5cb7be118bd813d61557cdc3a8,SS,14,R_end,1,True,0.0
a6f1302baac87b0fda4e2648522e2317160e4b5cb7be118bd813d61557cdc3a8,SS,14,C_end,1,True,0.0
a6f1302baac87b0fda4e2648522e2317160e4b5cb7be118bd813d61557cdc3a8,SS,14,D_pos,1,True,0.0
a6f1302baac87b0fda4e2648522e2317160e4b5cb7be118bd813d61557cdc3a8,SS,18,R_end,1,True,0.0
a6f1302baac87b0fda4e2648522e2317160e4b5cb7be118bd813d61557cdc3a8,SS,18,C_end,1,True,0.0
a6f1302baac87b0fda4e2648522e2317160e4b5cb7be118bd813d61557cdc3a8,SS,18,D_pos,1,True,0.0
a6f1302baac87b0fda4e2648522e2317160e4b5cb7be118bd813d61557cdc3a8,SS,22,R_end,1,True,0.0
a6f1302baac87b0fda4e2648522e2317160e4b5cb7be118bd813d61557cdc3a8,SS,22,C_end,1,True,0.0
a6f1302baac87b0fda4e2648522e2317160e4b5cb7be118bd813d61557cdc3a8,SS,22,D_pos,1,True,0.0
a6f1302baac87b0fda4e2648522e2317160e4b5cb7be118bd813d61557cdc3a8,SS,26,R_end,1,True,0.0
a6f1302baac87b0fda4e2648522e2317160e4b5cb7be118bd813d61557cdc3a8,SS,26,C_end,1,True,0.0
a6f1302baac87b0fda4e2648522e2317160e4b5cb7be118bd813d61557cdc3a8,SS,26,D_pos,1,True,0.0
a928a83babef545b9d62a4e50b0120478ba9b641722f710f84539cbcab78933e,OO,14,R_end,1,True,0.0
a928a83babef545b9d62a4e50b0120478ba9b641722f710f84539cbcab78933e,OO,14,C_end,1,True,0.0
a928a83babef545b9d62a4e50b0120478ba9b641722f710f84539cbcab78933e,OO,14,D_pos,1,True,0.0
a928a83babef545b9d62a4e50b0120478ba9b641722f710f84539cbcab78933e,OO,18,R_end,1,True,0.0
a928a83babef545b9d62a4e50b0120478ba9b641722f710f84539cbcab78933e,OO,18,C_end,1,True,0.0
a928a83babef545b9d62a4e50b0120478ba9b641722f710f84539cbcab78933e,OO,18,D_pos,1,True,0.0
a928a83babef545b9d62a4e50b0120478ba9b641722f710f84539cbcab78933e,OO,22,R_end,1,True,0.0
a928a83babef545b9d62a4e50b0120478ba9b641722f710f84539cbcab78933e,OO,22,C_end,1,True,0.0
a928a83babef545b9d62a4e50b0120478ba9b641722f710f84539cbcab78933e,OO,22,D_pos,1,True,0.0
a928a83babef545b9d62a4e50b0120478ba9b641722f710f84539cbcab78933e,OO,26,R_end,1,True,0.0
a928a83babef545b9d62a4e50b0120478ba9b641722f710f84539cbcab78933e,OO,26,C_end,1,True,0.0
a928a83babef545b9d62a4e50b0120478ba9b641722f710f84539cbcab78933e,OO,26,D_pos,1,True,0.0
a928a83babef545b9d62a4e50b0120478ba9b641722f710f84539cbcab78933e,OS,14,R_end,1,True,0.0
a928a83babef545b9d62a4e50b0120478ba9b641722f710f84539cbcab78933e,OS,14,C_end,1,True,0.0
a928a83babef545b9d62a4e50b0120478ba9b641722f710f84539cbcab78933e,OS,14,D_pos,1,True,0.0
a928a83babef545b9d62a4e50b0120478ba9b641722f710f84539cbcab78933e,OS,18,R_end,1,True,0.0
a928a83babef545b9d62a4e50b0120478ba9b641722f710f84539cbcab78933e,OS,18,C_end,1,True,0.0
a928a83babef545b9d62a4e50b0120478ba9b641722f710f84539cbcab78933e,OS,18,D_pos,1,True,0.0
a928a83babef545b9d62a4e50b0120478ba9b641722f710f84539cbcab78933e,OS,22,R_end,1,True,0.0
a928a83babef545b9d62a4e50b0120478ba9b641722f710f84539cbcab78933e,OS,22,C_end,1,True,0.0
a928a83babef545b9d62a4e50b0120478ba9b641722f710f84539cbcab78933e,OS,22,D_pos,1,True,0.0
a928a83babef545b9d62a4e50b0120478ba9b641722f710f84539cbcab78933e,OS,26,R_end,1,True,0.0
a928a83babef545b9d62a4e50b0120478ba9b641722f710f84539cbcab78933e,OS,26,C_end,1,True,0.0
a928a83babef545b9d62a4e50b0120478ba9b641722f710f84539cbcab78933e,OS,26,D_pos,1,True,0.0
a928a83babef545b9d62a4e50b0120478ba9b641722f710f84539cbcab78933e,SO,14,R_end,1,True,0.0
a928a83babef545b9d62a4e50b0120478ba9b641722f710f84539cbcab78933e,SO,14,C_end,1,True,0.0
a928a83babef545b9d62a4e50b0120478ba9b641722f710f84539cbcab78933e,SO,14,D_pos,1,True,0.0
a928a83babef545b9d62a4e50b0120478ba9b641722f710f84539cbcab78933e,SO,18,R_end,1,True,0.0
a928a83babef545b9d62a4e50b0120478ba9b641722f710f84539cbcab78933e,SO,18,C_end,1,True,0.0
a928a83babef545b9d62a4e50b0120478ba9b641722f710f84539cbcab78933e,SO,18,D_pos,1,True,0.0
a928a83babef545b9d62a4e50b0120478ba9b641722f710f84539cbcab78933e,SO,22,R_end,1,True,0.0
a928a83babef545b9d62a4e50b0120478ba9b641722f710f84539cbcab78933e,SO,22,C_end,1,True,0.0
a928a83babef545b9d62a4e50b0120478ba9b641722f710f84539cbcab78933e,SO,22,D_pos,1,True,0.0
a928a83babef545b9d62a4e50b0120478ba9b641722f710f84539cbcab78933e,SO,26,R_end,1,True,0.0
a928a83babef545b9d62a4e50b0120478ba9b641722f710f84539cbcab78933e,SO,26,C_end,1,True,0.0
a928a83babef545b9d62a4e50b0120478ba9b641722f710f84539cbcab78933e,SO,26,D_pos,1,True,0.0
a928a83babef545b9d62a4e50b0120478ba9b641722f710f84539cbcab78933e,SS,14,R_end,1,True,0.0
a928a83babef545b9d62a4e50b0120478ba9b641722f710f84539cbcab78933e,SS,14,C_end,1,True,0.0
a928a83babef545b9d62a4e50b0120478ba9b641722f710f84539cbcab78933e,SS,14,D_pos,1,True,0.0
a928a83babef545b9d62a4e50b0120478ba9b641722f710f84539cbcab78933e,SS,18,R_end,1,True,0.0
a928a83babef545b9d62a4e50b0120478ba9b641722f710f84539cbcab78933e,SS,18,C_end,1,True,0.0
a928a83babef545b9d62a4e50b0120478ba9b641722f710f84539cbcab78933e,SS,18,D_pos,1,True,0.0
a928a83babef545b9d62a4e50b0120478ba9b641722f710f84539cbcab78933e,SS,22,R_end,1,True,0.0
a928a83babef545b9d62a4e50b0120478ba9b641722f710f84539cbcab78933e,SS,22,C_end,1,True,0.0
a928a83babef545b9d62a4e50b0120478ba9b641722f710f84539cbcab78933e,SS,22,D_pos,1,True,0.0
a928a83babef545b9d62a4e50b0120478ba9b641722f710f84539cbcab78933e,SS,26,R_end,1,True,0.0
a928a83babef545b9d62a4e50b0120478ba9b641722f710f84539cbcab78933e,SS,26,C_end,1,True,0.0
a928a83babef545b9d62a4e50b0120478ba9b641722f710f84539cbcab78933e,SS,26,D_pos,1,True,0.0
aa0de654a47e927de2c6a19cd70be9c55ef99ca29bcbffadba1426d74621f407,OO,14,R_end,1,True,0.0
aa0de654a47e927de2c6a19cd70be9c55ef99ca29bcbffadba1426d74621f407,OO,14,C_end,1,True,0.0
aa0de654a47e927de2c6a19cd70be9c55ef99ca29bcbffadba1426d74621f407,OO,14,D_pos,1,True,0.0
aa0de654a47e927de2c6a19cd70be9c55ef99ca29bcbffadba1426d74621f407,OO,18,R_end,1,True,0.0
aa0de654a47e927de2c6a19cd70be9c55ef99ca29bcbffadba1426d74621f407,OO,18,C_end,1,True,0.0
aa0de654a47e927de2c6a19cd70be9c55ef99ca29bcbffadba1426d74621f407,OO,18,D_pos,1,True,0.0
aa0de654a47e927de2c6a19cd70be9c55ef99ca29bcbffadba1426d74621f407,OO,22,R_end,1,True,0.0
aa0de654a47e927de2c6a19cd70be9c55ef99ca29bcbffadba1426d74621f407,OO,22,C_end,1,True,0.0
aa0de654a47e927de2c6a19cd70be9c55ef99ca29bcbffadba1426d74621f407,OO,22,D_pos,1,True,0.0
aa0de654a47e927de2c6a19cd70be9c55ef99ca29bcbffadba1426d74621f407,OO,26,R_end,1,True,0.0
aa0de654a47e927de2c6a19cd70be9c55ef99ca29bcbffadba1426d74621f407,OO,26,C_end,1,True,0.0
aa0de654a47e927de2c6a19cd70be9c55ef99ca29bcbffadba1426d74621f407,OO,26,D_pos,1,True,0.0
aa0de654a47e927de2c6a19cd70be9c55ef99ca29bcbffadba1426d74621f407,OS,14,R_end,1,True,0.0
aa0de654a47e927de2c6a19cd70be9c55ef99ca29bcbffadba1426d74621f407,OS,14,C_end,1,True,0.0
aa0de654a47e927de2c6a19cd70be9c55ef99ca29bcbffadba1426d74621f407,OS,14,D_pos,1,True,0.0
aa0de654a47e927de2c6a19cd70be9c55ef99ca29bcbffadba1426d74621f407,OS,18,R_end,1,True,0.0
aa0de654a47e927de2c6a19cd70be9c55ef99ca29bcbffadba1426d74621f407,OS,18,C_end,1,True,0.0
aa0de654a47e927de2c6a19cd70be9c55ef99ca29bcbffadba1426d74621f407,OS,18,D_pos,1,True,0.0
aa0de654a47e927de2c6a19cd70be9c55ef99ca29bcbffadba1426d74621f407,OS,22,R_end,1,True,0.0
aa0de654a47e927de2c6a19cd70be9c55ef99ca29bcbffadba1426d74621f407,OS,22,C_end,1,True,0.0
aa0de654a47e927de2c6a19cd70be9c55ef99ca29bcbffadba1426d74621f407,OS,22,D_pos,1,True,0.0
aa0de654a47e927de2c6a19cd70be9c55ef99ca29bcbffadba1426d74621f407,OS,26,R_end,1,True,0.0
aa0de654a47e927de2c6a19cd70be9c55ef99ca29bcbffadba1426d74621f407,OS,26,C_end,1,True,0.0
aa0de654a47e927de2c6a19cd70be9c55ef99ca29bcbffadba1426d74621f407,OS,26,D_pos,1,True,0.0
aa0de654a47e927de2c6a19cd70be9c55ef99ca29bcbffadba1426d74621f407,SO,14,R_end,1,True,0.0
aa0de654a47e927de2c6a19cd70be9c55ef99ca29bcbffadba1426d74621f407,SO,14,C_end,1,True,0.0
aa0de654a47e927de2c6a19cd70be9c55ef99ca29bcbffadba1426d74621f407,SO,14,D_pos,1,True,0.0
aa0de654a47e927de2c6a19cd70be9c55ef99ca29bcbffadba1426d74621f407,SO,18,R_end,1,True,0.0
aa0de654a47e927de2c6a19cd70be9c55ef99ca29bcbffadba1426d74621f407,SO,18,C_end,1,True,0.0
aa0de654a47e927de2c6a19cd70be9c55ef99ca29bcbffadba1426d74621f407,SO,18,D_pos,1,True,0.0
aa0de654a47e927de2c6a19cd70be9c55ef99ca29bcbffadba1426d74621f407,SO,22,R_end,1,True,0.0
aa0de654a47e927de2c6a19cd70be9c55ef99ca29bcbffadba1426d74621f407,SO,22,C_end,1,True,0.0
aa0de654a47e927de2c6a19cd70be9c55ef99ca29bcbffadba1426d74621f407,SO,22,D_pos,1,True,0.0
aa0de654a47e927de2c6a19cd70be9c55ef99ca29bcbffadba1426d74621f407,SO,26,R_end,1,True,0.0
aa0de654a47e927de2c6a19cd70be9c55ef99ca29bcbffadba1426d74621f407,SO,26,C_end,1,True,0.0
aa0de654a47e927de2c6a19cd70be9c55ef99ca29bcbffadba1426d74621f407,SO,26,D_pos,1,True,0.0
aa0de654a47e927de2c6a19cd70be9c55ef99ca29bcbffadba1426d74621f407,SS,14,R_end,1,True,0.0
aa0de654a47e927de2c6a19cd70be9c55ef99ca29bcbffadba1426d74621f407,SS,14,C_end,1,True,0.0
aa0de654a47e927de2c6a19cd70be9c55ef99ca29bcbffadba1426d74621f407,SS,14,D_pos,1,True,0.0
aa0de654a47e927de2c6a19cd70be9c55ef99ca29bcbffadba1426d74621f407,SS,18,R_end,1,True,0.0
aa0de654a47e927de2c6a19cd70be9c55ef99ca29bcbffadba1426d74621f407,SS,18,C_end,1,True,0.0
aa0de654a47e927de2c6a19cd70be9c55ef99ca29bcbffadba1426d74621f407,SS,18,D_pos,1,True,0.0
aa0de654a47e927de2c6a19cd70be9c55ef99ca29bcbffadba1426d74621f407,SS,22,R_end,1,True,0.0
aa0de654a47e927de2c6a19cd70be9c55ef99ca29bcbffadba1426d74621f407,SS,22,C_end,1,True,0.0
aa0de654a47e927de2c6a19cd70be9c55ef99ca29bcbffadba1426d74621f407,SS,22,D_pos,1,True,0.0
aa0de654a47e927de2c6a19cd70be9c55ef99ca29bcbffadba1426d74621f407,SS,26,R_end,1,True,0.0
aa0de654a47e927de2c6a19cd70be9c55ef99ca29bcbffadba1426d74621f407,SS,26,C_end,1,True,0.0
aa0de654a47e927de2c6a19cd70be9c55ef99ca29bcbffadba1426d74621f407,SS,26,D_pos,1,True,0.0
ad1614a31df5db29c425dece10e5666125bf46471cacda20678e408c7751b55b,OO,14,R_end,1,True,0.0
ad1614a31df5db29c425dece10e5666125bf46471cacda20678e408c7751b55b,OO,14,C_end,1,True,0.0
ad1614a31df5db29c425dece10e5666125bf46471cacda20678e408c7751b55b,OO,14,D_pos,1,True,0.0
ad1614a31df5db29c425dece10e5666125bf46471cacda20678e408c7751b55b,OO,18,R_end,1,True,0.0
ad1614a31df5db29c425dece10e5666125bf46471cacda20678e408c7751b55b,OO,18,C_end,1,True,0.0
ad1614a31df5db29c425dece10e5666125bf46471cacda20678e408c7751b55b,OO,18,D_pos,1,True,0.0
ad1614a31df5db29c425dece10e5666125bf46471cacda20678e408c7751b55b,OO,22,R_end,1,True,0.0
ad1614a31df5db29c425dece10e5666125bf46471cacda20678e408c7751b55b,OO,22,C_end,1,True,0.0
ad1614a31df5db29c425dece10e5666125bf46471cacda20678e408c7751b55b,OO,22,D_pos,1,True,0.0
ad1614a31df5db29c425dece10e5666125bf46471cacda20678e408c7751b55b,OO,26,R_end,1,True,0.0
ad1614a31df5db29c425dece10e5666125bf46471cacda20678e408c7751b55b,OO,26,C_end,1,True,0.0
ad1614a31df5db29c425dece10e5666125bf46471cacda20678e408c7751b55b,OO,26,D_pos,1,True,0.0
ad1614a31df5db29c425dece10e5666125bf46471cacda20678e408c7751b55b,OS,14,R_end,1,True,0.0
ad1614a31df5db29c425dece10e5666125bf46471cacda20678e408c7751b55b,OS,14,C_end,1,True,0.0
ad1614a31df5db29c425dece10e5666125bf46471cacda20678e408c7751b55b,OS,14,D_pos,1,True,0.0
ad1614a31df5db29c425dece10e5666125bf46471cacda20678e408c7751b55b,OS,18,R_end,1,True,0.0
ad1614a31df5db29c425dece10e5666125bf46471cacda20678e408c7751b55b,OS,18,C_end,1,True,0.0
ad1614a31df5db29c425dece10e5666125bf46471cacda20678e408c7751b55b,OS,18,D_pos,1,True,0.0
ad1614a31df5db29c425dece10e5666125bf46471cacda20678e408c7751b55b,OS,22,R_end,1,True,0.0
ad1614a31df5db29c425dece10e5666125bf46471cacda20678e408c7751b55b,OS,22,C_end,1,True,0.0
ad1614a31df5db29c425dece10e5666125bf46471cacda20678e408c7751b55b,OS,22,D_pos,1,True,0.0
ad1614a31df5db29c425dece10e5666125bf46471cacda20678e408c7751b55b,OS,26,R_end,1,True,0.0
ad1614a31df5db29c425dece10e5666125bf46471cacda20678e408c7751b55b,OS,26,C_end,1,True,0.0
ad1614a31df5db29c425dece10e5666125bf46471cacda20678e408c7751b55b,OS,26,D_pos,1,True,0.0
ad1614a31df5db29c425dece10e5666125bf46471cacda20678e408c7751b55b,SO,14,R_end,1,True,0.0
ad1614a31df5db29c425dece10e5666125bf46471cacda20678e408c7751b55b,SO,14,C_end,1,True,0.0
ad1614a31df5db29c425dece10e5666125bf46471cacda20678e408c7751b55b,SO,14,D_pos,1,True,0.0
ad1614a31df5db29c425dece10e5666125bf46471cacda20678e408c7751b55b,SO,18,R_end,1,True,0.0
ad1614a31df5db29c425dece10e5666125bf46471cacda20678e408c7751b55b,SO,18,C_end,1,True,0.0
ad1614a31df5db29c425dece10e5666125bf46471cacda20678e408c7751b55b,SO,18,D_pos,1,True,0.0
ad1614a31df5db29c425dece10e5666125bf46471cacda20678e408c7751b55b,SO,22,R_end,1,True,0.0
ad1614a31df5db29c425dece10e5666125bf46471cacda20678e408c7751b55b,SO,22,C_end,1,True,0.0
ad1614a31df5db29c425dece10e5666125bf46471cacda20678e408c7751b55b,SO,22,D_pos,1,True,0.0
ad1614a31df5db29c425dece10e5666125bf46471cacda20678e408c7751b55b,SO,26,R_end,1,True,0.0
ad1614a31df5db29c425dece10e5666125bf46471cacda20678e408c7751b55b,SO,26,C_end,1,True,0.0
ad1614a31df5db29c425dece10e5666125bf46471cacda20678e408c7751b55b,SO,26,D_pos,1,True,0.0
ad1614a31df5db29c425dece10e5666125bf46471cacda20678e408c7751b55b,SS,14,R_end,1,True,0.0
ad1614a31df5db29c425dece10e5666125bf46471cacda20678e408c7751b55b,SS,14,C_end,1,True,0.0
ad1614a31df5db29c425dece10e5666125bf46471cacda20678e408c7751b55b,SS,14,D_pos,1,True,0.0
ad1614a31df5db29c425dece10e5666125bf46471cacda20678e408c7751b55b,SS,18,R_end,1,True,0.0
ad1614a31df5db29c425dece10e5666125bf46471cacda20678e408c7751b55b,SS,18,C_end,1,True,0.0
ad1614a31df5db29c425dece10e5666125bf46471cacda20678e408c7751b55b,SS,18,D_pos,1,True,0.0
ad1614a31df5db29c425dece10e5666125bf46471cacda20678e408c7751b55b,SS,22,R_end,1,True,0.0
ad1614a31df5db29c425dece10e5666125bf46471cacda20678e408c7751b55b,SS,22,C_end,1,True,0.0
ad1614a31df5db29c425dece10e5666125bf46471cacda20678e408c7751b55b,SS,22,D_pos,1,True,0.0
ad1614a31df5db29c425dece10e5666125bf46471cacda20678e408c7751b55b,SS,26,R_end,1,True,0.0
ad1614a31df5db29c425dece10e5666125bf46471cacda20678e408c7751b55b,SS,26,C_end,1,True,0.0
ad1614a31df5db29c425dece10e5666125bf46471cacda20678e408c7751b55b,SS,26,D_pos,1,True,0.0
ad6dc70331b4074cde617f42131d13f1e3c1af0539732fa3690dfd1b4601c772,OO,14,R_end,1,True,0.0
ad6dc70331b4074cde617f42131d13f1e3c1af0539732fa3690dfd1b4601c772,OO,14,C_end,1,True,0.0
ad6dc70331b4074cde617f42131d13f1e3c1af0539732fa3690dfd1b4601c772,OO,14,D_pos,1,True,0.0
ad6dc70331b4074cde617f42131d13f1e3c1af0539732fa3690dfd1b4601c772,OO,18,R_end,1,True,0.0
ad6dc70331b4074cde617f42131d13f1e3c1af0539732fa3690dfd1b4601c772,OO,18,C_end,1,True,0.0
ad6dc70331b4074cde617f42131d13f1e3c1af0539732fa3690dfd1b4601c772,OO,18,D_pos,1,True,0.0
ad6dc70331b4074cde617f42131d13f1e3c1af0539732fa3690dfd1b4601c772,OO,22,R_end,1,True,0.0
ad6dc70331b4074cde617f42131d13f1e3c1af0539732fa3690dfd1b4601c772,OO,22,C_end,1,True,0.0
ad6dc70331b4074cde617f42131d13f1e3c1af0539732fa3690dfd1b4601c772,OO,22,D_pos,1,True,0.0
ad6dc70331b4074cde617f42131d13f1e3c1af0539732fa3690dfd1b4601c772,OO,26,R_end,1,True,0.0
ad6dc70331b4074cde617f42131d13f1e3c1af0539732fa3690dfd1b4601c772,OO,26,C_end,1,True,0.0
ad6dc70331b4074cde617f42131d13f1e3c1af0539732fa3690dfd1b4601c772,OO,26,D_pos,1,True,0.0
ad6dc70331b4074cde617f42131d13f1e3c1af0539732fa3690dfd1b4601c772,OS,14,R_end,1,True,0.0
ad6dc70331b4074cde617f42131d13f1e3c1af0539732fa3690dfd1b4601c772,OS,14,C_end,1,True,0.0
ad6dc70331b4074cde617f42131d13f1e3c1af0539732fa3690dfd1b4601c772,OS,14,D_pos,1,True,0.0
ad6dc70331b4074cde617f42131d13f1e3c1af0539732fa3690dfd1b4601c772,OS,18,R_end,1,True,0.0
ad6dc70331b4074cde617f42131d13f1e3c1af0539732fa3690dfd1b4601c772,OS,18,C_end,1,True,0.0
ad6dc70331b4074cde617f42131d13f1e3c1af0539732fa3690dfd1b4601c772,OS,18,D_pos,1,True,0.0
ad6dc70331b4074cde617f42131d13f1e3c1af0539732fa3690dfd1b4601c772,OS,22,R_end,1,True,0.0
ad6dc70331b4074cde617f42131d13f1e3c1af0539732fa3690dfd1b4601c772,OS,22,C_end,1,True,0.0
ad6dc70331b4074cde617f42131d13f1e3c1af0539732fa3690dfd1b4601c772,OS,22,D_pos,1,True,0.0
ad6dc70331b4074cde617f42131d13f1e3c1af0539732fa3690dfd1b4601c772,OS,26,R_end,1,True,0.0
ad6dc70331b4074cde617f42131d13f1e3c1af0539732fa3690dfd1b4601c772,OS,26,C_end,1,True,0.0
ad6dc70331b4074cde617f42131d13f1e3c1af0539732fa3690dfd1b4601c772,OS,26,D_pos,1,True,0.0
ad6dc70331b4074cde617f42131d13f1e3c1af0539732fa3690dfd1b4601c772,SO,14,R_end,1,True,0.0
ad6dc70331b4074cde617f42131d13f1e3c1af0539732fa3690dfd1b4601c772,SO,14,C_end,1,True,0.0
ad6dc70331b4074cde617f42131d13f1e3c1af0539732fa3690dfd1b4601c772,SO,14,D_pos,1,True,0.0
ad6dc70331b4074cde617f42131d13f1e3c1af0539732fa3690dfd1b4601c772,SO,18,R_end,1,True,0.0
ad6dc70331b4074cde617f42131d13f1e3c1af0539732fa3690dfd1b4601c772,SO,18,C_end,1,True,0.0
ad6dc70331b4074cde617f42131d13f1e3c1af0539732fa3690dfd1b4601c772,SO,18,D_pos,1,True,0.0
ad6dc70331b4074cde617f42131d13f1e3c1af0539732fa3690dfd1b4601c772,SO,22,R_end,1,True,0.0
ad6dc70331b4074cde617f42131d13f1e3c1af0539732fa3690dfd1b4601c772,SO,22,C_end,1,True,0.0
ad6dc70331b4074cde617f42131d13f1e3c1af0539732fa3690dfd1b4601c772,SO,22,D_pos,1,True,0.0
ad6dc70331b4074cde617f42131d13f1e3c1af0539732fa3690dfd1b4601c772,SO,26,R_end,1,True,0.0
ad6dc70331b4074cde617f42131d13f1e3c1af0539732fa3690dfd1b4601c772,SO,26,C_end,1,True,0.0
ad6dc70331b4074cde617f42131d13f1e3c1af0539732fa3690dfd1b4601c772,SO,26,D_pos,1,True,0.0
ad6dc70331b4074cde617f42131d13f1e3c1af0539732fa3690dfd1b4601c772,SS,14,R_end,1,True,0.0
ad6dc70331b4074cde617f42131d13f1e3c1af0539732fa3690dfd1b4601c772,SS,14,C_end,1,True,0.0
ad6dc70331b4074cde617f42131d13f1e3c1af0539732fa3690dfd1b4601c772,SS,14,D_pos,1,True,0.0
ad6dc70331b4074cde617f42131d13f1e3c1af0539732fa3690dfd1b4601c772,SS,18,R_end,1,True,0.0
ad6dc70331b4074cde617f42131d13f1e3c1af0539732fa3690dfd1b4601c772,SS,18,C_end,1,True,0.0
ad6dc70331b4074cde617f42131d13f1e3c1af0539732fa3690dfd1b4601c772,SS,18,D_pos,1,True,0.0
ad6dc70331b4074cde617f42131d13f1e3c1af0539732fa3690dfd1b4601c772,SS,22,R_end,1,True,0.0
ad6dc70331b4074cde617f42131d13f1e3c1af0539732fa3690dfd1b4601c772,SS,22,C_end,1,True,0.0
ad6dc70331b4074cde617f42131d13f1e3c1af0539732fa3690dfd1b4601c772,SS,22,D_pos,1,True,0.0
ad6dc70331b4074cde617f42131d13f1e3c1af0539732fa3690dfd1b4601c772,SS,26,R_end,1,True,0.0
ad6dc70331b4074cde617f42131d13f1e3c1af0539732fa3690dfd1b4601c772,SS,26,C_end,1,True,0.0
ad6dc70331b4074cde617f42131d13f1e3c1af0539732fa3690dfd1b4601c772,SS,26,D_pos,1,True,0.0
aee813e27e89661fc9afd1439ece3bb24fca269c35c599cc759ff24ddab57bef,OO,14,R_end,1,True,0.0
aee813e27e89661fc9afd1439ece3bb24fca269c35c599cc759ff24ddab57bef,OO,14,C_end,1,True,0.0
aee813e27e89661fc9afd1439ece3bb24fca269c35c599cc759ff24ddab57bef,OO,14,D_pos,1,True,0.0
aee813e27e89661fc9afd1439ece3bb24fca269c35c599cc759ff24ddab57bef,OO,18,R_end,1,True,0.0
aee813e27e89661fc9afd1439ece3bb24fca269c35c599cc759ff24ddab57bef,OO,18,C_end,1,True,0.0
aee813e27e89661fc9afd1439ece3bb24fca269c35c599cc759ff24ddab57bef,OO,18,D_pos,1,True,0.0
aee813e27e89661fc9afd1439ece3bb24fca269c35c599cc759ff24ddab57bef,OO,22,R_end,1,True,0.0
aee813e27e89661fc9afd1439ece3bb24fca269c35c599cc759ff24ddab57bef,OO,22,C_end,1,True,0.0
aee813e27e89661fc9afd1439ece3bb24fca269c35c599cc759ff24ddab57bef,OO,22,D_pos,1,True,0.0
aee813e27e89661fc9afd1439ece3bb24fca269c35c599cc759ff24ddab57bef,OO,26,R_end,1,True,0.0
aee813e27e89661fc9afd1439ece3bb24fca269c35c599cc759ff24ddab57bef,OO,26,C_end,1,True,0.0
aee813e27e89661fc9afd1439ece3bb24fca269c35c599cc759ff24ddab57bef,OO,26,D_pos,1,True,0.0
aee813e27e89661fc9afd1439ece3bb24fca269c35c599cc759ff24ddab57bef,OS,14,R_end,1,True,0.0
aee813e27e89661fc9afd1439ece3bb24fca269c35c599cc759ff24ddab57bef,OS,14,C_end,1,True,0.0
aee813e27e89661fc9afd1439ece3bb24fca269c35c599cc759ff24ddab57bef,OS,14,D_pos,1,True,0.0
aee813e27e89661fc9afd1439ece3bb24fca269c35c599cc759ff24ddab57bef,OS,18,R_end,1,True,0.0
aee813e27e89661fc9afd1439ece3bb24fca269c35c599cc759ff24ddab57bef,OS,18,C_end,1,True,0.0
aee813e27e89661fc9afd1439ece3bb24fca269c35c599cc759ff24ddab57bef,OS,18,D_pos,1,True,0.0
aee813e27e89661fc9afd1439ece3bb24fca269c35c599cc759ff24ddab57bef,OS,22,R_end,1,True,0.0
aee813e27e89661fc9afd1439ece3bb24fca269c35c599cc759ff24ddab57bef,OS,22,C_end,1,True,0.0
aee813e27e89661fc9afd1439ece3bb24fca269c35c599cc759ff24ddab57bef,OS,22,D_pos,1,True,0.0
aee813e27e89661fc9afd1439ece3bb24fca269c35c599cc759ff24ddab57bef,OS,26,R_end,1,True,0.0
aee813e27e89661fc9afd1439ece3bb24fca269c35c599cc759ff24ddab57bef,OS,26,C_end,1,True,0.0
aee813e27e89661fc9afd1439ece3bb24fca269c35c599cc759ff24ddab57bef,OS,26,D_pos,1,True,0.0
aee813e27e89661fc9afd1439ece3bb24fca269c35c599cc759ff24ddab57bef,SO,14,R_end,1,True,0.0
aee813e27e89661fc9afd1439ece3bb24fca269c35c599cc759ff24ddab57bef,SO,14,C_end,1,True,0.0
aee813e27e89661fc9afd1439ece3bb24fca269c35c599cc759ff24ddab57bef,SO,14,D_pos,1,True,0.0
aee813e27e89661fc9afd1439ece3bb24fca269c35c599cc759ff24ddab57bef,SO,18,R_end,1,True,0.0
aee813e27e89661fc9afd1439ece3bb24fca269c35c599cc759ff24ddab57bef,SO,18,C_end,1,True,0.0
aee813e27e89661fc9afd1439ece3bb24fca269c35c599cc759ff24ddab57bef,SO,18,D_pos,1,True,0.0
aee813e27e89661fc9afd1439ece3bb24fca269c35c599cc759ff24ddab57bef,SO,22,R_end,1,True,0.0
aee813e27e89661fc9afd1439ece3bb24fca269c35c599cc759ff24ddab57bef,SO,22,C_end,1,True,0.0
aee813e27e89661fc9afd1439ece3bb24fca269c35c599cc759ff24ddab57bef,SO,22,D_pos,1,True,0.0
aee813e27e89661fc9afd1439ece3bb24fca269c35c599cc759ff24ddab57bef,SO,26,R_end,1,True,0.0
aee813e27e89661fc9afd1439ece3bb24fca269c35c599cc759ff24ddab57bef,SO,26,C_end,1,True,0.0
aee813e27e89661fc9afd1439ece3bb24fca269c35c599cc759ff24ddab57bef,SO,26,D_pos,1,True,0.0
aee813e27e89661fc9afd1439ece3bb24fca269c35c599cc759ff24ddab57bef,SS,14,R_end,1,True,0.0
aee813e27e89661fc9afd1439ece3bb24fca269c35c599cc759ff24ddab57bef,SS,14,C_end,1,True,0.0
aee813e27e89661fc9afd1439ece3bb24fca269c35c599cc759ff24ddab57bef,SS,14,D_pos,1,True,0.0
aee813e27e89661fc9afd1439ece3bb24fca269c35c599cc759ff24ddab57bef,SS,18,R_end,1,True,0.0
aee813e27e89661fc9afd1439ece3bb24fca269c35c599cc759ff24ddab57bef,SS,18,C_end,1,True,0.0
aee813e27e89661fc9afd1439ece3bb24fca269c35c599cc759ff24ddab57bef,SS,18,D_pos,1,True,0.0
aee813e27e89661fc9afd1439ece3bb24fca269c35c599cc759ff24ddab57bef,SS,22,R_end,1,True,0.0
aee813e27e89661fc9afd1439ece3bb24fca269c35c599cc759ff24ddab57bef,SS,22,C_end,1,True,0.0
aee813e27e89661fc9afd1439ece3bb24fca269c35c599cc759ff24ddab57bef,SS,22,D_pos,1,True,0.0
aee813e27e89661fc9afd1439ece3bb24fca269c35c599cc759ff24ddab57bef,SS,26,R_end,1,True,0.0
aee813e27e89661fc9afd1439ece3bb24fca269c35c599cc759ff24ddab57bef,SS,26,C_end,1,True,0.0
aee813e27e89661fc9afd1439ece3bb24fca269c35c599cc759ff24ddab57bef,SS,26,D_pos,1,True,0.0
afc87744cffd489b70b9003f8e95ecaa14bf49486ff5c2ba5e5e3cb6da485feb,OO,14,R_end,1,True,0.0
afc87744cffd489b70b9003f8e95ecaa14bf49486ff5c2ba5e5e3cb6da485feb,OO,14,C_end,1,True,0.0
afc87744cffd489b70b9003f8e95ecaa14bf49486ff5c2ba5e5e3cb6da485feb,OO,14,D_pos,1,True,0.0
afc87744cffd489b70b9003f8e95ecaa14bf49486ff5c2ba5e5e3cb6da485feb,OO,18,R_end,1,True,0.0
afc87744cffd489b70b9003f8e95ecaa14bf49486ff5c2ba5e5e3cb6da485feb,OO,18,C_end,1,True,0.0
afc87744cffd489b70b9003f8e95ecaa14bf49486ff5c2ba5e5e3cb6da485feb,OO,18,D_pos,1,True,0.0
afc87744cffd489b70b9003f8e95ecaa14bf49486ff5c2ba5e5e3cb6da485feb,OO,22,R_end,1,True,0.0
afc87744cffd489b70b9003f8e95ecaa14bf49486ff5c2ba5e5e3cb6da485feb,OO,22,C_end,1,True,0.0
afc87744cffd489b70b9003f8e95ecaa14bf49486ff5c2ba5e5e3cb6da485feb,OO,22,D_pos,1,True,0.0
afc87744cffd489b70b9003f8e95ecaa14bf49486ff5c2ba5e5e3cb6da485feb,OO,26,R_end,1,True,0.0
afc87744cffd489b70b9003f8e95ecaa14bf49486ff5c2ba5e5e3cb6da485feb,OO,26,C_end,1,True,0.0
afc87744cffd489b70b9003f8e95ecaa14bf49486ff5c2ba5e5e3cb6da485feb,OO,26,D_pos,1,True,0.0
afc87744cffd489b70b9003f8e95ecaa14bf49486ff5c2ba5e5e3cb6da485feb,OS,14,R_end,1,True,0.0
afc87744cffd489b70b9003f8e95ecaa14bf49486ff5c2ba5e5e3cb6da485feb,OS,14,C_end,1,True,0.0
afc87744cffd489b70b9003f8e95ecaa14bf49486ff5c2ba5e5e3cb6da485feb,OS,14,D_pos,1,True,0.0
afc87744cffd489b70b9003f8e95ecaa14bf49486ff5c2ba5e5e3cb6da485feb,OS,18,R_end,1,True,0.0
afc87744cffd489b70b9003f8e95ecaa14bf49486ff5c2ba5e5e3cb6da485feb,OS,18,C_end,1,True,0.0
afc87744cffd489b70b9003f8e95ecaa14bf49486ff5c2ba5e5e3cb6da485feb,OS,18,D_pos,1,True,0.0
afc87744cffd489b70b9003f8e95ecaa14bf49486ff5c2ba5e5e3cb6da485feb,OS,22,R_end,1,True,0.0
afc87744cffd489b70b9003f8e95ecaa14bf49486ff5c2ba5e5e3cb6da485feb,OS,22,C_end,1,True,0.0
afc87744cffd489b70b9003f8e95ecaa14bf49486ff5c2ba5e5e3cb6da485feb,OS,22,D_pos,1,True,0.0
afc87744cffd489b70b9003f8e95ecaa14bf49486ff5c2ba5e5e3cb6da485feb,OS,26,R_end,1,True,0.0
afc87744cffd489b70b9003f8e95ecaa14bf49486ff5c2ba5e5e3cb6da485feb,OS,26,C_end,1,True,0.0
afc87744cffd489b70b9003f8e95ecaa14bf49486ff5c2ba5e5e3cb6da485feb,OS,26,D_pos,1,True,0.0
afc87744cffd489b70b9003f8e95ecaa14bf49486ff5c2ba5e5e3cb6da485feb,SO,14,R_end,1,True,0.0
afc87744cffd489b70b9003f8e95ecaa14bf49486ff5c2ba5e5e3cb6da485feb,SO,14,C_end,1,True,0.0
afc87744cffd489b70b9003f8e95ecaa14bf49486ff5c2ba5e5e3cb6da485feb,SO,14,D_pos,1,True,0.0
afc87744cffd489b70b9003f8e95ecaa14bf49486ff5c2ba5e5e3cb6da485feb,SO,18,R_end,1,True,0.0
afc87744cffd489b70b9003f8e95ecaa14bf49486ff5c2ba5e5e3cb6da485feb,SO,18,C_end,1,True,0.0
afc87744cffd489b70b9003f8e95ecaa14bf49486ff5c2ba5e5e3cb6da485feb,SO,18,D_pos,1,True,0.0
afc87744cffd489b70b9003f8e95ecaa14bf49486ff5c2ba5e5e3cb6da485feb,SO,22,R_end,1,True,0.0
afc87744cffd489b70b9003f8e95ecaa14bf49486ff5c2ba5e5e3cb6da485feb,SO,22,C_end,1,True,0.0
afc87744cffd489b70b9003f8e95ecaa14bf49486ff5c2ba5e5e3cb6da485feb,SO,22,D_pos,1,True,0.0
afc87744cffd489b70b9003f8e95ecaa14bf49486ff5c2ba5e5e3cb6da485feb,SO,26,R_end,1,True,0.0
afc87744cffd489b70b9003f8e95ecaa14bf49486ff5c2ba5e5e3cb6da485feb,SO,26,C_end,1,True,0.0
afc87744cffd489b70b9003f8e95ecaa14bf49486ff5c2ba5e5e3cb6da485feb,SO,26,D_pos,1,True,0.0
afc87744cffd489b70b9003f8e95ecaa14bf49486ff5c2ba5e5e3cb6da485feb,SS,14,R_end,1,True,0.0
afc87744cffd489b70b9003f8e95ecaa14bf49486ff5c2ba5e5e3cb6da485feb,SS,14,C_end,1,True,0.0
afc87744cffd489b70b9003f8e95ecaa14bf49486ff5c2ba5e5e3cb6da485feb,SS,14,D_pos,1,True,0.0
afc87744cffd489b70b9003f8e95ecaa14bf49486ff5c2ba5e5e3cb6da485feb,SS,18,R_end,1,True,0.0
afc87744cffd489b70b9003f8e95ecaa14bf49486ff5c2ba5e5e3cb6da485feb,SS,18,C_end,1,True,0.0
afc87744cffd489b70b9003f8e95ecaa14bf49486ff5c2ba5e5e3cb6da485feb,SS,18,D_pos,1,True,0.0
afc87744cffd489b70b9003f8e95ecaa14bf49486ff5c2ba5e5e3cb6da485feb,SS,22,R_end,1,True,0.0
afc87744cffd489b70b9003f8e95ecaa14bf49486ff5c2ba5e5e3cb6da485feb,SS,22,C_end,1,True,0.0
afc87744cffd489b70b9003f8e95ecaa14bf49486ff5c2ba5e5e3cb6da485feb,SS,22,D_pos,1,True,0.0
afc87744cffd489b70b9003f8e95ecaa14bf49486ff5c2ba5e5e3cb6da485feb,SS,26,R_end,1,True,0.0
afc87744cffd489b70b9003f8e95ecaa14bf49486ff5c2ba5e5e3cb6da485feb,SS,26,C_end,1,True,0.0
afc87744cffd489b70b9003f8e95ecaa14bf49486ff5c2ba5e5e3cb6da485feb,SS,26,D_pos,1,True,0.0
b0ca1c666147d22f0df1f657e2ad37f82c2dbd72fbee073ecaf339a15bf590b3,OO,14,R_end,1,True,0.0
b0ca1c666147d22f0df1f657e2ad37f82c2dbd72fbee073ecaf339a15bf590b3,OO,14,C_end,1,True,0.0
b0ca1c666147d22f0df1f657e2ad37f82c2dbd72fbee073ecaf339a15bf590b3,OO,14,D_pos,1,True,0.0
b0ca1c666147d22f0df1f657e2ad37f82c2dbd72fbee073ecaf339a15bf590b3,OO,18,R_end,1,True,0.0
b0ca1c666147d22f0df1f657e2ad37f82c2dbd72fbee073ecaf339a15bf590b3,OO,18,C_end,1,True,0.0
b0ca1c666147d22f0df1f657e2ad37f82c2dbd72fbee073ecaf339a15bf590b3,OO,18,D_pos,1,True,0.0
b0ca1c666147d22f0df1f657e2ad37f82c2dbd72fbee073ecaf339a15bf590b3,OO,22,R_end,1,True,0.0
b0ca1c666147d22f0df1f657e2ad37f82c2dbd72fbee073ecaf339a15bf590b3,OO,22,C_end,1,True,0.0
b0ca1c666147d22f0df1f657e2ad37f82c2dbd72fbee073ecaf339a15bf590b3,OO,22,D_pos,1,True,0.0
b0ca1c666147d22f0df1f657e2ad37f82c2dbd72fbee073ecaf339a15bf590b3,OO,26,R_end,1,True,0.0
b0ca1c666147d22f0df1f657e2ad37f82c2dbd72fbee073ecaf339a15bf590b3,OO,26,C_end,1,True,0.0
b0ca1c666147d22f0df1f657e2ad37f82c2dbd72fbee073ecaf339a15bf590b3,OO,26,D_pos,1,True,0.0
b0ca1c666147d22f0df1f657e2ad37f82c2dbd72fbee073ecaf339a15bf590b3,OS,14,R_end,1,True,0.0
b0ca1c666147d22f0df1f657e2ad37f82c2dbd72fbee073ecaf339a15bf590b3,OS,14,C_end,1,True,0.0
b0ca1c666147d22f0df1f657e2ad37f82c2dbd72fbee073ecaf339a15bf590b3,OS,14,D_pos,1,True,0.0
b0ca1c666147d22f0df1f657e2ad37f82c2dbd72fbee073ecaf339a15bf590b3,OS,18,R_end,1,True,0.0
b0ca1c666147d22f0df1f657e2ad37f82c2dbd72fbee073ecaf339a15bf590b3,OS,18,C_end,1,True,0.0
b0ca1c666147d22f0df1f657e2ad37f82c2dbd72fbee073ecaf339a15bf590b3,OS,18,D_pos,1,True,0.0
b0ca1c666147d22f0df1f657e2ad37f82c2dbd72fbee073ecaf339a15bf590b3,OS,22,R_end,1,True,0.0
b0ca1c666147d22f0df1f657e2ad37f82c2dbd72fbee073ecaf339a15bf590b3,OS,22,C_end,1,True,0.0
b0ca1c666147d22f0df1f657e2ad37f82c2dbd72fbee073ecaf339a15bf590b3,OS,22,D_pos,1,True,0.0
b0ca1c666147d22f0df1f657e2ad37f82c2dbd72fbee073ecaf339a15bf590b3,OS,26,R_end,1,True,0.0
b0ca1c666147d22f0df1f657e2ad37f82c2dbd72fbee073ecaf339a15bf590b3,OS,26,C_end,1,True,0.0
b0ca1c666147d22f0df1f657e2ad37f82c2dbd72fbee073ecaf339a15bf590b3,OS,26,D_pos,1,True,0.0
b0ca1c666147d22f0df1f657e2ad37f82c2dbd72fbee073ecaf339a15bf590b3,SO,14,R_end,1,True,0.0
b0ca1c666147d22f0df1f657e2ad37f82c2dbd72fbee073ecaf339a15bf590b3,SO,14,C_end,1,True,0.0
b0ca1c666147d22f0df1f657e2ad37f82c2dbd72fbee073ecaf339a15bf590b3,SO,14,D_pos,1,True,0.0
b0ca1c666147d22f0df1f657e2ad37f82c2dbd72fbee073ecaf339a15bf590b3,SO,18,R_end,1,True,0.0
b0ca1c666147d22f0df1f657e2ad37f82c2dbd72fbee073ecaf339a15bf590b3,SO,18,C_end,1,True,0.0
b0ca1c666147d22f0df1f657e2ad37f82c2dbd72fbee073ecaf339a15bf590b3,SO,18,D_pos,1,True,0.0
b0ca1c666147d22f0df1f657e2ad37f82c2dbd72fbee073ecaf339a15bf590b3,SO,22,R_end,1,True,0.0
b0ca1c666147d22f0df1f657e2ad37f82c2dbd72fbee073ecaf339a15bf590b3,SO,22,C_end,1,True,0.0
b0ca1c666147d22f0df1f657e2ad37f82c2dbd72fbee073ecaf339a15bf590b3,SO,22,D_pos,1,True,0.0
b0ca1c666147d22f0df1f657e2ad37f82c2dbd72fbee073ecaf339a15bf590b3,SO,26,R_end,1,True,0.0
b0ca1c666147d22f0df1f657e2ad37f82c2dbd72fbee073ecaf339a15bf590b3,SO,26,C_end,1,True,0.0
b0ca1c666147d22f0df1f657e2ad37f82c2dbd72fbee073ecaf339a15bf590b3,SO,26,D_pos,1,True,0.0
b0ca1c666147d22f0df1f657e2ad37f82c2dbd72fbee073ecaf339a15bf590b3,SS,14,R_end,1,True,0.0
b0ca1c666147d22f0df1f657e2ad37f82c2dbd72fbee073ecaf339a15bf590b3,SS,14,C_end,1,True,0.0
b0ca1c666147d22f0df1f657e2ad37f82c2dbd72fbee073ecaf339a15bf590b3,SS,14,D_pos,1,True,0.0
b0ca1c666147d22f0df1f657e2ad37f82c2dbd72fbee073ecaf339a15bf590b3,SS,18,R_end,1,True,0.0
b0ca1c666147d22f0df1f657e2ad37f82c2dbd72fbee073ecaf339a15bf590b3,SS,18,C_end,1,True,0.0
b0ca1c666147d22f0df1f657e2ad37f82c2dbd72fbee073ecaf339a15bf590b3,SS,18,D_pos,1,True,0.0
b0ca1c666147d22f0df1f657e2ad37f82c2dbd72fbee073ecaf339a15bf590b3,SS,22,R_end,1,True,0.0
b0ca1c666147d22f0df1f657e2ad37f82c2dbd72fbee073ecaf339a15bf590b3,SS,22,C_end,1,True,0.0
b0ca1c666147d22f0df1f657e2ad37f82c2dbd72fbee073ecaf339a15bf590b3,SS,22,D_pos,1,True,0.0
b0ca1c666147d22f0df1f657e2ad37f82c2dbd72fbee073ecaf339a15bf590b3,SS,26,R_end,1,True,0.0
b0ca1c666147d22f0df1f657e2ad37f82c2dbd72fbee073ecaf339a15bf590b3,SS,26,C_end,1,True,0.0
b0ca1c666147d22f0df1f657e2ad37f82c2dbd72fbee073ecaf339a15bf590b3,SS,26,D_pos,1,True,0.0
b10e5786ee75f4f3ceb61466f5ae6502ae2ed584a3774015c01efaaac098caeb,OO,14,R_end,1,True,0.0
b10e5786ee75f4f3ceb61466f5ae6502ae2ed584a3774015c01efaaac098caeb,OO,14,C_end,1,True,0.0
b10e5786ee75f4f3ceb61466f5ae6502ae2ed584a3774015c01efaaac098caeb,OO,14,D_pos,1,True,0.0
b10e5786ee75f4f3ceb61466f5ae6502ae2ed584a3774015c01efaaac098caeb,OO,18,R_end,1,True,0.0
b10e5786ee75f4f3ceb61466f5ae6502ae2ed584a3774015c01efaaac098caeb,OO,18,C_end,1,True,0.0
b10e5786ee75f4f3ceb61466f5ae6502ae2ed584a3774015c01efaaac098caeb,OO,18,D_pos,1,True,0.0
b10e5786ee75f4f3ceb61466f5ae6502ae2ed584a3774015c01efaaac098caeb,OO,22,R_end,1,True,0.0
b10e5786ee75f4f3ceb61466f5ae6502ae2ed584a3774015c01efaaac098caeb,OO,22,C_end,1,True,0.0
b10e5786ee75f4f3ceb61466f5ae6502ae2ed584a3774015c01efaaac098caeb,OO,22,D_pos,1,True,0.0
b10e5786ee75f4f3ceb61466f5ae6502ae2ed584a3774015c01efaaac098caeb,OO,26,R_end,1,True,0.0
b10e5786ee75f4f3ceb61466f5ae6502ae2ed584a3774015c01efaaac098caeb,OO,26,C_end,1,True,0.0
b10e5786ee75f4f3ceb61466f5ae6502ae2ed584a3774015c01efaaac098caeb,OO,26,D_pos,1,True,0.0
b10e5786ee75f4f3ceb61466f5ae6502ae2ed584a3774015c01efaaac098caeb,OS,14,R_end,1,True,0.0
b10e5786ee75f4f3ceb61466f5ae6502ae2ed584a3774015c01efaaac098caeb,OS,14,C_end,1,True,0.0
b10e5786ee75f4f3ceb61466f5ae6502ae2ed584a3774015c01efaaac098caeb,OS,14,D_pos,1,True,0.0
b10e5786ee75f4f3ceb61466f5ae6502ae2ed584a3774015c01efaaac098caeb,OS,18,R_end,1,True,0.0
b10e5786ee75f4f3ceb61466f5ae6502ae2ed584a3774015c01efaaac098caeb,OS,18,C_end,1,True,0.0
b10e5786ee75f4f3ceb61466f5ae6502ae2ed584a3774015c01efaaac098caeb,OS,18,D_pos,1,True,0.0
b10e5786ee75f4f3ceb61466f5ae6502ae2ed584a3774015c01efaaac098caeb,OS,22,R_end,1,True,0.0
b10e5786ee75f4f3ceb61466f5ae6502ae2ed584a3774015c01efaaac098caeb,OS,22,C_end,1,True,0.0
b10e5786ee75f4f3ceb61466f5ae6502ae2ed584a3774015c01efaaac098caeb,OS,22,D_pos,1,True,0.0
b10e5786ee75f4f3ceb61466f5ae6502ae2ed584a3774015c01efaaac098caeb,OS,26,R_end,1,True,0.0
b10e5786ee75f4f3ceb61466f5ae6502ae2ed584a3774015c01efaaac098caeb,OS,26,C_end,1,True,0.0
b10e5786ee75f4f3ceb61466f5ae6502ae2ed584a3774015c01efaaac098caeb,OS,26,D_pos,1,True,0.0
b10e5786ee75f4f3ceb61466f5ae6502ae2ed584a3774015c01efaaac098caeb,SO,14,R_end,1,True,0.0
b10e5786ee75f4f3ceb61466f5ae6502ae2ed584a3774015c01efaaac098caeb,SO,14,C_end,1,True,0.0
b10e5786ee75f4f3ceb61466f5ae6502ae2ed584a3774015c01efaaac098caeb,SO,14,D_pos,1,True,0.0
b10e5786ee75f4f3ceb61466f5ae6502ae2ed584a3774015c01efaaac098caeb,SO,18,R_end,1,True,0.0
b10e5786ee75f4f3ceb61466f5ae6502ae2ed584a3774015c01efaaac098caeb,SO,18,C_end,1,True,0.0
b10e5786ee75f4f3ceb61466f5ae6502ae2ed584a3774015c01efaaac098caeb,SO,18,D_pos,1,True,0.0
b10e5786ee75f4f3ceb61466f5ae6502ae2ed584a3774015c01efaaac098caeb,SO,22,R_end,1,True,0.0
b10e5786ee75f4f3ceb61466f5ae6502ae2ed584a3774015c01efaaac098caeb,SO,22,C_end,1,True,0.0
b10e5786ee75f4f3ceb61466f5ae6502ae2ed584a3774015c01efaaac098caeb,SO,22,D_pos,1,True,0.0
b10e5786ee75f4f3ceb61466f5ae6502ae2ed584a3774015c01efaaac098caeb,SO,26,R_end,1,True,0.0
b10e5786ee75f4f3ceb61466f5ae6502ae2ed584a3774015c01efaaac098caeb,SO,26,C_end,1,True,0.0
b10e5786ee75f4f3ceb61466f5ae6502ae2ed584a3774015c01efaaac098caeb,SO,26,D_pos,1,True,0.0
b10e5786ee75f4f3ceb61466f5ae6502ae2ed584a3774015c01efaaac098caeb,SS,14,R_end,1,True,0.0
b10e5786ee75f4f3ceb61466f5ae6502ae2ed584a3774015c01efaaac098caeb,SS,14,C_end,1,True,0.0
b10e5786ee75f4f3ceb61466f5ae6502ae2ed584a3774015c01efaaac098caeb,SS,14,D_pos,1,True,0.0
b10e5786ee75f4f3ceb61466f5ae6502ae2ed584a3774015c01efaaac098caeb,SS,18,R_end,1,True,0.0
b10e5786ee75f4f3ceb61466f5ae6502ae2ed584a3774015c01efaaac098caeb,SS,18,C_end,1,True,0.0
b10e5786ee75f4f3ceb61466f5ae6502ae2ed584a3774015c01efaaac098caeb,SS,18,D_pos,1,True,0.0
b10e5786ee75f4f3ceb61466f5ae6502ae2ed584a3774015c01efaaac098caeb,SS,22,R_end,1,True,0.0
b10e5786ee75f4f3ceb61466f5ae6502ae2ed584a3774015c01efaaac098caeb,SS,22,C_end,1,True,0.0
b10e5786ee75f4f3ceb61466f5ae6502ae2ed584a3774015c01efaaac098caeb,SS,22,D_pos,1,True,0.0
b10e5786ee75f4f3ceb61466f5ae6502ae2ed584a3774015c01efaaac098caeb,SS,26,R_end,1,True,0.0
b10e5786ee75f4f3ceb61466f5ae6502ae2ed584a3774015c01efaaac098caeb,SS,26,C_end,1,True,0.0
b10e5786ee75f4f3ceb61466f5ae6502ae2ed584a3774015c01efaaac098caeb,SS,26,D_pos,1,True,0.0
bb16e19b3e8abd378a0f469eb8c62aade0d44c020067925db7aa302329933e1f,OO,14,R_end,1,True,0.0
bb16e19b3e8abd378a0f469eb8c62aade0d44c020067925db7aa302329933e1f,OO,14,C_end,1,True,0.0
bb16e19b3e8abd378a0f469eb8c62aade0d44c020067925db7aa302329933e1f,OO,14,D_pos,1,True,0.0
bb16e19b3e8abd378a0f469eb8c62aade0d44c020067925db7aa302329933e1f,OO,18,R_end,1,True,0.0
bb16e19b3e8abd378a0f469eb8c62aade0d44c020067925db7aa302329933e1f,OO,18,C_end,1,True,0.0
bb16e19b3e8abd378a0f469eb8c62aade0d44c020067925db7aa302329933e1f,OO,18,D_pos,1,True,0.0
bb16e19b3e8abd378a0f469eb8c62aade0d44c020067925db7aa302329933e1f,OO,22,R_end,1,True,0.0
bb16e19b3e8abd378a0f469eb8c62aade0d44c020067925db7aa302329933e1f,OO,22,C_end,1,True,0.0
bb16e19b3e8abd378a0f469eb8c62aade0d44c020067925db7aa302329933e1f,OO,22,D_pos,1,True,0.0
bb16e19b3e8abd378a0f469eb8c62aade0d44c020067925db7aa302329933e1f,OO,26,R_end,1,True,0.0
bb16e19b3e8abd378a0f469eb8c62aade0d44c020067925db7aa302329933e1f,OO,26,C_end,1,True,0.0
bb16e19b3e8abd378a0f469eb8c62aade0d44c020067925db7aa302329933e1f,OO,26,D_pos,1,True,0.0
bb16e19b3e8abd378a0f469eb8c62aade0d44c020067925db7aa302329933e1f,OS,14,R_end,1,True,0.0
bb16e19b3e8abd378a0f469eb8c62aade0d44c020067925db7aa302329933e1f,OS,14,C_end,1,True,0.0
bb16e19b3e8abd378a0f469eb8c62aade0d44c020067925db7aa302329933e1f,OS,14,D_pos,1,True,0.0
bb16e19b3e8abd378a0f469eb8c62aade0d44c020067925db7aa302329933e1f,OS,18,R_end,1,True,0.0
bb16e19b3e8abd378a0f469eb8c62aade0d44c020067925db7aa302329933e1f,OS,18,C_end,1,True,0.0
bb16e19b3e8abd378a0f469eb8c62aade0d44c020067925db7aa302329933e1f,OS,18,D_pos,1,True,0.0
bb16e19b3e8abd378a0f469eb8c62aade0d44c020067925db7aa302329933e1f,OS,22,R_end,1,True,0.0
bb16e19b3e8abd378a0f469eb8c62aade0d44c020067925db7aa302329933e1f,OS,22,C_end,1,True,0.0
bb16e19b3e8abd378a0f469eb8c62aade0d44c020067925db7aa302329933e1f,OS,22,D_pos,1,True,0.0
bb16e19b3e8abd378a0f469eb8c62aade0d44c020067925db7aa302329933e1f,OS,26,R_end,1,True,0.0
bb16e19b3e8abd378a0f469eb8c62aade0d44c020067925db7aa302329933e1f,OS,26,C_end,1,True,0.0
bb16e19b3e8abd378a0f469eb8c62aade0d44c020067925db7aa302329933e1f,OS,26,D_pos,1,True,0.0
bb16e19b3e8abd378a0f469eb8c62aade0d44c020067925db7aa302329933e1f,SO,14,R_end,1,True,0.0
bb16e19b3e8abd378a0f469eb8c62aade0d44c020067925db7aa302329933e1f,SO,14,C_end,1,True,0.0
bb16e19b3e8abd378a0f469eb8c62aade0d44c020067925db7aa302329933e1f,SO,14,D_pos,1,True,0.0
bb16e19b3e8abd378a0f469eb8c62aade0d44c020067925db7aa302329933e1f,SO,18,R_end,1,True,0.0
bb16e19b3e8abd378a0f469eb8c62aade0d44c020067925db7aa302329933e1f,SO,18,C_end,1,True,0.0
bb16e19b3e8abd378a0f469eb8c62aade0d44c020067925db7aa302329933e1f,SO,18,D_pos,1,True,0.0
bb16e19b3e8abd378a0f469eb8c62aade0d44c020067925db7aa302329933e1f,SO,22,R_end,1,True,0.0
bb16e19b3e8abd378a0f469eb8c62aade0d44c020067925db7aa302329933e1f,SO,22,C_end,1,True,0.0
bb16e19b3e8abd378a0f469eb8c62aade0d44c020067925db7aa302329933e1f,SO,22,D_pos,1,True,0.0
bb16e19b3e8abd378a0f469eb8c62aade0d44c020067925db7aa302329933e1f,SO,26,R_end,1,True,0.0
bb16e19b3e8abd378a0f469eb8c62aade0d44c020067925db7aa302329933e1f,SO,26,C_end,1,True,0.0
bb16e19b3e8abd378a0f469eb8c62aade0d44c020067925db7aa302329933e1f,SO,26,D_pos,1,True,0.0
bb16e19b3e8abd378a0f469eb8c62aade0d44c020067925db7aa302329933e1f,SS,14,R_end,1,True,0.0
bb16e19b3e8abd378a0f469eb8c62aade0d44c020067925db7aa302329933e1f,SS,14,C_end,1,True,0.0
bb16e19b3e8abd378a0f469eb8c62aade0d44c020067925db7aa302329933e1f,SS,14,D_pos,1,True,0.0
bb16e19b3e8abd378a0f469eb8c62aade0d44c020067925db7aa302329933e1f,SS,18,R_end,1,True,0.0
bb16e19b3e8abd378a0f469eb8c62aade0d44c020067925db7aa302329933e1f,SS,18,C_end,1,True,0.0
bb16e19b3e8abd378a0f469eb8c62aade0d44c020067925db7aa302329933e1f,SS,18,D_pos,1,True,0.0
bb16e19b3e8abd378a0f469eb8c62aade0d44c020067925db7aa302329933e1f,SS,22,R_end,1,True,0.0
bb16e19b3e8abd378a0f469eb8c62aade0d44c020067925db7aa302329933e1f,SS,22,C_end,1,True,0.0
bb16e19b3e8abd378a0f469eb8c62aade0d44c020067925db7aa302329933e1f,SS,22,D_pos,1,True,0.0
bb16e19b3e8abd378a0f469eb8c62aade0d44c020067925db7aa302329933e1f,SS,26,R_end,1,True,0.0
bb16e19b3e8abd378a0f469eb8c62aade0d44c020067925db7aa302329933e1f,SS,26,C_end,1,True,0.0
bb16e19b3e8abd378a0f469eb8c62aade0d44c020067925db7aa302329933e1f,SS,26,D_pos,1,True,0.0
bc9443215df6e659661924bfd50a16aacd685a79178c8e261d1879090e174438,OO,14,R_end,1,True,0.0
bc9443215df6e659661924bfd50a16aacd685a79178c8e261d1879090e174438,OO,14,C_end,1,True,0.0
bc9443215df6e659661924bfd50a16aacd685a79178c8e261d1879090e174438,OO,14,D_pos,1,True,0.0
bc9443215df6e659661924bfd50a16aacd685a79178c8e261d1879090e174438,OO,18,R_end,1,True,0.0
bc9443215df6e659661924bfd50a16aacd685a79178c8e261d1879090e174438,OO,18,C_end,1,True,0.0
bc9443215df6e659661924bfd50a16aacd685a79178c8e261d1879090e174438,OO,18,D_pos,1,True,0.0
bc9443215df6e659661924bfd50a16aacd685a79178c8e261d1879090e174438,OO,22,R_end,1,True,0.0
bc9443215df6e659661924bfd50a16aacd685a79178c8e261d1879090e174438,OO,22,C_end,1,True,0.0
bc9443215df6e659661924bfd50a16aacd685a79178c8e261d1879090e174438,OO,22,D_pos,1,True,0.0
bc9443215df6e659661924bfd50a16aacd685a79178c8e261d1879090e174438,OO,26,R_end,1,True,0.0
bc9443215df6e659661924bfd50a16aacd685a79178c8e261d1879090e174438,OO,26,C_end,1,True,0.0
bc9443215df6e659661924bfd50a16aacd685a79178c8e261d1879090e174438,OO,26,D_pos,1,True,0.0
bc9443215df6e659661924bfd50a16aacd685a79178c8e261d1879090e174438,OS,14,R_end,1,True,0.0
bc9443215df6e659661924bfd50a16aacd685a79178c8e261d1879090e174438,OS,14,C_end,1,True,0.0
bc9443215df6e659661924bfd50a16aacd685a79178c8e261d1879090e174438,OS,14,D_pos,1,True,0.0
bc9443215df6e659661924bfd50a16aacd685a79178c8e261d1879090e174438,OS,18,R_end,1,True,0.0
bc9443215df6e659661924bfd50a16aacd685a79178c8e261d1879090e174438,OS,18,C_end,1,True,0.0
bc9443215df6e659661924bfd50a16aacd685a79178c8e261d1879090e174438,OS,18,D_pos,1,True,0.0
bc9443215df6e659661924bfd50a16aacd685a79178c8e261d1879090e174438,OS,22,R_end,1,True,0.0
bc9443215df6e659661924bfd50a16aacd685a79178c8e261d1879090e174438,OS,22,C_end,1,True,0.0
bc9443215df6e659661924bfd50a16aacd685a79178c8e261d1879090e174438,OS,22,D_pos,1,True,0.0
bc9443215df6e659661924bfd50a16aacd685a79178c8e261d1879090e174438,OS,26,R_end,1,True,0.0
bc9443215df6e659661924bfd50a16aacd685a79178c8e261d1879090e174438,OS,26,C_end,1,True,0.0
bc9443215df6e659661924bfd50a16aacd685a79178c8e261d1879090e174438,OS,26,D_pos,1,True,0.0
bc9443215df6e659661924bfd50a16aacd685a79178c8e261d1879090e174438,SO,14,R_end,1,True,0.0
bc9443215df6e659661924bfd50a16aacd685a79178c8e261d1879090e174438,SO,14,C_end,1,True,0.0
bc9443215df6e659661924bfd50a16aacd685a79178c8e261d1879090e174438,SO,14,D_pos,1,True,0.0
bc9443215df6e659661924bfd50a16aacd685a79178c8e261d1879090e174438,SO,18,R_end,1,True,0.0
bc9443215df6e659661924bfd50a16aacd685a79178c8e261d1879090e174438,SO,18,C_end,1,True,0.0
bc9443215df6e659661924bfd50a16aacd685a79178c8e261d1879090e174438,SO,18,D_pos,1,True,0.0
bc9443215df6e659661924bfd50a16aacd685a79178c8e261d1879090e174438,SO,22,R_end,1,True,0.0
bc9443215df6e659661924bfd50a16aacd685a79178c8e261d1879090e174438,SO,22,C_end,1,True,0.0
bc9443215df6e659661924bfd50a16aacd685a79178c8e261d1879090e174438,SO,22,D_pos,1,True,0.0
bc9443215df6e659661924bfd50a16aacd685a79178c8e261d1879090e174438,SO,26,R_end,1,True,0.0
bc9443215df6e659661924bfd50a16aacd685a79178c8e261d1879090e174438,SO,26,C_end,1,True,0.0
bc9443215df6e659661924bfd50a16aacd685a79178c8e261d1879090e174438,SO,26,D_pos,1,True,0.0
bc9443215df6e659661924bfd50a16aacd685a79178c8e261d1879090e174438,SS,14,R_end,1,True,0.0
bc9443215df6e659661924bfd50a16aacd685a79178c8e261d1879090e174438,SS,14,C_end,1,True,0.0
bc9443215df6e659661924bfd50a16aacd685a79178c8e261d1879090e174438,SS,14,D_pos,1,True,0.0
bc9443215df6e659661924bfd50a16aacd685a79178c8e261d1879090e174438,SS,18,R_end,1,True,0.0
bc9443215df6e659661924bfd50a16aacd685a79178c8e261d1879090e174438,SS,18,C_end,1,True,0.0
bc9443215df6e659661924bfd50a16aacd685a79178c8e261d1879090e174438,SS,18,D_pos,1,True,0.0
bc9443215df6e659661924bfd50a16aacd685a79178c8e261d1879090e174438,SS,22,R_end,1,True,0.0
bc9443215df6e659661924bfd50a16aacd685a79178c8e261d1879090e174438,SS,22,C_end,1,True,0.0
bc9443215df6e659661924bfd50a16aacd685a79178c8e261d1879090e174438,SS,22,D_pos,1,True,0.0
bc9443215df6e659661924bfd50a16aacd685a79178c8e261d1879090e174438,SS,26,R_end,1,True,0.0
bc9443215df6e659661924bfd50a16aacd685a79178c8e261d1879090e174438,SS,26,C_end,1,True,0.0
bc9443215df6e659661924bfd50a16aacd685a79178c8e261d1879090e174438,SS,26,D_pos,1,True,0.0
c05526ecb6806b268e9e1896b8832f5831fbeb2e6e65a2642a6efbf9f043656c,OO,14,R_end,1,True,0.0
c05526ecb6806b268e9e1896b8832f5831fbeb2e6e65a2642a6efbf9f043656c,OO,14,C_end,1,True,0.0
c05526ecb6806b268e9e1896b8832f5831fbeb2e6e65a2642a6efbf9f043656c,OO,14,D_pos,1,True,0.0
c05526ecb6806b268e9e1896b8832f5831fbeb2e6e65a2642a6efbf9f043656c,OO,18,R_end,1,True,0.0
c05526ecb6806b268e9e1896b8832f5831fbeb2e6e65a2642a6efbf9f043656c,OO,18,C_end,1,True,0.0
c05526ecb6806b268e9e1896b8832f5831fbeb2e6e65a2642a6efbf9f043656c,OO,18,D_pos,1,True,0.0
c05526ecb6806b268e9e1896b8832f5831fbeb2e6e65a2642a6efbf9f043656c,OO,22,R_end,1,True,0.0
c05526ecb6806b268e9e1896b8832f5831fbeb2e6e65a2642a6efbf9f043656c,OO,22,C_end,1,True,0.0
c05526ecb6806b268e9e1896b8832f5831fbeb2e6e65a2642a6efbf9f043656c,OO,22,D_pos,1,True,0.0
c05526ecb6806b268e9e1896b8832f5831fbeb2e6e65a2642a6efbf9f043656c,OO,26,R_end,1,True,0.0
c05526ecb6806b268e9e1896b8832f5831fbeb2e6e65a2642a6efbf9f043656c,OO,26,C_end,1,True,0.0
c05526ecb6806b268e9e1896b8832f5831fbeb2e6e65a2642a6efbf9f043656c,OO,26,D_pos,1,True,0.0
c05526ecb6806b268e9e1896b8832f5831fbeb2e6e65a2642a6efbf9f043656c,OS,14,R_end,1,True,0.0
c05526ecb6806b268e9e1896b8832f5831fbeb2e6e65a2642a6efbf9f043656c,OS,14,C_end,1,True,0.0
c05526ecb6806b268e9e1896b8832f5831fbeb2e6e65a2642a6efbf9f043656c,OS,14,D_pos,1,True,0.0
c05526ecb6806b268e9e1896b8832f5831fbeb2e6e65a2642a6efbf9f043656c,OS,18,R_end,1,True,0.0
c05526ecb6806b268e9e1896b8832f5831fbeb2e6e65a2642a6efbf9f043656c,OS,18,C_end,1,True,0.0
c05526ecb6806b268e9e1896b8832f5831fbeb2e6e65a2642a6efbf9f043656c,OS,18,D_pos,1,True,0.0
c05526ecb6806b268e9e1896b8832f5831fbeb2e6e65a2642a6efbf9f043656c,OS,22,R_end,1,True,0.0
c05526ecb6806b268e9e1896b8832f5831fbeb2e6e65a2642a6efbf9f043656c,OS,22,C_end,1,True,0.0
c05526ecb6806b268e9e1896b8832f5831fbeb2e6e65a2642a6efbf9f043656c,OS,22,D_pos,1,True,0.0
c05526ecb6806b268e9e1896b8832f5831fbeb2e6e65a2642a6efbf9f043656c,OS,26,R_end,1,True,0.0
c05526ecb6806b268e9e1896b8832f5831fbeb2e6e65a2642a6efbf9f043656c,OS,26,C_end,1,True,0.0
c05526ecb6806b268e9e1896b8832f5831fbeb2e6e65a2642a6efbf9f043656c,OS,26,D_pos,1,True,0.0
c05526ecb6806b268e9e1896b8832f5831fbeb2e6e65a2642a6efbf9f043656c,SO,14,R_end,1,True,0.0
c05526ecb6806b268e9e1896b8832f5831fbeb2e6e65a2642a6efbf9f043656c,SO,14,C_end,1,True,0.0
c05526ecb6806b268e9e1896b8832f5831fbeb2e6e65a2642a6efbf9f043656c,SO,14,D_pos,1,True,0.0
c05526ecb6806b268e9e1896b8832f5831fbeb2e6e65a2642a6efbf9f043656c,SO,18,R_end,1,True,0.0
c05526ecb6806b268e9e1896b8832f5831fbeb2e6e65a2642a6efbf9f043656c,SO,18,C_end,1,True,0.0
c05526ecb6806b268e9e1896b8832f5831fbeb2e6e65a2642a6efbf9f043656c,SO,18,D_pos,1,True,0.0
c05526ecb6806b268e9e1896b8832f5831fbeb2e6e65a2642a6efbf9f043656c,SO,22,R_end,1,True,0.0
c05526ecb6806b268e9e1896b8832f5831fbeb2e6e65a2642a6efbf9f043656c,SO,22,C_end,1,True,0.0
c05526ecb6806b268e9e1896b8832f5831fbeb2e6e65a2642a6efbf9f043656c,SO,22,D_pos,1,True,0.0
c05526ecb6806b268e9e1896b8832f5831fbeb2e6e65a2642a6efbf9f043656c,SO,26,R_end,1,True,0.0
c05526ecb6806b268e9e1896b8832f5831fbeb2e6e65a2642a6efbf9f043656c,SO,26,C_end,1,True,0.0
c05526ecb6806b268e9e1896b8832f5831fbeb2e6e65a2642a6efbf9f043656c,SO,26,D_pos,1,True,0.0
c05526ecb6806b268e9e1896b8832f5831fbeb2e6e65a2642a6efbf9f043656c,SS,14,R_end,1,True,0.0
c05526ecb6806b268e9e1896b8832f5831fbeb2e6e65a2642a6efbf9f043656c,SS,14,C_end,1,True,0.0
c05526ecb6806b268e9e1896b8832f5831fbeb2e6e65a2642a6efbf9f043656c,SS,14,D_pos,1,True,0.0
c05526ecb6806b268e9e1896b8832f5831fbeb2e6e65a2642a6efbf9f043656c,SS,18,R_end,1,True,0.0
c05526ecb6806b268e9e1896b8832f5831fbeb2e6e65a2642a6efbf9f043656c,SS,18,C_end,1,True,0.0
c05526ecb6806b268e9e1896b8832f5831fbeb2e6e65a2642a6efbf9f043656c,SS,18,D_pos,1,True,0.0
c05526ecb6806b268e9e1896b8832f5831fbeb2e6e65a2642a6efbf9f043656c,SS,22,R_end,1,True,0.0
c05526ecb6806b268e9e1896b8832f5831fbeb2e6e65a2642a6efbf9f043656c,SS,22,C_end,1,True,0.0
c05526ecb6806b268e9e1896b8832f5831fbeb2e6e65a2642a6efbf9f043656c,SS,22,D_pos,1,True,0.0
c05526ecb6806b268e9e1896b8832f5831fbeb2e6e65a2642a6efbf9f043656c,SS,26,R_end,1,True,0.0
c05526ecb6806b268e9e1896b8832f5831fbeb2e6e65a2642a6efbf9f043656c,SS,26,C_end,1,True,0.0
c05526ecb6806b268e9e1896b8832f5831fbeb2e6e65a2642a6efbf9f043656c,SS,26,D_pos,1,True,0.0
c0a4432df2163f61270b31abc1cd02b4d758686d3080aac555dab98e4f269c2a,OO,14,R_end,1,True,0.0
c0a4432df2163f61270b31abc1cd02b4d758686d3080aac555dab98e4f269c2a,OO,14,C_end,1,True,0.0
c0a4432df2163f61270b31abc1cd02b4d758686d3080aac555dab98e4f269c2a,OO,14,D_pos,1,True,0.0
c0a4432df2163f61270b31abc1cd02b4d758686d3080aac555dab98e4f269c2a,OO,18,R_end,1,True,0.0
c0a4432df2163f61270b31abc1cd02b4d758686d3080aac555dab98e4f269c2a,OO,18,C_end,1,True,0.0
c0a4432df2163f61270b31abc1cd02b4d758686d3080aac555dab98e4f269c2a,OO,18,D_pos,1,True,0.0
c0a4432df2163f61270b31abc1cd02b4d758686d3080aac555dab98e4f269c2a,OO,22,R_end,1,True,0.0
c0a4432df2163f61270b31abc1cd02b4d758686d3080aac555dab98e4f269c2a,OO,22,C_end,1,True,0.0
c0a4432df2163f61270b31abc1cd02b4d758686d3080aac555dab98e4f269c2a,OO,22,D_pos,1,True,0.0
c0a4432df2163f61270b31abc1cd02b4d758686d3080aac555dab98e4f269c2a,OO,26,R_end,1,True,0.0
c0a4432df2163f61270b31abc1cd02b4d758686d3080aac555dab98e4f269c2a,OO,26,C_end,1,True,0.0
c0a4432df2163f61270b31abc1cd02b4d758686d3080aac555dab98e4f269c2a,OO,26,D_pos,1,True,0.0
c0a4432df2163f61270b31abc1cd02b4d758686d3080aac555dab98e4f269c2a,OS,14,R_end,1,True,0.0
c0a4432df2163f61270b31abc1cd02b4d758686d3080aac555dab98e4f269c2a,OS,14,C_end,1,True,0.0
c0a4432df2163f61270b31abc1cd02b4d758686d3080aac555dab98e4f269c2a,OS,14,D_pos,1,True,0.0
c0a4432df2163f61270b31abc1cd02b4d758686d3080aac555dab98e4f269c2a,OS,18,R_end,1,True,0.0
c0a4432df2163f61270b31abc1cd02b4d758686d3080aac555dab98e4f269c2a,OS,18,C_end,1,True,0.0
c0a4432df2163f61270b31abc1cd02b4d758686d3080aac555dab98e4f269c2a,OS,18,D_pos,1,True,0.0
c0a4432df2163f61270b31abc1cd02b4d758686d3080aac555dab98e4f269c2a,OS,22,R_end,1,True,0.0
c0a4432df2163f61270b31abc1cd02b4d758686d3080aac555dab98e4f269c2a,OS,22,C_end,1,True,0.0
c0a4432df2163f61270b31abc1cd02b4d758686d3080aac555dab98e4f269c2a,OS,22,D_pos,1,True,0.0
c0a4432df2163f61270b31abc1cd02b4d758686d3080aac555dab98e4f269c2a,OS,26,R_end,1,True,0.0
c0a4432df2163f61270b31abc1cd02b4d758686d3080aac555dab98e4f269c2a,OS,26,C_end,1,True,0.0
c0a4432df2163f61270b31abc1cd02b4d758686d3080aac555dab98e4f269c2a,OS,26,D_pos,1,True,0.0
c0a4432df2163f61270b31abc1cd02b4d758686d3080aac555dab98e4f269c2a,SO,14,R_end,1,True,0.0
c0a4432df2163f61270b31abc1cd02b4d758686d3080aac555dab98e4f269c2a,SO,14,C_end,1,True,0.0
c0a4432df2163f61270b31abc1cd02b4d758686d3080aac555dab98e4f269c2a,SO,14,D_pos,1,True,0.0
c0a4432df2163f61270b31abc1cd02b4d758686d3080aac555dab98e4f269c2a,SO,18,R_end,1,True,0.0
c0a4432df2163f61270b31abc1cd02b4d758686d3080aac555dab98e4f269c2a,SO,18,C_end,1,True,0.0
c0a4432df2163f61270b31abc1cd02b4d758686d3080aac555dab98e4f269c2a,SO,18,D_pos,1,True,0.0
c0a4432df2163f61270b31abc1cd02b4d758686d3080aac555dab98e4f269c2a,SO,22,R_end,1,True,0.0
c0a4432df2163f61270b31abc1cd02b4d758686d3080aac555dab98e4f269c2a,SO,22,C_end,1,True,0.0
c0a4432df2163f61270b31abc1cd02b4d758686d3080aac555dab98e4f269c2a,SO,22,D_pos,1,True,0.0
c0a4432df2163f61270b31abc1cd02b4d758686d3080aac555dab98e4f269c2a,SO,26,R_end,1,True,0.0
c0a4432df2163f61270b31abc1cd02b4d758686d3080aac555dab98e4f269c2a,SO,26,C_end,1,True,0.0
c0a4432df2163f61270b31abc1cd02b4d758686d3080aac555dab98e4f269c2a,SO,26,D_pos,1,True,0.0
c0a4432df2163f61270b31abc1cd02b4d758686d3080aac555dab98e4f269c2a,SS,14,R_end,1,True,0.0
c0a4432df2163f61270b31abc1cd02b4d758686d3080aac555dab98e4f269c2a,SS,14,C_end,1,True,0.0
c0a4432df2163f61270b31abc1cd02b4d758686d3080aac555dab98e4f269c2a,SS,14,D_pos,1,True,0.0
c0a4432df2163f61270b31abc1cd02b4d758686d3080aac555dab98e4f269c2a,SS,18,R_end,1,True,0.0
c0a4432df2163f61270b31abc1cd02b4d758686d3080aac555dab98e4f269c2a,SS,18,C_end,1,True,0.0
c0a4432df2163f61270b31abc1cd02b4d758686d3080aac555dab98e4f269c2a,SS,18,D_pos,1,True,0.0
c0a4432df2163f61270b31abc1cd02b4d758686d3080aac555dab98e4f269c2a,SS,22,R_end,1,True,0.0
c0a4432df2163f61270b31abc1cd02b4d758686d3080aac555dab98e4f269c2a,SS,22,C_end,1,True,0.0
c0a4432df2163f61270b31abc1cd02b4d758686d3080aac555dab98e4f269c2a,SS,22,D_pos,1,True,0.0
c0a4432df2163f61270b31abc1cd02b4d758686d3080aac555dab98e4f269c2a,SS,26,R_end,1,True,0.0
c0a4432df2163f61270b31abc1cd02b4d758686d3080aac555dab98e4f269c2a,SS,26,C_end,1,True,0.0
c0a4432df2163f61270b31abc1cd02b4d758686d3080aac555dab98e4f269c2a,SS,26,D_pos,1,True,0.0
c491b430b29ef0c7341dc243289a6432e66d64339e24cb28b235957ddf51ea73,OO,14,R_end,1,True,0.0
c491b430b29ef0c7341dc243289a6432e66d64339e24cb28b235957ddf51ea73,OO,14,C_end,1,True,0.0
c491b430b29ef0c7341dc243289a6432e66d64339e24cb28b235957ddf51ea73,OO,14,D_pos,1,True,0.0
c491b430b29ef0c7341dc243289a6432e66d64339e24cb28b235957ddf51ea73,OO,18,R_end,1,True,0.0
c491b430b29ef0c7341dc243289a6432e66d64339e24cb28b235957ddf51ea73,OO,18,C_end,1,True,0.0
c491b430b29ef0c7341dc243289a6432e66d64339e24cb28b235957ddf51ea73,OO,18,D_pos,1,True,0.0
c491b430b29ef0c7341dc243289a6432e66d64339e24cb28b235957ddf51ea73,OO,22,R_end,1,True,0.0
c491b430b29ef0c7341dc243289a6432e66d64339e24cb28b235957ddf51ea73,OO,22,C_end,1,True,0.0
c491b430b29ef0c7341dc243289a6432e66d64339e24cb28b235957ddf51ea73,OO,22,D_pos,1,True,0.0
c491b430b29ef0c7341dc243289a6432e66d64339e24cb28b235957ddf51ea73,OO,26,R_end,1,True,0.0
c491b430b29ef0c7341dc243289a6432e66d64339e24cb28b235957ddf51ea73,OO,26,C_end,1,True,0.0
c491b430b29ef0c7341dc243289a6432e66d64339e24cb28b235957ddf51ea73,OO,26,D_pos,1,True,0.0
c491b430b29ef0c7341dc243289a6432e66d64339e24cb28b235957ddf51ea73,OS,14,R_end,1,True,0.0
c491b430b29ef0c7341dc243289a6432e66d64339e24cb28b235957ddf51ea73,OS,14,C_end,1,True,0.0
c491b430b29ef0c7341dc243289a6432e66d64339e24cb28b235957ddf51ea73,OS,14,D_pos,1,True,0.0
c491b430b29ef0c7341dc243289a6432e66d64339e24cb28b235957ddf51ea73,OS,18,R_end,1,True,0.0
c491b430b29ef0c7341dc243289a6432e66d64339e24cb28b235957ddf51ea73,OS,18,C_end,1,True,0.0
c491b430b29ef0c7341dc243289a6432e66d64339e24cb28b235957ddf51ea73,OS,18,D_pos,1,True,0.0
c491b430b29ef0c7341dc243289a6432e66d64339e24cb28b235957ddf51ea73,OS,22,R_end,1,True,0.0
c491b430b29ef0c7341dc243289a6432e66d64339e24cb28b235957ddf51ea73,OS,22,C_end,1,True,0.0
c491b430b29ef0c7341dc243289a6432e66d64339e24cb28b235957ddf51ea73,OS,22,D_pos,1,True,0.0
c491b430b29ef0c7341dc243289a6432e66d64339e24cb28b235957ddf51ea73,OS,26,R_end,1,True,0.0
c491b430b29ef0c7341dc243289a6432e66d64339e24cb28b235957ddf51ea73,OS,26,C_end,1,True,0.0
c491b430b29ef0c7341dc243289a6432e66d64339e24cb28b235957ddf51ea73,OS,26,D_pos,1,True,0.0
c491b430b29ef0c7341dc243289a6432e66d64339e24cb28b235957ddf51ea73,SO,14,R_end,1,True,0.0
c491b430b29ef0c7341dc243289a6432e66d64339e24cb28b235957ddf51ea73,SO,14,C_end,1,True,0.0
c491b430b29ef0c7341dc243289a6432e66d64339e24cb28b235957ddf51ea73,SO,14,D_pos,1,True,0.0
c491b430b29ef0c7341dc243289a6432e66d64339e24cb28b235957ddf51ea73,SO,18,R_end,1,True,0.0
c491b430b29ef0c7341dc243289a6432e66d64339e24cb28b235957ddf51ea73,SO,18,C_end,1,True,0.0
c491b430b29ef0c7341dc243289a6432e66d64339e24cb28b235957ddf51ea73,SO,18,D_pos,1,True,0.0
c491b430b29ef0c7341dc243289a6432e66d64339e24cb28b235957ddf51ea73,SO,22,R_end,1,True,0.0
c491b430b29ef0c7341dc243289a6432e66d64339e24cb28b235957ddf51ea73,SO,22,C_end,1,True,0.0
c491b430b29ef0c7341dc243289a6432e66d64339e24cb28b235957ddf51ea73,SO,22,D_pos,1,True,0.0
c491b430b29ef0c7341dc243289a6432e66d64339e24cb28b235957ddf51ea73,SO,26,R_end,1,True,0.0
c491b430b29ef0c7341dc243289a6432e66d64339e24cb28b235957ddf51ea73,SO,26,C_end,1,True,0.0
c491b430b29ef0c7341dc243289a6432e66d64339e24cb28b235957ddf51ea73,SO,26,D_pos,1,True,0.0
c491b430b29ef0c7341dc243289a6432e66d64339e24cb28b235957ddf51ea73,SS,14,R_end,1,True,0.0
c491b430b29ef0c7341dc243289a6432e66d64339e24cb28b235957ddf51ea73,SS,14,C_end,1,True,0.0
c491b430b29ef0c7341dc243289a6432e66d64339e24cb28b235957ddf51ea73,SS,14,D_pos,1,True,0.0
c491b430b29ef0c7341dc243289a6432e66d64339e24cb28b235957ddf51ea73,SS,18,R_end,1,True,0.0
c491b430b29ef0c7341dc243289a6432e66d64339e24cb28b235957ddf51ea73,SS,18,C_end,1,True,0.0
c491b430b29ef0c7341dc243289a6432e66d64339e24cb28b235957ddf51ea73,SS,18,D_pos,1,True,0.0
c491b430b29ef0c7341dc243289a6432e66d64339e24cb28b235957ddf51ea73,SS,22,R_end,1,True,0.0
c491b430b29ef0c7341dc243289a6432e66d64339e24cb28b235957ddf51ea73,SS,22,C_end,1,True,0.0
c491b430b29ef0c7341dc243289a6432e66d64339e24cb28b235957ddf51ea73,SS,22,D_pos,1,True,0.0
c491b430b29ef0c7341dc243289a6432e66d64339e24cb28b235957ddf51ea73,SS,26,R_end,1,True,0.0
c491b430b29ef0c7341dc243289a6432e66d64339e24cb28b235957ddf51ea73,SS,26,C_end,1,True,0.0
c491b430b29ef0c7341dc243289a6432e66d64339e24cb28b235957ddf51ea73,SS,26,D_pos,1,True,0.0
c505e2cc19abc2f41063f5d37e09bc1a723e9df14647d24a3299b05ef4dc8215,OO,14,R_end,1,True,0.0
c505e2cc19abc2f41063f5d37e09bc1a723e9df14647d24a3299b05ef4dc8215,OO,14,C_end,1,True,0.0
c505e2cc19abc2f41063f5d37e09bc1a723e9df14647d24a3299b05ef4dc8215,OO,14,D_pos,1,True,0.0
c505e2cc19abc2f41063f5d37e09bc1a723e9df14647d24a3299b05ef4dc8215,OO,18,R_end,1,True,0.0
c505e2cc19abc2f41063f5d37e09bc1a723e9df14647d24a3299b05ef4dc8215,OO,18,C_end,1,True,0.0
c505e2cc19abc2f41063f5d37e09bc1a723e9df14647d24a3299b05ef4dc8215,OO,18,D_pos,1,True,0.0
c505e2cc19abc2f41063f5d37e09bc1a723e9df14647d24a3299b05ef4dc8215,OO,22,R_end,1,True,0.0
c505e2cc19abc2f41063f5d37e09bc1a723e9df14647d24a3299b05ef4dc8215,OO,22,C_end,1,True,0.0
c505e2cc19abc2f41063f5d37e09bc1a723e9df14647d24a3299b05ef4dc8215,OO,22,D_pos,1,True,0.0
c505e2cc19abc2f41063f5d37e09bc1a723e9df14647d24a3299b05ef4dc8215,OO,26,R_end,1,True,0.0
c505e2cc19abc2f41063f5d37e09bc1a723e9df14647d24a3299b05ef4dc8215,OO,26,C_end,1,True,0.0
c505e2cc19abc2f41063f5d37e09bc1a723e9df14647d24a3299b05ef4dc8215,OO,26,D_pos,1,True,0.0
c505e2cc19abc2f41063f5d37e09bc1a723e9df14647d24a3299b05ef4dc8215,OS,14,R_end,1,True,0.0
c505e2cc19abc2f41063f5d37e09bc1a723e9df14647d24a3299b05ef4dc8215,OS,14,C_end,1,True,0.0
c505e2cc19abc2f41063f5d37e09bc1a723e9df14647d24a3299b05ef4dc8215,OS,14,D_pos,1,True,0.0
c505e2cc19abc2f41063f5d37e09bc1a723e9df14647d24a3299b05ef4dc8215,OS,18,R_end,1,True,0.0
c505e2cc19abc2f41063f5d37e09bc1a723e9df14647d24a3299b05ef4dc8215,OS,18,C_end,1,True,0.0
c505e2cc19abc2f41063f5d37e09bc1a723e9df14647d24a3299b05ef4dc8215,OS,18,D_pos,1,True,0.0
c505e2cc19abc2f41063f5d37e09bc1a723e9df14647d24a3299b05ef4dc8215,OS,22,R_end,1,True,0.0
c505e2cc19abc2f41063f5d37e09bc1a723e9df14647d24a3299b05ef4dc8215,OS,22,C_end,1,True,0.0
c505e2cc19abc2f41063f5d37e09bc1a723e9df14647d24a3299b05ef4dc8215,OS,22,D_pos,1,True,0.0
c505e2cc19abc2f41063f5d37e09bc1a723e9df14647d24a3299b05ef4dc8215,OS,26,R_end,1,True,0.0
c505e2cc19abc2f41063f5d37e09bc1a723e9df14647d24a3299b05ef4dc8215,OS,26,C_end,1,True,0.0
c505e2cc19abc2f41063f5d37e09bc1a723e9df14647d24a3299b05ef4dc8215,OS,26,D_pos,1,True,0.0
c505e2cc19abc2f41063f5d37e09bc1a723e9df14647d24a3299b05ef4dc8215,SO,14,R_end,1,True,0.0
c505e2cc19abc2f41063f5d37e09bc1a723e9df14647d24a3299b05ef4dc8215,SO,14,C_end,1,True,0.0
c505e2cc19abc2f41063f5d37e09bc1a723e9df14647d24a3299b05ef4dc8215,SO,14,D_pos,1,True,0.0
c505e2cc19abc2f41063f5d37e09bc1a723e9df14647d24a3299b05ef4dc8215,SO,18,R_end,1,True,0.0
c505e2cc19abc2f41063f5d37e09bc1a723e9df14647d24a3299b05ef4dc8215,SO,18,C_end,1,True,0.0
c505e2cc19abc2f41063f5d37e09bc1a723e9df14647d24a3299b05ef4dc8215,SO,18,D_pos,1,True,0.0
c505e2cc19abc2f41063f5d37e09bc1a723e9df14647d24a3299b05ef4dc8215,SO,22,R_end,1,True,0.0
c505e2cc19abc2f41063f5d37e09bc1a723e9df14647d24a3299b05ef4dc8215,SO,22,C_end,1,True,0.0
c505e2cc19abc2f41063f5d37e09bc1a723e9df14647d24a3299b05ef4dc8215,SO,22,D_pos,1,True,0.0
c505e2cc19abc2f41063f5d37e09bc1a723e9df14647d24a3299b05ef4dc8215,SO,26,R_end,1,True,0.0
c505e2cc19abc2f41063f5d37e09bc1a723e9df14647d24a3299b05ef4dc8215,SO,26,C_end,1,True,0.0
c505e2cc19abc2f41063f5d37e09bc1a723e9df14647d24a3299b05ef4dc8215,SO,26,D_pos,1,True,0.0
c505e2cc19abc2f41063f5d37e09bc1a723e9df14647d24a3299b05ef4dc8215,SS,14,R_end,1,True,0.0
c505e2cc19abc2f41063f5d37e09bc1a723e9df14647d24a3299b05ef4dc8215,SS,14,C_end,1,True,0.0
c505e2cc19abc2f41063f5d37e09bc1a723e9df14647d24a3299b05ef4dc8215,SS,14,D_pos,1,True,0.0
c505e2cc19abc2f41063f5d37e09bc1a723e9df14647d24a3299b05ef4dc8215,SS,18,R_end,1,True,0.0
c505e2cc19abc2f41063f5d37e09bc1a723e9df14647d24a3299b05ef4dc8215,SS,18,C_end,1,True,0.0
c505e2cc19abc2f41063f5d37e09bc1a723e9df14647d24a3299b05ef4dc8215,SS,18,D_pos,1,True,0.0
c505e2cc19abc2f41063f5d37e09bc1a723e9df14647d24a3299b05ef4dc8215,SS,22,R_end,1,True,0.0
c505e2cc19abc2f41063f5d37e09bc1a723e9df14647d24a3299b05ef4dc8215,SS,22,C_end,1,True,0.0
c505e2cc19abc2f41063f5d37e09bc1a723e9df14647d24a3299b05ef4dc8215,SS,22,D_pos,1,True,0.0
c505e2cc19abc2f41063f5d37e09bc1a723e9df14647d24a3299b05ef4dc8215,SS,26,R_end,1,True,0.0
c505e2cc19abc2f41063f5d37e09bc1a723e9df14647d24a3299b05ef4dc8215,SS,26,C_end,1,True,0.0
c505e2cc19abc2f41063f5d37e09bc1a723e9df14647d24a3299b05ef4dc8215,SS,26,D_pos,1,True,0.0
c8ded625a3e1509e8f29407e3829f984e30c7a027c73183e023546d735e6a8b0,OO,14,R_end,1,True,0.0
c8ded625a3e1509e8f29407e3829f984e30c7a027c73183e023546d735e6a8b0,OO,14,C_end,1,True,0.0
c8ded625a3e1509e8f29407e3829f984e30c7a027c73183e023546d735e6a8b0,OO,14,D_pos,1,True,0.0
c8ded625a3e1509e8f29407e3829f984e30c7a027c73183e023546d735e6a8b0,OO,18,R_end,1,True,0.0
c8ded625a3e1509e8f29407e3829f984e30c7a027c73183e023546d735e6a8b0,OO,18,C_end,1,True,0.0
c8ded625a3e1509e8f29407e3829f984e30c7a027c73183e023546d735e6a8b0,OO,18,D_pos,1,True,0.0
c8ded625a3e1509e8f29407e3829f984e30c7a027c73183e023546d735e6a8b0,OO,22,R_end,1,True,0.0
c8ded625a3e1509e8f29407e3829f984e30c7a027c73183e023546d735e6a8b0,OO,22,C_end,1,True,0.0
c8ded625a3e1509e8f29407e3829f984e30c7a027c73183e023546d735e6a8b0,OO,22,D_pos,1,True,0.0
c8ded625a3e1509e8f29407e3829f984e30c7a027c73183e023546d735e6a8b0,OO,26,R_end,1,True,0.0
c8ded625a3e1509e8f29407e3829f984e30c7a027c73183e023546d735e6a8b0,OO,26,C_end,1,True,0.0
c8ded625a3e1509e8f29407e3829f984e30c7a027c73183e023546d735e6a8b0,OO,26,D_pos,1,True,0.0
c8ded625a3e1509e8f29407e3829f984e30c7a027c73183e023546d735e6a8b0,OS,14,R_end,1,True,0.0
c8ded625a3e1509e8f29407e3829f984e30c7a027c73183e023546d735e6a8b0,OS,14,C_end,1,True,0.0
c8ded625a3e1509e8f29407e3829f984e30c7a027c73183e023546d735e6a8b0,OS,14,D_pos,1,True,0.0
c8ded625a3e1509e8f29407e3829f984e30c7a027c73183e023546d735e6a8b0,OS,18,R_end,1,True,0.0
c8ded625a3e1509e8f29407e3829f984e30c7a027c73183e023546d735e6a8b0,OS,18,C_end,1,True,0.0
c8ded625a3e1509e8f29407e3829f984e30c7a027c73183e023546d735e6a8b0,OS,18,D_pos,1,True,0.0
c8ded625a3e1509e8f29407e3829f984e30c7a027c73183e023546d735e6a8b0,OS,22,R_end,1,True,0.0
c8ded625a3e1509e8f29407e3829f984e30c7a027c73183e023546d735e6a8b0,OS,22,C_end,1,True,0.0
c8ded625a3e1509e8f29407e3829f984e30c7a027c73183e023546d735e6a8b0,OS,22,D_pos,1,True,0.0
c8ded625a3e1509e8f29407e3829f984e30c7a027c73183e023546d735e6a8b0,OS,26,R_end,1,True,0.0
c8ded625a3e1509e8f29407e3829f984e30c7a027c73183e023546d735e6a8b0,OS,26,C_end,1,True,0.0
c8ded625a3e1509e8f29407e3829f984e30c7a027c73183e023546d735e6a8b0,OS,26,D_pos,1,True,0.0
c8ded625a3e1509e8f29407e3829f984e30c7a027c73183e023546d735e6a8b0,SO,14,R_end,1,True,0.0
c8ded625a3e1509e8f29407e3829f984e30c7a027c73183e023546d735e6a8b0,SO,14,C_end,1,True,0.0
c8ded625a3e1509e8f29407e3829f984e30c7a027c73183e023546d735e6a8b0,SO,14,D_pos,1,True,0.0
c8ded625a3e1509e8f29407e3829f984e30c7a027c73183e023546d735e6a8b0,SO,18,R_end,1,True,0.0
c8ded625a3e1509e8f29407e3829f984e30c7a027c73183e023546d735e6a8b0,SO,18,C_end,1,True,0.0
c8ded625a3e1509e8f29407e3829f984e30c7a027c73183e023546d735e6a8b0,SO,18,D_pos,1,True,0.0
c8ded625a3e1509e8f29407e3829f984e30c7a027c73183e023546d735e6a8b0,SO,22,R_end,1,True,0.0
c8ded625a3e1509e8f29407e3829f984e30c7a027c73183e023546d735e6a8b0,SO,22,C_end,1,True,0.0
c8ded625a3e1509e8f29407e3829f984e30c7a027c73183e023546d735e6a8b0,SO,22,D_pos,1,True,0.0
c8ded625a3e1509e8f29407e3829f984e30c7a027c73183e023546d735e6a8b0,SO,26,R_end,1,True,0.0
c8ded625a3e1509e8f29407e3829f984e30c7a027c73183e023546d735e6a8b0,SO,26,C_end,1,True,0.0
c8ded625a3e1509e8f29407e3829f984e30c7a027c73183e023546d735e6a8b0,SO,26,D_pos,1,True,0.0
c8ded625a3e1509e8f29407e3829f984e30c7a027c73183e023546d735e6a8b0,SS,14,R_end,1,True,0.0
c8ded625a3e1509e8f29407e3829f984e30c7a027c73183e023546d735e6a8b0,SS,14,C_end,1,True,0.0
c8ded625a3e1509e8f29407e3829f984e30c7a027c73183e023546d735e6a8b0,SS,14,D_pos,1,True,0.0
c8ded625a3e1509e8f29407e3829f984e30c7a027c73183e023546d735e6a8b0,SS,18,R_end,1,True,0.0
c8ded625a3e1509e8f29407e3829f984e30c7a027c73183e023546d735e6a8b0,SS,18,C_end,1,True,0.0
c8ded625a3e1509e8f29407e3829f984e30c7a027c73183e023546d735e6a8b0,SS,18,D_pos,1,True,0.0
c8ded625a3e1509e8f29407e3829f984e30c7a027c73183e023546d735e6a8b0,SS,22,R_end,1,True,0.0
c8ded625a3e1509e8f29407e3829f984e30c7a027c73183e023546d735e6a8b0,SS,22,C_end,1,True,0.0
c8ded625a3e1509e8f29407e3829f984e30c7a027c73183e023546d735e6a8b0,SS,22,D_pos,1,True,0.0
c8ded625a3e1509e8f29407e3829f984e30c7a027c73183e023546d735e6a8b0,SS,26,R_end,1,True,0.0
c8ded625a3e1509e8f29407e3829f984e30c7a027c73183e023546d735e6a8b0,SS,26,C_end,1,True,0.0
c8ded625a3e1509e8f29407e3829f984e30c7a027c73183e023546d735e6a8b0,SS,26,D_pos,1,True,0.0
c91329e2685632636eaaab9e0a16a9e716884030ecd7ec704d19ad29fe870db6,OO,14,R_end,1,True,0.0
c91329e2685632636eaaab9e0a16a9e716884030ecd7ec704d19ad29fe870db6,OO,14,C_end,1,True,0.0
c91329e2685632636eaaab9e0a16a9e716884030ecd7ec704d19ad29fe870db6,OO,14,D_pos,1,True,0.0
c91329e2685632636eaaab9e0a16a9e716884030ecd7ec704d19ad29fe870db6,OO,18,R_end,1,True,0.0
c91329e2685632636eaaab9e0a16a9e716884030ecd7ec704d19ad29fe870db6,OO,18,C_end,1,True,0.0
c91329e2685632636eaaab9e0a16a9e716884030ecd7ec704d19ad29fe870db6,OO,18,D_pos,1,True,0.0
c91329e2685632636eaaab9e0a16a9e716884030ecd7ec704d19ad29fe870db6,OO,22,R_end,1,True,0.0
c91329e2685632636eaaab9e0a16a9e716884030ecd7ec704d19ad29fe870db6,OO,22,C_end,1,True,0.0
c91329e2685632636eaaab9e0a16a9e716884030ecd7ec704d19ad29fe870db6,OO,22,D_pos,1,True,0.0
c91329e2685632636eaaab9e0a16a9e716884030ecd7ec704d19ad29fe870db6,OO,26,R_end,1,True,0.0
c91329e2685632636eaaab9e0a16a9e716884030ecd7ec704d19ad29fe870db6,OO,26,C_end,1,True,0.0
c91329e2685632636eaaab9e0a16a9e716884030ecd7ec704d19ad29fe870db6,OO,26,D_pos,1,True,0.0
c91329e2685632636eaaab9e0a16a9e716884030ecd7ec704d19ad29fe870db6,OS,14,R_end,1,True,0.0
c91329e2685632636eaaab9e0a16a9e716884030ecd7ec704d19ad29fe870db6,OS,14,C_end,1,True,0.0
c91329e2685632636eaaab9e0a16a9e716884030ecd7ec704d19ad29fe870db6,OS,14,D_pos,1,True,0.0
c91329e2685632636eaaab9e0a16a9e716884030ecd7ec704d19ad29fe870db6,OS,18,R_end,1,True,0.0
c91329e2685632636eaaab9e0a16a9e716884030ecd7ec704d19ad29fe870db6,OS,18,C_end,1,True,0.0
c91329e2685632636eaaab9e0a16a9e716884030ecd7ec704d19ad29fe870db6,OS,18,D_pos,1,True,0.0
c91329e2685632636eaaab9e0a16a9e716884030ecd7ec704d19ad29fe870db6,OS,22,R_end,1,True,0.0
c91329e2685632636eaaab9e0a16a9e716884030ecd7ec704d19ad29fe870db6,OS,22,C_end,1,True,0.0
c91329e2685632636eaaab9e0a16a9e716884030ecd7ec704d19ad29fe870db6,OS,22,D_pos,1,True,0.0
c91329e2685632636eaaab9e0a16a9e716884030ecd7ec704d19ad29fe870db6,OS,26,R_end,1,True,0.0
c91329e2685632636eaaab9e0a16a9e716884030ecd7ec704d19ad29fe870db6,OS,26,C_end,1,True,0.0
c91329e2685632636eaaab9e0a16a9e716884030ecd7ec704d19ad29fe870db6,OS,26,D_pos,1,True,0.0
c91329e2685632636eaaab9e0a16a9e716884030ecd7ec704d19ad29fe870db6,SO,14,R_end,1,True,0.0
c91329e2685632636eaaab9e0a16a9e716884030ecd7ec704d19ad29fe870db6,SO,14,C_end,1,True,0.0
c91329e2685632636eaaab9e0a16a9e716884030ecd7ec704d19ad29fe870db6,SO,14,D_pos,1,True,0.0
c91329e2685632636eaaab9e0a16a9e716884030ecd7ec704d19ad29fe870db6,SO,18,R_end,1,True,0.0
c91329e2685632636eaaab9e0a16a9e716884030ecd7ec704d19ad29fe870db6,SO,18,C_end,1,True,0.0
c91329e2685632636eaaab9e0a16a9e716884030ecd7ec704d19ad29fe870db6,SO,18,D_pos,1,True,0.0
c91329e2685632636eaaab9e0a16a9e716884030ecd7ec704d19ad29fe870db6,SO,22,R_end,1,True,0.0
c91329e2685632636eaaab9e0a16a9e716884030ecd7ec704d19ad29fe870db6,SO,22,C_end,1,True,0.0
c91329e2685632636eaaab9e0a16a9e716884030ecd7ec704d19ad29fe870db6,SO,22,D_pos,1,True,0.0
c91329e2685632636eaaab9e0a16a9e716884030ecd7ec704d19ad29fe870db6,SO,26,R_end,1,True,0.0
c91329e2685632636eaaab9e0a16a9e716884030ecd7ec704d19ad29fe870db6,SO,26,C_end,1,True,0.0
c91329e2685632636eaaab9e0a16a9e716884030ecd7ec704d19ad29fe870db6,SO,26,D_pos,1,True,0.0
c91329e2685632636eaaab9e0a16a9e716884030ecd7ec704d19ad29fe870db6,SS,14,R_end,1,True,0.0
c91329e2685632636eaaab9e0a16a9e716884030ecd7ec704d19ad29fe870db6,SS,14,C_end,1,True,0.0
c91329e2685632636eaaab9e0a16a9e716884030ecd7ec704d19ad29fe870db6,SS,14,D_pos,1,True,0.0
c91329e2685632636eaaab9e0a16a9e716884030ecd7ec704d19ad29fe870db6,SS,18,R_end,1,True,0.0
c91329e2685632636eaaab9e0a16a9e716884030ecd7ec704d19ad29fe870db6,SS,18,C_end,1,True,0.0
c91329e2685632636eaaab9e0a16a9e716884030ecd7ec704d19ad29fe870db6,SS,18,D_pos,1,True,0.0
c91329e2685632636eaaab9e0a16a9e716884030ecd7ec704d19ad29fe870db6,SS,22,R_end,1,True,0.0
c91329e2685632636eaaab9e0a16a9e716884030ecd7ec704d19ad29fe870db6,SS,22,C_end,1,True,0.0
c91329e2685632636eaaab9e0a16a9e716884030ecd7ec704d19ad29fe870db6,SS,22,D_pos,1,True,0.0
c91329e2685632636eaaab9e0a16a9e716884030ecd7ec704d19ad29fe870db6,SS,26,R_end,1,True,0.0
c91329e2685632636eaaab9e0a16a9e716884030ecd7ec704d19ad29fe870db6,SS,26,C_end,1,True,0.0
c91329e2685632636eaaab9e0a16a9e716884030ecd7ec704d19ad29fe870db6,SS,26,D_pos,1,True,0.0
cac0fa7214cbe64d0ab89e006dbeb1ae517eefeda15cb3aa8bcd8b699fbf7f54,OO,14,R_end,1,True,0.0
cac0fa7214cbe64d0ab89e006dbeb1ae517eefeda15cb3aa8bcd8b699fbf7f54,OO,14,C_end,1,True,0.0
cac0fa7214cbe64d0ab89e006dbeb1ae517eefeda15cb3aa8bcd8b699fbf7f54,OO,14,D_pos,1,True,0.0
cac0fa7214cbe64d0ab89e006dbeb1ae517eefeda15cb3aa8bcd8b699fbf7f54,OO,18,R_end,1,True,0.0
cac0fa7214cbe64d0ab89e006dbeb1ae517eefeda15cb3aa8bcd8b699fbf7f54,OO,18,C_end,1,True,0.0
cac0fa7214cbe64d0ab89e006dbeb1ae517eefeda15cb3aa8bcd8b699fbf7f54,OO,18,D_pos,1,True,0.0
cac0fa7214cbe64d0ab89e006dbeb1ae517eefeda15cb3aa8bcd8b699fbf7f54,OO,22,R_end,1,True,0.0
cac0fa7214cbe64d0ab89e006dbeb1ae517eefeda15cb3aa8bcd8b699fbf7f54,OO,22,C_end,1,True,0.0
cac0fa7214cbe64d0ab89e006dbeb1ae517eefeda15cb3aa8bcd8b699fbf7f54,OO,22,D_pos,1,True,0.0
cac0fa7214cbe64d0ab89e006dbeb1ae517eefeda15cb3aa8bcd8b699fbf7f54,OO,26,R_end,1,True,0.0
cac0fa7214cbe64d0ab89e006dbeb1ae517eefeda15cb3aa8bcd8b699fbf7f54,OO,26,C_end,1,True,0.0
cac0fa7214cbe64d0ab89e006dbeb1ae517eefeda15cb3aa8bcd8b699fbf7f54,OO,26,D_pos,1,True,0.0
cac0fa7214cbe64d0ab89e006dbeb1ae517eefeda15cb3aa8bcd8b699fbf7f54,OS,14,R_end,1,True,0.0
cac0fa7214cbe64d0ab89e006dbeb1ae517eefeda15cb3aa8bcd8b699fbf7f54,OS,14,C_end,1,True,0.0
cac0fa7214cbe64d0ab89e006dbeb1ae517eefeda15cb3aa8bcd8b699fbf7f54,OS,14,D_pos,1,True,0.0
cac0fa7214cbe64d0ab89e006dbeb1ae517eefeda15cb3aa8bcd8b699fbf7f54,OS,18,R_end,1,True,0.0
cac0fa7214cbe64d0ab89e006dbeb1ae517eefeda15cb3aa8bcd8b699fbf7f54,OS,18,C_end,1,True,0.0
cac0fa7214cbe64d0ab89e006dbeb1ae517eefeda15cb3aa8bcd8b699fbf7f54,OS,18,D_pos,1,True,0.0
cac0fa7214cbe64d0ab89e006dbeb1ae517eefeda15cb3aa8bcd8b699fbf7f54,OS,22,R_end,1,True,0.0
cac0fa7214cbe64d0ab89e006dbeb1ae517eefeda15cb3aa8bcd8b699fbf7f54,OS,22,C_end,1,True,0.0
cac0fa7214cbe64d0ab89e006dbeb1ae517eefeda15cb3aa8bcd8b699fbf7f54,OS,22,D_pos,1,True,0.0
cac0fa7214cbe64d0ab89e006dbeb1ae517eefeda15cb3aa8bcd8b699fbf7f54,OS,26,R_end,1,True,0.0
cac0fa7214cbe64d0ab89e006dbeb1ae517eefeda15cb3aa8bcd8b699fbf7f54,OS,26,C_end,1,True,0.0
cac0fa7214cbe64d0ab89e006dbeb1ae517eefeda15cb3aa8bcd8b699fbf7f54,OS,26,D_pos,1,True,0.0
cac0fa7214cbe64d0ab89e006dbeb1ae517eefeda15cb3aa8bcd8b699fbf7f54,SO,14,R_end,1,True,0.0
cac0fa7214cbe64d0ab89e006dbeb1ae517eefeda15cb3aa8bcd8b699fbf7f54,SO,14,C_end,1,True,0.0
cac0fa7214cbe64d0ab89e006dbeb1ae517eefeda15cb3aa8bcd8b699fbf7f54,SO,14,D_pos,1,True,0.0
cac0fa7214cbe64d0ab89e006dbeb1ae517eefeda15cb3aa8bcd8b699fbf7f54,SO,18,R_end,1,True,0.0
cac0fa7214cbe64d0ab89e006dbeb1ae517eefeda15cb3aa8bcd8b699fbf7f54,SO,18,C_end,1,True,0.0
cac0fa7214cbe64d0ab89e006dbeb1ae517eefeda15cb3aa8bcd8b699fbf7f54,SO,18,D_pos,1,True,0.0
cac0fa7214cbe64d0ab89e006dbeb1ae517eefeda15cb3aa8bcd8b699fbf7f54,SO,22,R_end,1,True,0.0
cac0fa7214cbe64d0ab89e006dbeb1ae517eefeda15cb3aa8bcd8b699fbf7f54,SO,22,C_end,1,True,0.0
cac0fa7214cbe64d0ab89e006dbeb1ae517eefeda15cb3aa8bcd8b699fbf7f54,SO,22,D_pos,1,True,0.0
cac0fa7214cbe64d0ab89e006dbeb1ae517eefeda15cb3aa8bcd8b699fbf7f54,SO,26,R_end,1,True,0.0
cac0fa7214cbe64d0ab89e006dbeb1ae517eefeda15cb3aa8bcd8b699fbf7f54,SO,26,C_end,1,True,0.0
cac0fa7214cbe64d0ab89e006dbeb1ae517eefeda15cb3aa8bcd8b699fbf7f54,SO,26,D_pos,1,True,0.0
cac0fa7214cbe64d0ab89e006dbeb1ae517eefeda15cb3aa8bcd8b699fbf7f54,SS,14,R_end,1,True,0.0
cac0fa7214cbe64d0ab89e006dbeb1ae517eefeda15cb3aa8bcd8b699fbf7f54,SS,14,C_end,1,True,0.0
cac0fa7214cbe64d0ab89e006dbeb1ae517eefeda15cb3aa8bcd8b699fbf7f54,SS,14,D_pos,1,True,0.0
cac0fa7214cbe64d0ab89e006dbeb1ae517eefeda15cb3aa8bcd8b699fbf7f54,SS,18,R_end,1,True,0.0
cac0fa7214cbe64d0ab89e006dbeb1ae517eefeda15cb3aa8bcd8b699fbf7f54,SS,18,C_end,1,True,0.0
cac0fa7214cbe64d0ab89e006dbeb1ae517eefeda15cb3aa8bcd8b699fbf7f54,SS,18,D_pos,1,True,0.0
cac0fa7214cbe64d0ab89e006dbeb1ae517eefeda15cb3aa8bcd8b699fbf7f54,SS,22,R_end,1,True,0.0
cac0fa7214cbe64d0ab89e006dbeb1ae517eefeda15cb3aa8bcd8b699fbf7f54,SS,22,C_end,1,True,0.0
cac0fa7214cbe64d0ab89e006dbeb1ae517eefeda15cb3aa8bcd8b699fbf7f54,SS,22,D_pos,1,True,0.0
cac0fa7214cbe64d0ab89e006dbeb1ae517eefeda15cb3aa8bcd8b699fbf7f54,SS,26,R_end,1,True,0.0
cac0fa7214cbe64d0ab89e006dbeb1ae517eefeda15cb3aa8bcd8b699fbf7f54,SS,26,C_end,1,True,0.0
cac0fa7214cbe64d0ab89e006dbeb1ae517eefeda15cb3aa8bcd8b699fbf7f54,SS,26,D_pos,1,True,0.0
cc50a44f4933ce813b8cb212ba62698d3ce88e09c0bbc97b3982ded33080a34b,OO,14,R_end,1,True,0.0
cc50a44f4933ce813b8cb212ba62698d3ce88e09c0bbc97b3982ded33080a34b,OO,14,C_end,1,True,0.0
cc50a44f4933ce813b8cb212ba62698d3ce88e09c0bbc97b3982ded33080a34b,OO,14,D_pos,1,True,0.0
cc50a44f4933ce813b8cb212ba62698d3ce88e09c0bbc97b3982ded33080a34b,OO,18,R_end,1,True,0.0
cc50a44f4933ce813b8cb212ba62698d3ce88e09c0bbc97b3982ded33080a34b,OO,18,C_end,1,True,0.0
cc50a44f4933ce813b8cb212ba62698d3ce88e09c0bbc97b3982ded33080a34b,OO,18,D_pos,1,True,0.0
cc50a44f4933ce813b8cb212ba62698d3ce88e09c0bbc97b3982ded33080a34b,OO,22,R_end,1,True,0.0
cc50a44f4933ce813b8cb212ba62698d3ce88e09c0bbc97b3982ded33080a34b,OO,22,C_end,1,True,0.0
cc50a44f4933ce813b8cb212ba62698d3ce88e09c0bbc97b3982ded33080a34b,OO,22,D_pos,1,True,0.0
cc50a44f4933ce813b8cb212ba62698d3ce88e09c0bbc97b3982ded33080a34b,OO,26,R_end,1,True,0.0
cc50a44f4933ce813b8cb212ba62698d3ce88e09c0bbc97b3982ded33080a34b,OO,26,C_end,1,True,0.0
cc50a44f4933ce813b8cb212ba62698d3ce88e09c0bbc97b3982ded33080a34b,OO,26,D_pos,1,True,0.0
cc50a44f4933ce813b8cb212ba62698d3ce88e09c0bbc97b3982ded33080a34b,OS,14,R_end,1,True,0.0
cc50a44f4933ce813b8cb212ba62698d3ce88e09c0bbc97b3982ded33080a34b,OS,14,C_end,1,True,0.0
cc50a44f4933ce813b8cb212ba62698d3ce88e09c0bbc97b3982ded33080a34b,OS,14,D_pos,1,True,0.0
cc50a44f4933ce813b8cb212ba62698d3ce88e09c0bbc97b3982ded33080a34b,OS,18,R_end,1,True,0.0
cc50a44f4933ce813b8cb212ba62698d3ce88e09c0bbc97b3982ded33080a34b,OS,18,C_end,1,True,0.0
cc50a44f4933ce813b8cb212ba62698d3ce88e09c0bbc97b3982ded33080a34b,OS,18,D_pos,1,True,0.0
cc50a44f4933ce813b8cb212ba62698d3ce88e09c0bbc97b3982ded33080a34b,OS,22,R_end,1,True,0.0
cc50a44f4933ce813b8cb212ba62698d3ce88e09c0bbc97b3982ded33080a34b,OS,22,C_end,1,True,0.0
cc50a44f4933ce813b8cb212ba62698d3ce88e09c0bbc97b3982ded33080a34b,OS,22,D_pos,1,True,0.0
cc50a44f4933ce813b8cb212ba62698d3ce88e09c0bbc97b3982ded33080a34b,OS,26,R_end,1,True,0.0
cc50a44f4933ce813b8cb212ba62698d3ce88e09c0bbc97b3982ded33080a34b,OS,26,C_end,1,True,0.0
cc50a44f4933ce813b8cb212ba62698d3ce88e09c0bbc97b3982ded33080a34b,OS,26,D_pos,1,True,0.0
cc50a44f4933ce813b8cb212ba62698d3ce88e09c0bbc97b3982ded33080a34b,SO,14,R_end,1,True,0.0
cc50a44f4933ce813b8cb212ba62698d3ce88e09c0bbc97b3982ded33080a34b,SO,14,C_end,1,True,0.0
cc50a44f4933ce813b8cb212ba62698d3ce88e09c0bbc97b3982ded33080a34b,SO,14,D_pos,1,True,0.0
cc50a44f4933ce813b8cb212ba62698d3ce88e09c0bbc97b3982ded33080a34b,SO,18,R_end,1,True,0.0
cc50a44f4933ce813b8cb212ba62698d3ce88e09c0bbc97b3982ded33080a34b,SO,18,C_end,1,True,0.0
cc50a44f4933ce813b8cb212ba62698d3ce88e09c0bbc97b3982ded33080a34b,SO,18,D_pos,1,True,0.0
cc50a44f4933ce813b8cb212ba62698d3ce88e09c0bbc97b3982ded33080a34b,SO,22,R_end,1,True,0.0
cc50a44f4933ce813b8cb212ba62698d3ce88e09c0bbc97b3982ded33080a34b,SO,22,C_end,1,True,0.0
cc50a44f4933ce813b8cb212ba62698d3ce88e09c0bbc97b3982ded33080a34b,SO,22,D_pos,1,True,0.0
cc50a44f4933ce813b8cb212ba62698d3ce88e09c0bbc97b3982ded33080a34b,SO,26,R_end,1,True,0.0
cc50a44f4933ce813b8cb212ba62698d3ce88e09c0bbc97b3982ded33080a34b,SO,26,C_end,1,True,0.0
cc50a44f4933ce813b8cb212ba62698d3ce88e09c0bbc97b3982ded33080a34b,SO,26,D_pos,1,True,0.0
cc50a44f4933ce813b8cb212ba62698d3ce88e09c0bbc97b3982ded33080a34b,SS,14,R_end,1,True,0.0
cc50a44f4933ce813b8cb212ba62698d3ce88e09c0bbc97b3982ded33080a34b,SS,14,C_end,1,True,0.0
cc50a44f4933ce813b8cb212ba62698d3ce88e09c0bbc97b3982ded33080a34b,SS,14,D_pos,1,True,0.0
cc50a44f4933ce813b8cb212ba62698d3ce88e09c0bbc97b3982ded33080a34b,SS,18,R_end,1,True,0.0
cc50a44f4933ce813b8cb212ba62698d3ce88e09c0bbc97b3982ded33080a34b,SS,18,C_end,1,True,0.0
cc50a44f4933ce813b8cb212ba62698d3ce88e09c0bbc97b3982ded33080a34b,SS,18,D_pos,1,True,0.0
cc50a44f4933ce813b8cb212ba62698d3ce88e09c0bbc97b3982ded33080a34b,SS,22,R_end,1,True,0.0
cc50a44f4933ce813b8cb212ba62698d3ce88e09c0bbc97b3982ded33080a34b,SS,22,C_end,1,True,0.0
cc50a44f4933ce813b8cb212ba62698d3ce88e09c0bbc97b3982ded33080a34b,SS,22,D_pos,1,True,0.0
cc50a44f4933ce813b8cb212ba62698d3ce88e09c0bbc97b3982ded33080a34b,SS,26,R_end,1,True,0.0
cc50a44f4933ce813b8cb212ba62698d3ce88e09c0bbc97b3982ded33080a34b,SS,26,C_end,1,True,0.0
cc50a44f4933ce813b8cb212ba62698d3ce88e09c0bbc97b3982ded33080a34b,SS,26,D_pos,1,True,0.0
cdb209dfdd30b70226f07ea3b2a1d66934b12cde4d1418a7e0eb8415102cefbf,OO,14,R_end,1,True,0.0
cdb209dfdd30b70226f07ea3b2a1d66934b12cde4d1418a7e0eb8415102cefbf,OO,14,C_end,1,True,0.0
cdb209dfdd30b70226f07ea3b2a1d66934b12cde4d1418a7e0eb8415102cefbf,OO,14,D_pos,1,True,0.0
cdb209dfdd30b70226f07ea3b2a1d66934b12cde4d1418a7e0eb8415102cefbf,OO,18,R_end,1,True,0.0
cdb209dfdd30b70226f07ea3b2a1d66934b12cde4d1418a7e0eb8415102cefbf,OO,18,C_end,1,True,0.0
cdb209dfdd30b70226f07ea3b2a1d66934b12cde4d1418a7e0eb8415102cefbf,OO,18,D_pos,1,True,0.0
cdb209dfdd30b70226f07ea3b2a1d66934b12cde4d1418a7e0eb8415102cefbf,OO,22,R_end,1,True,0.0
cdb209dfdd30b70226f07ea3b2a1d66934b12cde4d1418a7e0eb8415102cefbf,OO,22,C_end,1,True,0.0
cdb209dfdd30b70226f07ea3b2a1d66934b12cde4d1418a7e0eb8415102cefbf,OO,22,D_pos,1,True,0.0
cdb209dfdd30b70226f07ea3b2a1d66934b12cde4d1418a7e0eb8415102cefbf,OO,26,R_end,1,True,0.0
cdb209dfdd30b70226f07ea3b2a1d66934b12cde4d1418a7e0eb8415102cefbf,OO,26,C_end,1,True,0.0
cdb209dfdd30b70226f07ea3b2a1d66934b12cde4d1418a7e0eb8415102cefbf,OO,26,D_pos,1,True,0.0
cdb209dfdd30b70226f07ea3b2a1d66934b12cde4d1418a7e0eb8415102cefbf,OS,14,R_end,1,True,0.0
cdb209dfdd30b70226f07ea3b2a1d66934b12cde4d1418a7e0eb8415102cefbf,OS,14,C_end,1,True,0.0
cdb209dfdd30b70226f07ea3b2a1d66934b12cde4d1418a7e0eb8415102cefbf,OS,14,D_pos,1,True,0.0
cdb209dfdd30b70226f07ea3b2a1d66934b12cde4d1418a7e0eb8415102cefbf,OS,18,R_end,1,True,0.0
cdb209dfdd30b70226f07ea3b2a1d66934b12cde4d1418a7e0eb8415102cefbf,OS,18,C_end,1,True,0.0
cdb209dfdd30b70226f07ea3b2a1d66934b12cde4d1418a7e0eb8415102cefbf,OS,18,D_pos,1,True,0.0
cdb209dfdd30b70226f07ea3b2a1d66934b12cde4d1418a7e0eb8415102cefbf,OS,22,R_end,1,True,0.0
cdb209dfdd30b70226f07ea3b2a1d66934b12cde4d1418a7e0eb8415102cefbf,OS,22,C_end,1,True,0.0
cdb209dfdd30b70226f07ea3b2a1d66934b12cde4d1418a7e0eb8415102cefbf,OS,22,D_pos,1,True,0.0
cdb209dfdd30b70226f07ea3b2a1d66934b12cde4d1418a7e0eb8415102cefbf,OS,26,R_end,1,True,0.0
cdb209dfdd30b70226f07ea3b2a1d66934b12cde4d1418a7e0eb8415102cefbf,OS,26,C_end,1,True,0.0
cdb209dfdd30b70226f07ea3b2a1d66934b12cde4d1418a7e0eb8415102cefbf,OS,26,D_pos,1,True,0.0
cdb209dfdd30b70226f07ea3b2a1d66934b12cde4d1418a7e0eb8415102cefbf,SO,14,R_end,1,True,0.0
cdb209dfdd30b70226f07ea3b2a1d66934b12cde4d1418a7e0eb8415102cefbf,SO,14,C_end,1,True,0.0
cdb209dfdd30b70226f07ea3b2a1d66934b12cde4d1418a7e0eb8415102cefbf,SO,14,D_pos,1,True,0.0
cdb209dfdd30b70226f07ea3b2a1d66934b12cde4d1418a7e0eb8415102cefbf,SO,18,R_end,1,True,0.0
cdb209dfdd30b70226f07ea3b2a1d66934b12cde4d1418a7e0eb8415102cefbf,SO,18,C_end,1,True,0.0
cdb209dfdd30b70226f07ea3b2a1d66934b12cde4d1418a7e0eb8415102cefbf,SO,18,D_pos,1,True,0.0
cdb209dfdd30b70226f07ea3b2a1d66934b12cde4d1418a7e0eb8415102cefbf,SO,22,R_end,1,True,0.0
cdb209dfdd30b70226f07ea3b2a1d66934b12cde4d1418a7e0eb8415102cefbf,SO,22,C_end,1,True,0.0
cdb209dfdd30b70226f07ea3b2a1d66934b12cde4d1418a7e0eb8415102cefbf,SO,22,D_pos,1,True,0.0
cdb209dfdd30b70226f07ea3b2a1d66934b12cde4d1418a7e0eb8415102cefbf,SO,26,R_end,1,True,0.0
cdb209dfdd30b70226f07ea3b2a1d66934b12cde4d1418a7e0eb8415102cefbf,SO,26,C_end,1,True,0.0
cdb209dfdd30b70226f07ea3b2a1d66934b12cde4d1418a7e0eb8415102cefbf,SO,26,D_pos,1,True,0.0
cdb209dfdd30b70226f07ea3b2a1d66934b12cde4d1418a7e0eb8415102cefbf,SS,14,R_end,1,True,0.0
cdb209dfdd30b70226f07ea3b2a1d66934b12cde4d1418a7e0eb8415102cefbf,SS,14,C_end,1,True,0.0
cdb209dfdd30b70226f07ea3b2a1d66934b12cde4d1418a7e0eb8415102cefbf,SS,14,D_pos,1,True,0.0
cdb209dfdd30b70226f07ea3b2a1d66934b12cde4d1418a7e0eb8415102cefbf,SS,18,R_end,1,True,0.0
cdb209dfdd30b70226f07ea3b2a1d66934b12cde4d1418a7e0eb8415102cefbf,SS,18,C_end,1,True,0.0
cdb209dfdd30b70226f07ea3b2a1d66934b12cde4d1418a7e0eb8415102cefbf,SS,18,D_pos,1,True,0.0
cdb209dfdd30b70226f07ea3b2a1d66934b12cde4d1418a7e0eb8415102cefbf,SS,22,R_end,1,True,0.0
cdb209dfdd30b70226f07ea3b2a1d66934b12cde4d1418a7e0eb8415102cefbf,SS,22,C_end,1,True,0.0
cdb209dfdd30b70226f07ea3b2a1d66934b12cde4d1418a7e0eb8415102cefbf,SS,22,D_pos,1,True,0.0
cdb209dfdd30b70226f07ea3b2a1d66934b12cde4d1418a7e0eb8415102cefbf,SS,26,R_end,1,True,0.0
cdb209dfdd30b70226f07ea3b2a1d66934b12cde4d1418a7e0eb8415102cefbf,SS,26,C_end,1,True,0.0
cdb209dfdd30b70226f07ea3b2a1d66934b12cde4d1418a7e0eb8415102cefbf,SS,26,D_pos,1,True,0.0
ce418392d0f5b3d30a62289bda84082443e573f72af0cb4e771adddf4912a672,OO,14,R_end,1,True,0.0
ce418392d0f5b3d30a62289bda84082443e573f72af0cb4e771adddf4912a672,OO,14,C_end,1,True,0.0
ce418392d0f5b3d30a62289bda84082443e573f72af0cb4e771adddf4912a672,OO,14,D_pos,1,True,0.0
ce418392d0f5b3d30a62289bda84082443e573f72af0cb4e771adddf4912a672,OO,18,R_end,1,True,0.0
ce418392d0f5b3d30a62289bda84082443e573f72af0cb4e771adddf4912a672,OO,18,C_end,1,True,0.0
ce418392d0f5b3d30a62289bda84082443e573f72af0cb4e771adddf4912a672,OO,18,D_pos,1,True,0.0
ce418392d0f5b3d30a62289bda84082443e573f72af0cb4e771adddf4912a672,OO,22,R_end,1,True,0.0
ce418392d0f5b3d30a62289bda84082443e573f72af0cb4e771adddf4912a672,OO,22,C_end,1,True,0.0
ce418392d0f5b3d30a62289bda84082443e573f72af0cb4e771adddf4912a672,OO,22,D_pos,1,True,0.0
ce418392d0f5b3d30a62289bda84082443e573f72af0cb4e771adddf4912a672,OO,26,R_end,1,True,0.0
ce418392d0f5b3d30a62289bda84082443e573f72af0cb4e771adddf4912a672,OO,26,C_end,1,True,0.0
ce418392d0f5b3d30a62289bda84082443e573f72af0cb4e771adddf4912a672,OO,26,D_pos,1,True,0.0
ce418392d0f5b3d30a62289bda84082443e573f72af0cb4e771adddf4912a672,OS,14,R_end,1,True,0.0
ce418392d0f5b3d30a62289bda84082443e573f72af0cb4e771adddf4912a672,OS,14,C_end,1,True,0.0
ce418392d0f5b3d30a62289bda84082443e573f72af0cb4e771adddf4912a672,OS,14,D_pos,1,True,0.0
ce418392d0f5b3d30a62289bda84082443e573f72af0cb4e771adddf4912a672,OS,18,R_end,1,True,0.0
ce418392d0f5b3d30a62289bda84082443e573f72af0cb4e771adddf4912a672,OS,18,C_end,1,True,0.0
ce418392d0f5b3d30a62289bda84082443e573f72af0cb4e771adddf4912a672,OS,18,D_pos,1,True,0.0
ce418392d0f5b3d30a62289bda84082443e573f72af0cb4e771adddf4912a672,OS,22,R_end,1,True,0.0
ce418392d0f5b3d30a62289bda84082443e573f72af0cb4e771adddf4912a672,OS,22,C_end,1,True,0.0
ce418392d0f5b3d30a62289bda84082443e573f72af0cb4e771adddf4912a672,OS,22,D_pos,1,True,0.0
ce418392d0f5b3d30a62289bda84082443e573f72af0cb4e771adddf4912a672,OS,26,R_end,1,True,0.0
ce418392d0f5b3d30a62289bda84082443e573f72af0cb4e771adddf4912a672,OS,26,C_end,1,True,0.0
ce418392d0f5b3d30a62289bda84082443e573f72af0cb4e771adddf4912a672,OS,26,D_pos,1,True,0.0
ce418392d0f5b3d30a62289bda84082443e573f72af0cb4e771adddf4912a672,SO,14,R_end,1,True,0.0
ce418392d0f5b3d30a62289bda84082443e573f72af0cb4e771adddf4912a672,SO,14,C_end,1,True,0.0
ce418392d0f5b3d30a62289bda84082443e573f72af0cb4e771adddf4912a672,SO,14,D_pos,1,True,0.0
ce418392d0f5b3d30a62289bda84082443e573f72af0cb4e771adddf4912a672,SO,18,R_end,1,True,0.0
ce418392d0f5b3d30a62289bda84082443e573f72af0cb4e771adddf4912a672,SO,18,C_end,1,True,0.0
ce418392d0f5b3d30a62289bda84082443e573f72af0cb4e771adddf4912a672,SO,18,D_pos,1,True,0.0
ce418392d0f5b3d30a62289bda84082443e573f72af0cb4e771adddf4912a672,SO,22,R_end,1,True,0.0
ce418392d0f5b3d30a62289bda84082443e573f72af0cb4e771adddf4912a672,SO,22,C_end,1,True,0.0
ce418392d0f5b3d30a62289bda84082443e573f72af0cb4e771adddf4912a672,SO,22,D_pos,1,True,0.0
ce418392d0f5b3d30a62289bda84082443e573f72af0cb4e771adddf4912a672,SO,26,R_end,1,True,0.0
ce418392d0f5b3d30a62289bda84082443e573f72af0cb4e771adddf4912a672,SO,26,C_end,1,True,0.0
ce418392d0f5b3d30a62289bda84082443e573f72af0cb4e771adddf4912a672,SO,26,D_pos,1,True,0.0
ce418392d0f5b3d30a62289bda84082443e573f72af0cb4e771adddf4912a672,SS,14,R_end,1,True,0.0
ce418392d0f5b3d30a62289bda84082443e573f72af0cb4e771adddf4912a672,SS,14,C_end,1,True,0.0
ce418392d0f5b3d30a62289bda84082443e573f72af0cb4e771adddf4912a672,SS,14,D_pos,1,True,0.0
ce418392d0f5b3d30a62289bda84082443e573f72af0cb4e771adddf4912a672,SS,18,R_end,1,True,0.0
ce418392d0f5b3d30a62289bda84082443e573f72af0cb4e771adddf4912a672,SS,18,C_end,1,True,0.0
ce418392d0f5b3d30a62289bda84082443e573f72af0cb4e771adddf4912a672,SS,18,D_pos,1,True,0.0
ce418392d0f5b3d30a62289bda84082443e573f72af0cb4e771adddf4912a672,SS,22,R_end,1,True,0.0
ce418392d0f5b3d30a62289bda84082443e573f72af0cb4e771adddf4912a672,SS,22,C_end,1,True,0.0
ce418392d0f5b3d30a62289bda84082443e573f72af0cb4e771adddf4912a672,SS,22,D_pos,1,True,0.0
ce418392d0f5b3d30a62289bda84082443e573f72af0cb4e771adddf4912a672,SS,26,R_end,1,True,0.0
ce418392d0f5b3d30a62289bda84082443e573f72af0cb4e771adddf4912a672,SS,26,C_end,1,True,0.0
ce418392d0f5b3d30a62289bda84082443e573f72af0cb4e771adddf4912a672,SS,26,D_pos,1,True,0.0
cea8b197e0ac37ba00febf6c4e1bde145a44edf5947f2bfb92cd7b0acb1457db,OO,14,R_end,1,True,0.0
cea8b197e0ac37ba00febf6c4e1bde145a44edf5947f2bfb92cd7b0acb1457db,OO,14,C_end,1,True,0.0
cea8b197e0ac37ba00febf6c4e1bde145a44edf5947f2bfb92cd7b0acb1457db,OO,14,D_pos,1,True,0.0
cea8b197e0ac37ba00febf6c4e1bde145a44edf5947f2bfb92cd7b0acb1457db,OO,18,R_end,1,True,0.0
cea8b197e0ac37ba00febf6c4e1bde145a44edf5947f2bfb92cd7b0acb1457db,OO,18,C_end,1,True,0.0
cea8b197e0ac37ba00febf6c4e1bde145a44edf5947f2bfb92cd7b0acb1457db,OO,18,D_pos,1,True,0.0
cea8b197e0ac37ba00febf6c4e1bde145a44edf5947f2bfb92cd7b0acb1457db,OO,22,R_end,1,True,0.0
cea8b197e0ac37ba00febf6c4e1bde145a44edf5947f2bfb92cd7b0acb1457db,OO,22,C_end,1,True,0.0
cea8b197e0ac37ba00febf6c4e1bde145a44edf5947f2bfb92cd7b0acb1457db,OO,22,D_pos,1,True,0.0
cea8b197e0ac37ba00febf6c4e1bde145a44edf5947f2bfb92cd7b0acb1457db,OO,26,R_end,1,True,0.0
cea8b197e0ac37ba00febf6c4e1bde145a44edf5947f2bfb92cd7b0acb1457db,OO,26,C_end,1,True,0.0
cea8b197e0ac37ba00febf6c4e1bde145a44edf5947f2bfb92cd7b0acb1457db,OO,26,D_pos,1,True,0.0
cea8b197e0ac37ba00febf6c4e1bde145a44edf5947f2bfb92cd7b0acb1457db,OS,14,R_end,1,True,0.0
cea8b197e0ac37ba00febf6c4e1bde145a44edf5947f2bfb92cd7b0acb1457db,OS,14,C_end,1,True,0.0
cea8b197e0ac37ba00febf6c4e1bde145a44edf5947f2bfb92cd7b0acb1457db,OS,14,D_pos,1,True,0.0
cea8b197e0ac37ba00febf6c4e1bde145a44edf5947f2bfb92cd7b0acb1457db,OS,18,R_end,1,True,0.0
cea8b197e0ac37ba00febf6c4e1bde145a44edf5947f2bfb92cd7b0acb1457db,OS,18,C_end,1,True,0.0
cea8b197e0ac37ba00febf6c4e1bde145a44edf5947f2bfb92cd7b0acb1457db,OS,18,D_pos,1,True,0.0
cea8b197e0ac37ba00febf6c4e1bde145a44edf5947f2bfb92cd7b0acb1457db,OS,22,R_end,1,True,0.0
cea8b197e0ac37ba00febf6c4e1bde145a44edf5947f2bfb92cd7b0acb1457db,OS,22,C_end,1,True,0.0
cea8b197e0ac37ba00febf6c4e1bde145a44edf5947f2bfb92cd7b0acb1457db,OS,22,D_pos,1,True,0.0
cea8b197e0ac37ba00febf6c4e1bde145a44edf5947f2bfb92cd7b0acb1457db,OS,26,R_end,1,True,0.0
cea8b197e0ac37ba00febf6c4e1bde145a44edf5947f2bfb92cd7b0acb1457db,OS,26,C_end,1,True,0.0
cea8b197e0ac37ba00febf6c4e1bde145a44edf5947f2bfb92cd7b0acb1457db,OS,26,D_pos,1,True,0.0
cea8b197e0ac37ba00febf6c4e1bde145a44edf5947f2bfb92cd7b0acb1457db,SO,14,R_end,1,True,0.0
cea8b197e0ac37ba00febf6c4e1bde145a44edf5947f2bfb92cd7b0acb1457db,SO,14,C_end,1,True,0.0
cea8b197e0ac37ba00febf6c4e1bde145a44edf5947f2bfb92cd7b0acb1457db,SO,14,D_pos,1,True,0.0
cea8b197e0ac37ba00febf6c4e1bde145a44edf5947f2bfb92cd7b0acb1457db,SO,18,R_end,1,True,0.0
cea8b197e0ac37ba00febf6c4e1bde145a44edf5947f2bfb92cd7b0acb1457db,SO,18,C_end,1,True,0.0
cea8b197e0ac37ba00febf6c4e1bde145a44edf5947f2bfb92cd7b0acb1457db,SO,18,D_pos,1,True,0.0
cea8b197e0ac37ba00febf6c4e1bde145a44edf5947f2bfb92cd7b0acb1457db,SO,22,R_end,1,True,0.0
cea8b197e0ac37ba00febf6c4e1bde145a44edf5947f2bfb92cd7b0acb1457db,SO,22,C_end,1,True,0.0
cea8b197e0ac37ba00febf6c4e1bde145a44edf5947f2bfb92cd7b0acb1457db,SO,22,D_pos,1,True,0.0
cea8b197e0ac37ba00febf6c4e1bde145a44edf5947f2bfb92cd7b0acb1457db,SO,26,R_end,1,True,0.0
cea8b197e0ac37ba00febf6c4e1bde145a44edf5947f2bfb92cd7b0acb1457db,SO,26,C_end,1,True,0.0
cea8b197e0ac37ba00febf6c4e1bde145a44edf5947f2bfb92cd7b0acb1457db,SO,26,D_pos,1,True,0.0
cea8b197e0ac37ba00febf6c4e1bde145a44edf5947f2bfb92cd7b0acb1457db,SS,14,R_end,1,True,0.0
cea8b197e0ac37ba00febf6c4e1bde145a44edf5947f2bfb92cd7b0acb1457db,SS,14,C_end,1,True,0.0
cea8b197e0ac37ba00febf6c4e1bde145a44edf5947f2bfb92cd7b0acb1457db,SS,14,D_pos,1,True,0.0
cea8b197e0ac37ba00febf6c4e1bde145a44edf5947f2bfb92cd7b0acb1457db,SS,18,R_end,1,True,0.0
cea8b197e0ac37ba00febf6c4e1bde145a44edf5947f2bfb92cd7b0acb1457db,SS,18,C_end,1,True,0.0
cea8b197e0ac37ba00febf6c4e1bde145a44edf5947f2bfb92cd7b0acb1457db,SS,18,D_pos,1,True,0.0
cea8b197e0ac37ba00febf6c4e1bde145a44edf5947f2bfb92cd7b0acb1457db,SS,22,R_end,1,True,0.0
cea8b197e0ac37ba00febf6c4e1bde145a44edf5947f2bfb92cd7b0acb1457db,SS,22,C_end,1,True,0.0
cea8b197e0ac37ba00febf6c4e1bde145a44edf5947f2bfb92cd7b0acb1457db,SS,22,D_pos,1,True,0.0
cea8b197e0ac37ba00febf6c4e1bde145a44edf5947f2bfb92cd7b0acb1457db,SS,26,R_end,1,True,0.0
cea8b197e0ac37ba00febf6c4e1bde145a44edf5947f2bfb92cd7b0acb1457db,SS,26,C_end,1,True,0.0
cea8b197e0ac37ba00febf6c4e1bde145a44edf5947f2bfb92cd7b0acb1457db,SS,26,D_pos,1,True,0.0
d0d48352cdbd19507f0a552246d2a2168bc1dfc2e3863af994305ead2aae7dd3,OO,14,R_end,1,True,0.0
d0d48352cdbd19507f0a552246d2a2168bc1dfc2e3863af994305ead2aae7dd3,OO,14,C_end,1,True,0.0
d0d48352cdbd19507f0a552246d2a2168bc1dfc2e3863af994305ead2aae7dd3,OO,14,D_pos,1,True,0.0
d0d48352cdbd19507f0a552246d2a2168bc1dfc2e3863af994305ead2aae7dd3,OO,18,R_end,1,True,0.0
d0d48352cdbd19507f0a552246d2a2168bc1dfc2e3863af994305ead2aae7dd3,OO,18,C_end,1,True,0.0
d0d48352cdbd19507f0a552246d2a2168bc1dfc2e3863af994305ead2aae7dd3,OO,18,D_pos,1,True,0.0
d0d48352cdbd19507f0a552246d2a2168bc1dfc2e3863af994305ead2aae7dd3,OO,22,R_end,1,True,0.0
d0d48352cdbd19507f0a552246d2a2168bc1dfc2e3863af994305ead2aae7dd3,OO,22,C_end,1,True,0.0
d0d48352cdbd19507f0a552246d2a2168bc1dfc2e3863af994305ead2aae7dd3,OO,22,D_pos,1,True,0.0
d0d48352cdbd19507f0a552246d2a2168bc1dfc2e3863af994305ead2aae7dd3,OO,26,R_end,1,True,0.0
d0d48352cdbd19507f0a552246d2a2168bc1dfc2e3863af994305ead2aae7dd3,OO,26,C_end,1,True,0.0
d0d48352cdbd19507f0a552246d2a2168bc1dfc2e3863af994305ead2aae7dd3,OO,26,D_pos,1,True,0.0
d0d48352cdbd19507f0a552246d2a2168bc1dfc2e3863af994305ead2aae7dd3,OS,14,R_end,1,True,0.0
d0d48352cdbd19507f0a552246d2a2168bc1dfc2e3863af994305ead2aae7dd3,OS,14,C_end,1,True,0.0
d0d48352cdbd19507f0a552246d2a2168bc1dfc2e3863af994305ead2aae7dd3,OS,14,D_pos,1,True,0.0
d0d48352cdbd19507f0a552246d2a2168bc1dfc2e3863af994305ead2aae7dd3,OS,18,R_end,1,True,0.0
d0d48352cdbd19507f0a552246d2a2168bc1dfc2e3863af994305ead2aae7dd3,OS,18,C_end,1,True,0.0
d0d48352cdbd19507f0a552246d2a2168bc1dfc2e3863af994305ead2aae7dd3,OS,18,D_pos,1,True,0.0
d0d48352cdbd19507f0a552246d2a2168bc1dfc2e3863af994305ead2aae7dd3,OS,22,R_end,1,True,0.0
d0d48352cdbd19507f0a552246d2a2168bc1dfc2e3863af994305ead2aae7dd3,OS,22,C_end,1,True,0.0
d0d48352cdbd19507f0a552246d2a2168bc1dfc2e3863af994305ead2aae7dd3,OS,22,D_pos,1,True,0.0
d0d48352cdbd19507f0a552246d2a2168bc1dfc2e3863af994305ead2aae7dd3,OS,26,R_end,1,True,0.0
d0d48352cdbd19507f0a552246d2a2168bc1dfc2e3863af994305ead2aae7dd3,OS,26,C_end,1,True,0.0
d0d48352cdbd19507f0a552246d2a2168bc1dfc2e3863af994305ead2aae7dd3,OS,26,D_pos,1,True,0.0
d0d48352cdbd19507f0a552246d2a2168bc1dfc2e3863af994305ead2aae7dd3,SO,14,R_end,1,True,0.0
d0d48352cdbd19507f0a552246d2a2168bc1dfc2e3863af994305ead2aae7dd3,SO,14,C_end,1,True,0.0
d0d48352cdbd19507f0a552246d2a2168bc1dfc2e3863af994305ead2aae7dd3,SO,14,D_pos,1,True,0.0
d0d48352cdbd19507f0a552246d2a2168bc1dfc2e3863af994305ead2aae7dd3,SO,18,R_end,1,True,0.0
d0d48352cdbd19507f0a552246d2a2168bc1dfc2e3863af994305ead2aae7dd3,SO,18,C_end,1,True,0.0
d0d48352cdbd19507f0a552246d2a2168bc1dfc2e3863af994305ead2aae7dd3,SO,18,D_pos,1,True,0.0
d0d48352cdbd19507f0a552246d2a2168bc1dfc2e3863af994305ead2aae7dd3,SO,22,R_end,1,True,0.0
d0d48352cdbd19507f0a552246d2a2168bc1dfc2e3863af994305ead2aae7dd3,SO,22,C_end,1,True,0.0
d0d48352cdbd19507f0a552246d2a2168bc1dfc2e3863af994305ead2aae7dd3,SO,22,D_pos,1,True,0.0
d0d48352cdbd19507f0a552246d2a2168bc1dfc2e3863af994305ead2aae7dd3,SO,26,R_end,1,True,0.0
d0d48352cdbd19507f0a552246d2a2168bc1dfc2e3863af994305ead2aae7dd3,SO,26,C_end,1,True,0.0
d0d48352cdbd19507f0a552246d2a2168bc1dfc2e3863af994305ead2aae7dd3,SO,26,D_pos,1,True,0.0
d0d48352cdbd19507f0a552246d2a2168bc1dfc2e3863af994305ead2aae7dd3,SS,14,R_end,1,True,0.0
d0d48352cdbd19507f0a552246d2a2168bc1dfc2e3863af994305ead2aae7dd3,SS,14,C_end,1,True,0.0
d0d48352cdbd19507f0a552246d2a2168bc1dfc2e3863af994305ead2aae7dd3,SS,14,D_pos,1,True,0.0
d0d48352cdbd19507f0a552246d2a2168bc1dfc2e3863af994305ead2aae7dd3,SS,18,R_end,1,True,0.0
d0d48352cdbd19507f0a552246d2a2168bc1dfc2e3863af994305ead2aae7dd3,SS,18,C_end,1,True,0.0
d0d48352cdbd19507f0a552246d2a2168bc1dfc2e3863af994305ead2aae7dd3,SS,18,D_pos,1,True,0.0
d0d48352cdbd19507f0a552246d2a2168bc1dfc2e3863af994305ead2aae7dd3,SS,22,R_end,1,True,0.0
d0d48352cdbd19507f0a552246d2a2168bc1dfc2e3863af994305ead2aae7dd3,SS,22,C_end,1,True,0.0
d0d48352cdbd19507f0a552246d2a2168bc1dfc2e3863af994305ead2aae7dd3,SS,22,D_pos,1,True,0.0
d0d48352cdbd19507f0a552246d2a2168bc1dfc2e3863af994305ead2aae7dd3,SS,26,R_end,1,True,0.0
d0d48352cdbd19507f0a552246d2a2168bc1dfc2e3863af994305ead2aae7dd3,SS,26,C_end,1,True,0.0
d0d48352cdbd19507f0a552246d2a2168bc1dfc2e3863af994305ead2aae7dd3,SS,26,D_pos,1,True,0.0
d0dedac3786f3c50237add4d7bfb2121d310f476830a81ea6feb08305f5cf3e2,OO,14,R_end,1,True,0.0
d0dedac3786f3c50237add4d7bfb2121d310f476830a81ea6feb08305f5cf3e2,OO,14,C_end,1,True,0.0
d0dedac3786f3c50237add4d7bfb2121d310f476830a81ea6feb08305f5cf3e2,OO,14,D_pos,1,True,0.0
d0dedac3786f3c50237add4d7bfb2121d310f476830a81ea6feb08305f5cf3e2,OO,18,R_end,1,True,0.0
d0dedac3786f3c50237add4d7bfb2121d310f476830a81ea6feb08305f5cf3e2,OO,18,C_end,1,True,0.0
d0dedac3786f3c50237add4d7bfb2121d310f476830a81ea6feb08305f5cf3e2,OO,18,D_pos,1,True,0.0
d0dedac3786f3c50237add4d7bfb2121d310f476830a81ea6feb08305f5cf3e2,OO,22,R_end,1,True,0.0
d0dedac3786f3c50237add4d7bfb2121d310f476830a81ea6feb08305f5cf3e2,OO,22,C_end,1,True,0.0
d0dedac3786f3c50237add4d7bfb2121d310f476830a81ea6feb08305f5cf3e2,OO,22,D_pos,1,True,0.0
d0dedac3786f3c50237add4d7bfb2121d310f476830a81ea6feb08305f5cf3e2,OO,26,R_end,1,True,0.0
d0dedac3786f3c50237add4d7bfb2121d310f476830a81ea6feb08305f5cf3e2,OO,26,C_end,1,True,0.0
d0dedac3786f3c50237add4d7bfb2121d310f476830a81ea6feb08305f5cf3e2,OO,26,D_pos,1,True,0.0
d0dedac3786f3c50237add4d7bfb2121d310f476830a81ea6feb08305f5cf3e2,OS,14,R_end,1,True,0.0
d0dedac3786f3c50237add4d7bfb2121d310f476830a81ea6feb08305f5cf3e2,OS,14,C_end,1,True,0.0
d0dedac3786f3c50237add4d7bfb2121d310f476830a81ea6feb08305f5cf3e2,OS,14,D_pos,1,True,0.0
d0dedac3786f3c50237add4d7bfb2121d310f476830a81ea6feb08305f5cf3e2,OS,18,R_end,1,True,0.0
d0dedac3786f3c50237add4d7bfb2121d310f476830a81ea6feb08305f5cf3e2,OS,18,C_end,1,True,0.0
d0dedac3786f3c50237add4d7bfb2121d310f476830a81ea6feb08305f5cf3e2,OS,18,D_pos,1,True,0.0
d0dedac3786f3c50237add4d7bfb2121d310f476830a81ea6feb08305f5cf3e2,OS,22,R_end,1,True,0.0
d0dedac3786f3c50237add4d7bfb2121d310f476830a81ea6feb08305f5cf3e2,OS,22,C_end,1,True,0.0
d0dedac3786f3c50237add4d7bfb2121d310f476830a81ea6feb08305f5cf3e2,OS,22,D_pos,1,True,0.0
d0dedac3786f3c50237add4d7bfb2121d310f476830a81ea6feb08305f5cf3e2,OS,26,R_end,1,True,0.0
d0dedac3786f3c50237add4d7bfb2121d310f476830a81ea6feb08305f5cf3e2,OS,26,C_end,1,True,0.0
d0dedac3786f3c50237add4d7bfb2121d310f476830a81ea6feb08305f5cf3e2,OS,26,D_pos,1,True,0.0
d0dedac3786f3c50237add4d7bfb2121d310f476830a81ea6feb08305f5cf3e2,SO,14,R_end,1,True,0.0
d0dedac3786f3c50237add4d7bfb2121d310f476830a81ea6feb08305f5cf3e2,SO,14,C_end,1,True,0.0
d0dedac3786f3c50237add4d7bfb2121d310f476830a81ea6feb08305f5cf3e2,SO,14,D_pos,1,True,0.0
d0dedac3786f3c50237add4d7bfb2121d310f476830a81ea6feb08305f5cf3e2,SO,18,R_end,1,True,0.0
d0dedac3786f3c50237add4d7bfb2121d310f476830a81ea6feb08305f5cf3e2,SO,18,C_end,1,True,0.0
d0dedac3786f3c50237add4d7bfb2121d310f476830a81ea6feb08305f5cf3e2,SO,18,D_pos,1,True,0.0
d0dedac3786f3c50237add4d7bfb2121d310f476830a81ea6feb08305f5cf3e2,SO,22,R_end,1,True,0.0
d0dedac3786f3c50237add4d7bfb2121d310f476830a81ea6feb08305f5cf3e2,SO,22,C_end,1,True,0.0
d0dedac3786f3c50237add4d7bfb2121d310f476830a81ea6feb08305f5cf3e2,SO,22,D_pos,1,True,0.0
d0dedac3786f3c50237add4d7bfb2121d310f476830a81ea6feb08305f5cf3e2,SO,26,R_end,1,True,0.0
d0dedac3786f3c50237add4d7bfb2121d310f476830a81ea6feb08305f5cf3e2,SO,26,C_end,1,True,0.0
d0dedac3786f3c50237add4d7bfb2121d310f476830a81ea6feb08305f5cf3e2,SO,26,D_pos,1,True,0.0
d0dedac3786f3c50237add4d7bfb2121d310f476830a81ea6feb08305f5cf3e2,SS,14,R_end,1,True,0.0
d0dedac3786f3c50237add4d7bfb2121d310f476830a81ea6feb08305f5cf3e2,SS,14,C_end,1,True,0.0
d0dedac3786f3c50237add4d7bfb2121d310f476830a81ea6feb08305f5cf3e2,SS,14,D_pos,1,True,0.0
d0dedac3786f3c50237add4d7bfb2121d310f476830a81ea6feb08305f5cf3e2,SS,18,R_end,1,True,0.0
d0dedac3786f3c50237add4d7bfb2121d310f476830a81ea6feb08305f5cf3e2,SS,18,C_end,1,True,0.0
d0dedac3786f3c50237add4d7bfb2121d310f476830a81ea6feb08305f5cf3e2,SS,18,D_pos,1,True,0.0
d0dedac3786f3c50237add4d7bfb2121d310f476830a81ea6feb08305f5cf3e2,SS,22,R_end,1,True,0.0
d0dedac3786f3c50237add4d7bfb2121d310f476830a81ea6feb08305f5cf3e2,SS,22,C_end,1,True,0.0
d0dedac3786f3c50237add4d7bfb2121d310f476830a81ea6feb08305f5cf3e2,SS,22,D_pos,1,True,0.0
d0dedac3786f3c50237add4d7bfb2121d310f476830a81ea6feb08305f5cf3e2,SS,26,R_end,1,True,0.0
d0dedac3786f3c50237add4d7bfb2121d310f476830a81ea6feb08305f5cf3e2,SS,26,C_end,1,True,0.0
d0dedac3786f3c50237add4d7bfb2121d310f476830a81ea6feb08305f5cf3e2,SS,26,D_pos,1,True,0.0
d31bdff62a5431cefbafc1ddcca80f33a7b9e4e9d9f4bde3097e57f2a64305ba,OO,14,R_end,1,True,0.0
d31bdff62a5431cefbafc1ddcca80f33a7b9e4e9d9f4bde3097e57f2a64305ba,OO,14,C_end,1,True,0.0
d31bdff62a5431cefbafc1ddcca80f33a7b9e4e9d9f4bde3097e57f2a64305ba,OO,14,D_pos,1,True,0.0
d31bdff62a5431cefbafc1ddcca80f33a7b9e4e9d9f4bde3097e57f2a64305ba,OO,18,R_end,1,True,0.0
d31bdff62a5431cefbafc1ddcca80f33a7b9e4e9d9f4bde3097e57f2a64305ba,OO,18,C_end,1,True,0.0
d31bdff62a5431cefbafc1ddcca80f33a7b9e4e9d9f4bde3097e57f2a64305ba,OO,18,D_pos,1,True,0.0
d31bdff62a5431cefbafc1ddcca80f33a7b9e4e9d9f4bde3097e57f2a64305ba,OO,22,R_end,1,True,0.0
d31bdff62a5431cefbafc1ddcca80f33a7b9e4e9d9f4bde3097e57f2a64305ba,OO,22,C_end,1,True,0.0
d31bdff62a5431cefbafc1ddcca80f33a7b9e4e9d9f4bde3097e57f2a64305ba,OO,22,D_pos,1,True,0.0
d31bdff62a5431cefbafc1ddcca80f33a7b9e4e9d9f4bde3097e57f2a64305ba,OO,26,R_end,1,True,0.0
d31bdff62a5431cefbafc1ddcca80f33a7b9e4e9d9f4bde3097e57f2a64305ba,OO,26,C_end,1,True,0.0
d31bdff62a5431cefbafc1ddcca80f33a7b9e4e9d9f4bde3097e57f2a64305ba,OO,26,D_pos,1,True,0.0
d31bdff62a5431cefbafc1ddcca80f33a7b9e4e9d9f4bde3097e57f2a64305ba,OS,14,R_end,1,True,0.0
d31bdff62a5431cefbafc1ddcca80f33a7b9e4e9d9f4bde3097e57f2a64305ba,OS,14,C_end,1,True,0.0
d31bdff62a5431cefbafc1ddcca80f33a7b9e4e9d9f4bde3097e57f2a64305ba,OS,14,D_pos,1,True,0.0
d31bdff62a5431cefbafc1ddcca80f33a7b9e4e9d9f4bde3097e57f2a64305ba,OS,18,R_end,1,True,0.0
d31bdff62a5431cefbafc1ddcca80f33a7b9e4e9d9f4bde3097e57f2a64305ba,OS,18,C_end,1,True,0.0
d31bdff62a5431cefbafc1ddcca80f33a7b9e4e9d9f4bde3097e57f2a64305ba,OS,18,D_pos,1,True,0.0
d31bdff62a5431cefbafc1ddcca80f33a7b9e4e9d9f4bde3097e57f2a64305ba,OS,22,R_end,1,True,0.0
d31bdff62a5431cefbafc1ddcca80f33a7b9e4e9d9f4bde3097e57f2a64305ba,OS,22,C_end,1,True,0.0
d31bdff62a5431cefbafc1ddcca80f33a7b9e4e9d9f4bde3097e57f2a64305ba,OS,22,D_pos,1,True,0.0
d31bdff62a5431cefbafc1ddcca80f33a7b9e4e9d9f4bde3097e57f2a64305ba,OS,26,R_end,1,True,0.0
d31bdff62a5431cefbafc1ddcca80f33a7b9e4e9d9f4bde3097e57f2a64305ba,OS,26,C_end,1,True,0.0
d31bdff62a5431cefbafc1ddcca80f33a7b9e4e9d9f4bde3097e57f2a64305ba,OS,26,D_pos,1,True,0.0
d31bdff62a5431cefbafc1ddcca80f33a7b9e4e9d9f4bde3097e57f2a64305ba,SO,14,R_end,1,True,0.0
d31bdff62a5431cefbafc1ddcca80f33a7b9e4e9d9f4bde3097e57f2a64305ba,SO,14,C_end,1,True,0.0
d31bdff62a5431cefbafc1ddcca80f33a7b9e4e9d9f4bde3097e57f2a64305ba,SO,14,D_pos,1,True,0.0
d31bdff62a5431cefbafc1ddcca80f33a7b9e4e9d9f4bde3097e57f2a64305ba,SO,18,R_end,1,True,0.0
d31bdff62a5431cefbafc1ddcca80f33a7b9e4e9d9f4bde3097e57f2a64305ba,SO,18,C_end,1,True,0.0
d31bdff62a5431cefbafc1ddcca80f33a7b9e4e9d9f4bde3097e57f2a64305ba,SO,18,D_pos,1,True,0.0
d31bdff62a5431cefbafc1ddcca80f33a7b9e4e9d9f4bde3097e57f2a64305ba,SO,22,R_end,1,True,0.0
d31bdff62a5431cefbafc1ddcca80f33a7b9e4e9d9f4bde3097e57f2a64305ba,SO,22,C_end,1,True,0.0
d31bdff62a5431cefbafc1ddcca80f33a7b9e4e9d9f4bde3097e57f2a64305ba,SO,22,D_pos,1,True,0.0
d31bdff62a5431cefbafc1ddcca80f33a7b9e4e9d9f4bde3097e57f2a64305ba,SO,26,R_end,1,True,0.0
d31bdff62a5431cefbafc1ddcca80f33a7b9e4e9d9f4bde3097e57f2a64305ba,SO,26,C_end,1,True,0.0
d31bdff62a5431cefbafc1ddcca80f33a7b9e4e9d9f4bde3097e57f2a64305ba,SO,26,D_pos,1,True,0.0
d31bdff62a5431cefbafc1ddcca80f33a7b9e4e9d9f4bde3097e57f2a64305ba,SS,14,R_end,1,True,0.0
d31bdff62a5431cefbafc1ddcca80f33a7b9e4e9d9f4bde3097e57f2a64305ba,SS,14,C_end,1,True,0.0
d31bdff62a5431cefbafc1ddcca80f33a7b9e4e9d9f4bde3097e57f2a64305ba,SS,14,D_pos,1,True,0.0
d31bdff62a5431cefbafc1ddcca80f33a7b9e4e9d9f4bde3097e57f2a64305ba,SS,18,R_end,1,True,0.0
d31bdff62a5431cefbafc1ddcca80f33a7b9e4e9d9f4bde3097e57f2a64305ba,SS,18,C_end,1,True,0.0
d31bdff62a5431cefbafc1ddcca80f33a7b9e4e9d9f4bde3097e57f2a64305ba,SS,18,D_pos,1,True,0.0
d31bdff62a5431cefbafc1ddcca80f33a7b9e4e9d9f4bde3097e57f2a64305ba,SS,22,R_end,1,True,0.0
d31bdff62a5431cefbafc1ddcca80f33a7b9e4e9d9f4bde3097e57f2a64305ba,SS,22,C_end,1,True,0.0
d31bdff62a5431cefbafc1ddcca80f33a7b9e4e9d9f4bde3097e57f2a64305ba,SS,22,D_pos,1,True,0.0
d31bdff62a5431cefbafc1ddcca80f33a7b9e4e9d9f4bde3097e57f2a64305ba,SS,26,R_end,1,True,0.0
d31bdff62a5431cefbafc1ddcca80f33a7b9e4e9d9f4bde3097e57f2a64305ba,SS,26,C_end,1,True,0.0
d31bdff62a5431cefbafc1ddcca80f33a7b9e4e9d9f4bde3097e57f2a64305ba,SS,26,D_pos,1,True,0.0
d35369d23dcfca940802e819edbb63fe588d8bcdb32d728cabfe82a68292ab6a,OO,14,R_end,1,True,0.0
d35369d23dcfca940802e819edbb63fe588d8bcdb32d728cabfe82a68292ab6a,OO,14,C_end,1,True,0.0
d35369d23dcfca940802e819edbb63fe588d8bcdb32d728cabfe82a68292ab6a,OO,14,D_pos,1,True,0.0
d35369d23dcfca940802e819edbb63fe588d8bcdb32d728cabfe82a68292ab6a,OO,18,R_end,1,True,0.0
d35369d23dcfca940802e819edbb63fe588d8bcdb32d728cabfe82a68292ab6a,OO,18,C_end,1,True,0.0
d35369d23dcfca940802e819edbb63fe588d8bcdb32d728cabfe82a68292ab6a,OO,18,D_pos,1,True,0.0
d35369d23dcfca940802e819edbb63fe588d8bcdb32d728cabfe82a68292ab6a,OO,22,R_end,1,True,0.0
d35369d23dcfca940802e819edbb63fe588d8bcdb32d728cabfe82a68292ab6a,OO,22,C_end,1,True,0.0
d35369d23dcfca940802e819edbb63fe588d8bcdb32d728cabfe82a68292ab6a,OO,22,D_pos,1,True,0.0
d35369d23dcfca940802e819edbb63fe588d8bcdb32d728cabfe82a68292ab6a,OO,26,R_end,1,True,0.0
d35369d23dcfca940802e819edbb63fe588d8bcdb32d728cabfe82a68292ab6a,OO,26,C_end,1,True,0.0
d35369d23dcfca940802e819edbb63fe588d8bcdb32d728cabfe82a68292ab6a,OO,26,D_pos,1,True,0.0
d35369d23dcfca940802e819edbb63fe588d8bcdb32d728cabfe82a68292ab6a,OS,14,R_end,1,True,0.0
d35369d23dcfca940802e819edbb63fe588d8bcdb32d728cabfe82a68292ab6a,OS,14,C_end,1,True,0.0
d35369d23dcfca940802e819edbb63fe588d8bcdb32d728cabfe82a68292ab6a,OS,14,D_pos,1,True,0.0
d35369d23dcfca940802e819edbb63fe588d8bcdb32d728cabfe82a68292ab6a,OS,18,R_end,1,True,0.0
d35369d23dcfca940802e819edbb63fe588d8bcdb32d728cabfe82a68292ab6a,OS,18,C_end,1,True,0.0
d35369d23dcfca940802e819edbb63fe588d8bcdb32d728cabfe82a68292ab6a,OS,18,D_pos,1,True,0.0
d35369d23dcfca940802e819edbb63fe588d8bcdb32d728cabfe82a68292ab6a,OS,22,R_end,1,True,0.0
d35369d23dcfca940802e819edbb63fe588d8bcdb32d728cabfe82a68292ab6a,OS,22,C_end,1,True,0.0
d35369d23dcfca940802e819edbb63fe588d8bcdb32d728cabfe82a68292ab6a,OS,22,D_pos,1,True,0.0
d35369d23dcfca940802e819edbb63fe588d8bcdb32d728cabfe82a68292ab6a,OS,26,R_end,1,True,0.0
d35369d23dcfca940802e819edbb63fe588d8bcdb32d728cabfe82a68292ab6a,OS,26,C_end,1,True,0.0
d35369d23dcfca940802e819edbb63fe588d8bcdb32d728cabfe82a68292ab6a,OS,26,D_pos,1,True,0.0
d35369d23dcfca940802e819edbb63fe588d8bcdb32d728cabfe82a68292ab6a,SO,14,R_end,1,True,0.0
d35369d23dcfca940802e819edbb63fe588d8bcdb32d728cabfe82a68292ab6a,SO,14,C_end,1,True,0.0
d35369d23dcfca940802e819edbb63fe588d8bcdb32d728cabfe82a68292ab6a,SO,14,D_pos,1,True,0.0
d35369d23dcfca940802e819edbb63fe588d8bcdb32d728cabfe82a68292ab6a,SO,18,R_end,1,True,0.0
d35369d23dcfca940802e819edbb63fe588d8bcdb32d728cabfe82a68292ab6a,SO,18,C_end,1,True,0.0
d35369d23dcfca940802e819edbb63fe588d8bcdb32d728cabfe82a68292ab6a,SO,18,D_pos,1,True,0.0
d35369d23dcfca940802e819edbb63fe588d8bcdb32d728cabfe82a68292ab6a,SO,22,R_end,1,True,0.0
d35369d23dcfca940802e819edbb63fe588d8bcdb32d728cabfe82a68292ab6a,SO,22,C_end,1,True,0.0
d35369d23dcfca940802e819edbb63fe588d8bcdb32d728cabfe82a68292ab6a,SO,22,D_pos,1,True,0.0
d35369d23dcfca940802e819edbb63fe588d8bcdb32d728cabfe82a68292ab6a,SO,26,R_end,1,True,0.0
d35369d23dcfca940802e819edbb63fe588d8bcdb32d728cabfe82a68292ab6a,SO,26,C_end,1,True,0.0
d35369d23dcfca940802e819edbb63fe588d8bcdb32d728cabfe82a68292ab6a,SO,26,D_pos,1,True,0.0
d35369d23dcfca940802e819edbb63fe588d8bcdb32d728cabfe82a68292ab6a,SS,14,R_end,1,True,0.0
d35369d23dcfca940802e819edbb63fe588d8bcdb32d728cabfe82a68292ab6a,SS,14,C_end,1,True,0.0
d35369d23dcfca940802e819edbb63fe588d8bcdb32d728cabfe82a68292ab6a,SS,14,D_pos,1,True,0.0
d35369d23dcfca940802e819edbb63fe588d8bcdb32d728cabfe82a68292ab6a,SS,18,R_end,1,True,0.0
d35369d23dcfca940802e819edbb63fe588d8bcdb32d728cabfe82a68292ab6a,SS,18,C_end,1,True,0.0
d35369d23dcfca940802e819edbb63fe588d8bcdb32d728cabfe82a68292ab6a,SS,18,D_pos,1,True,0.0
d35369d23dcfca940802e819edbb63fe588d8bcdb32d728cabfe82a68292ab6a,SS,22,R_end,1,True,0.0
d35369d23dcfca940802e819edbb63fe588d8bcdb32d728cabfe82a68292ab6a,SS,22,C_end,1,True,0.0
d35369d23dcfca940802e819edbb63fe588d8bcdb32d728cabfe82a68292ab6a,SS,22,D_pos,1,True,0.0
d35369d23dcfca940802e819edbb63fe588d8bcdb32d728cabfe82a68292ab6a,SS,26,R_end,1,True,0.0
d35369d23dcfca940802e819edbb63fe588d8bcdb32d728cabfe82a68292ab6a,SS,26,C_end,1,True,0.0
d35369d23dcfca940802e819edbb63fe588d8bcdb32d728cabfe82a68292ab6a,SS,26,D_pos,1,True,0.0
d35de5394da8e8af12e0fa779b01cf8497c1cc6f87f64264f948bc187b357d73,OO,14,R_end,1,True,0.0
d35de5394da8e8af12e0fa779b01cf8497c1cc6f87f64264f948bc187b357d73,OO,14,C_end,1,True,0.0
d35de5394da8e8af12e0fa779b01cf8497c1cc6f87f64264f948bc187b357d73,OO,14,D_pos,1,True,0.0
d35de5394da8e8af12e0fa779b01cf8497c1cc6f87f64264f948bc187b357d73,OO,18,R_end,1,True,0.0
d35de5394da8e8af12e0fa779b01cf8497c1cc6f87f64264f948bc187b357d73,OO,18,C_end,1,True,0.0
d35de5394da8e8af12e0fa779b01cf8497c1cc6f87f64264f948bc187b357d73,OO,18,D_pos,1,True,0.0
d35de5394da8e8af12e0fa779b01cf8497c1cc6f87f64264f948bc187b357d73,OO,22,R_end,1,True,0.0
d35de5394da8e8af12e0fa779b01cf8497c1cc6f87f64264f948bc187b357d73,OO,22,C_end,1,True,0.0
d35de5394da8e8af12e0fa779b01cf8497c1cc6f87f64264f948bc187b357d73,OO,22,D_pos,1,True,0.0
d35de5394da8e8af12e0fa779b01cf8497c1cc6f87f64264f948bc187b357d73,OO,26,R_end,1,True,0.0
d35de5394da8e8af12e0fa779b01cf8497c1cc6f87f64264f948bc187b357d73,OO,26,C_end,1,True,0.0
d35de5394da8e8af12e0fa779b01cf8497c1cc6f87f64264f948bc187b357d73,OO,26,D_pos,1,True,0.0
d35de5394da8e8af12e0fa779b01cf8497c1cc6f87f64264f948bc187b357d73,OS,14,R_end,1,True,0.0
d35de5394da8e8af12e0fa779b01cf8497c1cc6f87f64264f948bc187b357d73,OS,14,C_end,1,True,0.0
d35de5394da8e8af12e0fa779b01cf8497c1cc6f87f64264f948bc187b357d73,OS,14,D_pos,1,True,0.0
d35de5394da8e8af12e0fa779b01cf8497c1cc6f87f64264f948bc187b357d73,OS,18,R_end,1,True,0.0
d35de5394da8e8af12e0fa779b01cf8497c1cc6f87f64264f948bc187b357d73,OS,18,C_end,1,True,0.0
d35de5394da8e8af12e0fa779b01cf8497c1cc6f87f64264f948bc187b357d73,OS,18,D_pos,1,True,0.0
d35de5394da8e8af12e0fa779b01cf8497c1cc6f87f64264f948bc187b357d73,OS,22,R_end,1,True,0.0
d35de5394da8e8af12e0fa779b01cf8497c1cc6f87f64264f948bc187b357d73,OS,22,C_end,1,True,0.0
d35de5394da8e8af12e0fa779b01cf8497c1cc6f87f64264f948bc187b357d73,OS,22,D_pos,1,True,0.0
d35de5394da8e8af12e0fa779b01cf8497c1cc6f87f64264f948bc187b357d73,OS,26,R_end,1,True,0.0
d35de5394da8e8af12e0fa779b01cf8497c1cc6f87f64264f948bc187b357d73,OS,26,C_end,1,True,0.0
d35de5394da8e8af12e0fa779b01cf8497c1cc6f87f64264f948bc187b357d73,OS,26,D_pos,1,True,0.0
d35de5394da8e8af12e0fa779b01cf8497c1cc6f87f64264f948bc187b357d73,SO,14,R_end,1,True,0.0
d35de5394da8e8af12e0fa779b01cf8497c1cc6f87f64264f948bc187b357d73,SO,14,C_end,1,True,0.0
d35de5394da8e8af12e0fa779b01cf8497c1cc6f87f64264f948bc187b357d73,SO,14,D_pos,1,True,0.0
d35de5394da8e8af12e0fa779b01cf8497c1cc6f87f64264f948bc187b357d73,SO,18,R_end,1,True,0.0
d35de5394da8e8af12e0fa779b01cf8497c1cc6f87f64264f948bc187b357d73,SO,18,C_end,1,True,0.0
d35de5394da8e8af12e0fa779b01cf8497c1cc6f87f64264f948bc187b357d73,SO,18,D_pos,1,True,0.0
d35de5394da8e8af12e0fa779b01cf8497c1cc6f87f64264f948bc187b357d73,SO,22,R_end,1,True,0.0
d35de5394da8e8af12e0fa779b01cf8497c1cc6f87f64264f948bc187b357d73,SO,22,C_end,1,True,0.0
d35de5394da8e8af12e0fa779b01cf8497c1cc6f87f64264f948bc187b357d73,SO,22,D_pos,1,True,0.0
d35de5394da8e8af12e0fa779b01cf8497c1cc6f87f64264f948bc187b357d73,SO,26,R_end,1,True,0.0
d35de5394da8e8af12e0fa779b01cf8497c1cc6f87f64264f948bc187b357d73,SO,26,C_end,1,True,0.0
d35de5394da8e8af12e0fa779b01cf8497c1cc6f87f64264f948bc187b357d73,SO,26,D_pos,1,True,0.0
d35de5394da8e8af12e0fa779b01cf8497c1cc6f87f64264f948bc187b357d73,SS,14,R_end,1,True,0.0
d35de5394da8e8af12e0fa779b01cf8497c1cc6f87f64264f948bc187b357d73,SS,14,C_end,1,True,0.0
d35de5394da8e8af12e0fa779b01cf8497c1cc6f87f64264f948bc187b357d73,SS,14,D_pos,1,True,0.0
d35de5394da8e8af12e0fa779b01cf8497c1cc6f87f64264f948bc187b357d73,SS,18,R_end,1,True,0.0
d35de5394da8e8af12e0fa779b01cf8497c1cc6f87f64264f948bc187b357d73,SS,18,C_end,1,True,0.0
d35de5394da8e8af12e0fa779b01cf8497c1cc6f87f64264f948bc187b357d73,SS,18,D_pos,1,True,0.0
d35de5394da8e8af12e0fa779b01cf8497c1cc6f87f64264f948bc187b357d73,SS,22,R_end,1,True,0.0
d35de5394da8e8af12e0fa779b01cf8497c1cc6f87f64264f948bc187b357d73,SS,22,C_end,1,True,0.0
d35de5394da8e8af12e0fa779b01cf8497c1cc6f87f64264f948bc187b357d73,SS,22,D_pos,1,True,0.0
d35de5394da8e8af12e0fa779b01cf8497c1cc6f87f64264f948bc187b357d73,SS,26,R_end,1,True,0.0
d35de5394da8e8af12e0fa779b01cf8497c1cc6f87f64264f948bc187b357d73,SS,26,C_end,1,True,0.0
d35de5394da8e8af12e0fa779b01cf8497c1cc6f87f64264f948bc187b357d73,SS,26,D_pos,1,True,0.0
d3f802c5c147cd1fb842715b1ad21f6f8e9faa2d9d00ce60d1fce94c4304ff1e,OO,14,R_end,1,True,0.0
d3f802c5c147cd1fb842715b1ad21f6f8e9faa2d9d00ce60d1fce94c4304ff1e,OO,14,C_end,1,True,0.0
d3f802c5c147cd1fb842715b1ad21f6f8e9faa2d9d00ce60d1fce94c4304ff1e,OO,14,D_pos,1,True,0.0
d3f802c5c147cd1fb842715b1ad21f6f8e9faa2d9d00ce60d1fce94c4304ff1e,OO,18,R_end,1,True,0.0
d3f802c5c147cd1fb842715b1ad21f6f8e9faa2d9d00ce60d1fce94c4304ff1e,OO,18,C_end,1,True,0.0
d3f802c5c147cd1fb842715b1ad21f6f8e9faa2d9d00ce60d1fce94c4304ff1e,OO,18,D_pos,1,True,0.0
d3f802c5c147cd1fb842715b1ad21f6f8e9faa2d9d00ce60d1fce94c4304ff1e,OO,22,R_end,1,True,0.0
d3f802c5c147cd1fb842715b1ad21f6f8e9faa2d9d00ce60d1fce94c4304ff1e,OO,22,C_end,1,True,0.0
d3f802c5c147cd1fb842715b1ad21f6f8e9faa2d9d00ce60d1fce94c4304ff1e,OO,22,D_pos,1,True,0.0
d3f802c5c147cd1fb842715b1ad21f6f8e9faa2d9d00ce60d1fce94c4304ff1e,OO,26,R_end,1,True,0.0
d3f802c5c147cd1fb842715b1ad21f6f8e9faa2d9d00ce60d1fce94c4304ff1e,OO,26,C_end,1,True,0.0
d3f802c5c147cd1fb842715b1ad21f6f8e9faa2d9d00ce60d1fce94c4304ff1e,OO,26,D_pos,1,True,0.0
d3f802c5c147cd1fb842715b1ad21f6f8e9faa2d9d00ce60d1fce94c4304ff1e,OS,14,R_end,1,True,0.0
d3f802c5c147cd1fb842715b1ad21f6f8e9faa2d9d00ce60d1fce94c4304ff1e,OS,14,C_end,1,True,0.0
d3f802c5c147cd1fb842715b1ad21f6f8e9faa2d9d00ce60d1fce94c4304ff1e,OS,14,D_pos,1,True,0.0
d3f802c5c147cd1fb842715b1ad21f6f8e9faa2d9d00ce60d1fce94c4304ff1e,OS,18,R_end,1,True,0.0
d3f802c5c147cd1fb842715b1ad21f6f8e9faa2d9d00ce60d1fce94c4304ff1e,OS,18,C_end,1,True,0.0
d3f802c5c147cd1fb842715b1ad21f6f8e9faa2d9d00ce60d1fce94c4304ff1e,OS,18,D_pos,1,True,0.0
d3f802c5c147cd1fb842715b1ad21f6f8e9faa2d9d00ce60d1fce94c4304ff1e,OS,22,R_end,1,True,0.0
d3f802c5c147cd1fb842715b1ad21f6f8e9faa2d9d00ce60d1fce94c4304ff1e,OS,22,C_end,1,True,0.0
d3f802c5c147cd1fb842715b1ad21f6f8e9faa2d9d00ce60d1fce94c4304ff1e,OS,22,D_pos,1,True,0.0
d3f802c5c147cd1fb842715b1ad21f6f8e9faa2d9d00ce60d1fce94c4304ff1e,OS,26,R_end,1,True,0.0
d3f802c5c147cd1fb842715b1ad21f6f8e9faa2d9d00ce60d1fce94c4304ff1e,OS,26,C_end,1,True,0.0
d3f802c5c147cd1fb842715b1ad21f6f8e9faa2d9d00ce60d1fce94c4304ff1e,OS,26,D_pos,1,True,0.0
d3f802c5c147cd1fb842715b1ad21f6f8e9faa2d9d00ce60d1fce94c4304ff1e,SO,14,R_end,1,True,0.0
d3f802c5c147cd1fb842715b1ad21f6f8e9faa2d9d00ce60d1fce94c4304ff1e,SO,14,C_end,1,True,0.0
d3f802c5c147cd1fb842715b1ad21f6f8e9faa2d9d00ce60d1fce94c4304ff1e,SO,14,D_pos,1,True,0.0
d3f802c5c147cd1fb842715b1ad21f6f8e9faa2d9d00ce60d1fce94c4304ff1e,SO,18,R_end,1,True,0.0
d3f802c5c147cd1fb842715b1ad21f6f8e9faa2d9d00ce60d1fce94c4304ff1e,SO,18,C_end,1,True,0.0
d3f802c5c147cd1fb842715b1ad21f6f8e9faa2d9d00ce60d1fce94c4304ff1e,SO,18,D_pos,1,True,0.0
d3f802c5c147cd1fb842715b1ad21f6f8e9faa2d9d00ce60d1fce94c4304ff1e,SO,22,R_end,1,True,0.0
d3f802c5c147cd1fb842715b1ad21f6f8e9faa2d9d00ce60d1fce94c4304ff1e,SO,22,C_end,1,True,0.0
d3f802c5c147cd1fb842715b1ad21f6f8e9faa2d9d00ce60d1fce94c4304ff1e,SO,22,D_pos,1,True,0.0
d3f802c5c147cd1fb842715b1ad21f6f8e9faa2d9d00ce60d1fce94c4304ff1e,SO,26,R_end,1,True,0.0
d3f802c5c147cd1fb842715b1ad21f6f8e9faa2d9d00ce60d1fce94c4304ff1e,SO,26,C_end,1,True,0.0
d3f802c5c147cd1fb842715b1ad21f6f8e9faa2d9d00ce60d1fce94c4304ff1e,SO,26,D_pos,1,True,0.0
d3f802c5c147cd1fb842715b1ad21f6f8e9faa2d9d00ce60d1fce94c4304ff1e,SS,14,R_end,1,True,0.0
d3f802c5c147cd1fb842715b1ad21f6f8e9faa2d9d00ce60d1fce94c4304ff1e,SS,14,C_end,1,True,0.0
d3f802c5c147cd1fb842715b1ad21f6f8e9faa2d9d00ce60d1fce94c4304ff1e,SS,14,D_pos,1,True,0.0
d3f802c5c147cd1fb842715b1ad21f6f8e9faa2d9d00ce60d1fce94c4304ff1e,SS,18,R_end,1,True,0.0
d3f802c5c147cd1fb842715b1ad21f6f8e9faa2d9d00ce60d1fce94c4304ff1e,SS,18,C_end,1,True,0.0
d3f802c5c147cd1fb842715b1ad21f6f8e9faa2d9d00ce60d1fce94c4304ff1e,SS,18,D_pos,1,True,0.0
d3f802c5c147cd1fb842715b1ad21f6f8e9faa2d9d00ce60d1fce94c4304ff1e,SS,22,R_end,1,True,0.0
d3f802c5c147cd1fb842715b1ad21f6f8e9faa2d9d00ce60d1fce94c4304ff1e,SS,22,C_end,1,True,0.0
d3f802c5c147cd1fb842715b1ad21f6f8e9faa2d9d00ce60d1fce94c4304ff1e,SS,22,D_pos,1,True,0.0
d3f802c5c147cd1fb842715b1ad21f6f8e9faa2d9d00ce60d1fce94c4304ff1e,SS,26,R_end,1,True,0.0
d3f802c5c147cd1fb842715b1ad21f6f8e9faa2d9d00ce60d1fce94c4304ff1e,SS,26,C_end,1,True,0.0
d3f802c5c147cd1fb842715b1ad21f6f8e9faa2d9d00ce60d1fce94c4304ff1e,SS,26,D_pos,1,True,0.0
d4241ccb0b12c49180c5b46a1c5f7c5fe602cec9b4deb75282437541050b5fcb,OO,14,R_end,1,True,0.0
d4241ccb0b12c49180c5b46a1c5f7c5fe602cec9b4deb75282437541050b5fcb,OO,14,C_end,1,True,0.0
d4241ccb0b12c49180c5b46a1c5f7c5fe602cec9b4deb75282437541050b5fcb,OO,14,D_pos,1,True,0.0
d4241ccb0b12c49180c5b46a1c5f7c5fe602cec9b4deb75282437541050b5fcb,OO,18,R_end,1,True,0.0
d4241ccb0b12c49180c5b46a1c5f7c5fe602cec9b4deb75282437541050b5fcb,OO,18,C_end,1,True,0.0
d4241ccb0b12c49180c5b46a1c5f7c5fe602cec9b4deb75282437541050b5fcb,OO,18,D_pos,1,True,0.0
d4241ccb0b12c49180c5b46a1c5f7c5fe602cec9b4deb75282437541050b5fcb,OO,22,R_end,1,True,0.0
d4241ccb0b12c49180c5b46a1c5f7c5fe602cec9b4deb75282437541050b5fcb,OO,22,C_end,1,True,0.0
d4241ccb0b12c49180c5b46a1c5f7c5fe602cec9b4deb75282437541050b5fcb,OO,22,D_pos,1,True,0.0
d4241ccb0b12c49180c5b46a1c5f7c5fe602cec9b4deb75282437541050b5fcb,OO,26,R_end,1,True,0.0
d4241ccb0b12c49180c5b46a1c5f7c5fe602cec9b4deb75282437541050b5fcb,OO,26,C_end,1,True,0.0
d4241ccb0b12c49180c5b46a1c5f7c5fe602cec9b4deb75282437541050b5fcb,OO,26,D_pos,1,True,0.0
d4241ccb0b12c49180c5b46a1c5f7c5fe602cec9b4deb75282437541050b5fcb,OS,14,R_end,1,True,0.0
d4241ccb0b12c49180c5b46a1c5f7c5fe602cec9b4deb75282437541050b5fcb,OS,14,C_end,1,True,0.0
d4241ccb0b12c49180c5b46a1c5f7c5fe602cec9b4deb75282437541050b5fcb,OS,14,D_pos,1,True,0.0
d4241ccb0b12c49180c5b46a1c5f7c5fe602cec9b4deb75282437541050b5fcb,OS,18,R_end,1,True,0.0
d4241ccb0b12c49180c5b46a1c5f7c5fe602cec9b4deb75282437541050b5fcb,OS,18,C_end,1,True,0.0
d4241ccb0b12c49180c5b46a1c5f7c5fe602cec9b4deb75282437541050b5fcb,OS,18,D_pos,1,True,0.0
d4241ccb0b12c49180c5b46a1c5f7c5fe602cec9b4deb75282437541050b5fcb,OS,22,R_end,1,True,0.0
d4241ccb0b12c49180c5b46a1c5f7c5fe602cec9b4deb75282437541050b5fcb,OS,22,C_end,1,True,0.0
d4241ccb0b12c49180c5b46a1c5f7c5fe602cec9b4deb75282437541050b5fcb,OS,22,D_pos,1,True,0.0
d4241ccb0b12c49180c5b46a1c5f7c5fe602cec9b4deb75282437541050b5fcb,OS,26,R_end,1,True,0.0
d4241ccb0b12c49180c5b46a1c5f7c5fe602cec9b4deb75282437541050b5fcb,OS,26,C_end,1,True,0.0
d4241ccb0b12c49180c5b46a1c5f7c5fe602cec9b4deb75282437541050b5fcb,OS,26,D_pos,1,True,0.0
d4241ccb0b12c49180c5b46a1c5f7c5fe602cec9b4deb75282437541050b5fcb,SO,14,R_end,1,True,0.0
d4241ccb0b12c49180c5b46a1c5f7c5fe602cec9b4deb75282437541050b5fcb,SO,14,C_end,1,True,0.0
d4241ccb0b12c49180c5b46a1c5f7c5fe602cec9b4deb75282437541050b5fcb,SO,14,D_pos,1,True,0.0
d4241ccb0b12c49180c5b46a1c5f7c5fe602cec9b4deb75282437541050b5fcb,SO,18,R_end,1,True,0.0
d4241ccb0b12c49180c5b46a1c5f7c5fe602cec9b4deb75282437541050b5fcb,SO,18,C_end,1,True,0.0
d4241ccb0b12c49180c5b46a1c5f7c5fe602cec9b4deb75282437541050b5fcb,SO,18,D_pos,1,True,0.0
d4241ccb0b12c49180c5b46a1c5f7c5fe602cec9b4deb75282437541050b5fcb,SO,22,R_end,1,True,0.0
d4241ccb0b12c49180c5b46a1c5f7c5fe602cec9b4deb75282437541050b5fcb,SO,22,C_end,1,True,0.0
d4241ccb0b12c49180c5b46a1c5f7c5fe602cec9b4deb75282437541050b5fcb,SO,22,D_pos,1,True,0.0
d4241ccb0b12c49180c5b46a1c5f7c5fe602cec9b4deb75282437541050b5fcb,SO,26,R_end,1,True,0.0
d4241ccb0b12c49180c5b46a1c5f7c5fe602cec9b4deb75282437541050b5fcb,SO,26,C_end,1,True,0.0
d4241ccb0b12c49180c5b46a1c5f7c5fe602cec9b4deb75282437541050b5fcb,SO,26,D_pos,1,True,0.0
d4241ccb0b12c49180c5b46a1c5f7c5fe602cec9b4deb75282437541050b5fcb,SS,14,R_end,1,True,0.0
d4241ccb0b12c49180c5b46a1c5f7c5fe602cec9b4deb75282437541050b5fcb,SS,14,C_end,1,True,0.0
d4241ccb0b12c49180c5b46a1c5f7c5fe602cec9b4deb75282437541050b5fcb,SS,14,D_pos,1,True,0.0
d4241ccb0b12c49180c5b46a1c5f7c5fe602cec9b4deb75282437541050b5fcb,SS,18,R_end,1,True,0.0
d4241ccb0b12c49180c5b46a1c5f7c5fe602cec9b4deb75282437541050b5fcb,SS,18,C_end,1,True,0.0
d4241ccb0b12c49180c5b46a1c5f7c5fe602cec9b4deb75282437541050b5fcb,SS,18,D_pos,1,True,0.0
d4241ccb0b12c49180c5b46a1c5f7c5fe602cec9b4deb75282437541050b5fcb,SS,22,R_end,1,True,0.0
d4241ccb0b12c49180c5b46a1c5f7c5fe602cec9b4deb75282437541050b5fcb,SS,22,C_end,1,True,0.0
d4241ccb0b12c49180c5b46a1c5f7c5fe602cec9b4deb75282437541050b5fcb,SS,22,D_pos,1,True,0.0
d4241ccb0b12c49180c5b46a1c5f7c5fe602cec9b4deb75282437541050b5fcb,SS,26,R_end,1,True,0.0
d4241ccb0b12c49180c5b46a1c5f7c5fe602cec9b4deb75282437541050b5fcb,SS,26,C_end,1,True,0.0
d4241ccb0b12c49180c5b46a1c5f7c5fe602cec9b4deb75282437541050b5fcb,SS,26,D_pos,1,True,0.0
d716b45450cc92f0207e397647f2e955120b268a9c3a06f632f6beb374da68a3,OO,14,R_end,1,True,0.0
d716b45450cc92f0207e397647f2e955120b268a9c3a06f632f6beb374da68a3,OO,14,C_end,1,True,0.0
d716b45450cc92f0207e397647f2e955120b268a9c3a06f632f6beb374da68a3,OO,14,D_pos,1,True,0.0
d716b45450cc92f0207e397647f2e955120b268a9c3a06f632f6beb374da68a3,OO,18,R_end,1,True,0.0
d716b45450cc92f0207e397647f2e955120b268a9c3a06f632f6beb374da68a3,OO,18,C_end,1,True,0.0
d716b45450cc92f0207e397647f2e955120b268a9c3a06f632f6beb374da68a3,OO,18,D_pos,1,True,0.0
d716b45450cc92f0207e397647f2e955120b268a9c3a06f632f6beb374da68a3,OO,22,R_end,1,True,0.0
d716b45450cc92f0207e397647f2e955120b268a9c3a06f632f6beb374da68a3,OO,22,C_end,1,True,0.0
d716b45450cc92f0207e397647f2e955120b268a9c3a06f632f6beb374da68a3,OO,22,D_pos,1,True,0.0
d716b45450cc92f0207e397647f2e955120b268a9c3a06f632f6beb374da68a3,OO,26,R_end,1,True,0.0
d716b45450cc92f0207e397647f2e955120b268a9c3a06f632f6beb374da68a3,OO,26,C_end,1,True,0.0
d716b45450cc92f0207e397647f2e955120b268a9c3a06f632f6beb374da68a3,OO,26,D_pos,1,True,0.0
d716b45450cc92f0207e397647f2e955120b268a9c3a06f632f6beb374da68a3,OS,14,R_end,1,True,0.0
d716b45450cc92f0207e397647f2e955120b268a9c3a06f632f6beb374da68a3,OS,14,C_end,1,True,0.0
d716b45450cc92f0207e397647f2e955120b268a9c3a06f632f6beb374da68a3,OS,14,D_pos,1,True,0.0
d716b45450cc92f0207e397647f2e955120b268a9c3a06f632f6beb374da68a3,OS,18,R_end,1,True,0.0
d716b45450cc92f0207e397647f2e955120b268a9c3a06f632f6beb374da68a3,OS,18,C_end,1,True,0.0
d716b45450cc92f0207e397647f2e955120b268a9c3a06f632f6beb374da68a3,OS,18,D_pos,1,True,0.0
d716b45450cc92f0207e397647f2e955120b268a9c3a06f632f6beb374da68a3,OS,22,R_end,1,True,0.0
d716b45450cc92f0207e397647f2e955120b268a9c3a06f632f6beb374da68a3,OS,22,C_end,1,True,0.0
d716b45450cc92f0207e397647f2e955120b268a9c3a06f632f6beb374da68a3,OS,22,D_pos,1,True,0.0
d716b45450cc92f0207e397647f2e955120b268a9c3a06f632f6beb374da68a3,OS,26,R_end,1,True,0.0
d716b45450cc92f0207e397647f2e955120b268a9c3a06f632f6beb374da68a3,OS,26,C_end,1,True,0.0
d716b45450cc92f0207e397647f2e955120b268a9c3a06f632f6beb374da68a3,OS,26,D_pos,1,True,0.0
d716b45450cc92f0207e397647f2e955120b268a9c3a06f632f6beb374da68a3,SO,14,R_end,1,True,0.0
d716b45450cc92f0207e397647f2e955120b268a9c3a06f632f6beb374da68a3,SO,14,C_end,1,True,0.0
d716b45450cc92f0207e397647f2e955120b268a9c3a06f632f6beb374da68a3,SO,14,D_pos,1,True,0.0
d716b45450cc92f0207e397647f2e955120b268a9c3a06f632f6beb374da68a3,SO,18,R_end,1,True,0.0
d716b45450cc92f0207e397647f2e955120b268a9c3a06f632f6beb374da68a3,SO,18,C_end,1,True,0.0
d716b45450cc92f0207e397647f2e955120b268a9c3a06f632f6beb374da68a3,SO,18,D_pos,1,True,0.0
d716b45450cc92f0207e397647f2e955120b268a9c3a06f632f6beb374da68a3,SO,22,R_end,1,True,0.0
d716b45450cc92f0207e397647f2e955120b268a9c3a06f632f6beb374da68a3,SO,22,C_end,1,True,0.0
d716b45450cc92f0207e397647f2e955120b268a9c3a06f632f6beb374da68a3,SO,22,D_pos,1,True,0.0
d716b45450cc92f0207e397647f2e955120b268a9c3a06f632f6beb374da68a3,SO,26,R_end,1,True,0.0
d716b45450cc92f0207e397647f2e955120b268a9c3a06f632f6beb374da68a3,SO,26,C_end,1,True,0.0
d716b45450cc92f0207e397647f2e955120b268a9c3a06f632f6beb374da68a3,SO,26,D_pos,1,True,0.0
d716b45450cc92f0207e397647f2e955120b268a9c3a06f632f6beb374da68a3,SS,14,R_end,1,True,0.0
d716b45450cc92f0207e397647f2e955120b268a9c3a06f632f6beb374da68a3,SS,14,C_end,1,True,0.0
d716b45450cc92f0207e397647f2e955120b268a9c3a06f632f6beb374da68a3,SS,14,D_pos,1,True,0.0
d716b45450cc92f0207e397647f2e955120b268a9c3a06f632f6beb374da68a3,SS,18,R_end,1,True,0.0
d716b45450cc92f0207e397647f2e955120b268a9c3a06f632f6beb374da68a3,SS,18,C_end,1,True,0.0
d716b45450cc92f0207e397647f2e955120b268a9c3a06f632f6beb374da68a3,SS,18,D_pos,1,True,0.0
d716b45450cc92f0207e397647f2e955120b268a9c3a06f632f6beb374da68a3,SS,22,R_end,1,True,0.0
d716b45450cc92f0207e397647f2e955120b268a9c3a06f632f6beb374da68a3,SS,22,C_end,1,True,0.0
d716b45450cc92f0207e397647f2e955120b268a9c3a06f632f6beb374da68a3,SS,22,D_pos,1,True,0.0
d716b45450cc92f0207e397647f2e955120b268a9c3a06f632f6beb374da68a3,SS,26,R_end,1,True,0.0
d716b45450cc92f0207e397647f2e955120b268a9c3a06f632f6beb374da68a3,SS,26,C_end,1,True,0.0
d716b45450cc92f0207e397647f2e955120b268a9c3a06f632f6beb374da68a3,SS,26,D_pos,1,True,0.0
d7bf00bba92da939b45008d97af6b4c84e6278724e013e42d7b4e27c38110458,OO,14,R_end,1,True,0.0
d7bf00bba92da939b45008d97af6b4c84e6278724e013e42d7b4e27c38110458,OO,14,C_end,1,True,0.0
d7bf00bba92da939b45008d97af6b4c84e6278724e013e42d7b4e27c38110458,OO,14,D_pos,1,True,0.0
d7bf00bba92da939b45008d97af6b4c84e6278724e013e42d7b4e27c38110458,OO,18,R_end,1,True,0.0
d7bf00bba92da939b45008d97af6b4c84e6278724e013e42d7b4e27c38110458,OO,18,C_end,1,True,0.0
d7bf00bba92da939b45008d97af6b4c84e6278724e013e42d7b4e27c38110458,OO,18,D_pos,1,True,0.0
d7bf00bba92da939b45008d97af6b4c84e6278724e013e42d7b4e27c38110458,OO,22,R_end,1,True,0.0
d7bf00bba92da939b45008d97af6b4c84e6278724e013e42d7b4e27c38110458,OO,22,C_end,1,True,0.0
d7bf00bba92da939b45008d97af6b4c84e6278724e013e42d7b4e27c38110458,OO,22,D_pos,1,True,0.0
d7bf00bba92da939b45008d97af6b4c84e6278724e013e42d7b4e27c38110458,OO,26,R_end,1,True,0.0
d7bf00bba92da939b45008d97af6b4c84e6278724e013e42d7b4e27c38110458,OO,26,C_end,1,True,0.0
d7bf00bba92da939b45008d97af6b4c84e6278724e013e42d7b4e27c38110458,OO,26,D_pos,1,True,0.0
d7bf00bba92da939b45008d97af6b4c84e6278724e013e42d7b4e27c38110458,OS,14,R_end,1,True,0.0
d7bf00bba92da939b45008d97af6b4c84e6278724e013e42d7b4e27c38110458,OS,14,C_end,1,True,0.0
d7bf00bba92da939b45008d97af6b4c84e6278724e013e42d7b4e27c38110458,OS,14,D_pos,1,True,0.0
d7bf00bba92da939b45008d97af6b4c84e6278724e013e42d7b4e27c38110458,OS,18,R_end,1,True,0.0
d7bf00bba92da939b45008d97af6b4c84e6278724e013e42d7b4e27c38110458,OS,18,C_end,1,True,0.0
d7bf00bba92da939b45008d97af6b4c84e6278724e013e42d7b4e27c38110458,OS,18,D_pos,1,True,0.0
d7bf00bba92da939b45008d97af6b4c84e6278724e013e42d7b4e27c38110458,OS,22,R_end,1,True,0.0
d7bf00bba92da939b45008d97af6b4c84e6278724e013e42d7b4e27c38110458,OS,22,C_end,1,True,0.0
d7bf00bba92da939b45008d97af6b4c84e6278724e013e42d7b4e27c38110458,OS,22,D_pos,1,True,0.0
d7bf00bba92da939b45008d97af6b4c84e6278724e013e42d7b4e27c38110458,OS,26,R_end,1,True,0.0
d7bf00bba92da939b45008d97af6b4c84e6278724e013e42d7b4e27c38110458,OS,26,C_end,1,True,0.0
d7bf00bba92da939b45008d97af6b4c84e6278724e013e42d7b4e27c38110458,OS,26,D_pos,1,True,0.0
d7bf00bba92da939b45008d97af6b4c84e6278724e013e42d7b4e27c38110458,SO,14,R_end,1,True,0.0
d7bf00bba92da939b45008d97af6b4c84e6278724e013e42d7b4e27c38110458,SO,14,C_end,1,True,0.0
d7bf00bba92da939b45008d97af6b4c84e6278724e013e42d7b4e27c38110458,SO,14,D_pos,1,True,0.0
d7bf00bba92da939b45008d97af6b4c84e6278724e013e42d7b4e27c38110458,SO,18,R_end,1,True,0.0
d7bf00bba92da939b45008d97af6b4c84e6278724e013e42d7b4e27c38110458,SO,18,C_end,1,True,0.0
d7bf00bba92da939b45008d97af6b4c84e6278724e013e42d7b4e27c38110458,SO,18,D_pos,1,True,0.0
d7bf00bba92da939b45008d97af6b4c84e6278724e013e42d7b4e27c38110458,SO,22,R_end,1,True,0.0
d7bf00bba92da939b45008d97af6b4c84e6278724e013e42d7b4e27c38110458,SO,22,C_end,1,True,0.0
d7bf00bba92da939b45008d97af6b4c84e6278724e013e42d7b4e27c38110458,SO,22,D_pos,1,True,0.0
d7bf00bba92da939b45008d97af6b4c84e6278724e013e42d7b4e27c38110458,SO,26,R_end,1,True,0.0
d7bf00bba92da939b45008d97af6b4c84e6278724e013e42d7b4e27c38110458,SO,26,C_end,1,True,0.0
d7bf00bba92da939b45008d97af6b4c84e6278724e013e42d7b4e27c38110458,SO,26,D_pos,1,True,0.0
d7bf00bba92da939b45008d97af6b4c84e6278724e013e42d7b4e27c38110458,SS,14,R_end,1,True,0.0
d7bf00bba92da939b45008d97af6b4c84e6278724e013e42d7b4e27c38110458,SS,14,C_end,1,True,0.0
d7bf00bba92da939b45008d97af6b4c84e6278724e013e42d7b4e27c38110458,SS,14,D_pos,1,True,0.0
d7bf00bba92da939b45008d97af6b4c84e6278724e013e42d7b4e27c38110458,SS,18,R_end,1,True,0.0
d7bf00bba92da939b45008d97af6b4c84e6278724e013e42d7b4e27c38110458,SS,18,C_end,1,True,0.0
d7bf00bba92da939b45008d97af6b4c84e6278724e013e42d7b4e27c38110458,SS,18,D_pos,1,True,0.0
d7bf00bba92da939b45008d97af6b4c84e6278724e013e42d7b4e27c38110458,SS,22,R_end,1,True,0.0
d7bf00bba92da939b45008d97af6b4c84e6278724e013e42d7b4e27c38110458,SS,22,C_end,1,True,0.0
d7bf00bba92da939b45008d97af6b4c84e6278724e013e42d7b4e27c38110458,SS,22,D_pos,1,True,0.0
d7bf00bba92da939b45008d97af6b4c84e6278724e013e42d7b4e27c38110458,SS,26,R_end,1,True,0.0
d7bf00bba92da939b45008d97af6b4c84e6278724e013e42d7b4e27c38110458,SS,26,C_end,1,True,0.0
d7bf00bba92da939b45008d97af6b4c84e6278724e013e42d7b4e27c38110458,SS,26,D_pos,1,True,0.0
d9c7c3a3d62120d82c1b75cbfaa8055c1c35fc78cc555030391d0f1e55c6d7cb,OO,14,R_end,1,True,0.0
d9c7c3a3d62120d82c1b75cbfaa8055c1c35fc78cc555030391d0f1e55c6d7cb,OO,14,C_end,1,True,0.0
d9c7c3a3d62120d82c1b75cbfaa8055c1c35fc78cc555030391d0f1e55c6d7cb,OO,14,D_pos,1,True,0.0
d9c7c3a3d62120d82c1b75cbfaa8055c1c35fc78cc555030391d0f1e55c6d7cb,OO,18,R_end,1,True,0.0
d9c7c3a3d62120d82c1b75cbfaa8055c1c35fc78cc555030391d0f1e55c6d7cb,OO,18,C_end,1,True,0.0
d9c7c3a3d62120d82c1b75cbfaa8055c1c35fc78cc555030391d0f1e55c6d7cb,OO,18,D_pos,1,True,0.0
d9c7c3a3d62120d82c1b75cbfaa8055c1c35fc78cc555030391d0f1e55c6d7cb,OO,22,R_end,1,True,0.0
d9c7c3a3d62120d82c1b75cbfaa8055c1c35fc78cc555030391d0f1e55c6d7cb,OO,22,C_end,1,True,0.0
d9c7c3a3d62120d82c1b75cbfaa8055c1c35fc78cc555030391d0f1e55c6d7cb,OO,22,D_pos,1,True,0.0
d9c7c3a3d62120d82c1b75cbfaa8055c1c35fc78cc555030391d0f1e55c6d7cb,OO,26,R_end,1,True,0.0
d9c7c3a3d62120d82c1b75cbfaa8055c1c35fc78cc555030391d0f1e55c6d7cb,OO,26,C_end,1,True,0.0
d9c7c3a3d62120d82c1b75cbfaa8055c1c35fc78cc555030391d0f1e55c6d7cb,OO,26,D_pos,1,True,0.0
d9c7c3a3d62120d82c1b75cbfaa8055c1c35fc78cc555030391d0f1e55c6d7cb,OS,14,R_end,1,True,0.0
d9c7c3a3d62120d82c1b75cbfaa8055c1c35fc78cc555030391d0f1e55c6d7cb,OS,14,C_end,1,True,0.0
d9c7c3a3d62120d82c1b75cbfaa8055c1c35fc78cc555030391d0f1e55c6d7cb,OS,14,D_pos,1,True,0.0
d9c7c3a3d62120d82c1b75cbfaa8055c1c35fc78cc555030391d0f1e55c6d7cb,OS,18,R_end,1,True,0.0
d9c7c3a3d62120d82c1b75cbfaa8055c1c35fc78cc555030391d0f1e55c6d7cb,OS,18,C_end,1,True,0.0
d9c7c3a3d62120d82c1b75cbfaa8055c1c35fc78cc555030391d0f1e55c6d7cb,OS,18,D_pos,1,True,0.0
d9c7c3a3d62120d82c1b75cbfaa8055c1c35fc78cc555030391d0f1e55c6d7cb,OS,22,R_end,1,True,0.0
d9c7c3a3d62120d82c1b75cbfaa8055c1c35fc78cc555030391d0f1e55c6d7cb,OS,22,C_end,1,True,0.0
d9c7c3a3d62120d82c1b75cbfaa8055c1c35fc78cc555030391d0f1e55c6d7cb,OS,22,D_pos,1,True,0.0
d9c7c3a3d62120d82c1b75cbfaa8055c1c35fc78cc555030391d0f1e55c6d7cb,OS,26,R_end,1,True,0.0
d9c7c3a3d62120d82c1b75cbfaa8055c1c35fc78cc555030391d0f1e55c6d7cb,OS,26,C_end,1,True,0.0
d9c7c3a3d62120d82c1b75cbfaa8055c1c35fc78cc555030391d0f1e55c6d7cb,OS,26,D_pos,1,True,0.0
d9c7c3a3d62120d82c1b75cbfaa8055c1c35fc78cc555030391d0f1e55c6d7cb,SO,14,R_end,1,True,0.0
d9c7c3a3d62120d82c1b75cbfaa8055c1c35fc78cc555030391d0f1e55c6d7cb,SO,14,C_end,1,True,0.0
d9c7c3a3d62120d82c1b75cbfaa8055c1c35fc78cc555030391d0f1e55c6d7cb,SO,14,D_pos,1,True,0.0
d9c7c3a3d62120d82c1b75cbfaa8055c1c35fc78cc555030391d0f1e55c6d7cb,SO,18,R_end,1,True,0.0
d9c7c3a3d62120d82c1b75cbfaa8055c1c35fc78cc555030391d0f1e55c6d7cb,SO,18,C_end,1,True,0.0
d9c7c3a3d62120d82c1b75cbfaa8055c1c35fc78cc555030391d0f1e55c6d7cb,SO,18,D_pos,1,True,0.0
d9c7c3a3d62120d82c1b75cbfaa8055c1c35fc78cc555030391d0f1e55c6d7cb,SO,22,R_end,1,True,0.0
d9c7c3a3d62120d82c1b75cbfaa8055c1c35fc78cc555030391d0f1e55c6d7cb,SO,22,C_end,1,True,0.0
d9c7c3a3d62120d82c1b75cbfaa8055c1c35fc78cc555030391d0f1e55c6d7cb,SO,22,D_pos,1,True,0.0
d9c7c3a3d62120d82c1b75cbfaa8055c1c35fc78cc555030391d0f1e55c6d7cb,SO,26,R_end,1,True,0.0
d9c7c3a3d62120d82c1b75cbfaa8055c1c35fc78cc555030391d0f1e55c6d7cb,SO,26,C_end,1,True,0.0
d9c7c3a3d62120d82c1b75cbfaa8055c1c35fc78cc555030391d0f1e55c6d7cb,SO,26,D_pos,1,True,0.0
d9c7c3a3d62120d82c1b75cbfaa8055c1c35fc78cc555030391d0f1e55c6d7cb,SS,14,R_end,1,True,0.0
d9c7c3a3d62120d82c1b75cbfaa8055c1c35fc78cc555030391d0f1e55c6d7cb,SS,14,C_end,1,True,0.0
d9c7c3a3d62120d82c1b75cbfaa8055c1c35fc78cc555030391d0f1e55c6d7cb,SS,14,D_pos,1,True,0.0
d9c7c3a3d62120d82c1b75cbfaa8055c1c35fc78cc555030391d0f1e55c6d7cb,SS,18,R_end,1,True,0.0
d9c7c3a3d62120d82c1b75cbfaa8055c1c35fc78cc555030391d0f1e55c6d7cb,SS,18,C_end,1,True,0.0
d9c7c3a3d62120d82c1b75cbfaa8055c1c35fc78cc555030391d0f1e55c6d7cb,SS,18,D_pos,1,True,0.0
d9c7c3a3d62120d82c1b75cbfaa8055c1c35fc78cc555030391d0f1e55c6d7cb,SS,22,R_end,1,True,0.0
d9c7c3a3d62120d82c1b75cbfaa8055c1c35fc78cc555030391d0f1e55c6d7cb,SS,22,C_end,1,True,0.0
d9c7c3a3d62120d82c1b75cbfaa8055c1c35fc78cc555030391d0f1e55c6d7cb,SS,22,D_pos,1,True,0.0
d9c7c3a3d62120d82c1b75cbfaa8055c1c35fc78cc555030391d0f1e55c6d7cb,SS,26,R_end,1,True,0.0
d9c7c3a3d62120d82c1b75cbfaa8055c1c35fc78cc555030391d0f1e55c6d7cb,SS,26,C_end,1,True,0.0
d9c7c3a3d62120d82c1b75cbfaa8055c1c35fc78cc555030391d0f1e55c6d7cb,SS,26,D_pos,1,True,0.0
db2cc1ea75160c34bce816a645a9c82d6f0612c69f4ddc628944665334960a3c,OO,14,R_end,1,True,0.0
db2cc1ea75160c34bce816a645a9c82d6f0612c69f4ddc628944665334960a3c,OO,14,C_end,1,True,0.0
db2cc1ea75160c34bce816a645a9c82d6f0612c69f4ddc628944665334960a3c,OO,14,D_pos,1,True,0.0
db2cc1ea75160c34bce816a645a9c82d6f0612c69f4ddc628944665334960a3c,OO,18,R_end,1,True,0.0
db2cc1ea75160c34bce816a645a9c82d6f0612c69f4ddc628944665334960a3c,OO,18,C_end,1,True,0.0
db2cc1ea75160c34bce816a645a9c82d6f0612c69f4ddc628944665334960a3c,OO,18,D_pos,1,True,0.0
db2cc1ea75160c34bce816a645a9c82d6f0612c69f4ddc628944665334960a3c,OO,22,R_end,1,True,0.0
db2cc1ea75160c34bce816a645a9c82d6f0612c69f4ddc628944665334960a3c,OO,22,C_end,1,True,0.0
db2cc1ea75160c34bce816a645a9c82d6f0612c69f4ddc628944665334960a3c,OO,22,D_pos,1,True,0.0
db2cc1ea75160c34bce816a645a9c82d6f0612c69f4ddc628944665334960a3c,OO,26,R_end,1,True,0.0
db2cc1ea75160c34bce816a645a9c82d6f0612c69f4ddc628944665334960a3c,OO,26,C_end,1,True,0.0
db2cc1ea75160c34bce816a645a9c82d6f0612c69f4ddc628944665334960a3c,OO,26,D_pos,1,True,0.0
db2cc1ea75160c34bce816a645a9c82d6f0612c69f4ddc628944665334960a3c,OS,14,R_end,1,True,0.0
db2cc1ea75160c34bce816a645a9c82d6f0612c69f4ddc628944665334960a3c,OS,14,C_end,1,True,0.0
db2cc1ea75160c34bce816a645a9c82d6f0612c69f4ddc628944665334960a3c,OS,14,D_pos,1,True,0.0
db2cc1ea75160c34bce816a645a9c82d6f0612c69f4ddc628944665334960a3c,OS,18,R_end,1,True,0.0
db2cc1ea75160c34bce816a645a9c82d6f0612c69f4ddc628944665334960a3c,OS,18,C_end,1,True,0.0
db2cc1ea75160c34bce816a645a9c82d6f0612c69f4ddc628944665334960a3c,OS,18,D_pos,1,True,0.0
db2cc1ea75160c34bce816a645a9c82d6f0612c69f4ddc628944665334960a3c,OS,22,R_end,1,True,0.0
db2cc1ea75160c34bce816a645a9c82d6f0612c69f4ddc628944665334960a3c,OS,22,C_end,1,True,0.0
db2cc1ea75160c34bce816a645a9c82d6f0612c69f4ddc628944665334960a3c,OS,22,D_pos,1,True,0.0
db2cc1ea75160c34bce816a645a9c82d6f0612c69f4ddc628944665334960a3c,OS,26,R_end,1,True,0.0
db2cc1ea75160c34bce816a645a9c82d6f0612c69f4ddc628944665334960a3c,OS,26,C_end,1,True,0.0
db2cc1ea75160c34bce816a645a9c82d6f0612c69f4ddc628944665334960a3c,OS,26,D_pos,1,True,0.0
db2cc1ea75160c34bce816a645a9c82d6f0612c69f4ddc628944665334960a3c,SO,14,R_end,1,True,0.0
db2cc1ea75160c34bce816a645a9c82d6f0612c69f4ddc628944665334960a3c,SO,14,C_end,1,True,0.0
db2cc1ea75160c34bce816a645a9c82d6f0612c69f4ddc628944665334960a3c,SO,14,D_pos,1,True,0.0
db2cc1ea75160c34bce816a645a9c82d6f0612c69f4ddc628944665334960a3c,SO,18,R_end,1,True,0.0
db2cc1ea75160c34bce816a645a9c82d6f0612c69f4ddc628944665334960a3c,SO,18,C_end,1,True,0.0
db2cc1ea75160c34bce816a645a9c82d6f0612c69f4ddc628944665334960a3c,SO,18,D_pos,1,True,0.0
db2cc1ea75160c34bce816a645a9c82d6f0612c69f4ddc628944665334960a3c,SO,22,R_end,1,True,0.0
db2cc1ea75160c34bce816a645a9c82d6f0612c69f4ddc628944665334960a3c,SO,22,C_end,1,True,0.0
db2cc1ea75160c34bce816a645a9c82d6f0612c69f4ddc628944665334960a3c,SO,22,D_pos,1,True,0.0
db2cc1ea75160c34bce816a645a9c82d6f0612c69f4ddc628944665334960a3c,SO,26,R_end,1,True,0.0
db2cc1ea75160c34bce816a645a9c82d6f0612c69f4ddc628944665334960a3c,SO,26,C_end,1,True,0.0
db2cc1ea75160c34bce816a645a9c82d6f0612c69f4ddc628944665334960a3c,SO,26,D_pos,1,True,0.0
db2cc1ea75160c34bce816a645a9c82d6f0612c69f4ddc628944665334960a3c,SS,14,R_end,1,True,0.0
db2cc1ea75160c34bce816a645a9c82d6f0612c69f4ddc628944665334960a3c,SS,14,C_end,1,True,0.0
db2cc1ea75160c34bce816a645a9c82d6f0612c69f4ddc628944665334960a3c,SS,14,D_pos,1,True,0.0
db2cc1ea75160c34bce816a645a9c82d6f0612c69f4ddc628944665334960a3c,SS,18,R_end,1,True,0.0
db2cc1ea75160c34bce816a645a9c82d6f0612c69f4ddc628944665334960a3c,SS,18,C_end,1,True,0.0
db2cc1ea75160c34bce816a645a9c82d6f0612c69f4ddc628944665334960a3c,SS,18,D_pos,1,True,0.0
db2cc1ea75160c34bce816a645a9c82d6f0612c69f4ddc628944665334960a3c,SS,22,R_end,1,True,0.0
db2cc1ea75160c34bce816a645a9c82d6f0612c69f4ddc628944665334960a3c,SS,22,C_end,1,True,0.0
db2cc1ea75160c34bce816a645a9c82d6f0612c69f4ddc628944665334960a3c,SS,22,D_pos,1,True,0.0
db2cc1ea75160c34bce816a645a9c82d6f0612c69f4ddc628944665334960a3c,SS,26,R_end,1,True,0.0
db2cc1ea75160c34bce816a645a9c82d6f0612c69f4ddc628944665334960a3c,SS,26,C_end,1,True,0.0
db2cc1ea75160c34bce816a645a9c82d6f0612c69f4ddc628944665334960a3c,SS,26,D_pos,1,True,0.0
dbc748607fd562ae9060d46dab8422056efb10dc54a5f2c8b485d3a6bc8711fe,OO,14,R_end,1,True,0.0
dbc748607fd562ae9060d46dab8422056efb10dc54a5f2c8b485d3a6bc8711fe,OO,14,C_end,1,True,0.0
dbc748607fd562ae9060d46dab8422056efb10dc54a5f2c8b485d3a6bc8711fe,OO,14,D_pos,1,True,0.0
dbc748607fd562ae9060d46dab8422056efb10dc54a5f2c8b485d3a6bc8711fe,OO,18,R_end,1,True,0.0
dbc748607fd562ae9060d46dab8422056efb10dc54a5f2c8b485d3a6bc8711fe,OO,18,C_end,1,True,0.0
dbc748607fd562ae9060d46dab8422056efb10dc54a5f2c8b485d3a6bc8711fe,OO,18,D_pos,1,True,0.0
dbc748607fd562ae9060d46dab8422056efb10dc54a5f2c8b485d3a6bc8711fe,OO,22,R_end,1,True,0.0
dbc748607fd562ae9060d46dab8422056efb10dc54a5f2c8b485d3a6bc8711fe,OO,22,C_end,1,True,0.0
dbc748607fd562ae9060d46dab8422056efb10dc54a5f2c8b485d3a6bc8711fe,OO,22,D_pos,1,True,0.0
dbc748607fd562ae9060d46dab8422056efb10dc54a5f2c8b485d3a6bc8711fe,OO,26,R_end,1,True,0.0
dbc748607fd562ae9060d46dab8422056efb10dc54a5f2c8b485d3a6bc8711fe,OO,26,C_end,1,True,0.0
dbc748607fd562ae9060d46dab8422056efb10dc54a5f2c8b485d3a6bc8711fe,OO,26,D_pos,1,True,0.0
dbc748607fd562ae9060d46dab8422056efb10dc54a5f2c8b485d3a6bc8711fe,OS,14,R_end,1,True,0.0
dbc748607fd562ae9060d46dab8422056efb10dc54a5f2c8b485d3a6bc8711fe,OS,14,C_end,1,True,0.0
dbc748607fd562ae9060d46dab8422056efb10dc54a5f2c8b485d3a6bc8711fe,OS,14,D_pos,1,True,0.0
dbc748607fd562ae9060d46dab8422056efb10dc54a5f2c8b485d3a6bc8711fe,OS,18,R_end,1,True,0.0
dbc748607fd562ae9060d46dab8422056efb10dc54a5f2c8b485d3a6bc8711fe,OS,18,C_end,1,True,0.0
dbc748607fd562ae9060d46dab8422056efb10dc54a5f2c8b485d3a6bc8711fe,OS,18,D_pos,1,True,0.0
dbc748607fd562ae9060d46dab8422056efb10dc54a5f2c8b485d3a6bc8711fe,OS,22,R_end,1,True,0.0
dbc748607fd562ae9060d46dab8422056efb10dc54a5f2c8b485d3a6bc8711fe,OS,22,C_end,1,True,0.0
dbc748607fd562ae9060d46dab8422056efb10dc54a5f2c8b485d3a6bc8711fe,OS,22,D_pos,1,True,0.0
dbc748607fd562ae9060d46dab8422056efb10dc54a5f2c8b485d3a6bc8711fe,OS,26,R_end,1,True,0.0
dbc748607fd562ae9060d46dab8422056efb10dc54a5f2c8b485d3a6bc8711fe,OS,26,C_end,1,True,0.0
dbc748607fd562ae9060d46dab8422056efb10dc54a5f2c8b485d3a6bc8711fe,OS,26,D_pos,1,True,0.0
dbc748607fd562ae9060d46dab8422056efb10dc54a5f2c8b485d3a6bc8711fe,SO,14,R_end,1,True,0.0
dbc748607fd562ae9060d46dab8422056efb10dc54a5f2c8b485d3a6bc8711fe,SO,14,C_end,1,True,0.0
dbc748607fd562ae9060d46dab8422056efb10dc54a5f2c8b485d3a6bc8711fe,SO,14,D_pos,1,True,0.0
dbc748607fd562ae9060d46dab8422056efb10dc54a5f2c8b485d3a6bc8711fe,SO,18,R_end,1,True,0.0
dbc748607fd562ae9060d46dab8422056efb10dc54a5f2c8b485d3a6bc8711fe,SO,18,C_end,1,True,0.0
dbc748607fd562ae9060d46dab8422056efb10dc54a5f2c8b485d3a6bc8711fe,SO,18,D_pos,1,True,0.0
dbc748607fd562ae9060d46dab8422056efb10dc54a5f2c8b485d3a6bc8711fe,SO,22,R_end,1,True,0.0
dbc748607fd562ae9060d46dab8422056efb10dc54a5f2c8b485d3a6bc8711fe,SO,22,C_end,1,True,0.0
dbc748607fd562ae9060d46dab8422056efb10dc54a5f2c8b485d3a6bc8711fe,SO,22,D_pos,1,True,0.0
dbc748607fd562ae9060d46dab8422056efb10dc54a5f2c8b485d3a6bc8711fe,SO,26,R_end,1,True,0.0
dbc748607fd562ae9060d46dab8422056efb10dc54a5f2c8b485d3a6bc8711fe,SO,26,C_end,1,True,0.0
dbc748607fd562ae9060d46dab8422056efb10dc54a5f2c8b485d3a6bc8711fe,SO,26,D_pos,1,True,0.0
dbc748607fd562ae9060d46dab8422056efb10dc54a5f2c8b485d3a6bc8711fe,SS,14,R_end,1,True,0.0
dbc748607fd562ae9060d46dab8422056efb10dc54a5f2c8b485d3a6bc8711fe,SS,14,C_end,1,True,0.0
dbc748607fd562ae9060d46dab8422056efb10dc54a5f2c8b485d3a6bc8711fe,SS,14,D_pos,1,True,0.0
dbc748607fd562ae9060d46dab8422056efb10dc54a5f2c8b485d3a6bc8711fe,SS,18,R_end,1,True,0.0
dbc748607fd562ae9060d46dab8422056efb10dc54a5f2c8b485d3a6bc8711fe,SS,18,C_end,1,True,0.0
dbc748607fd562ae9060d46dab8422056efb10dc54a5f2c8b485d3a6bc8711fe,SS,18,D_pos,1,True,0.0
dbc748607fd562ae9060d46dab8422056efb10dc54a5f2c8b485d3a6bc8711fe,SS,22,R_end,1,True,0.0
dbc748607fd562ae9060d46dab8422056efb10dc54a5f2c8b485d3a6bc8711fe,SS,22,C_end,1,True,0.0
dbc748607fd562ae9060d46dab8422056efb10dc54a5f2c8b485d3a6bc8711fe,SS,22,D_pos,1,True,0.0
dbc748607fd562ae9060d46dab8422056efb10dc54a5f2c8b485d3a6bc8711fe,SS,26,R_end,1,True,0.0
dbc748607fd562ae9060d46dab8422056efb10dc54a5f2c8b485d3a6bc8711fe,SS,26,C_end,1,True,0.0
dbc748607fd562ae9060d46dab8422056efb10dc54a5f2c8b485d3a6bc8711fe,SS,26,D_pos,1,True,0.0
df92f58df4cc2c2dbde60b361c69ab0eb8f2334109a3b3b00348f897e9ca68f9,OO,14,R_end,1,True,0.0
df92f58df4cc2c2dbde60b361c69ab0eb8f2334109a3b3b00348f897e9ca68f9,OO,14,C_end,1,True,0.0
df92f58df4cc2c2dbde60b361c69ab0eb8f2334109a3b3b00348f897e9ca68f9,OO,14,D_pos,1,True,0.0
df92f58df4cc2c2dbde60b361c69ab0eb8f2334109a3b3b00348f897e9ca68f9,OO,18,R_end,1,True,0.0
df92f58df4cc2c2dbde60b361c69ab0eb8f2334109a3b3b00348f897e9ca68f9,OO,18,C_end,1,True,0.0
df92f58df4cc2c2dbde60b361c69ab0eb8f2334109a3b3b00348f897e9ca68f9,OO,18,D_pos,1,True,0.0
df92f58df4cc2c2dbde60b361c69ab0eb8f2334109a3b3b00348f897e9ca68f9,OO,22,R_end,1,True,0.0
df92f58df4cc2c2dbde60b361c69ab0eb8f2334109a3b3b00348f897e9ca68f9,OO,22,C_end,1,True,0.0
df92f58df4cc2c2dbde60b361c69ab0eb8f2334109a3b3b00348f897e9ca68f9,OO,22,D_pos,1,True,0.0
df92f58df4cc2c2dbde60b361c69ab0eb8f2334109a3b3b00348f897e9ca68f9,OO,26,R_end,1,True,0.0
df92f58df4cc2c2dbde60b361c69ab0eb8f2334109a3b3b00348f897e9ca68f9,OO,26,C_end,1,True,0.0
df92f58df4cc2c2dbde60b361c69ab0eb8f2334109a3b3b00348f897e9ca68f9,OO,26,D_pos,1,True,0.0
df92f58df4cc2c2dbde60b361c69ab0eb8f2334109a3b3b00348f897e9ca68f9,OS,14,R_end,1,True,0.0
df92f58df4cc2c2dbde60b361c69ab0eb8f2334109a3b3b00348f897e9ca68f9,OS,14,C_end,1,True,0.0
df92f58df4cc2c2dbde60b361c69ab0eb8f2334109a3b3b00348f897e9ca68f9,OS,14,D_pos,1,True,0.0
df92f58df4cc2c2dbde60b361c69ab0eb8f2334109a3b3b00348f897e9ca68f9,OS,18,R_end,1,True,0.0
df92f58df4cc2c2dbde60b361c69ab0eb8f2334109a3b3b00348f897e9ca68f9,OS,18,C_end,1,True,0.0
df92f58df4cc2c2dbde60b361c69ab0eb8f2334109a3b3b00348f897e9ca68f9,OS,18,D_pos,1,True,0.0
df92f58df4cc2c2dbde60b361c69ab0eb8f2334109a3b3b00348f897e9ca68f9,OS,22,R_end,1,True,0.0
df92f58df4cc2c2dbde60b361c69ab0eb8f2334109a3b3b00348f897e9ca68f9,OS,22,C_end,1,True,0.0
df92f58df4cc2c2dbde60b361c69ab0eb8f2334109a3b3b00348f897e9ca68f9,OS,22,D_pos,1,True,0.0
df92f58df4cc2c2dbde60b361c69ab0eb8f2334109a3b3b00348f897e9ca68f9,OS,26,R_end,1,True,0.0
df92f58df4cc2c2dbde60b361c69ab0eb8f2334109a3b3b00348f897e9ca68f9,OS,26,C_end,1,True,0.0
df92f58df4cc2c2dbde60b361c69ab0eb8f2334109a3b3b00348f897e9ca68f9,OS,26,D_pos,1,True,0.0
df92f58df4cc2c2dbde60b361c69ab0eb8f2334109a3b3b00348f897e9ca68f9,SO,14,R_end,1,True,0.0
df92f58df4cc2c2dbde60b361c69ab0eb8f2334109a3b3b00348f897e9ca68f9,SO,14,C_end,1,True,0.0
df92f58df4cc2c2dbde60b361c69ab0eb8f2334109a3b3b00348f897e9ca68f9,SO,14,D_pos,1,True,0.0
df92f58df4cc2c2dbde60b361c69ab0eb8f2334109a3b3b00348f897e9ca68f9,SO,18,R_end,1,True,0.0
df92f58df4cc2c2dbde60b361c69ab0eb8f2334109a3b3b00348f897e9ca68f9,SO,18,C_end,1,True,0.0
df92f58df4cc2c2dbde60b361c69ab0eb8f2334109a3b3b00348f897e9ca68f9,SO,18,D_pos,1,True,0.0
df92f58df4cc2c2dbde60b361c69ab0eb8f2334109a3b3b00348f897e9ca68f9,SO,22,R_end,1,True,0.0
df92f58df4cc2c2dbde60b361c69ab0eb8f2334109a3b3b00348f897e9ca68f9,SO,22,C_end,1,True,0.0
df92f58df4cc2c2dbde60b361c69ab0eb8f2334109a3b3b00348f897e9ca68f9,SO,22,D_pos,1,True,0.0
df92f58df4cc2c2dbde60b361c69ab0eb8f2334109a3b3b00348f897e9ca68f9,SO,26,R_end,1,True,0.0
df92f58df4cc2c2dbde60b361c69ab0eb8f2334109a3b3b00348f897e9ca68f9,SO,26,C_end,1,True,0.0
df92f58df4cc2c2dbde60b361c69ab0eb8f2334109a3b3b00348f897e9ca68f9,SO,26,D_pos,1,True,0.0
df92f58df4cc2c2dbde60b361c69ab0eb8f2334109a3b3b00348f897e9ca68f9,SS,14,R_end,1,True,0.0
df92f58df4cc2c2dbde60b361c69ab0eb8f2334109a3b3b00348f897e9ca68f9,SS,14,C_end,1,True,0.0
df92f58df4cc2c2dbde60b361c69ab0eb8f2334109a3b3b00348f897e9ca68f9,SS,14,D_pos,1,True,0.0
df92f58df4cc2c2dbde60b361c69ab0eb8f2334109a3b3b00348f897e9ca68f9,SS,18,R_end,1,True,0.0
df92f58df4cc2c2dbde60b361c69ab0eb8f2334109a3b3b00348f897e9ca68f9,SS,18,C_end,1,True,0.0
df92f58df4cc2c2dbde60b361c69ab0eb8f2334109a3b3b00348f897e9ca68f9,SS,18,D_pos,1,True,0.0
df92f58df4cc2c2dbde60b361c69ab0eb8f2334109a3b3b00348f897e9ca68f9,SS,22,R_end,1,True,0.0
df92f58df4cc2c2dbde60b361c69ab0eb8f2334109a3b3b00348f897e9ca68f9,SS,22,C_end,1,True,0.0
df92f58df4cc2c2dbde60b361c69ab0eb8f2334109a3b3b00348f897e9ca68f9,SS,22,D_pos,1,True,0.0
df92f58df4cc2c2dbde60b361c69ab0eb8f2334109a3b3b00348f897e9ca68f9,SS,26,R_end,1,True,0.0
df92f58df4cc2c2dbde60b361c69ab0eb8f2334109a3b3b00348f897e9ca68f9,SS,26,C_end,1,True,0.0
df92f58df4cc2c2dbde60b361c69ab0eb8f2334109a3b3b00348f897e9ca68f9,SS,26,D_pos,1,True,0.0
e08e53f8618d77cfcb833bf74cc19624c1264d5c4f951bdc414d285aef892c2a,OO,14,R_end,1,True,0.0
e08e53f8618d77cfcb833bf74cc19624c1264d5c4f951bdc414d285aef892c2a,OO,14,C_end,1,True,0.0
e08e53f8618d77cfcb833bf74cc19624c1264d5c4f951bdc414d285aef892c2a,OO,14,D_pos,1,True,0.0
e08e53f8618d77cfcb833bf74cc19624c1264d5c4f951bdc414d285aef892c2a,OO,18,R_end,1,True,0.0
e08e53f8618d77cfcb833bf74cc19624c1264d5c4f951bdc414d285aef892c2a,OO,18,C_end,1,True,0.0
e08e53f8618d77cfcb833bf74cc19624c1264d5c4f951bdc414d285aef892c2a,OO,18,D_pos,1,True,0.0
e08e53f8618d77cfcb833bf74cc19624c1264d5c4f951bdc414d285aef892c2a,OO,22,R_end,1,True,0.0
e08e53f8618d77cfcb833bf74cc19624c1264d5c4f951bdc414d285aef892c2a,OO,22,C_end,1,True,0.0
e08e53f8618d77cfcb833bf74cc19624c1264d5c4f951bdc414d285aef892c2a,OO,22,D_pos,1,True,0.0
e08e53f8618d77cfcb833bf74cc19624c1264d5c4f951bdc414d285aef892c2a,OO,26,R_end,1,True,0.0
e08e53f8618d77cfcb833bf74cc19624c1264d5c4f951bdc414d285aef892c2a,OO,26,C_end,1,True,0.0
e08e53f8618d77cfcb833bf74cc19624c1264d5c4f951bdc414d285aef892c2a,OO,26,D_pos,1,True,0.0
e08e53f8618d77cfcb833bf74cc19624c1264d5c4f951bdc414d285aef892c2a,OS,14,R_end,1,True,0.0
e08e53f8618d77cfcb833bf74cc19624c1264d5c4f951bdc414d285aef892c2a,OS,14,C_end,1,True,0.0
e08e53f8618d77cfcb833bf74cc19624c1264d5c4f951bdc414d285aef892c2a,OS,14,D_pos,1,True,0.0
e08e53f8618d77cfcb833bf74cc19624c1264d5c4f951bdc414d285aef892c2a,OS,18,R_end,1,True,0.0
e08e53f8618d77cfcb833bf74cc19624c1264d5c4f951bdc414d285aef892c2a,OS,18,C_end,1,True,0.0
e08e53f8618d77cfcb833bf74cc19624c1264d5c4f951bdc414d285aef892c2a,OS,18,D_pos,1,True,0.0
e08e53f8618d77cfcb833bf74cc19624c1264d5c4f951bdc414d285aef892c2a,OS,22,R_end,1,True,0.0
e08e53f8618d77cfcb833bf74cc19624c1264d5c4f951bdc414d285aef892c2a,OS,22,C_end,1,True,0.0
e08e53f8618d77cfcb833bf74cc19624c1264d5c4f951bdc414d285aef892c2a,OS,22,D_pos,1,True,0.0
e08e53f8618d77cfcb833bf74cc19624c1264d5c4f951bdc414d285aef892c2a,OS,26,R_end,1,True,0.0
e08e53f8618d77cfcb833bf74cc19624c1264d5c4f951bdc414d285aef892c2a,OS,26,C_end,1,True,0.0
e08e53f8618d77cfcb833bf74cc19624c1264d5c4f951bdc414d285aef892c2a,OS,26,D_pos,1,True,0.0
e08e53f8618d77cfcb833bf74cc19624c1264d5c4f951bdc414d285aef892c2a,SO,14,R_end,1,True,0.0
e08e53f8618d77cfcb833bf74cc19624c1264d5c4f951bdc414d285aef892c2a,SO,14,C_end,1,True,0.0
e08e53f8618d77cfcb833bf74cc19624c1264d5c4f951bdc414d285aef892c2a,SO,14,D_pos,1,True,0.0
e08e53f8618d77cfcb833bf74cc19624c1264d5c4f951bdc414d285aef892c2a,SO,18,R_end,1,True,0.0
e08e53f8618d77cfcb833bf74cc19624c1264d5c4f951bdc414d285aef892c2a,SO,18,C_end,1,True,0.0
e08e53f8618d77cfcb833bf74cc19624c1264d5c4f951bdc414d285aef892c2a,SO,18,D_pos,1,True,0.0
e08e53f8618d77cfcb833bf74cc19624c1264d5c4f951bdc414d285aef892c2a,SO,22,R_end,1,True,0.0
e08e53f8618d77cfcb833bf74cc19624c1264d5c4f951bdc414d285aef892c2a,SO,22,C_end,1,True,0.0
e08e53f8618d77cfcb833bf74cc19624c1264d5c4f951bdc414d285aef892c2a,SO,22,D_pos,1,True,0.0
e08e53f8618d77cfcb833bf74cc19624c1264d5c4f951bdc414d285aef892c2a,SO,26,R_end,1,True,0.0
e08e53f8618d77cfcb833bf74cc19624c1264d5c4f951bdc414d285aef892c2a,SO,26,C_end,1,True,0.0
e08e53f8618d77cfcb833bf74cc19624c1264d5c4f951bdc414d285aef892c2a,SO,26,D_pos,1,True,0.0
e08e53f8618d77cfcb833bf74cc19624c1264d5c4f951bdc414d285aef892c2a,SS,14,R_end,1,True,0.0
e08e53f8618d77cfcb833bf74cc19624c1264d5c4f951bdc414d285aef892c2a,SS,14,C_end,1,True,0.0
e08e53f8618d77cfcb833bf74cc19624c1264d5c4f951bdc414d285aef892c2a,SS,14,D_pos,1,True,0.0
e08e53f8618d77cfcb833bf74cc19624c1264d5c4f951bdc414d285aef892c2a,SS,18,R_end,1,True,0.0
e08e53f8618d77cfcb833bf74cc19624c1264d5c4f951bdc414d285aef892c2a,SS,18,C_end,1,True,0.0
e08e53f8618d77cfcb833bf74cc19624c1264d5c4f951bdc414d285aef892c2a,SS,18,D_pos,1,True,0.0
e08e53f8618d77cfcb833bf74cc19624c1264d5c4f951bdc414d285aef892c2a,SS,22,R_end,1,True,0.0
e08e53f8618d77cfcb833bf74cc19624c1264d5c4f951bdc414d285aef892c2a,SS,22,C_end,1,True,0.0
e08e53f8618d77cfcb833bf74cc19624c1264d5c4f951bdc414d285aef892c2a,SS,22,D_pos,1,True,0.0
e08e53f8618d77cfcb833bf74cc19624c1264d5c4f951bdc414d285aef892c2a,SS,26,R_end,1,True,0.0
e08e53f8618d77cfcb833bf74cc19624c1264d5c4f951bdc414d285aef892c2a,SS,26,C_end,1,True,0.0
e08e53f8618d77cfcb833bf74cc19624c1264d5c4f951bdc414d285aef892c2a,SS,26,D_pos,1,True,0.0
e13bf18f90782e12eff5b2a82e34a23f4c3da60257463a6615bef523cd15e752,OO,14,R_end,1,True,0.0
e13bf18f90782e12eff5b2a82e34a23f4c3da60257463a6615bef523cd15e752,OO,14,C_end,1,True,0.0
e13bf18f90782e12eff5b2a82e34a23f4c3da60257463a6615bef523cd15e752,OO,14,D_pos,1,True,0.0
e13bf18f90782e12eff5b2a82e34a23f4c3da60257463a6615bef523cd15e752,OO,18,R_end,1,True,0.0
e13bf18f90782e12eff5b2a82e34a23f4c3da60257463a6615bef523cd15e752,OO,18,C_end,1,True,0.0
e13bf18f90782e12eff5b2a82e34a23f4c3da60257463a6615bef523cd15e752,OO,18,D_pos,1,True,0.0
e13bf18f90782e12eff5b2a82e34a23f4c3da60257463a6615bef523cd15e752,OO,22,R_end,1,True,0.0
e13bf18f90782e12eff5b2a82e34a23f4c3da60257463a6615bef523cd15e752,OO,22,C_end,1,True,0.0
e13bf18f90782e12eff5b2a82e34a23f4c3da60257463a6615bef523cd15e752,OO,22,D_pos,1,True,0.0
e13bf18f90782e12eff5b2a82e34a23f4c3da60257463a6615bef523cd15e752,OO,26,R_end,1,True,0.0
e13bf18f90782e12eff5b2a82e34a23f4c3da60257463a6615bef523cd15e752,OO,26,C_end,1,True,0.0
e13bf18f90782e12eff5b2a82e34a23f4c3da60257463a6615bef523cd15e752,OO,26,D_pos,1,True,0.0
e13bf18f90782e12eff5b2a82e34a23f4c3da60257463a6615bef523cd15e752,OS,14,R_end,1,True,0.0
e13bf18f90782e12eff5b2a82e34a23f4c3da60257463a6615bef523cd15e752,OS,14,C_end,1,True,0.0
e13bf18f90782e12eff5b2a82e34a23f4c3da60257463a6615bef523cd15e752,OS,14,D_pos,1,True,0.0
e13bf18f90782e12eff5b2a82e34a23f4c3da60257463a6615bef523cd15e752,OS,18,R_end,1,True,0.0
e13bf18f90782e12eff5b2a82e34a23f4c3da60257463a6615bef523cd15e752,OS,18,C_end,1,True,0.0
e13bf18f90782e12eff5b2a82e34a23f4c3da60257463a6615bef523cd15e752,OS,18,D_pos,1,True,0.0
e13bf18f90782e12eff5b2a82e34a23f4c3da60257463a6615bef523cd15e752,OS,22,R_end,1,True,0.0
e13bf18f90782e12eff5b2a82e34a23f4c3da60257463a6615bef523cd15e752,OS,22,C_end,1,True,0.0
e13bf18f90782e12eff5b2a82e34a23f4c3da60257463a6615bef523cd15e752,OS,22,D_pos,1,True,0.0
e13bf18f90782e12eff5b2a82e34a23f4c3da60257463a6615bef523cd15e752,OS,26,R_end,1,True,0.0
e13bf18f90782e12eff5b2a82e34a23f4c3da60257463a6615bef523cd15e752,OS,26,C_end,1,True,0.0
e13bf18f90782e12eff5b2a82e34a23f4c3da60257463a6615bef523cd15e752,OS,26,D_pos,1,True,0.0
e13bf18f90782e12eff5b2a82e34a23f4c3da60257463a6615bef523cd15e752,SO,14,R_end,1,True,0.0
e13bf18f90782e12eff5b2a82e34a23f4c3da60257463a6615bef523cd15e752,SO,14,C_end,1,True,0.0
e13bf18f90782e12eff5b2a82e34a23f4c3da60257463a6615bef523cd15e752,SO,14,D_pos,1,True,0.0
e13bf18f90782e12eff5b2a82e34a23f4c3da60257463a6615bef523cd15e752,SO,18,R_end,1,True,0.0
e13bf18f90782e12eff5b2a82e34a23f4c3da60257463a6615bef523cd15e752,SO,18,C_end,1,True,0.0
e13bf18f90782e12eff5b2a82e34a23f4c3da60257463a6615bef523cd15e752,SO,18,D_pos,1,True,0.0
e13bf18f90782e12eff5b2a82e34a23f4c3da60257463a6615bef523cd15e752,SO,22,R_end,1,True,0.0
e13bf18f90782e12eff5b2a82e34a23f4c3da60257463a6615bef523cd15e752,SO,22,C_end,1,True,0.0
e13bf18f90782e12eff5b2a82e34a23f4c3da60257463a6615bef523cd15e752,SO,22,D_pos,1,True,0.0
e13bf18f90782e12eff5b2a82e34a23f4c3da60257463a6615bef523cd15e752,SO,26,R_end,1,True,0.0
e13bf18f90782e12eff5b2a82e34a23f4c3da60257463a6615bef523cd15e752,SO,26,C_end,1,True,0.0
e13bf18f90782e12eff5b2a82e34a23f4c3da60257463a6615bef523cd15e752,SO,26,D_pos,1,True,0.0
e13bf18f90782e12eff5b2a82e34a23f4c3da60257463a6615bef523cd15e752,SS,14,R_end,1,True,0.0
e13bf18f90782e12eff5b2a82e34a23f4c3da60257463a6615bef523cd15e752,SS,14,C_end,1,True,0.0
e13bf18f90782e12eff5b2a82e34a23f4c3da60257463a6615bef523cd15e752,SS,14,D_pos,1,True,0.0
e13bf18f90782e12eff5b2a82e34a23f4c3da60257463a6615bef523cd15e752,SS,18,R_end,1,True,0.0
e13bf18f90782e12eff5b2a82e34a23f4c3da60257463a6615bef523cd15e752,SS,18,C_end,1,True,0.0
e13bf18f90782e12eff5b2a82e34a23f4c3da60257463a6615bef523cd15e752,SS,18,D_pos,1,True,0.0
e13bf18f90782e12eff5b2a82e34a23f4c3da60257463a6615bef523cd15e752,SS,22,R_end,1,True,0.0
e13bf18f90782e12eff5b2a82e34a23f4c3da60257463a6615bef523cd15e752,SS,22,C_end,1,True,0.0
e13bf18f90782e12eff5b2a82e34a23f4c3da60257463a6615bef523cd15e752,SS,22,D_pos,1,True,0.0
e13bf18f90782e12eff5b2a82e34a23f4c3da60257463a6615bef523cd15e752,SS,26,R_end,1,True,0.0
e13bf18f90782e12eff5b2a82e34a23f4c3da60257463a6615bef523cd15e752,SS,26,C_end,1,True,0.0
e13bf18f90782e12eff5b2a82e34a23f4c3da60257463a6615bef523cd15e752,SS,26,D_pos,1,True,0.0
e4af26a75545582e1ab872948ff9db6323497b6d05be6c0051b7211af10f7fd1,OO,14,R_end,1,True,0.0
e4af26a75545582e1ab872948ff9db6323497b6d05be6c0051b7211af10f7fd1,OO,14,C_end,1,True,0.0
e4af26a75545582e1ab872948ff9db6323497b6d05be6c0051b7211af10f7fd1,OO,14,D_pos,1,True,0.0
e4af26a75545582e1ab872948ff9db6323497b6d05be6c0051b7211af10f7fd1,OO,18,R_end,1,True,0.0
e4af26a75545582e1ab872948ff9db6323497b6d05be6c0051b7211af10f7fd1,OO,18,C_end,1,True,0.0
e4af26a75545582e1ab872948ff9db6323497b6d05be6c0051b7211af10f7fd1,OO,18,D_pos,1,True,0.0
e4af26a75545582e1ab872948ff9db6323497b6d05be6c0051b7211af10f7fd1,OO,22,R_end,1,True,0.0
e4af26a75545582e1ab872948ff9db6323497b6d05be6c0051b7211af10f7fd1,OO,22,C_end,1,True,0.0
e4af26a75545582e1ab872948ff9db6323497b6d05be6c0051b7211af10f7fd1,OO,22,D_pos,1,True,0.0
e4af26a75545582e1ab872948ff9db6323497b6d05be6c0051b7211af10f7fd1,OO,26,R_end,1,True,0.0
e4af26a75545582e1ab872948ff9db6323497b6d05be6c0051b7211af10f7fd1,OO,26,C_end,1,True,0.0
e4af26a75545582e1ab872948ff9db6323497b6d05be6c0051b7211af10f7fd1,OO,26,D_pos,1,True,0.0
e4af26a75545582e1ab872948ff9db6323497b6d05be6c0051b7211af10f7fd1,OS,14,R_end,1,True,0.0
e4af26a75545582e1ab872948ff9db6323497b6d05be6c0051b7211af10f7fd1,OS,14,C_end,1,True,0.0
e4af26a75545582e1ab872948ff9db6323497b6d05be6c0051b7211af10f7fd1,OS,14,D_pos,1,True,0.0
e4af26a75545582e1ab872948ff9db6323497b6d05be6c0051b7211af10f7fd1,OS,18,R_end,1,True,0.0
e4af26a75545582e1ab872948ff9db6323497b6d05be6c0051b7211af10f7fd1,OS,18,C_end,1,True,0.0
e4af26a75545582e1ab872948ff9db6323497b6d05be6c0051b7211af10f7fd1,OS,18,D_pos,1,True,0.0
e4af26a75545582e1ab872948ff9db6323497b6d05be6c0051b7211af10f7fd1,OS,22,R_end,1,True,0.0
e4af26a75545582e1ab872948ff9db6323497b6d05be6c0051b7211af10f7fd1,OS,22,C_end,1,True,0.0
e4af26a75545582e1ab872948ff9db6323497b6d05be6c0051b7211af10f7fd1,OS,22,D_pos,1,True,0.0
e4af26a75545582e1ab872948ff9db6323497b6d05be6c0051b7211af10f7fd1,OS,26,R_end,1,True,0.0
e4af26a75545582e1ab872948ff9db6323497b6d05be6c0051b7211af10f7fd1,OS,26,C_end,1,True,0.0
e4af26a75545582e1ab872948ff9db6323497b6d05be6c0051b7211af10f7fd1,OS,26,D_pos,1,True,0.0
e4af26a75545582e1ab872948ff9db6323497b6d05be6c0051b7211af10f7fd1,SO,14,R_end,1,True,0.0
e4af26a75545582e1ab872948ff9db6323497b6d05be6c0051b7211af10f7fd1,SO,14,C_end,1,True,0.0
e4af26a75545582e1ab872948ff9db6323497b6d05be6c0051b7211af10f7fd1,SO,14,D_pos,1,True,0.0
e4af26a75545582e1ab872948ff9db6323497b6d05be6c0051b7211af10f7fd1,SO,18,R_end,1,True,0.0
e4af26a75545582e1ab872948ff9db6323497b6d05be6c0051b7211af10f7fd1,SO,18,C_end,1,True,0.0
e4af26a75545582e1ab872948ff9db6323497b6d05be6c0051b7211af10f7fd1,SO,18,D_pos,1,True,0.0
e4af26a75545582e1ab872948ff9db6323497b6d05be6c0051b7211af10f7fd1,SO,22,R_end,1,True,0.0
e4af26a75545582e1ab872948ff9db6323497b6d05be6c0051b7211af10f7fd1,SO,22,C_end,1,True,0.0
e4af26a75545582e1ab872948ff9db6323497b6d05be6c0051b7211af10f7fd1,SO,22,D_pos,1,True,0.0
e4af26a75545582e1ab872948ff9db6323497b6d05be6c0051b7211af10f7fd1,SO,26,R_end,1,True,0.0
e4af26a75545582e1ab872948ff9db6323497b6d05be6c0051b7211af10f7fd1,SO,26,C_end,1,True,0.0
e4af26a75545582e1ab872948ff9db6323497b6d05be6c0051b7211af10f7fd1,SO,26,D_pos,1,True,0.0
e4af26a75545582e1ab872948ff9db6323497b6d05be6c0051b7211af10f7fd1,SS,14,R_end,1,True,0.0
e4af26a75545582e1ab872948ff9db6323497b6d05be6c0051b7211af10f7fd1,SS,14,C_end,1,True,0.0
e4af26a75545582e1ab872948ff9db6323497b6d05be6c0051b7211af10f7fd1,SS,14,D_pos,1,True,0.0
e4af26a75545582e1ab872948ff9db6323497b6d05be6c0051b7211af10f7fd1,SS,18,R_end,1,True,0.0
e4af26a75545582e1ab872948ff9db6323497b6d05be6c0051b7211af10f7fd1,SS,18,C_end,1,True,0.0
e4af26a75545582e1ab872948ff9db6323497b6d05be6c0051b7211af10f7fd1,SS,18,D_pos,1,True,0.0
e4af26a75545582e1ab872948ff9db6323497b6d05be6c0051b7211af10f7fd1,SS,22,R_end,1,True,0.0
e4af26a75545582e1ab872948ff9db6323497b6d05be6c0051b7211af10f7fd1,SS,22,C_end,1,True,0.0
e4af26a75545582e1ab872948ff9db6323497b6d05be6c0051b7211af10f7fd1,SS,22,D_pos,1,True,0.0
e4af26a75545582e1ab872948ff9db6323497b6d05be6c0051b7211af10f7fd1,SS,26,R_end,1,True,0.0
e4af26a75545582e1ab872948ff9db6323497b6d05be6c0051b7211af10f7fd1,SS,26,C_end,1,True,0.0
e4af26a75545582e1ab872948ff9db6323497b6d05be6c0051b7211af10f7fd1,SS,26,D_pos,1,True,0.0
eae655db4698b26b8506484e3d2964ae122201a1fc6e1efb5f1c16cdc3b64049,OO,14,R_end,1,True,0.0
eae655db4698b26b8506484e3d2964ae122201a1fc6e1efb5f1c16cdc3b64049,OO,14,C_end,1,True,0.0
eae655db4698b26b8506484e3d2964ae122201a1fc6e1efb5f1c16cdc3b64049,OO,14,D_pos,1,True,0.0
eae655db4698b26b8506484e3d2964ae122201a1fc6e1efb5f1c16cdc3b64049,OO,18,R_end,1,True,0.0
eae655db4698b26b8506484e3d2964ae122201a1fc6e1efb5f1c16cdc3b64049,OO,18,C_end,1,True,0.0
eae655db4698b26b8506484e3d2964ae122201a1fc6e1efb5f1c16cdc3b64049,OO,18,D_pos,1,True,0.0
eae655db4698b26b8506484e3d2964ae122201a1fc6e1efb5f1c16cdc3b64049,OO,22,R_end,1,True,0.0
eae655db4698b26b8506484e3d2964ae122201a1fc6e1efb5f1c16cdc3b64049,OO,22,C_end,1,True,0.0
eae655db4698b26b8506484e3d2964ae122201a1fc6e1efb5f1c16cdc3b64049,OO,22,D_pos,1,True,0.0
eae655db4698b26b8506484e3d2964ae122201a1fc6e1efb5f1c16cdc3b64049,OO,26,R_end,1,True,0.0
eae655db4698b26b8506484e3d2964ae122201a1fc6e1efb5f1c16cdc3b64049,OO,26,C_end,1,True,0.0
eae655db4698b26b8506484e3d2964ae122201a1fc6e1efb5f1c16cdc3b64049,OO,26,D_pos,1,True,0.0
eae655db4698b26b8506484e3d2964ae122201a1fc6e1efb5f1c16cdc3b64049,OS,14,R_end,1,True,0.0
eae655db4698b26b8506484e3d2964ae122201a1fc6e1efb5f1c16cdc3b64049,OS,14,C_end,1,True,0.0
eae655db4698b26b8506484e3d2964ae122201a1fc6e1efb5f1c16cdc3b64049,OS,14,D_pos,1,True,0.0
eae655db4698b26b8506484e3d2964ae122201a1fc6e1efb5f1c16cdc3b64049,OS,18,R_end,1,True,0.0
eae655db4698b26b8506484e3d2964ae122201a1fc6e1efb5f1c16cdc3b64049,OS,18,C_end,1,True,0.0
eae655db4698b26b8506484e3d2964ae122201a1fc6e1efb5f1c16cdc3b64049,OS,18,D_pos,1,True,0.0
eae655db4698b26b8506484e3d2964ae122201a1fc6e1efb5f1c16cdc3b64049,OS,22,R_end,1,True,0.0
eae655db4698b26b8506484e3d2964ae122201a1fc6e1efb5f1c16cdc3b64049,OS,22,C_end,1,True,0.0
eae655db4698b26b8506484e3d2964ae122201a1fc6e1efb5f1c16cdc3b64049,OS,22,D_pos,1,True,0.0
eae655db4698b26b8506484e3d2964ae122201a1fc6e1efb5f1c16cdc3b64049,OS,26,R_end,1,True,0.0
eae655db4698b26b8506484e3d2964ae122201a1fc6e1efb5f1c16cdc3b64049,OS,26,C_end,1,True,0.0
eae655db4698b26b8506484e3d2964ae122201a1fc6e1efb5f1c16cdc3b64049,OS,26,D_pos,1,True,0.0
eae655db4698b26b8506484e3d2964ae122201a1fc6e1efb5f1c16cdc3b64049,SO,14,R_end,1,True,0.0
eae655db4698b26b8506484e3d2964ae122201a1fc6e1efb5f1c16cdc3b64049,SO,14,C_end,1,True,0.0
eae655db4698b26b8506484e3d2964ae122201a1fc6e1efb5f1c16cdc3b64049,SO,14,D_pos,1,True,0.0
eae655db4698b26b8506484e3d2964ae122201a1fc6e1efb5f1c16cdc3b64049,SO,18,R_end,1,True,0.0
eae655db4698b26b8506484e3d2964ae122201a1fc6e1efb5f1c16cdc3b64049,SO,18,C_end,1,True,0.0
eae655db4698b26b8506484e3d2964ae122201a1fc6e1efb5f1c16cdc3b64049,SO,18,D_pos,1,True,0.0
eae655db4698b26b8506484e3d2964ae122201a1fc6e1efb5f1c16cdc3b64049,SO,22,R_end,1,True,0.0
eae655db4698b26b8506484e3d2964ae122201a1fc6e1efb5f1c16cdc3b64049,SO,22,C_end,1,True,0.0
eae655db4698b26b8506484e3d2964ae122201a1fc6e1efb5f1c16cdc3b64049,SO,22,D_pos,1,True,0.0
eae655db4698b26b8506484e3d2964ae122201a1fc6e1efb5f1c16cdc3b64049,SO,26,R_end,1,True,0.0
eae655db4698b26b8506484e3d2964ae122201a1fc6e1efb5f1c16cdc3b64049,SO,26,C_end,1,True,0.0
eae655db4698b26b8506484e3d2964ae122201a1fc6e1efb5f1c16cdc3b64049,SO,26,D_pos,1,True,0.0
eae655db4698b26b8506484e3d2964ae122201a1fc6e1efb5f1c16cdc3b64049,SS,14,R_end,1,True,0.0
eae655db4698b26b8506484e3d2964ae122201a1fc6e1efb5f1c16cdc3b64049,SS,14,C_end,1,True,0.0
eae655db4698b26b8506484e3d2964ae122201a1fc6e1efb5f1c16cdc3b64049,SS,14,D_pos,1,True,0.0
eae655db4698b26b8506484e3d2964ae122201a1fc6e1efb5f1c16cdc3b64049,SS,18,R_end,1,True,0.0
eae655db4698b26b8506484e3d2964ae122201a1fc6e1efb5f1c16cdc3b64049,SS,18,C_end,1,True,0.0
eae655db4698b26b8506484e3d2964ae122201a1fc6e1efb5f1c16cdc3b64049,SS,18,D_pos,1,True,0.0
eae655db4698b26b8506484e3d2964ae122201a1fc6e1efb5f1c16cdc3b64049,SS,22,R_end,1,True,0.0
eae655db4698b26b8506484e3d2964ae122201a1fc6e1efb5f1c16cdc3b64049,SS,22,C_end,1,True,0.0
eae655db4698b26b8506484e3d2964ae122201a1fc6e1efb5f1c16cdc3b64049,SS,22,D_pos,1,True,0.0
eae655db4698b26b8506484e3d2964ae122201a1fc6e1efb5f1c16cdc3b64049,SS,26,R_end,1,True,0.0
eae655db4698b26b8506484e3d2964ae122201a1fc6e1efb5f1c16cdc3b64049,SS,26,C_end,1,True,0.0
eae655db4698b26b8506484e3d2964ae122201a1fc6e1efb5f1c16cdc3b64049,SS,26,D_pos,1,True,0.0
eb6704eeee9a9abba2fc2f51151204c4a573f0e711c727c3beb28b780a34780c,OO,14,R_end,1,True,0.0
eb6704eeee9a9abba2fc2f51151204c4a573f0e711c727c3beb28b780a34780c,OO,14,C_end,1,True,0.0
eb6704eeee9a9abba2fc2f51151204c4a573f0e711c727c3beb28b780a34780c,OO,14,D_pos,1,True,0.0
eb6704eeee9a9abba2fc2f51151204c4a573f0e711c727c3beb28b780a34780c,OO,18,R_end,1,True,0.0
eb6704eeee9a9abba2fc2f51151204c4a573f0e711c727c3beb28b780a34780c,OO,18,C_end,1,True,0.0
eb6704eeee9a9abba2fc2f51151204c4a573f0e711c727c3beb28b780a34780c,OO,18,D_pos,1,True,0.0
eb6704eeee9a9abba2fc2f51151204c4a573f0e711c727c3beb28b780a34780c,OO,22,R_end,1,True,0.0
eb6704eeee9a9abba2fc2f51151204c4a573f0e711c727c3beb28b780a34780c,OO,22,C_end,1,True,0.0
eb6704eeee9a9abba2fc2f51151204c4a573f0e711c727c3beb28b780a34780c,OO,22,D_pos,1,True,0.0
eb6704eeee9a9abba2fc2f51151204c4a573f0e711c727c3beb28b780a34780c,OO,26,R_end,1,True,0.0
eb6704eeee9a9abba2fc2f51151204c4a573f0e711c727c3beb28b780a34780c,OO,26,C_end,1,True,0.0
eb6704eeee9a9abba2fc2f51151204c4a573f0e711c727c3beb28b780a34780c,OO,26,D_pos,1,True,0.0
eb6704eeee9a9abba2fc2f51151204c4a573f0e711c727c3beb28b780a34780c,OS,14,R_end,1,True,0.0
eb6704eeee9a9abba2fc2f51151204c4a573f0e711c727c3beb28b780a34780c,OS,14,C_end,1,True,0.0
eb6704eeee9a9abba2fc2f51151204c4a573f0e711c727c3beb28b780a34780c,OS,14,D_pos,1,True,0.0
eb6704eeee9a9abba2fc2f51151204c4a573f0e711c727c3beb28b780a34780c,OS,18,R_end,1,True,0.0
eb6704eeee9a9abba2fc2f51151204c4a573f0e711c727c3beb28b780a34780c,OS,18,C_end,1,True,0.0
eb6704eeee9a9abba2fc2f51151204c4a573f0e711c727c3beb28b780a34780c,OS,18,D_pos,1,True,0.0
eb6704eeee9a9abba2fc2f51151204c4a573f0e711c727c3beb28b780a34780c,OS,22,R_end,1,True,0.0
eb6704eeee9a9abba2fc2f51151204c4a573f0e711c727c3beb28b780a34780c,OS,22,C_end,1,True,0.0
eb6704eeee9a9abba2fc2f51151204c4a573f0e711c727c3beb28b780a34780c,OS,22,D_pos,1,True,0.0
eb6704eeee9a9abba2fc2f51151204c4a573f0e711c727c3beb28b780a34780c,OS,26,R_end,1,True,0.0
eb6704eeee9a9abba2fc2f51151204c4a573f0e711c727c3beb28b780a34780c,OS,26,C_end,1,True,0.0
eb6704eeee9a9abba2fc2f51151204c4a573f0e711c727c3beb28b780a34780c,OS,26,D_pos,1,True,0.0
eb6704eeee9a9abba2fc2f51151204c4a573f0e711c727c3beb28b780a34780c,SO,14,R_end,1,True,0.0
eb6704eeee9a9abba2fc2f51151204c4a573f0e711c727c3beb28b780a34780c,SO,14,C_end,1,True,0.0
eb6704eeee9a9abba2fc2f51151204c4a573f0e711c727c3beb28b780a34780c,SO,14,D_pos,1,True,0.0
eb6704eeee9a9abba2fc2f51151204c4a573f0e711c727c3beb28b780a34780c,SO,18,R_end,1,True,0.0
eb6704eeee9a9abba2fc2f51151204c4a573f0e711c727c3beb28b780a34780c,SO,18,C_end,1,True,0.0
eb6704eeee9a9abba2fc2f51151204c4a573f0e711c727c3beb28b780a34780c,SO,18,D_pos,1,True,0.0
eb6704eeee9a9abba2fc2f51151204c4a573f0e711c727c3beb28b780a34780c,SO,22,R_end,1,True,0.0
eb6704eeee9a9abba2fc2f51151204c4a573f0e711c727c3beb28b780a34780c,SO,22,C_end,1,True,0.0
eb6704eeee9a9abba2fc2f51151204c4a573f0e711c727c3beb28b780a34780c,SO,22,D_pos,1,True,0.0
eb6704eeee9a9abba2fc2f51151204c4a573f0e711c727c3beb28b780a34780c,SO,26,R_end,1,True,0.0
eb6704eeee9a9abba2fc2f51151204c4a573f0e711c727c3beb28b780a34780c,SO,26,C_end,1,True,0.0
eb6704eeee9a9abba2fc2f51151204c4a573f0e711c727c3beb28b780a34780c,SO,26,D_pos,1,True,0.0
eb6704eeee9a9abba2fc2f51151204c4a573f0e711c727c3beb28b780a34780c,SS,14,R_end,1,True,0.0
eb6704eeee9a9abba2fc2f51151204c4a573f0e711c727c3beb28b780a34780c,SS,14,C_end,1,True,0.0
eb6704eeee9a9abba2fc2f51151204c4a573f0e711c727c3beb28b780a34780c,SS,14,D_pos,1,True,0.0
eb6704eeee9a9abba2fc2f51151204c4a573f0e711c727c3beb28b780a34780c,SS,18,R_end,1,True,0.0
eb6704eeee9a9abba2fc2f51151204c4a573f0e711c727c3beb28b780a34780c,SS,18,C_end,1,True,0.0
eb6704eeee9a9abba2fc2f51151204c4a573f0e711c727c3beb28b780a34780c,SS,18,D_pos,1,True,0.0
eb6704eeee9a9abba2fc2f51151204c4a573f0e711c727c3beb28b780a34780c,SS,22,R_end,1,True,0.0
eb6704eeee9a9abba2fc2f51151204c4a573f0e711c727c3beb28b780a34780c,SS,22,C_end,1,True,0.0
eb6704eeee9a9abba2fc2f51151204c4a573f0e711c727c3beb28b780a34780c,SS,22,D_pos,1,True,0.0
eb6704eeee9a9abba2fc2f51151204c4a573f0e711c727c3beb28b780a34780c,SS,26,R_end,1,True,0.0
eb6704eeee9a9abba2fc2f51151204c4a573f0e711c727c3beb28b780a34780c,SS,26,C_end,1,True,0.0
eb6704eeee9a9abba2fc2f51151204c4a573f0e711c727c3beb28b780a34780c,SS,26,D_pos,1,True,0.0
eb7109e266e4b82c5c40e57d34e79d881672c52b72920bfbadaae2073c969552,OO,14,R_end,1,True,0.0
eb7109e266e4b82c5c40e57d34e79d881672c52b72920bfbadaae2073c969552,OO,14,C_end,1,True,0.0
eb7109e266e4b82c5c40e57d34e79d881672c52b72920bfbadaae2073c969552,OO,14,D_pos,1,True,0.0
eb7109e266e4b82c5c40e57d34e79d881672c52b72920bfbadaae2073c969552,OO,18,R_end,1,True,0.0
eb7109e266e4b82c5c40e57d34e79d881672c52b72920bfbadaae2073c969552,OO,18,C_end,1,True,0.0
eb7109e266e4b82c5c40e57d34e79d881672c52b72920bfbadaae2073c969552,OO,18,D_pos,1,True,0.0
eb7109e266e4b82c5c40e57d34e79d881672c52b72920bfbadaae2073c969552,OO,22,R_end,1,True,0.0
eb7109e266e4b82c5c40e57d34e79d881672c52b72920bfbadaae2073c969552,OO,22,C_end,1,True,0.0
eb7109e266e4b82c5c40e57d34e79d881672c52b72920bfbadaae2073c969552,OO,22,D_pos,1,True,0.0
eb7109e266e4b82c5c40e57d34e79d881672c52b72920bfbadaae2073c969552,OO,26,R_end,1,True,0.0
eb7109e266e4b82c5c40e57d34e79d881672c52b72920bfbadaae2073c969552,OO,26,C_end,1,True,0.0
eb7109e266e4b82c5c40e57d34e79d881672c52b72920bfbadaae2073c969552,OO,26,D_pos,1,True,0.0
eb7109e266e4b82c5c40e57d34e79d881672c52b72920bfbadaae2073c969552,OS,14,R_end,1,True,0.0
eb7109e266e4b82c5c40e57d34e79d881672c52b72920bfbadaae2073c969552,OS,14,C_end,1,True,0.0
eb7109e266e4b82c5c40e57d34e79d881672c52b72920bfbadaae2073c969552,OS,14,D_pos,1,True,0.0
eb7109e266e4b82c5c40e57d34e79d881672c52b72920bfbadaae2073c969552,OS,18,R_end,1,True,0.0
eb7109e266e4b82c5c40e57d34e79d881672c52b72920bfbadaae2073c969552,OS,18,C_end,1,True,0.0
eb7109e266e4b82c5c40e57d34e79d881672c52b72920bfbadaae2073c969552,OS,18,D_pos,1,True,0.0
eb7109e266e4b82c5c40e57d34e79d881672c52b72920bfbadaae2073c969552,OS,22,R_end,1,True,0.0
eb7109e266e4b82c5c40e57d34e79d881672c52b72920bfbadaae2073c969552,OS,22,C_end,1,True,0.0
eb7109e266e4b82c5c40e57d34e79d881672c52b72920bfbadaae2073c969552,OS,22,D_pos,1,True,0.0
eb7109e266e4b82c5c40e57d34e79d881672c52b72920bfbadaae2073c969552,OS,26,R_end,1,True,0.0
eb7109e266e4b82c5c40e57d34e79d881672c52b72920bfbadaae2073c969552,OS,26,C_end,1,True,0.0
eb7109e266e4b82c5c40e57d34e79d881672c52b72920bfbadaae2073c969552,OS,26,D_pos,1,True,0.0
eb7109e266e4b82c5c40e57d34e79d881672c52b72920bfbadaae2073c969552,SO,14,R_end,1,True,0.0
eb7109e266e4b82c5c40e57d34e79d881672c52b72920bfbadaae2073c969552,SO,14,C_end,1,True,0.0
eb7109e266e4b82c5c40e57d34e79d881672c52b72920bfbadaae2073c969552,SO,14,D_pos,1,True,0.0
eb7109e266e4b82c5c40e57d34e79d881672c52b72920bfbadaae2073c969552,SO,18,R_end,1,True,0.0
eb7109e266e4b82c5c40e57d34e79d881672c52b72920bfbadaae2073c969552,SO,18,C_end,1,True,0.0
eb7109e266e4b82c5c40e57d34e79d881672c52b72920bfbadaae2073c969552,SO,18,D_pos,1,True,0.0
eb7109e266e4b82c5c40e57d34e79d881672c52b72920bfbadaae2073c969552,SO,22,R_end,1,True,0.0
eb7109e266e4b82c5c40e57d34e79d881672c52b72920bfbadaae2073c969552,SO,22,C_end,1,True,0.0
eb7109e266e4b82c5c40e57d34e79d881672c52b72920bfbadaae2073c969552,SO,22,D_pos,1,True,0.0
eb7109e266e4b82c5c40e57d34e79d881672c52b72920bfbadaae2073c969552,SO,26,R_end,1,True,0.0
eb7109e266e4b82c5c40e57d34e79d881672c52b72920bfbadaae2073c969552,SO,26,C_end,1,True,0.0
eb7109e266e4b82c5c40e57d34e79d881672c52b72920bfbadaae2073c969552,SO,26,D_pos,1,True,0.0
eb7109e266e4b82c5c40e57d34e79d881672c52b72920bfbadaae2073c969552,SS,14,R_end,1,True,0.0
eb7109e266e4b82c5c40e57d34e79d881672c52b72920bfbadaae2073c969552,SS,14,C_end,1,True,0.0
eb7109e266e4b82c5c40e57d34e79d881672c52b72920bfbadaae2073c969552,SS,14,D_pos,1,True,0.0
eb7109e266e4b82c5c40e57d34e79d881672c52b72920bfbadaae2073c969552,SS,18,R_end,1,True,0.0
eb7109e266e4b82c5c40e57d34e79d881672c52b72920bfbadaae2073c969552,SS,18,C_end,1,True,0.0
eb7109e266e4b82c5c40e57d34e79d881672c52b72920bfbadaae2073c969552,SS,18,D_pos,1,True,0.0
eb7109e266e4b82c5c40e57d34e79d881672c52b72920bfbadaae2073c969552,SS,22,R_end,1,True,0.0
eb7109e266e4b82c5c40e57d34e79d881672c52b72920bfbadaae2073c969552,SS,22,C_end,1,True,0.0
eb7109e266e4b82c5c40e57d34e79d881672c52b72920bfbadaae2073c969552,SS,22,D_pos,1,True,0.0
eb7109e266e4b82c5c40e57d34e79d881672c52b72920bfbadaae2073c969552,SS,26,R_end,1,True,0.0
eb7109e266e4b82c5c40e57d34e79d881672c52b72920bfbadaae2073c969552,SS,26,C_end,1,True,0.0
eb7109e266e4b82c5c40e57d34e79d881672c52b72920bfbadaae2073c969552,SS,26,D_pos,1,True,0.0
ec40f07be49219f365f3c31b8e4fc0335a4215a20a4ad5fe8f4ba7470503754c,OO,14,R_end,1,True,0.0
ec40f07be49219f365f3c31b8e4fc0335a4215a20a4ad5fe8f4ba7470503754c,OO,14,C_end,1,True,0.0
ec40f07be49219f365f3c31b8e4fc0335a4215a20a4ad5fe8f4ba7470503754c,OO,14,D_pos,1,True,0.0
ec40f07be49219f365f3c31b8e4fc0335a4215a20a4ad5fe8f4ba7470503754c,OO,18,R_end,1,True,0.0
ec40f07be49219f365f3c31b8e4fc0335a4215a20a4ad5fe8f4ba7470503754c,OO,18,C_end,1,True,0.0
ec40f07be49219f365f3c31b8e4fc0335a4215a20a4ad5fe8f4ba7470503754c,OO,18,D_pos,1,True,0.0
ec40f07be49219f365f3c31b8e4fc0335a4215a20a4ad5fe8f4ba7470503754c,OO,22,R_end,1,True,0.0
ec40f07be49219f365f3c31b8e4fc0335a4215a20a4ad5fe8f4ba7470503754c,OO,22,C_end,1,True,0.0
ec40f07be49219f365f3c31b8e4fc0335a4215a20a4ad5fe8f4ba7470503754c,OO,22,D_pos,1,True,0.0
ec40f07be49219f365f3c31b8e4fc0335a4215a20a4ad5fe8f4ba7470503754c,OO,26,R_end,1,True,0.0
ec40f07be49219f365f3c31b8e4fc0335a4215a20a4ad5fe8f4ba7470503754c,OO,26,C_end,1,True,0.0
ec40f07be49219f365f3c31b8e4fc0335a4215a20a4ad5fe8f4ba7470503754c,OO,26,D_pos,1,True,0.0
ec40f07be49219f365f3c31b8e4fc0335a4215a20a4ad5fe8f4ba7470503754c,OS,14,R_end,1,True,0.0
ec40f07be49219f365f3c31b8e4fc0335a4215a20a4ad5fe8f4ba7470503754c,OS,14,C_end,1,True,0.0
ec40f07be49219f365f3c31b8e4fc0335a4215a20a4ad5fe8f4ba7470503754c,OS,14,D_pos,1,True,0.0
ec40f07be49219f365f3c31b8e4fc0335a4215a20a4ad5fe8f4ba7470503754c,OS,18,R_end,1,True,0.0
ec40f07be49219f365f3c31b8e4fc0335a4215a20a4ad5fe8f4ba7470503754c,OS,18,C_end,1,True,0.0
ec40f07be49219f365f3c31b8e4fc0335a4215a20a4ad5fe8f4ba7470503754c,OS,18,D_pos,1,True,0.0
ec40f07be49219f365f3c31b8e4fc0335a4215a20a4ad5fe8f4ba7470503754c,OS,22,R_end,1,True,0.0
ec40f07be49219f365f3c31b8e4fc0335a4215a20a4ad5fe8f4ba7470503754c,OS,22,C_end,1,True,0.0
ec40f07be49219f365f3c31b8e4fc0335a4215a20a4ad5fe8f4ba7470503754c,OS,22,D_pos,1,True,0.0
ec40f07be49219f365f3c31b8e4fc0335a4215a20a4ad5fe8f4ba7470503754c,OS,26,R_end,1,True,0.0
ec40f07be49219f365f3c31b8e4fc0335a4215a20a4ad5fe8f4ba7470503754c,OS,26,C_end,1,True,0.0
ec40f07be49219f365f3c31b8e4fc0335a4215a20a4ad5fe8f4ba7470503754c,OS,26,D_pos,1,True,0.0
ec40f07be49219f365f3c31b8e4fc0335a4215a20a4ad5fe8f4ba7470503754c,SO,14,R_end,1,True,0.0
ec40f07be49219f365f3c31b8e4fc0335a4215a20a4ad5fe8f4ba7470503754c,SO,14,C_end,1,True,0.0
ec40f07be49219f365f3c31b8e4fc0335a4215a20a4ad5fe8f4ba7470503754c,SO,14,D_pos,1,True,0.0
ec40f07be49219f365f3c31b8e4fc0335a4215a20a4ad5fe8f4ba7470503754c,SO,18,R_end,1,True,0.0
ec40f07be49219f365f3c31b8e4fc0335a4215a20a4ad5fe8f4ba7470503754c,SO,18,C_end,1,True,0.0
ec40f07be49219f365f3c31b8e4fc0335a4215a20a4ad5fe8f4ba7470503754c,SO,18,D_pos,1,True,0.0
ec40f07be49219f365f3c31b8e4fc0335a4215a20a4ad5fe8f4ba7470503754c,SO,22,R_end,1,True,0.0
ec40f07be49219f365f3c31b8e4fc0335a4215a20a4ad5fe8f4ba7470503754c,SO,22,C_end,1,True,0.0
ec40f07be49219f365f3c31b8e4fc0335a4215a20a4ad5fe8f4ba7470503754c,SO,22,D_pos,1,True,0.0
ec40f07be49219f365f3c31b8e4fc0335a4215a20a4ad5fe8f4ba7470503754c,SO,26,R_end,1,True,0.0
ec40f07be49219f365f3c31b8e4fc0335a4215a20a4ad5fe8f4ba7470503754c,SO,26,C_end,1,True,0.0
ec40f07be49219f365f3c31b8e4fc0335a4215a20a4ad5fe8f4ba7470503754c,SO,26,D_pos,1,True,0.0
ec40f07be49219f365f3c31b8e4fc0335a4215a20a4ad5fe8f4ba7470503754c,SS,14,R_end,1,True,0.0
ec40f07be49219f365f3c31b8e4fc0335a4215a20a4ad5fe8f4ba7470503754c,SS,14,C_end,1,True,0.0
ec40f07be49219f365f3c31b8e4fc0335a4215a20a4ad5fe8f4ba7470503754c,SS,14,D_pos,1,True,0.0
ec40f07be49219f365f3c31b8e4fc0335a4215a20a4ad5fe8f4ba7470503754c,SS,18,R_end,1,True,0.0
ec40f07be49219f365f3c31b8e4fc0335a4215a20a4ad5fe8f4ba7470503754c,SS,18,C_end,1,True,0.0
ec40f07be49219f365f3c31b8e4fc0335a4215a20a4ad5fe8f4ba7470503754c,SS,18,D_pos,1,True,0.0
ec40f07be49219f365f3c31b8e4fc0335a4215a20a4ad5fe8f4ba7470503754c,SS,22,R_end,1,True,0.0
ec40f07be49219f365f3c31b8e4fc0335a4215a20a4ad5fe8f4ba7470503754c,SS,22,C_end,1,True,0.0
ec40f07be49219f365f3c31b8e4fc0335a4215a20a4ad5fe8f4ba7470503754c,SS,22,D_pos,1,True,0.0
ec40f07be49219f365f3c31b8e4fc0335a4215a20a4ad5fe8f4ba7470503754c,SS,26,R_end,1,True,0.0
ec40f07be49219f365f3c31b8e4fc0335a4215a20a4ad5fe8f4ba7470503754c,SS,26,C_end,1,True,0.0
ec40f07be49219f365f3c31b8e4fc0335a4215a20a4ad5fe8f4ba7470503754c,SS,26,D_pos,1,True,0.0
ec74e741d6422e5050b1abd86d31b39929eb5b8549360b4faa0a63f9262b539d,OO,14,R_end,1,True,0.0
ec74e741d6422e5050b1abd86d31b39929eb5b8549360b4faa0a63f9262b539d,OO,14,C_end,1,True,0.0
ec74e741d6422e5050b1abd86d31b39929eb5b8549360b4faa0a63f9262b539d,OO,14,D_pos,1,True,0.0
ec74e741d6422e5050b1abd86d31b39929eb5b8549360b4faa0a63f9262b539d,OO,18,R_end,1,True,0.0
ec74e741d6422e5050b1abd86d31b39929eb5b8549360b4faa0a63f9262b539d,OO,18,C_end,1,True,0.0
ec74e741d6422e5050b1abd86d31b39929eb5b8549360b4faa0a63f9262b539d,OO,18,D_pos,1,True,0.0
ec74e741d6422e5050b1abd86d31b39929eb5b8549360b4faa0a63f9262b539d,OO,22,R_end,1,True,0.0
ec74e741d6422e5050b1abd86d31b39929eb5b8549360b4faa0a63f9262b539d,OO,22,C_end,1,True,0.0
ec74e741d6422e5050b1abd86d31b39929eb5b8549360b4faa0a63f9262b539d,OO,22,D_pos,1,True,0.0
ec74e741d6422e5050b1abd86d31b39929eb5b8549360b4faa0a63f9262b539d,OO,26,R_end,1,True,0.0
ec74e741d6422e5050b1abd86d31b39929eb5b8549360b4faa0a63f9262b539d,OO,26,C_end,1,True,0.0
ec74e741d6422e5050b1abd86d31b39929eb5b8549360b4faa0a63f9262b539d,OO,26,D_pos,1,True,0.0
ec74e741d6422e5050b1abd86d31b39929eb5b8549360b4faa0a63f9262b539d,OS,14,R_end,1,True,0.0
ec74e741d6422e5050b1abd86d31b39929eb5b8549360b4faa0a63f9262b539d,OS,14,C_end,1,True,0.0
ec74e741d6422e5050b1abd86d31b39929eb5b8549360b4faa0a63f9262b539d,OS,14,D_pos,1,True,0.0
ec74e741d6422e5050b1abd86d31b39929eb5b8549360b4faa0a63f9262b539d,OS,18,R_end,1,True,0.0
ec74e741d6422e5050b1abd86d31b39929eb5b8549360b4faa0a63f9262b539d,OS,18,C_end,1,True,0.0
ec74e741d6422e5050b1abd86d31b39929eb5b8549360b4faa0a63f9262b539d,OS,18,D_pos,1,True,0.0
ec74e741d6422e5050b1abd86d31b39929eb5b8549360b4faa0a63f9262b539d,OS,22,R_end,1,True,0.0
ec74e741d6422e5050b1abd86d31b39929eb5b8549360b4faa0a63f9262b539d,OS,22,C_end,1,True,0.0
ec74e741d6422e5050b1abd86d31b39929eb5b8549360b4faa0a63f9262b539d,OS,22,D_pos,1,True,0.0
ec74e741d6422e5050b1abd86d31b39929eb5b8549360b4faa0a63f9262b539d,OS,26,R_end,1,True,0.0
ec74e741d6422e5050b1abd86d31b39929eb5b8549360b4faa0a63f9262b539d,OS,26,C_end,1,True,0.0
ec74e741d6422e5050b1abd86d31b39929eb5b8549360b4faa0a63f9262b539d,OS,26,D_pos,1,True,0.0
ec74e741d6422e5050b1abd86d31b39929eb5b8549360b4faa0a63f9262b539d,SO,14,R_end,1,True,0.0
ec74e741d6422e5050b1abd86d31b39929eb5b8549360b4faa0a63f9262b539d,SO,14,C_end,1,True,0.0
ec74e741d6422e5050b1abd86d31b39929eb5b8549360b4faa0a63f9262b539d,SO,14,D_pos,1,True,0.0
ec74e741d6422e5050b1abd86d31b39929eb5b8549360b4faa0a63f9262b539d,SO,18,R_end,1,True,0.0
ec74e741d6422e5050b1abd86d31b39929eb5b8549360b4faa0a63f9262b539d,SO,18,C_end,1,True,0.0
ec74e741d6422e5050b1abd86d31b39929eb5b8549360b4faa0a63f9262b539d,SO,18,D_pos,1,True,0.0
ec74e741d6422e5050b1abd86d31b39929eb5b8549360b4faa0a63f9262b539d,SO,22,R_end,1,True,0.0
ec74e741d6422e5050b1abd86d31b39929eb5b8549360b4faa0a63f9262b539d,SO,22,C_end,1,True,0.0
ec74e741d6422e5050b1abd86d31b39929eb5b8549360b4faa0a63f9262b539d,SO,22,D_pos,1,True,0.0
ec74e741d6422e5050b1abd86d31b39929eb5b8549360b4faa0a63f9262b539d,SO,26,R_end,1,True,0.0
ec74e741d6422e5050b1abd86d31b39929eb5b8549360b4faa0a63f9262b539d,SO,26,C_end,1,True,0.0
ec74e741d6422e5050b1abd86d31b39929eb5b8549360b4faa0a63f9262b539d,SO,26,D_pos,1,True,0.0
ec74e741d6422e5050b1abd86d31b39929eb5b8549360b4faa0a63f9262b539d,SS,14,R_end,1,True,0.0
ec74e741d6422e5050b1abd86d31b39929eb5b8549360b4faa0a63f9262b539d,SS,14,C_end,1,True,0.0
ec74e741d6422e5050b1abd86d31b39929eb5b8549360b4faa0a63f9262b539d,SS,14,D_pos,1,True,0.0
ec74e741d6422e5050b1abd86d31b39929eb5b8549360b4faa0a63f9262b539d,SS,18,R_end,1,True,0.0
ec74e741d6422e5050b1abd86d31b39929eb5b8549360b4faa0a63f9262b539d,SS,18,C_end,1,True,0.0
ec74e741d6422e5050b1abd86d31b39929eb5b8549360b4faa0a63f9262b539d,SS,18,D_pos,1,True,0.0
ec74e741d6422e5050b1abd86d31b39929eb5b8549360b4faa0a63f9262b539d,SS,22,R_end,1,True,0.0
ec74e741d6422e5050b1abd86d31b39929eb5b8549360b4faa0a63f9262b539d,SS,22,C_end,1,True,0.0
ec74e741d6422e5050b1abd86d31b39929eb5b8549360b4faa0a63f9262b539d,SS,22,D_pos,1,True,0.0
ec74e741d6422e5050b1abd86d31b39929eb5b8549360b4faa0a63f9262b539d,SS,26,R_end,1,True,0.0
ec74e741d6422e5050b1abd86d31b39929eb5b8549360b4faa0a63f9262b539d,SS,26,C_end,1,True,0.0
ec74e741d6422e5050b1abd86d31b39929eb5b8549360b4faa0a63f9262b539d,SS,26,D_pos,1,True,0.0
ec9503c6deb0e6d6538ee9b707aa7fc898aef19d75519ddf35fe549597da80a1,OO,14,R_end,1,True,0.0
ec9503c6deb0e6d6538ee9b707aa7fc898aef19d75519ddf35fe549597da80a1,OO,14,C_end,1,True,0.0
ec9503c6deb0e6d6538ee9b707aa7fc898aef19d75519ddf35fe549597da80a1,OO,14,D_pos,1,True,0.0
ec9503c6deb0e6d6538ee9b707aa7fc898aef19d75519ddf35fe549597da80a1,OO,18,R_end,1,True,0.0
ec9503c6deb0e6d6538ee9b707aa7fc898aef19d75519ddf35fe549597da80a1,OO,18,C_end,1,True,0.0
ec9503c6deb0e6d6538ee9b707aa7fc898aef19d75519ddf35fe549597da80a1,OO,18,D_pos,1,True,0.0
ec9503c6deb0e6d6538ee9b707aa7fc898aef19d75519ddf35fe549597da80a1,OO,22,R_end,1,True,0.0
ec9503c6deb0e6d6538ee9b707aa7fc898aef19d75519ddf35fe549597da80a1,OO,22,C_end,1,True,0.0
ec9503c6deb0e6d6538ee9b707aa7fc898aef19d75519ddf35fe549597da80a1,OO,22,D_pos,1,True,0.0
ec9503c6deb0e6d6538ee9b707aa7fc898aef19d75519ddf35fe549597da80a1,OO,26,R_end,1,True,0.0
ec9503c6deb0e6d6538ee9b707aa7fc898aef19d75519ddf35fe549597da80a1,OO,26,C_end,1,True,0.0
ec9503c6deb0e6d6538ee9b707aa7fc898aef19d75519ddf35fe549597da80a1,OO,26,D_pos,1,True,0.0
ec9503c6deb0e6d6538ee9b707aa7fc898aef19d75519ddf35fe549597da80a1,OS,14,R_end,1,True,0.0
ec9503c6deb0e6d6538ee9b707aa7fc898aef19d75519ddf35fe549597da80a1,OS,14,C_end,1,True,0.0
ec9503c6deb0e6d6538ee9b707aa7fc898aef19d75519ddf35fe549597da80a1,OS,14,D_pos,1,True,0.0
ec9503c6deb0e6d6538ee9b707aa7fc898aef19d75519ddf35fe549597da80a1,OS,18,R_end,1,True,0.0
ec9503c6deb0e6d6538ee9b707aa7fc898aef19d75519ddf35fe549597da80a1,OS,18,C_end,1,True,0.0
ec9503c6deb0e6d6538ee9b707aa7fc898aef19d75519ddf35fe549597da80a1,OS,18,D_pos,1,True,0.0
ec9503c6deb0e6d6538ee9b707aa7fc898aef19d75519ddf35fe549597da80a1,OS,22,R_end,1,True,0.0
ec9503c6deb0e6d6538ee9b707aa7fc898aef19d75519ddf35fe549597da80a1,OS,22,C_end,1,True,0.0
ec9503c6deb0e6d6538ee9b707aa7fc898aef19d75519ddf35fe549597da80a1,OS,22,D_pos,1,True,0.0
ec9503c6deb0e6d6538ee9b707aa7fc898aef19d75519ddf35fe549597da80a1,OS,26,R_end,1,True,0.0
ec9503c6deb0e6d6538ee9b707aa7fc898aef19d75519ddf35fe549597da80a1,OS,26,C_end,1,True,0.0
ec9503c6deb0e6d6538ee9b707aa7fc898aef19d75519ddf35fe549597da80a1,OS,26,D_pos,1,True,0.0
ec9503c6deb0e6d6538ee9b707aa7fc898aef19d75519ddf35fe549597da80a1,SO,14,R_end,1,True,0.0
ec9503c6deb0e6d6538ee9b707aa7fc898aef19d75519ddf35fe549597da80a1,SO,14,C_end,1,True,0.0
ec9503c6deb0e6d6538ee9b707aa7fc898aef19d75519ddf35fe549597da80a1,SO,14,D_pos,1,True,0.0
ec9503c6deb0e6d6538ee9b707aa7fc898aef19d75519ddf35fe549597da80a1,SO,18,R_end,1,True,0.0
ec9503c6deb0e6d6538ee9b707aa7fc898aef19d75519ddf35fe549597da80a1,SO,18,C_end,1,True,0.0
ec9503c6deb0e6d6538ee9b707aa7fc898aef19d75519ddf35fe549597da80a1,SO,18,D_pos,1,True,0.0
ec9503c6deb0e6d6538ee9b707aa7fc898aef19d75519ddf35fe549597da80a1,SO,22,R_end,1,True,0.0
ec9503c6deb0e6d6538ee9b707aa7fc898aef19d75519ddf35fe549597da80a1,SO,22,C_end,1,True,0.0
ec9503c6deb0e6d6538ee9b707aa7fc898aef19d75519ddf35fe549597da80a1,SO,22,D_pos,1,True,0.0
ec9503c6deb0e6d6538ee9b707aa7fc898aef19d75519ddf35fe549597da80a1,SO,26,R_end,1,True,0.0
ec9503c6deb0e6d6538ee9b707aa7fc898aef19d75519ddf35fe549597da80a1,SO,26,C_end,1,True,0.0
ec9503c6deb0e6d6538ee9b707aa7fc898aef19d75519ddf35fe549597da80a1,SO,26,D_pos,1,True,0.0
ec9503c6deb0e6d6538ee9b707aa7fc898aef19d75519ddf35fe549597da80a1,SS,14,R_end,1,True,0.0
ec9503c6deb0e6d6538ee9b707aa7fc898aef19d75519ddf35fe549597da80a1,SS,14,C_end,1,True,0.0
ec9503c6deb0e6d6538ee9b707aa7fc898aef19d75519ddf35fe549597da80a1,SS,14,D_pos,1,True,0.0
ec9503c6deb0e6d6538ee9b707aa7fc898aef19d75519ddf35fe549597da80a1,SS,18,R_end,1,True,0.0
ec9503c6deb0e6d6538ee9b707aa7fc898aef19d75519ddf35fe549597da80a1,SS,18,C_end,1,True,0.0
ec9503c6deb0e6d6538ee9b707aa7fc898aef19d75519ddf35fe549597da80a1,SS,18,D_pos,1,True,0.0
ec9503c6deb0e6d6538ee9b707aa7fc898aef19d75519ddf35fe549597da80a1,SS,22,R_end,1,True,0.0
ec9503c6deb0e6d6538ee9b707aa7fc898aef19d75519ddf35fe549597da80a1,SS,22,C_end,1,True,0.0
ec9503c6deb0e6d6538ee9b707aa7fc898aef19d75519ddf35fe549597da80a1,SS,22,D_pos,1,True,0.0
ec9503c6deb0e6d6538ee9b707aa7fc898aef19d75519ddf35fe549597da80a1,SS,26,R_end,1,True,0.0
ec9503c6deb0e6d6538ee9b707aa7fc898aef19d75519ddf35fe549597da80a1,SS,26,C_end,1,True,0.0
ec9503c6deb0e6d6538ee9b707aa7fc898aef19d75519ddf35fe549597da80a1,SS,26,D_pos,1,True,0.0
eed93994a6adad820f6549e6e20cbe93f64f0060a52d3af8e31077710e1a77fe,OO,14,R_end,1,True,0.0
eed93994a6adad820f6549e6e20cbe93f64f0060a52d3af8e31077710e1a77fe,OO,14,C_end,1,True,0.0
eed93994a6adad820f6549e6e20cbe93f64f0060a52d3af8e31077710e1a77fe,OO,14,D_pos,1,True,0.0
eed93994a6adad820f6549e6e20cbe93f64f0060a52d3af8e31077710e1a77fe,OO,18,R_end,1,True,0.0
eed93994a6adad820f6549e6e20cbe93f64f0060a52d3af8e31077710e1a77fe,OO,18,C_end,1,True,0.0
eed93994a6adad820f6549e6e20cbe93f64f0060a52d3af8e31077710e1a77fe,OO,18,D_pos,1,True,0.0
eed93994a6adad820f6549e6e20cbe93f64f0060a52d3af8e31077710e1a77fe,OO,22,R_end,1,True,0.0
eed93994a6adad820f6549e6e20cbe93f64f0060a52d3af8e31077710e1a77fe,OO,22,C_end,1,True,0.0
eed93994a6adad820f6549e6e20cbe93f64f0060a52d3af8e31077710e1a77fe,OO,22,D_pos,1,True,0.0
eed93994a6adad820f6549e6e20cbe93f64f0060a52d3af8e31077710e1a77fe,OO,26,R_end,1,True,0.0
eed93994a6adad820f6549e6e20cbe93f64f0060a52d3af8e31077710e1a77fe,OO,26,C_end,1,True,0.0
eed93994a6adad820f6549e6e20cbe93f64f0060a52d3af8e31077710e1a77fe,OO,26,D_pos,1,True,0.0
eed93994a6adad820f6549e6e20cbe93f64f0060a52d3af8e31077710e1a77fe,OS,14,R_end,1,True,0.0
eed93994a6adad820f6549e6e20cbe93f64f0060a52d3af8e31077710e1a77fe,OS,14,C_end,1,True,0.0
eed93994a6adad820f6549e6e20cbe93f64f0060a52d3af8e31077710e1a77fe,OS,14,D_pos,1,True,0.0
eed93994a6adad820f6549e6e20cbe93f64f0060a52d3af8e31077710e1a77fe,OS,18,R_end,1,True,0.0
eed93994a6adad820f6549e6e20cbe93f64f0060a52d3af8e31077710e1a77fe,OS,18,C_end,1,True,0.0
eed93994a6adad820f6549e6e20cbe93f64f0060a52d3af8e31077710e1a77fe,OS,18,D_pos,1,True,0.0
eed93994a6adad820f6549e6e20cbe93f64f0060a52d3af8e31077710e1a77fe,OS,22,R_end,1,True,0.0
eed93994a6adad820f6549e6e20cbe93f64f0060a52d3af8e31077710e1a77fe,OS,22,C_end,1,True,0.0
eed93994a6adad820f6549e6e20cbe93f64f0060a52d3af8e31077710e1a77fe,OS,22,D_pos,1,True,0.0
eed93994a6adad820f6549e6e20cbe93f64f0060a52d3af8e31077710e1a77fe,OS,26,R_end,1,True,0.0
eed93994a6adad820f6549e6e20cbe93f64f0060a52d3af8e31077710e1a77fe,OS,26,C_end,1,True,0.0
eed93994a6adad820f6549e6e20cbe93f64f0060a52d3af8e31077710e1a77fe,OS,26,D_pos,1,True,0.0
eed93994a6adad820f6549e6e20cbe93f64f0060a52d3af8e31077710e1a77fe,SO,14,R_end,1,True,0.0
eed93994a6adad820f6549e6e20cbe93f64f0060a52d3af8e31077710e1a77fe,SO,14,C_end,1,True,0.0
eed93994a6adad820f6549e6e20cbe93f64f0060a52d3af8e31077710e1a77fe,SO,14,D_pos,1,True,0.0
eed93994a6adad820f6549e6e20cbe93f64f0060a52d3af8e31077710e1a77fe,SO,18,R_end,1,True,0.0
eed93994a6adad820f6549e6e20cbe93f64f0060a52d3af8e31077710e1a77fe,SO,18,C_end,1,True,0.0
eed93994a6adad820f6549e6e20cbe93f64f0060a52d3af8e31077710e1a77fe,SO,18,D_pos,1,True,0.0
eed93994a6adad820f6549e6e20cbe93f64f0060a52d3af8e31077710e1a77fe,SO,22,R_end,1,True,0.0
eed93994a6adad820f6549e6e20cbe93f64f0060a52d3af8e31077710e1a77fe,SO,22,C_end,1,True,0.0
eed93994a6adad820f6549e6e20cbe93f64f0060a52d3af8e31077710e1a77fe,SO,22,D_pos,1,True,0.0
eed93994a6adad820f6549e6e20cbe93f64f0060a52d3af8e31077710e1a77fe,SO,26,R_end,1,True,0.0
eed93994a6adad820f6549e6e20cbe93f64f0060a52d3af8e31077710e1a77fe,SO,26,C_end,1,True,0.0
eed93994a6adad820f6549e6e20cbe93f64f0060a52d3af8e31077710e1a77fe,SO,26,D_pos,1,True,0.0
eed93994a6adad820f6549e6e20cbe93f64f0060a52d3af8e31077710e1a77fe,SS,14,R_end,1,True,0.0
eed93994a6adad820f6549e6e20cbe93f64f0060a52d3af8e31077710e1a77fe,SS,14,C_end,1,True,0.0
eed93994a6adad820f6549e6e20cbe93f64f0060a52d3af8e31077710e1a77fe,SS,14,D_pos,1,True,0.0
eed93994a6adad820f6549e6e20cbe93f64f0060a52d3af8e31077710e1a77fe,SS,18,R_end,1,True,0.0
eed93994a6adad820f6549e6e20cbe93f64f0060a52d3af8e31077710e1a77fe,SS,18,C_end,1,True,0.0
eed93994a6adad820f6549e6e20cbe93f64f0060a52d3af8e31077710e1a77fe,SS,18,D_pos,1,True,0.0
eed93994a6adad820f6549e6e20cbe93f64f0060a52d3af8e31077710e1a77fe,SS,22,R_end,1,True,0.0
eed93994a6adad820f6549e6e20cbe93f64f0060a52d3af8e31077710e1a77fe,SS,22,C_end,1,True,0.0
eed93994a6adad820f6549e6e20cbe93f64f0060a52d3af8e31077710e1a77fe,SS,22,D_pos,1,True,0.0
eed93994a6adad820f6549e6e20cbe93f64f0060a52d3af8e31077710e1a77fe,SS,26,R_end,1,True,0.0
eed93994a6adad820f6549e6e20cbe93f64f0060a52d3af8e31077710e1a77fe,SS,26,C_end,1,True,0.0
eed93994a6adad820f6549e6e20cbe93f64f0060a52d3af8e31077710e1a77fe,SS,26,D_pos,1,True,0.0
ef98391de8f801b35fcec12d7b524a0be5c766b9c84d2e36603c105dbd8f7116,OO,14,R_end,1,True,0.0
ef98391de8f801b35fcec12d7b524a0be5c766b9c84d2e36603c105dbd8f7116,OO,14,C_end,1,True,0.0
ef98391de8f801b35fcec12d7b524a0be5c766b9c84d2e36603c105dbd8f7116,OO,14,D_pos,1,True,0.0
ef98391de8f801b35fcec12d7b524a0be5c766b9c84d2e36603c105dbd8f7116,OO,18,R_end,1,True,0.0
ef98391de8f801b35fcec12d7b524a0be5c766b9c84d2e36603c105dbd8f7116,OO,18,C_end,1,True,0.0
ef98391de8f801b35fcec12d7b524a0be5c766b9c84d2e36603c105dbd8f7116,OO,18,D_pos,1,True,0.0
ef98391de8f801b35fcec12d7b524a0be5c766b9c84d2e36603c105dbd8f7116,OO,22,R_end,1,True,0.0
ef98391de8f801b35fcec12d7b524a0be5c766b9c84d2e36603c105dbd8f7116,OO,22,C_end,1,True,0.0
ef98391de8f801b35fcec12d7b524a0be5c766b9c84d2e36603c105dbd8f7116,OO,22,D_pos,1,True,0.0
ef98391de8f801b35fcec12d7b524a0be5c766b9c84d2e36603c105dbd8f7116,OO,26,R_end,1,True,0.0
ef98391de8f801b35fcec12d7b524a0be5c766b9c84d2e36603c105dbd8f7116,OO,26,C_end,1,True,0.0
ef98391de8f801b35fcec12d7b524a0be5c766b9c84d2e36603c105dbd8f7116,OO,26,D_pos,1,True,0.0
ef98391de8f801b35fcec12d7b524a0be5c766b9c84d2e36603c105dbd8f7116,OS,14,R_end,1,True,0.0
ef98391de8f801b35fcec12d7b524a0be5c766b9c84d2e36603c105dbd8f7116,OS,14,C_end,1,True,0.0
ef98391de8f801b35fcec12d7b524a0be5c766b9c84d2e36603c105dbd8f7116,OS,14,D_pos,1,True,0.0
ef98391de8f801b35fcec12d7b524a0be5c766b9c84d2e36603c105dbd8f7116,OS,18,R_end,1,True,0.0
ef98391de8f801b35fcec12d7b524a0be5c766b9c84d2e36603c105dbd8f7116,OS,18,C_end,1,True,0.0
ef98391de8f801b35fcec12d7b524a0be5c766b9c84d2e36603c105dbd8f7116,OS,18,D_pos,1,True,0.0
ef98391de8f801b35fcec12d7b524a0be5c766b9c84d2e36603c105dbd8f7116,OS,22,R_end,1,True,0.0
ef98391de8f801b35fcec12d7b524a0be5c766b9c84d2e36603c105dbd8f7116,OS,22,C_end,1,True,0.0
ef98391de8f801b35fcec12d7b524a0be5c766b9c84d2e36603c105dbd8f7116,OS,22,D_pos,1,True,0.0
ef98391de8f801b35fcec12d7b524a0be5c766b9c84d2e36603c105dbd8f7116,OS,26,R_end,1,True,0.0
ef98391de8f801b35fcec12d7b524a0be5c766b9c84d2e36603c105dbd8f7116,OS,26,C_end,1,True,0.0
ef98391de8f801b35fcec12d7b524a0be5c766b9c84d2e36603c105dbd8f7116,OS,26,D_pos,1,True,0.0
ef98391de8f801b35fcec12d7b524a0be5c766b9c84d2e36603c105dbd8f7116,SO,14,R_end,1,True,0.0
ef98391de8f801b35fcec12d7b524a0be5c766b9c84d2e36603c105dbd8f7116,SO,14,C_end,1,True,0.0
ef98391de8f801b35fcec12d7b524a0be5c766b9c84d2e36603c105dbd8f7116,SO,14,D_pos,1,True,0.0
ef98391de8f801b35fcec12d7b524a0be5c766b9c84d2e36603c105dbd8f7116,SO,18,R_end,1,True,0.0
ef98391de8f801b35fcec12d7b524a0be5c766b9c84d2e36603c105dbd8f7116,SO,18,C_end,1,True,0.0
ef98391de8f801b35fcec12d7b524a0be5c766b9c84d2e36603c105dbd8f7116,SO,18,D_pos,1,True,0.0
ef98391de8f801b35fcec12d7b524a0be5c766b9c84d2e36603c105dbd8f7116,SO,22,R_end,1,True,0.0
ef98391de8f801b35fcec12d7b524a0be5c766b9c84d2e36603c105dbd8f7116,SO,22,C_end,1,True,0.0
ef98391de8f801b35fcec12d7b524a0be5c766b9c84d2e36603c105dbd8f7116,SO,22,D_pos,1,True,0.0
ef98391de8f801b35fcec12d7b524a0be5c766b9c84d2e36603c105dbd8f7116,SO,26,R_end,1,True,0.0
ef98391de8f801b35fcec12d7b524a0be5c766b9c84d2e36603c105dbd8f7116,SO,26,C_end,1,True,0.0
ef98391de8f801b35fcec12d7b524a0be5c766b9c84d2e36603c105dbd8f7116,SO,26,D_pos,1,True,0.0
ef98391de8f801b35fcec12d7b524a0be5c766b9c84d2e36603c105dbd8f7116,SS,14,R_end,1,True,0.0
ef98391de8f801b35fcec12d7b524a0be5c766b9c84d2e36603c105dbd8f7116,SS,14,C_end,1,True,0.0
ef98391de8f801b35fcec12d7b524a0be5c766b9c84d2e36603c105dbd8f7116,SS,14,D_pos,1,True,0.0
ef98391de8f801b35fcec12d7b524a0be5c766b9c84d2e36603c105dbd8f7116,SS,18,R_end,1,True,0.0
ef98391de8f801b35fcec12d7b524a0be5c766b9c84d2e36603c105dbd8f7116,SS,18,C_end,1,True,0.0
ef98391de8f801b35fcec12d7b524a0be5c766b9c84d2e36603c105dbd8f7116,SS,18,D_pos,1,True,0.0
ef98391de8f801b35fcec12d7b524a0be5c766b9c84d2e36603c105dbd8f7116,SS,22,R_end,1,True,0.0
ef98391de8f801b35fcec12d7b524a0be5c766b9c84d2e36603c105dbd8f7116,SS,22,C_end,1,True,0.0
ef98391de8f801b35fcec12d7b524a0be5c766b9c84d2e36603c105dbd8f7116,SS,22,D_pos,1,True,0.0
ef98391de8f801b35fcec12d7b524a0be5c766b9c84d2e36603c105dbd8f7116,SS,26,R_end,1,True,0.0
ef98391de8f801b35fcec12d7b524a0be5c766b9c84d2e36603c105dbd8f7116,SS,26,C_end,1,True,0.0
ef98391de8f801b35fcec12d7b524a0be5c766b9c84d2e36603c105dbd8f7116,SS,26,D_pos,1,True,0.0
ef9b265b3c0689deea4d6347e77e250fbb72b3d5b45768806264de9005b7c3e8,OO,14,R_end,1,True,0.0
ef9b265b3c0689deea4d6347e77e250fbb72b3d5b45768806264de9005b7c3e8,OO,14,C_end,1,True,0.0
ef9b265b3c0689deea4d6347e77e250fbb72b3d5b45768806264de9005b7c3e8,OO,14,D_pos,1,True,0.0
ef9b265b3c0689deea4d6347e77e250fbb72b3d5b45768806264de9005b7c3e8,OO,18,R_end,1,True,0.0
ef9b265b3c0689deea4d6347e77e250fbb72b3d5b45768806264de9005b7c3e8,OO,18,C_end,1,True,0.0
ef9b265b3c0689deea4d6347e77e250fbb72b3d5b45768806264de9005b7c3e8,OO,18,D_pos,1,True,0.0
ef9b265b3c0689deea4d6347e77e250fbb72b3d5b45768806264de9005b7c3e8,OO,22,R_end,1,True,0.0
ef9b265b3c0689deea4d6347e77e250fbb72b3d5b45768806264de9005b7c3e8,OO,22,C_end,1,True,0.0
ef9b265b3c0689deea4d6347e77e250fbb72b3d5b45768806264de9005b7c3e8,OO,22,D_pos,1,True,0.0
ef9b265b3c0689deea4d6347e77e250fbb72b3d5b45768806264de9005b7c3e8,OO,26,R_end,1,True,0.0
ef9b265b3c0689deea4d6347e77e250fbb72b3d5b45768806264de9005b7c3e8,OO,26,C_end,1,True,0.0
ef9b265b3c0689deea4d6347e77e250fbb72b3d5b45768806264de9005b7c3e8,OO,26,D_pos,1,True,0.0
ef9b265b3c0689deea4d6347e77e250fbb72b3d5b45768806264de9005b7c3e8,OS,14,R_end,1,True,0.0
ef9b265b3c0689deea4d6347e77e250fbb72b3d5b45768806264de9005b7c3e8,OS,14,C_end,1,True,0.0
ef9b265b3c0689deea4d6347e77e250fbb72b3d5b45768806264de9005b7c3e8,OS,14,D_pos,1,True,0.0
ef9b265b3c0689deea4d6347e77e250fbb72b3d5b45768806264de9005b7c3e8,OS,18,R_end,1,True,0.0
ef9b265b3c0689deea4d6347e77e250fbb72b3d5b45768806264de9005b7c3e8,OS,18,C_end,1,True,0.0
ef9b265b3c0689deea4d6347e77e250fbb72b3d5b45768806264de9005b7c3e8,OS,18,D_pos,1,True,0.0
ef9b265b3c0689deea4d6347e77e250fbb72b3d5b45768806264de9005b7c3e8,OS,22,R_end,1,True,0.0
ef9b265b3c0689deea4d6347e77e250fbb72b3d5b45768806264de9005b7c3e8,OS,22,C_end,1,True,0.0
ef9b265b3c0689deea4d6347e77e250fbb72b3d5b45768806264de9005b7c3e8,OS,22,D_pos,1,True,0.0
ef9b265b3c0689deea4d6347e77e250fbb72b3d5b45768806264de9005b7c3e8,OS,26,R_end,1,True,0.0
ef9b265b3c0689deea4d6347e77e250fbb72b3d5b45768806264de9005b7c3e8,OS,26,C_end,1,True,0.0
ef9b265b3c0689deea4d6347e77e250fbb72b3d5b45768806264de9005b7c3e8,OS,26,D_pos,1,True,0.0
ef9b265b3c0689deea4d6347e77e250fbb72b3d5b45768806264de9005b7c3e8,SO,14,R_end,1,True,0.0
ef9b265b3c0689deea4d6347e77e250fbb72b3d5b45768806264de9005b7c3e8,SO,14,C_end,1,True,0.0
ef9b265b3c0689deea4d6347e77e250fbb72b3d5b45768806264de9005b7c3e8,SO,14,D_pos,1,True,0.0
ef9b265b3c0689deea4d6347e77e250fbb72b3d5b45768806264de9005b7c3e8,SO,18,R_end,1,True,0.0
ef9b265b3c0689deea4d6347e77e250fbb72b3d5b45768806264de9005b7c3e8,SO,18,C_end,1,True,0.0
ef9b265b3c0689deea4d6347e77e250fbb72b3d5b45768806264de9005b7c3e8,SO,18,D_pos,1,True,0.0
ef9b265b3c0689deea4d6347e77e250fbb72b3d5b45768806264de9005b7c3e8,SO,22,R_end,1,True,0.0
ef9b265b3c0689deea4d6347e77e250fbb72b3d5b45768806264de9005b7c3e8,SO,22,C_end,1,True,0.0
ef9b265b3c0689deea4d6347e77e250fbb72b3d5b45768806264de9005b7c3e8,SO,22,D_pos,1,True,0.0
ef9b265b3c0689deea4d6347e77e250fbb72b3d5b45768806264de9005b7c3e8,SO,26,R_end,1,True,0.0
ef9b265b3c0689deea4d6347e77e250fbb72b3d5b45768806264de9005b7c3e8,SO,26,C_end,1,True,0.0
ef9b265b3c0689deea4d6347e77e250fbb72b3d5b45768806264de9005b7c3e8,SO,26,D_pos,1,True,0.0
ef9b265b3c0689deea4d6347e77e250fbb72b3d5b45768806264de9005b7c3e8,SS,14,R_end,1,True,0.0
ef9b265b3c0689deea4d6347e77e250fbb72b3d5b45768806264de9005b7c3e8,SS,14,C_end,1,True,0.0
ef9b265b3c0689deea4d6347e77e250fbb72b3d5b45768806264de9005b7c3e8,SS,14,D_pos,1,True,0.0
ef9b265b3c0689deea4d6347e77e250fbb72b3d5b45768806264de9005b7c3e8,SS,18,R_end,1,True,0.0
ef9b265b3c0689deea4d6347e77e250fbb72b3d5b45768806264de9005b7c3e8,SS,18,C_end,1,True,0.0
ef9b265b3c0689deea4d6347e77e250fbb72b3d5b45768806264de9005b7c3e8,SS,18,D_pos,1,True,0.0
ef9b265b3c0689deea4d6347e77e250fbb72b3d5b45768806264de9005b7c3e8,SS,22,R_end,1,True,0.0
ef9b265b3c0689deea4d6347e77e250fbb72b3d5b45768806264de9005b7c3e8,SS,22,C_end,1,True,0.0
ef9b265b3c0689deea4d6347e77e250fbb72b3d5b45768806264de9005b7c3e8,SS,22,D_pos,1,True,0.0
ef9b265b3c0689deea4d6347e77e250fbb72b3d5b45768806264de9005b7c3e8,SS,26,R_end,1,True,0.0
ef9b265b3c0689deea4d6347e77e250fbb72b3d5b45768806264de9005b7c3e8,SS,26,C_end,1,True,0.0
ef9b265b3c0689deea4d6347e77e250fbb72b3d5b45768806264de9005b7c3e8,SS,26,D_pos,1,True,0.0
efdaacba8f4a5c0d58c0adb6ee32c5c86d760cdb66eda6c7f7d5f2f338b4caa5,OO,14,R_end,1,True,0.0
efdaacba8f4a5c0d58c0adb6ee32c5c86d760cdb66eda6c7f7d5f2f338b4caa5,OO,14,C_end,1,True,0.0
efdaacba8f4a5c0d58c0adb6ee32c5c86d760cdb66eda6c7f7d5f2f338b4caa5,OO,14,D_pos,1,True,0.0
efdaacba8f4a5c0d58c0adb6ee32c5c86d760cdb66eda6c7f7d5f2f338b4caa5,OO,18,R_end,1,True,0.0
efdaacba8f4a5c0d58c0adb6ee32c5c86d760cdb66eda6c7f7d5f2f338b4caa5,OO,18,C_end,1,True,0.0
efdaacba8f4a5c0d58c0adb6ee32c5c86d760cdb66eda6c7f7d5f2f338b4caa5,OO,18,D_pos,1,True,0.0
efdaacba8f4a5c0d58c0adb6ee32c5c86d760cdb66eda6c7f7d5f2f338b4caa5,OO,22,R_end,1,True,0.0
efdaacba8f4a5c0d58c0adb6ee32c5c86d760cdb66eda6c7f7d5f2f338b4caa5,OO,22,C_end,1,True,0.0
efdaacba8f4a5c0d58c0adb6ee32c5c86d760cdb66eda6c7f7d5f2f338b4caa5,OO,22,D_pos,1,True,0.0
efdaacba8f4a5c0d58c0adb6ee32c5c86d760cdb66eda6c7f7d5f2f338b4caa5,OO,26,R_end,1,True,0.0
efdaacba8f4a5c0d58c0adb6ee32c5c86d760cdb66eda6c7f7d5f2f338b4caa5,OO,26,C_end,1,True,0.0
efdaacba8f4a5c0d58c0adb6ee32c5c86d760cdb66eda6c7f7d5f2f338b4caa5,OO,26,D_pos,1,True,0.0
efdaacba8f4a5c0d58c0adb6ee32c5c86d760cdb66eda6c7f7d5f2f338b4caa5,OS,14,R_end,1,True,0.0
efdaacba8f4a5c0d58c0adb6ee32c5c86d760cdb66eda6c7f7d5f2f338b4caa5,OS,14,C_end,1,True,0.0
efdaacba8f4a5c0d58c0adb6ee32c5c86d760cdb66eda6c7f7d5f2f338b4caa5,OS,14,D_pos,1,True,0.0
efdaacba8f4a5c0d58c0adb6ee32c5c86d760cdb66eda6c7f7d5f2f338b4caa5,OS,18,R_end,1,True,0.0
efdaacba8f4a5c0d58c0adb6ee32c5c86d760cdb66eda6c7f7d5f2f338b4caa5,OS,18,C_end,1,True,0.0
efdaacba8f4a5c0d58c0adb6ee32c5c86d760cdb66eda6c7f7d5f2f338b4caa5,OS,18,D_pos,1,True,0.0
efdaacba8f4a5c0d58c0adb6ee32c5c86d760cdb66eda6c7f7d5f2f338b4caa5,OS,22,R_end,1,True,0.0
efdaacba8f4a5c0d58c0adb6ee32c5c86d760cdb66eda6c7f7d5f2f338b4caa5,OS,22,C_end,1,True,0.0
efdaacba8f4a5c0d58c0adb6ee32c5c86d760cdb66eda6c7f7d5f2f338b4caa5,OS,22,D_pos,1,True,0.0
efdaacba8f4a5c0d58c0adb6ee32c5c86d760cdb66eda6c7f7d5f2f338b4caa5,OS,26,R_end,1,True,0.0
efdaacba8f4a5c0d58c0adb6ee32c5c86d760cdb66eda6c7f7d5f2f338b4caa5,OS,26,C_end,1,True,0.0
efdaacba8f4a5c0d58c0adb6ee32c5c86d760cdb66eda6c7f7d5f2f338b4caa5,OS,26,D_pos,1,True,0.0
efdaacba8f4a5c0d58c0adb6ee32c5c86d760cdb66eda6c7f7d5f2f338b4caa5,SO,14,R_end,1,True,0.0
efdaacba8f4a5c0d58c0adb6ee32c5c86d760cdb66eda6c7f7d5f2f338b4caa5,SO,14,C_end,1,True,0.0
efdaacba8f4a5c0d58c0adb6ee32c5c86d760cdb66eda6c7f7d5f2f338b4caa5,SO,14,D_pos,1,True,0.0
efdaacba8f4a5c0d58c0adb6ee32c5c86d760cdb66eda6c7f7d5f2f338b4caa5,SO,18,R_end,1,True,0.0
efdaacba8f4a5c0d58c0adb6ee32c5c86d760cdb66eda6c7f7d5f2f338b4caa5,SO,18,C_end,1,True,0.0
efdaacba8f4a5c0d58c0adb6ee32c5c86d760cdb66eda6c7f7d5f2f338b4caa5,SO,18,D_pos,1,True,0.0
efdaacba8f4a5c0d58c0adb6ee32c5c86d760cdb66eda6c7f7d5f2f338b4caa5,SO,22,R_end,1,True,0.0
efdaacba8f4a5c0d58c0adb6ee32c5c86d760cdb66eda6c7f7d5f2f338b4caa5,SO,22,C_end,1,True,0.0
efdaacba8f4a5c0d58c0adb6ee32c5c86d760cdb66eda6c7f7d5f2f338b4caa5,SO,22,D_pos,1,True,0.0
efdaacba8f4a5c0d58c0adb6ee32c5c86d760cdb66eda6c7f7d5f2f338b4caa5,SO,26,R_end,1,True,0.0
efdaacba8f4a5c0d58c0adb6ee32c5c86d760cdb66eda6c7f7d5f2f338b4caa5,SO,26,C_end,1,True,0.0
efdaacba8f4a5c0d58c0adb6ee32c5c86d760cdb66eda6c7f7d5f2f338b4caa5,SO,26,D_pos,1,True,0.0
efdaacba8f4a5c0d58c0adb6ee32c5c86d760cdb66eda6c7f7d5f2f338b4caa5,SS,14,R_end,1,True,0.0
efdaacba8f4a5c0d58c0adb6ee32c5c86d760cdb66eda6c7f7d5f2f338b4caa5,SS,14,C_end,1,True,0.0
efdaacba8f4a5c0d58c0adb6ee32c5c86d760cdb66eda6c7f7d5f2f338b4caa5,SS,14,D_pos,1,True,0.0
efdaacba8f4a5c0d58c0adb6ee32c5c86d760cdb66eda6c7f7d5f2f338b4caa5,SS,18,R_end,1,True,0.0
efdaacba8f4a5c0d58c0adb6ee32c5c86d760cdb66eda6c7f7d5f2f338b4caa5,SS,18,C_end,1,True,0.0
efdaacba8f4a5c0d58c0adb6ee32c5c86d760cdb66eda6c7f7d5f2f338b4caa5,SS,18,D_pos,1,True,0.0
efdaacba8f4a5c0d58c0adb6ee32c5c86d760cdb66eda6c7f7d5f2f338b4caa5,SS,22,R_end,1,True,0.0
efdaacba8f4a5c0d58c0adb6ee32c5c86d760cdb66eda6c7f7d5f2f338b4caa5,SS,22,C_end,1,True,0.0
efdaacba8f4a5c0d58c0adb6ee32c5c86d760cdb66eda6c7f7d5f2f338b4caa5,SS,22,D_pos,1,True,0.0
efdaacba8f4a5c0d58c0adb6ee32c5c86d760cdb66eda6c7f7d5f2f338b4caa5,SS,26,R_end,1,True,0.0
efdaacba8f4a5c0d58c0adb6ee32c5c86d760cdb66eda6c7f7d5f2f338b4caa5,SS,26,C_end,1,True,0.0
efdaacba8f4a5c0d58c0adb6ee32c5c86d760cdb66eda6c7f7d5f2f338b4caa5,SS,26,D_pos,1,True,0.0
f04c5f9198427ddb50a413ef41e9cf3d877b8ffdfa63e3349044daa372bb226c,OO,14,R_end,1,True,0.0
f04c5f9198427ddb50a413ef41e9cf3d877b8ffdfa63e3349044daa372bb226c,OO,14,C_end,1,True,0.0
f04c5f9198427ddb50a413ef41e9cf3d877b8ffdfa63e3349044daa372bb226c,OO,14,D_pos,1,True,0.0
f04c5f9198427ddb50a413ef41e9cf3d877b8ffdfa63e3349044daa372bb226c,OO,18,R_end,1,True,0.0
f04c5f9198427ddb50a413ef41e9cf3d877b8ffdfa63e3349044daa372bb226c,OO,18,C_end,1,True,0.0
f04c5f9198427ddb50a413ef41e9cf3d877b8ffdfa63e3349044daa372bb226c,OO,18,D_pos,1,True,0.0
f04c5f9198427ddb50a413ef41e9cf3d877b8ffdfa63e3349044daa372bb226c,OO,22,R_end,1,True,0.0
f04c5f9198427ddb50a413ef41e9cf3d877b8ffdfa63e3349044daa372bb226c,OO,22,C_end,1,True,0.0
f04c5f9198427ddb50a413ef41e9cf3d877b8ffdfa63e3349044daa372bb226c,OO,22,D_pos,1,True,0.0
f04c5f9198427ddb50a413ef41e9cf3d877b8ffdfa63e3349044daa372bb226c,OO,26,R_end,1,True,0.0
f04c5f9198427ddb50a413ef41e9cf3d877b8ffdfa63e3349044daa372bb226c,OO,26,C_end,1,True,0.0
f04c5f9198427ddb50a413ef41e9cf3d877b8ffdfa63e3349044daa372bb226c,OO,26,D_pos,1,True,0.0
f04c5f9198427ddb50a413ef41e9cf3d877b8ffdfa63e3349044daa372bb226c,OS,14,R_end,1,True,0.0
f04c5f9198427ddb50a413ef41e9cf3d877b8ffdfa63e3349044daa372bb226c,OS,14,C_end,1,True,0.0
f04c5f9198427ddb50a413ef41e9cf3d877b8ffdfa63e3349044daa372bb226c,OS,14,D_pos,1,True,0.0
f04c5f9198427ddb50a413ef41e9cf3d877b8ffdfa63e3349044daa372bb226c,OS,18,R_end,1,True,0.0
f04c5f9198427ddb50a413ef41e9cf3d877b8ffdfa63e3349044daa372bb226c,OS,18,C_end,1,True,0.0
f04c5f9198427ddb50a413ef41e9cf3d877b8ffdfa63e3349044daa372bb226c,OS,18,D_pos,1,True,0.0
f04c5f9198427ddb50a413ef41e9cf3d877b8ffdfa63e3349044daa372bb226c,OS,22,R_end,1,True,0.0
f04c5f9198427ddb50a413ef41e9cf3d877b8ffdfa63e3349044daa372bb226c,OS,22,C_end,1,True,0.0
f04c5f9198427ddb50a413ef41e9cf3d877b8ffdfa63e3349044daa372bb226c,OS,22,D_pos,1,True,0.0
f04c5f9198427ddb50a413ef41e9cf3d877b8ffdfa63e3349044daa372bb226c,OS,26,R_end,1,True,0.0
f04c5f9198427ddb50a413ef41e9cf3d877b8ffdfa63e3349044daa372bb226c,OS,26,C_end,1,True,0.0
f04c5f9198427ddb50a413ef41e9cf3d877b8ffdfa63e3349044daa372bb226c,OS,26,D_pos,1,True,0.0
f04c5f9198427ddb50a413ef41e9cf3d877b8ffdfa63e3349044daa372bb226c,SO,14,R_end,1,True,0.0
f04c5f9198427ddb50a413ef41e9cf3d877b8ffdfa63e3349044daa372bb226c,SO,14,C_end,1,True,0.0
f04c5f9198427ddb50a413ef41e9cf3d877b8ffdfa63e3349044daa372bb226c,SO,14,D_pos,1,True,0.0
f04c5f9198427ddb50a413ef41e9cf3d877b8ffdfa63e3349044daa372bb226c,SO,18,R_end,1,True,0.0
f04c5f9198427ddb50a413ef41e9cf3d877b8ffdfa63e3349044daa372bb226c,SO,18,C_end,1,True,0.0
f04c5f9198427ddb50a413ef41e9cf3d877b8ffdfa63e3349044daa372bb226c,SO,18,D_pos,1,True,0.0
f04c5f9198427ddb50a413ef41e9cf3d877b8ffdfa63e3349044daa372bb226c,SO,22,R_end,1,True,0.0
f04c5f9198427ddb50a413ef41e9cf3d877b8ffdfa63e3349044daa372bb226c,SO,22,C_end,1,True,0.0
f04c5f9198427ddb50a413ef41e9cf3d877b8ffdfa63e3349044daa372bb226c,SO,22,D_pos,1,True,0.0
f04c5f9198427ddb50a413ef41e9cf3d877b8ffdfa63e3349044daa372bb226c,SO,26,R_end,1,True,0.0
f04c5f9198427ddb50a413ef41e9cf3d877b8ffdfa63e3349044daa372bb226c,SO,26,C_end,1,True,0.0
f04c5f9198427ddb50a413ef41e9cf3d877b8ffdfa63e3349044daa372bb226c,SO,26,D_pos,1,True,0.0
f04c5f9198427ddb50a413ef41e9cf3d877b8ffdfa63e3349044daa372bb226c,SS,14,R_end,1,True,0.0
f04c5f9198427ddb50a413ef41e9cf3d877b8ffdfa63e3349044daa372bb226c,SS,14,C_end,1,True,0.0
f04c5f9198427ddb50a413ef41e9cf3d877b8ffdfa63e3349044daa372bb226c,SS,14,D_pos,1,True,0.0
f04c5f9198427ddb50a413ef41e9cf3d877b8ffdfa63e3349044daa372bb226c,SS,18,R_end,1,True,0.0
f04c5f9198427ddb50a413ef41e9cf3d877b8ffdfa63e3349044daa372bb226c,SS,18,C_end,1,True,0.0
f04c5f9198427ddb50a413ef41e9cf3d877b8ffdfa63e3349044daa372bb226c,SS,18,D_pos,1,True,0.0
f04c5f9198427ddb50a413ef41e9cf3d877b8ffdfa63e3349044daa372bb226c,SS,22,R_end,1,True,0.0
f04c5f9198427ddb50a413ef41e9cf3d877b8ffdfa63e3349044daa372bb226c,SS,22,C_end,1,True,0.0
f04c5f9198427ddb50a413ef41e9cf3d877b8ffdfa63e3349044daa372bb226c,SS,22,D_pos,1,True,0.0
f04c5f9198427ddb50a413ef41e9cf3d877b8ffdfa63e3349044daa372bb226c,SS,26,R_end,1,True,0.0
f04c5f9198427ddb50a413ef41e9cf3d877b8ffdfa63e3349044daa372bb226c,SS,26,C_end,1,True,0.0
f04c5f9198427ddb50a413ef41e9cf3d877b8ffdfa63e3349044daa372bb226c,SS,26,D_pos,1,True,0.0
f1db4d3c9b7d73d26d303534a6845276c17c7181324656367b0f21f9cb9a7bc9,OO,14,R_end,1,True,0.0
f1db4d3c9b7d73d26d303534a6845276c17c7181324656367b0f21f9cb9a7bc9,OO,14,C_end,1,True,0.0
f1db4d3c9b7d73d26d303534a6845276c17c7181324656367b0f21f9cb9a7bc9,OO,14,D_pos,1,True,0.0
f1db4d3c9b7d73d26d303534a6845276c17c7181324656367b0f21f9cb9a7bc9,OO,18,R_end,1,True,0.0
f1db4d3c9b7d73d26d303534a6845276c17c7181324656367b0f21f9cb9a7bc9,OO,18,C_end,1,True,0.0
f1db4d3c9b7d73d26d303534a6845276c17c7181324656367b0f21f9cb9a7bc9,OO,18,D_pos,1,True,0.0
f1db4d3c9b7d73d26d303534a6845276c17c7181324656367b0f21f9cb9a7bc9,OO,22,R_end,1,True,0.0
f1db4d3c9b7d73d26d303534a6845276c17c7181324656367b0f21f9cb9a7bc9,OO,22,C_end,1,True,0.0
f1db4d3c9b7d73d26d303534a6845276c17c7181324656367b0f21f9cb9a7bc9,OO,22,D_pos,1,True,0.0
f1db4d3c9b7d73d26d303534a6845276c17c7181324656367b0f21f9cb9a7bc9,OO,26,R_end,1,True,0.0
f1db4d3c9b7d73d26d303534a6845276c17c7181324656367b0f21f9cb9a7bc9,OO,26,C_end,1,True,0.0
f1db4d3c9b7d73d26d303534a6845276c17c7181324656367b0f21f9cb9a7bc9,OO,26,D_pos,1,True,0.0
f1db4d3c9b7d73d26d303534a6845276c17c7181324656367b0f21f9cb9a7bc9,OS,14,R_end,1,True,0.0
f1db4d3c9b7d73d26d303534a6845276c17c7181324656367b0f21f9cb9a7bc9,OS,14,C_end,1,True,0.0
f1db4d3c9b7d73d26d303534a6845276c17c7181324656367b0f21f9cb9a7bc9,OS,14,D_pos,1,True,0.0
f1db4d3c9b7d73d26d303534a6845276c17c7181324656367b0f21f9cb9a7bc9,OS,18,R_end,1,True,0.0
f1db4d3c9b7d73d26d303534a6845276c17c7181324656367b0f21f9cb9a7bc9,OS,18,C_end,1,True,0.0
f1db4d3c9b7d73d26d303534a6845276c17c7181324656367b0f21f9cb9a7bc9,OS,18,D_pos,1,True,0.0
f1db4d3c9b7d73d26d303534a6845276c17c7181324656367b0f21f9cb9a7bc9,OS,22,R_end,1,True,0.0
f1db4d3c9b7d73d26d303534a6845276c17c7181324656367b0f21f9cb9a7bc9,OS,22,C_end,1,True,0.0
f1db4d3c9b7d73d26d303534a6845276c17c7181324656367b0f21f9cb9a7bc9,OS,22,D_pos,1,True,0.0
f1db4d3c9b7d73d26d303534a6845276c17c7181324656367b0f21f9cb9a7bc9,OS,26,R_end,1,True,0.0
f1db4d3c9b7d73d26d303534a6845276c17c7181324656367b0f21f9cb9a7bc9,OS,26,C_end,1,True,0.0
f1db4d3c9b7d73d26d303534a6845276c17c7181324656367b0f21f9cb9a7bc9,OS,26,D_pos,1,True,0.0
f1db4d3c9b7d73d26d303534a6845276c17c7181324656367b0f21f9cb9a7bc9,SO,14,R_end,1,True,0.0
f1db4d3c9b7d73d26d303534a6845276c17c7181324656367b0f21f9cb9a7bc9,SO,14,C_end,1,True,0.0
f1db4d3c9b7d73d26d303534a6845276c17c7181324656367b0f21f9cb9a7bc9,SO,14,D_pos,1,True,0.0
f1db4d3c9b7d73d26d303534a6845276c17c7181324656367b0f21f9cb9a7bc9,SO,18,R_end,1,True,0.0
f1db4d3c9b7d73d26d303534a6845276c17c7181324656367b0f21f9cb9a7bc9,SO,18,C_end,1,True,0.0
f1db4d3c9b7d73d26d303534a6845276c17c7181324656367b0f21f9cb9a7bc9,SO,18,D_pos,1,True,0.0
f1db4d3c9b7d73d26d303534a6845276c17c7181324656367b0f21f9cb9a7bc9,SO,22,R_end,1,True,0.0
f1db4d3c9b7d73d26d303534a6845276c17c7181324656367b0f21f9cb9a7bc9,SO,22,C_end,1,True,0.0
f1db4d3c9b7d73d26d303534a6845276c17c7181324656367b0f21f9cb9a7bc9,SO,22,D_pos,1,True,0.0
f1db4d3c9b7d73d26d303534a6845276c17c7181324656367b0f21f9cb9a7bc9,SO,26,R_end,1,True,0.0
f1db4d3c9b7d73d26d303534a6845276c17c7181324656367b0f21f9cb9a7bc9,SO,26,C_end,1,True,0.0
f1db4d3c9b7d73d26d303534a6845276c17c7181324656367b0f21f9cb9a7bc9,SO,26,D_pos,1,True,0.0
f1db4d3c9b7d73d26d303534a6845276c17c7181324656367b0f21f9cb9a7bc9,SS,14,R_end,1,True,0.0
f1db4d3c9b7d73d26d303534a6845276c17c7181324656367b0f21f9cb9a7bc9,SS,14,C_end,1,True,0.0
f1db4d3c9b7d73d26d303534a6845276c17c7181324656367b0f21f9cb9a7bc9,SS,14,D_pos,1,True,0.0
f1db4d3c9b7d73d26d303534a6845276c17c7181324656367b0f21f9cb9a7bc9,SS,18,R_end,1,True,0.0
f1db4d3c9b7d73d26d303534a6845276c17c7181324656367b0f21f9cb9a7bc9,SS,18,C_end,1,True,0.0
f1db4d3c9b7d73d26d303534a6845276c17c7181324656367b0f21f9cb9a7bc9,SS,18,D_pos,1,True,0.0
f1db4d3c9b7d73d26d303534a6845276c17c7181324656367b0f21f9cb9a7bc9,SS,22,R_end,1,True,0.0
f1db4d3c9b7d73d26d303534a6845276c17c7181324656367b0f21f9cb9a7bc9,SS,22,C_end,1,True,0.0
f1db4d3c9b7d73d26d303534a6845276c17c7181324656367b0f21f9cb9a7bc9,SS,22,D_pos,1,True,0.0
f1db4d3c9b7d73d26d303534a6845276c17c7181324656367b0f21f9cb9a7bc9,SS,26,R_end,1,True,0.0
f1db4d3c9b7d73d26d303534a6845276c17c7181324656367b0f21f9cb9a7bc9,SS,26,C_end,1,True,0.0
f1db4d3c9b7d73d26d303534a6845276c17c7181324656367b0f21f9cb9a7bc9,SS,26,D_pos,1,True,0.0
f20304d9829cd1ebda2d497ee0dd5a79bdc7f93d34b68baddcb228e99b81ebbe,OO,14,R_end,1,True,0.0
f20304d9829cd1ebda2d497ee0dd5a79bdc7f93d34b68baddcb228e99b81ebbe,OO,14,C_end,1,True,0.0
f20304d9829cd1ebda2d497ee0dd5a79bdc7f93d34b68baddcb228e99b81ebbe,OO,14,D_pos,1,True,0.0
f20304d9829cd1ebda2d497ee0dd5a79bdc7f93d34b68baddcb228e99b81ebbe,OO,18,R_end,1,True,0.0
f20304d9829cd1ebda2d497ee0dd5a79bdc7f93d34b68baddcb228e99b81ebbe,OO,18,C_end,1,True,0.0
f20304d9829cd1ebda2d497ee0dd5a79bdc7f93d34b68baddcb228e99b81ebbe,OO,18,D_pos,1,True,0.0
f20304d9829cd1ebda2d497ee0dd5a79bdc7f93d34b68baddcb228e99b81ebbe,OO,22,R_end,1,True,0.0
f20304d9829cd1ebda2d497ee0dd5a79bdc7f93d34b68baddcb228e99b81ebbe,OO,22,C_end,1,True,0.0
f20304d9829cd1ebda2d497ee0dd5a79bdc7f93d34b68baddcb228e99b81ebbe,OO,22,D_pos,1,True,0.0
f20304d9829cd1ebda2d497ee0dd5a79bdc7f93d34b68baddcb228e99b81ebbe,OO,26,R_end,1,True,0.0
f20304d9829cd1ebda2d497ee0dd5a79bdc7f93d34b68baddcb228e99b81ebbe,OO,26,C_end,1,True,0.0
f20304d9829cd1ebda2d497ee0dd5a79bdc7f93d34b68baddcb228e99b81ebbe,OO,26,D_pos,1,True,0.0
f20304d9829cd1ebda2d497ee0dd5a79bdc7f93d34b68baddcb228e99b81ebbe,OS,14,R_end,1,True,0.0
f20304d9829cd1ebda2d497ee0dd5a79bdc7f93d34b68baddcb228e99b81ebbe,OS,14,C_end,1,True,0.0
f20304d9829cd1ebda2d497ee0dd5a79bdc7f93d34b68baddcb228e99b81ebbe,OS,14,D_pos,1,True,0.0
f20304d9829cd1ebda2d497ee0dd5a79bdc7f93d34b68baddcb228e99b81ebbe,OS,18,R_end,1,True,0.0
f20304d9829cd1ebda2d497ee0dd5a79bdc7f93d34b68baddcb228e99b81ebbe,OS,18,C_end,1,True,0.0
f20304d9829cd1ebda2d497ee0dd5a79bdc7f93d34b68baddcb228e99b81ebbe,OS,18,D_pos,1,True,0.0
f20304d9829cd1ebda2d497ee0dd5a79bdc7f93d34b68baddcb228e99b81ebbe,OS,22,R_end,1,True,0.0
f20304d9829cd1ebda2d497ee0dd5a79bdc7f93d34b68baddcb228e99b81ebbe,OS,22,C_end,1,True,0.0
f20304d9829cd1ebda2d497ee0dd5a79bdc7f93d34b68baddcb228e99b81ebbe,OS,22,D_pos,1,True,0.0
f20304d9829cd1ebda2d497ee0dd5a79bdc7f93d34b68baddcb228e99b81ebbe,OS,26,R_end,1,True,0.0
f20304d9829cd1ebda2d497ee0dd5a79bdc7f93d34b68baddcb228e99b81ebbe,OS,26,C_end,1,True,0.0
f20304d9829cd1ebda2d497ee0dd5a79bdc7f93d34b68baddcb228e99b81ebbe,OS,26,D_pos,1,True,0.0
f20304d9829cd1ebda2d497ee0dd5a79bdc7f93d34b68baddcb228e99b81ebbe,SO,14,R_end,1,True,0.0
f20304d9829cd1ebda2d497ee0dd5a79bdc7f93d34b68baddcb228e99b81ebbe,SO,14,C_end,1,True,0.0
f20304d9829cd1ebda2d497ee0dd5a79bdc7f93d34b68baddcb228e99b81ebbe,SO,14,D_pos,1,True,0.0
f20304d9829cd1ebda2d497ee0dd5a79bdc7f93d34b68baddcb228e99b81ebbe,SO,18,R_end,1,True,0.0
f20304d9829cd1ebda2d497ee0dd5a79bdc7f93d34b68baddcb228e99b81ebbe,SO,18,C_end,1,True,0.0
f20304d9829cd1ebda2d497ee0dd5a79bdc7f93d34b68baddcb228e99b81ebbe,SO,18,D_pos,1,True,0.0
f20304d9829cd1ebda2d497ee0dd5a79bdc7f93d34b68baddcb228e99b81ebbe,SO,22,R_end,1,True,0.0
f20304d9829cd1ebda2d497ee0dd5a79bdc7f93d34b68baddcb228e99b81ebbe,SO,22,C_end,1,True,0.0
f20304d9829cd1ebda2d497ee0dd5a79bdc7f93d34b68baddcb228e99b81ebbe,SO,22,D_pos,1,True,0.0
f20304d9829cd1ebda2d497ee0dd5a79bdc7f93d34b68baddcb228e99b81ebbe,SO,26,R_end,1,True,0.0
f20304d9829cd1ebda2d497ee0dd5a79bdc7f93d34b68baddcb228e99b81ebbe,SO,26,C_end,1,True,0.0
f20304d9829cd1ebda2d497ee0dd5a79bdc7f93d34b68baddcb228e99b81ebbe,SO,26,D_pos,1,True,0.0
f20304d9829cd1ebda2d497ee0dd5a79bdc7f93d34b68baddcb228e99b81ebbe,SS,14,R_end,1,True,0.0
f20304d9829cd1ebda2d497ee0dd5a79bdc7f93d34b68baddcb228e99b81ebbe,SS,14,C_end,1,True,0.0
f20304d9829cd1ebda2d497ee0dd5a79bdc7f93d34b68baddcb228e99b81ebbe,SS,14,D_pos,1,True,0.0
f20304d9829cd1ebda2d497ee0dd5a79bdc7f93d34b68baddcb228e99b81ebbe,SS,18,R_end,1,True,0.0
f20304d9829cd1ebda2d497ee0dd5a79bdc7f93d34b68baddcb228e99b81ebbe,SS,18,C_end,1,True,0.0
f20304d9829cd1ebda2d497ee0dd5a79bdc7f93d34b68baddcb228e99b81ebbe,SS,18,D_pos,1,True,0.0
f20304d9829cd1ebda2d497ee0dd5a79bdc7f93d34b68baddcb228e99b81ebbe,SS,22,R_end,1,True,0.0
f20304d9829cd1ebda2d497ee0dd5a79bdc7f93d34b68baddcb228e99b81ebbe,SS,22,C_end,1,True,0.0
f20304d9829cd1ebda2d497ee0dd5a79bdc7f93d34b68baddcb228e99b81ebbe,SS,22,D_pos,1,True,0.0
f20304d9829cd1ebda2d497ee0dd5a79bdc7f93d34b68baddcb228e99b81ebbe,SS,26,R_end,1,True,0.0
f20304d9829cd1ebda2d497ee0dd5a79bdc7f93d34b68baddcb228e99b81ebbe,SS,26,C_end,1,True,0.0
f20304d9829cd1ebda2d497ee0dd5a79bdc7f93d34b68baddcb228e99b81ebbe,SS,26,D_pos,1,True,0.0
f2a0372b48ecb146721a5a97015730fd57d998767bee00a9570618d5b4a15334,OO,14,R_end,1,True,0.0
f2a0372b48ecb146721a5a97015730fd57d998767bee00a9570618d5b4a15334,OO,14,C_end,1,True,0.0
f2a0372b48ecb146721a5a97015730fd57d998767bee00a9570618d5b4a15334,OO,14,D_pos,1,True,0.0
f2a0372b48ecb146721a5a97015730fd57d998767bee00a9570618d5b4a15334,OO,18,R_end,1,True,0.0
f2a0372b48ecb146721a5a97015730fd57d998767bee00a9570618d5b4a15334,OO,18,C_end,1,True,0.0
f2a0372b48ecb146721a5a97015730fd57d998767bee00a9570618d5b4a15334,OO,18,D_pos,1,True,0.0
f2a0372b48ecb146721a5a97015730fd57d998767bee00a9570618d5b4a15334,OO,22,R_end,1,True,0.0
f2a0372b48ecb146721a5a97015730fd57d998767bee00a9570618d5b4a15334,OO,22,C_end,1,True,0.0
f2a0372b48ecb146721a5a97015730fd57d998767bee00a9570618d5b4a15334,OO,22,D_pos,1,True,0.0
f2a0372b48ecb146721a5a97015730fd57d998767bee00a9570618d5b4a15334,OO,26,R_end,1,True,0.0
f2a0372b48ecb146721a5a97015730fd57d998767bee00a9570618d5b4a15334,OO,26,C_end,1,True,0.0
f2a0372b48ecb146721a5a97015730fd57d998767bee00a9570618d5b4a15334,OO,26,D_pos,1,True,0.0
f2a0372b48ecb146721a5a97015730fd57d998767bee00a9570618d5b4a15334,OS,14,R_end,1,True,0.0
f2a0372b48ecb146721a5a97015730fd57d998767bee00a9570618d5b4a15334,OS,14,C_end,1,True,0.0
f2a0372b48ecb146721a5a97015730fd57d998767bee00a9570618d5b4a15334,OS,14,D_pos,1,True,0.0
f2a0372b48ecb146721a5a97015730fd57d998767bee00a9570618d5b4a15334,OS,18,R_end,1,True,0.0
f2a0372b48ecb146721a5a97015730fd57d998767bee00a9570618d5b4a15334,OS,18,C_end,1,True,0.0
f2a0372b48ecb146721a5a97015730fd57d998767bee00a9570618d5b4a15334,OS,18,D_pos,1,True,0.0
f2a0372b48ecb146721a5a97015730fd57d998767bee00a9570618d5b4a15334,OS,22,R_end,1,True,0.0
f2a0372b48ecb146721a5a97015730fd57d998767bee00a9570618d5b4a15334,OS,22,C_end,1,True,0.0
f2a0372b48ecb146721a5a97015730fd57d998767bee00a9570618d5b4a15334,OS,22,D_pos,1,True,0.0
f2a0372b48ecb146721a5a97015730fd57d998767bee00a9570618d5b4a15334,OS,26,R_end,1,True,0.0
f2a0372b48ecb146721a5a97015730fd57d998767bee00a9570618d5b4a15334,OS,26,C_end,1,True,0.0
f2a0372b48ecb146721a5a97015730fd57d998767bee00a9570618d5b4a15334,OS,26,D_pos,1,True,0.0
f2a0372b48ecb146721a5a97015730fd57d998767bee00a9570618d5b4a15334,SO,14,R_end,1,True,0.0
f2a0372b48ecb146721a5a97015730fd57d998767bee00a9570618d5b4a15334,SO,14,C_end,1,True,0.0
f2a0372b48ecb146721a5a97015730fd57d998767bee00a9570618d5b4a15334,SO,14,D_pos,1,True,0.0
f2a0372b48ecb146721a5a97015730fd57d998767bee00a9570618d5b4a15334,SO,18,R_end,1,True,0.0
f2a0372b48ecb146721a5a97015730fd57d998767bee00a9570618d5b4a15334,SO,18,C_end,1,True,0.0
f2a0372b48ecb146721a5a97015730fd57d998767bee00a9570618d5b4a15334,SO,18,D_pos,1,True,0.0
f2a0372b48ecb146721a5a97015730fd57d998767bee00a9570618d5b4a15334,SO,22,R_end,1,True,0.0
f2a0372b48ecb146721a5a97015730fd57d998767bee00a9570618d5b4a15334,SO,22,C_end,1,True,0.0
f2a0372b48ecb146721a5a97015730fd57d998767bee00a9570618d5b4a15334,SO,22,D_pos,1,True,0.0
f2a0372b48ecb146721a5a97015730fd57d998767bee00a9570618d5b4a15334,SO,26,R_end,1,True,0.0
f2a0372b48ecb146721a5a97015730fd57d998767bee00a9570618d5b4a15334,SO,26,C_end,1,True,0.0
f2a0372b48ecb146721a5a97015730fd57d998767bee00a9570618d5b4a15334,SO,26,D_pos,1,True,0.0
f2a0372b48ecb146721a5a97015730fd57d998767bee00a9570618d5b4a15334,SS,14,R_end,1,True,0.0
f2a0372b48ecb146721a5a97015730fd57d998767bee00a9570618d5b4a15334,SS,14,C_end,1,True,0.0
f2a0372b48ecb146721a5a97015730fd57d998767bee00a9570618d5b4a15334,SS,14,D_pos,1,True,0.0
f2a0372b48ecb146721a5a97015730fd57d998767bee00a9570618d5b4a15334,SS,18,R_end,1,True,0.0
f2a0372b48ecb146721a5a97015730fd57d998767bee00a9570618d5b4a15334,SS,18,C_end,1,True,0.0
f2a0372b48ecb146721a5a97015730fd57d998767bee00a9570618d5b4a15334,SS,18,D_pos,1,True,0.0
f2a0372b48ecb146721a5a97015730fd57d998767bee00a9570618d5b4a15334,SS,22,R_end,1,True,0.0
f2a0372b48ecb146721a5a97015730fd57d998767bee00a9570618d5b4a15334,SS,22,C_end,1,True,0.0
f2a0372b48ecb146721a5a97015730fd57d998767bee00a9570618d5b4a15334,SS,22,D_pos,1,True,0.0
f2a0372b48ecb146721a5a97015730fd57d998767bee00a9570618d5b4a15334,SS,26,R_end,1,True,0.0
f2a0372b48ecb146721a5a97015730fd57d998767bee00a9570618d5b4a15334,SS,26,C_end,1,True,0.0
f2a0372b48ecb146721a5a97015730fd57d998767bee00a9570618d5b4a15334,SS,26,D_pos,1,True,0.0
f37d2a4996b7b5ce70513d5a92bdd7b0e05be64b6c08b51aa368154fcfad91c4,OO,14,R_end,1,True,0.0
f37d2a4996b7b5ce70513d5a92bdd7b0e05be64b6c08b51aa368154fcfad91c4,OO,14,C_end,1,True,0.0
f37d2a4996b7b5ce70513d5a92bdd7b0e05be64b6c08b51aa368154fcfad91c4,OO,14,D_pos,1,True,0.0
f37d2a4996b7b5ce70513d5a92bdd7b0e05be64b6c08b51aa368154fcfad91c4,OO,18,R_end,1,True,0.0
f37d2a4996b7b5ce70513d5a92bdd7b0e05be64b6c08b51aa368154fcfad91c4,OO,18,C_end,1,True,0.0
f37d2a4996b7b5ce70513d5a92bdd7b0e05be64b6c08b51aa368154fcfad91c4,OO,18,D_pos,1,True,0.0
f37d2a4996b7b5ce70513d5a92bdd7b0e05be64b6c08b51aa368154fcfad91c4,OO,22,R_end,1,True,0.0
f37d2a4996b7b5ce70513d5a92bdd7b0e05be64b6c08b51aa368154fcfad91c4,OO,22,C_end,1,True,0.0
f37d2a4996b7b5ce70513d5a92bdd7b0e05be64b6c08b51aa368154fcfad91c4,OO,22,D_pos,1,True,0.0
f37d2a4996b7b5ce70513d5a92bdd7b0e05be64b6c08b51aa368154fcfad91c4,OO,26,R_end,1,True,0.0
f37d2a4996b7b5ce70513d5a92bdd7b0e05be64b6c08b51aa368154fcfad91c4,OO,26,C_end,1,True,0.0
f37d2a4996b7b5ce70513d5a92bdd7b0e05be64b6c08b51aa368154fcfad91c4,OO,26,D_pos,1,True,0.0
f37d2a4996b7b5ce70513d5a92bdd7b0e05be64b6c08b51aa368154fcfad91c4,OS,14,R_end,1,True,0.0
f37d2a4996b7b5ce70513d5a92bdd7b0e05be64b6c08b51aa368154fcfad91c4,OS,14,C_end,1,True,0.0
f37d2a4996b7b5ce70513d5a92bdd7b0e05be64b6c08b51aa368154fcfad91c4,OS,14,D_pos,1,True,0.0
f37d2a4996b7b5ce70513d5a92bdd7b0e05be64b6c08b51aa368154fcfad91c4,OS,18,R_end,1,True,0.0
f37d2a4996b7b5ce70513d5a92bdd7b0e05be64b6c08b51aa368154fcfad91c4,OS,18,C_end,1,True,0.0
f37d2a4996b7b5ce70513d5a92bdd7b0e05be64b6c08b51aa368154fcfad91c4,OS,18,D_pos,1,True,0.0
f37d2a4996b7b5ce70513d5a92bdd7b0e05be64b6c08b51aa368154fcfad91c4,OS,22,R_end,1,True,0.0
f37d2a4996b7b5ce70513d5a92bdd7b0e05be64b6c08b51aa368154fcfad91c4,OS,22,C_end,1,True,0.0
f37d2a4996b7b5ce70513d5a92bdd7b0e05be64b6c08b51aa368154fcfad91c4,OS,22,D_pos,1,True,0.0
f37d2a4996b7b5ce70513d5a92bdd7b0e05be64b6c08b51aa368154fcfad91c4,OS,26,R_end,1,True,0.0
f37d2a4996b7b5ce70513d5a92bdd7b0e05be64b6c08b51aa368154fcfad91c4,OS,26,C_end,1,True,0.0
f37d2a4996b7b5ce70513d5a92bdd7b0e05be64b6c08b51aa368154fcfad91c4,OS,26,D_pos,1,True,0.0
f37d2a4996b7b5ce70513d5a92bdd7b0e05be64b6c08b51aa368154fcfad91c4,SO,14,R_end,1,True,0.0
f37d2a4996b7b5ce70513d5a92bdd7b0e05be64b6c08b51aa368154fcfad91c4,SO,14,C_end,1,True,0.0
f37d2a4996b7b5ce70513d5a92bdd7b0e05be64b6c08b51aa368154fcfad91c4,SO,14,D_pos,1,True,0.0
f37d2a4996b7b5ce70513d5a92bdd7b0e05be64b6c08b51aa368154fcfad91c4,SO,18,R_end,1,True,0.0
f37d2a4996b7b5ce70513d5a92bdd7b0e05be64b6c08b51aa368154fcfad91c4,SO,18,C_end,1,True,0.0
f37d2a4996b7b5ce70513d5a92bdd7b0e05be64b6c08b51aa368154fcfad91c4,SO,18,D_pos,1,True,0.0
f37d2a4996b7b5ce70513d5a92bdd7b0e05be64b6c08b51aa368154fcfad91c4,SO,22,R_end,1,True,0.0
f37d2a4996b7b5ce70513d5a92bdd7b0e05be64b6c08b51aa368154fcfad91c4,SO,22,C_end,1,True,0.0
f37d2a4996b7b5ce70513d5a92bdd7b0e05be64b6c08b51aa368154fcfad91c4,SO,22,D_pos,1,True,0.0
f37d2a4996b7b5ce70513d5a92bdd7b0e05be64b6c08b51aa368154fcfad91c4,SO,26,R_end,1,True,0.0
f37d2a4996b7b5ce70513d5a92bdd7b0e05be64b6c08b51aa368154fcfad91c4,SO,26,C_end,1,True,0.0
f37d2a4996b7b5ce70513d5a92bdd7b0e05be64b6c08b51aa368154fcfad91c4,SO,26,D_pos,1,True,0.0
f37d2a4996b7b5ce70513d5a92bdd7b0e05be64b6c08b51aa368154fcfad91c4,SS,14,R_end,1,True,0.0
f37d2a4996b7b5ce70513d5a92bdd7b0e05be64b6c08b51aa368154fcfad91c4,SS,14,C_end,1,True,0.0
f37d2a4996b7b5ce70513d5a92bdd7b0e05be64b6c08b51aa368154fcfad91c4,SS,14,D_pos,1,True,0.0
f37d2a4996b7b5ce70513d5a92bdd7b0e05be64b6c08b51aa368154fcfad91c4,SS,18,R_end,1,True,0.0
f37d2a4996b7b5ce70513d5a92bdd7b0e05be64b6c08b51aa368154fcfad91c4,SS,18,C_end,1,True,0.0
f37d2a4996b7b5ce70513d5a92bdd7b0e05be64b6c08b51aa368154fcfad91c4,SS,18,D_pos,1,True,0.0
f37d2a4996b7b5ce70513d5a92bdd7b0e05be64b6c08b51aa368154fcfad91c4,SS,22,R_end,1,True,0.0
f37d2a4996b7b5ce70513d5a92bdd7b0e05be64b6c08b51aa368154fcfad91c4,SS,22,C_end,1,True,0.0
f37d2a4996b7b5ce70513d5a92bdd7b0e05be64b6c08b51aa368154fcfad91c4,SS,22,D_pos,1,True,0.0
f37d2a4996b7b5ce70513d5a92bdd7b0e05be64b6c08b51aa368154fcfad91c4,SS,26,R_end,1,True,0.0
f37d2a4996b7b5ce70513d5a92bdd7b0e05be64b6c08b51aa368154fcfad91c4,SS,26,C_end,1,True,0.0
f37d2a4996b7b5ce70513d5a92bdd7b0e05be64b6c08b51aa368154fcfad91c4,SS,26,D_pos,1,True,0.0
f524e071bcf08ff1baad251f50a7a97999375742cfa6dd57e94b8aa3a1ceaa04,OO,14,R_end,1,True,0.0
f524e071bcf08ff1baad251f50a7a97999375742cfa6dd57e94b8aa3a1ceaa04,OO,14,C_end,1,True,0.0
f524e071bcf08ff1baad251f50a7a97999375742cfa6dd57e94b8aa3a1ceaa04,OO,14,D_pos,1,True,0.0
f524e071bcf08ff1baad251f50a7a97999375742cfa6dd57e94b8aa3a1ceaa04,OO,18,R_end,1,True,0.0
f524e071bcf08ff1baad251f50a7a97999375742cfa6dd57e94b8aa3a1ceaa04,OO,18,C_end,1,True,0.0
f524e071bcf08ff1baad251f50a7a97999375742cfa6dd57e94b8aa3a1ceaa04,OO,18,D_pos,1,True,0.0
f524e071bcf08ff1baad251f50a7a97999375742cfa6dd57e94b8aa3a1ceaa04,OO,22,R_end,1,True,0.0
f524e071bcf08ff1baad251f50a7a97999375742cfa6dd57e94b8aa3a1ceaa04,OO,22,C_end,1,True,0.0
f524e071bcf08ff1baad251f50a7a97999375742cfa6dd57e94b8aa3a1ceaa04,OO,22,D_pos,1,True,0.0
f524e071bcf08ff1baad251f50a7a97999375742cfa6dd57e94b8aa3a1ceaa04,OO,26,R_end,1,True,0.0
f524e071bcf08ff1baad251f50a7a97999375742cfa6dd57e94b8aa3a1ceaa04,OO,26,C_end,1,True,0.0
f524e071bcf08ff1baad251f50a7a97999375742cfa6dd57e94b8aa3a1ceaa04,OO,26,D_pos,1,True,0.0
f524e071bcf08ff1baad251f50a7a97999375742cfa6dd57e94b8aa3a1ceaa04,OS,14,R_end,1,True,0.0
f524e071bcf08ff1baad251f50a7a97999375742cfa6dd57e94b8aa3a1ceaa04,OS,14,C_end,1,True,0.0
f524e071bcf08ff1baad251f50a7a97999375742cfa6dd57e94b8aa3a1ceaa04,OS,14,D_pos,1,True,0.0
f524e071bcf08ff1baad251f50a7a97999375742cfa6dd57e94b8aa3a1ceaa04,OS,18,R_end,1,True,0.0
f524e071bcf08ff1baad251f50a7a97999375742cfa6dd57e94b8aa3a1ceaa04,OS,18,C_end,1,True,0.0
f524e071bcf08ff1baad251f50a7a97999375742cfa6dd57e94b8aa3a1ceaa04,OS,18,D_pos,1,True,0.0
f524e071bcf08ff1baad251f50a7a97999375742cfa6dd57e94b8aa3a1ceaa04,OS,22,R_end,1,True,0.0
f524e071bcf08ff1baad251f50a7a97999375742cfa6dd57e94b8aa3a1ceaa04,OS,22,C_end,1,True,0.0
f524e071bcf08ff1baad251f50a7a97999375742cfa6dd57e94b8aa3a1ceaa04,OS,22,D_pos,1,True,0.0
f524e071bcf08ff1baad251f50a7a97999375742cfa6dd57e94b8aa3a1ceaa04,OS,26,R_end,1,True,0.0
f524e071bcf08ff1baad251f50a7a97999375742cfa6dd57e94b8aa3a1ceaa04,OS,26,C_end,1,True,0.0
f524e071bcf08ff1baad251f50a7a97999375742cfa6dd57e94b8aa3a1ceaa04,OS,26,D_pos,1,True,0.0
f524e071bcf08ff1baad251f50a7a97999375742cfa6dd57e94b8aa3a1ceaa04,SO,14,R_end,1,True,0.0
f524e071bcf08ff1baad251f50a7a97999375742cfa6dd57e94b8aa3a1ceaa04,SO,14,C_end,1,True,0.0
f524e071bcf08ff1baad251f50a7a97999375742cfa6dd57e94b8aa3a1ceaa04,SO,14,D_pos,1,True,0.0
f524e071bcf08ff1baad251f50a7a97999375742cfa6dd57e94b8aa3a1ceaa04,SO,18,R_end,1,True,0.0
f524e071bcf08ff1baad251f50a7a97999375742cfa6dd57e94b8aa3a1ceaa04,SO,18,C_end,1,True,0.0
f524e071bcf08ff1baad251f50a7a97999375742cfa6dd57e94b8aa3a1ceaa04,SO,18,D_pos,1,True,0.0
f524e071bcf08ff1baad251f50a7a97999375742cfa6dd57e94b8aa3a1ceaa04,SO,22,R_end,1,True,0.0
f524e071bcf08ff1baad251f50a7a97999375742cfa6dd57e94b8aa3a1ceaa04,SO,22,C_end,1,True,0.0
f524e071bcf08ff1baad251f50a7a97999375742cfa6dd57e94b8aa3a1ceaa04,SO,22,D_pos,1,True,0.0
f524e071bcf08ff1baad251f50a7a97999375742cfa6dd57e94b8aa3a1ceaa04,SO,26,R_end,1,True,0.0
f524e071bcf08ff1baad251f50a7a97999375742cfa6dd57e94b8aa3a1ceaa04,SO,26,C_end,1,True,0.0
f524e071bcf08ff1baad251f50a7a97999375742cfa6dd57e94b8aa3a1ceaa04,SO,26,D_pos,1,True,0.0
f524e071bcf08ff1baad251f50a7a97999375742cfa6dd57e94b8aa3a1ceaa04,SS,14,R_end,1,True,0.0
f524e071bcf08ff1baad251f50a7a97999375742cfa6dd57e94b8aa3a1ceaa04,SS,14,C_end,1,True,0.0
f524e071bcf08ff1baad251f50a7a97999375742cfa6dd57e94b8aa3a1ceaa04,SS,14,D_pos,1,True,0.0
f524e071bcf08ff1baad251f50a7a97999375742cfa6dd57e94b8aa3a1ceaa04,SS,18,R_end,1,True,0.0
f524e071bcf08ff1baad251f50a7a97999375742cfa6dd57e94b8aa3a1ceaa04,SS,18,C_end,1,True,0.0
f524e071bcf08ff1baad251f50a7a97999375742cfa6dd57e94b8aa3a1ceaa04,SS,18,D_pos,1,True,0.0
f524e071bcf08ff1baad251f50a7a97999375742cfa6dd57e94b8aa3a1ceaa04,SS,22,R_end,1,True,0.0
f524e071bcf08ff1baad251f50a7a97999375742cfa6dd57e94b8aa3a1ceaa04,SS,22,C_end,1,True,0.0
f524e071bcf08ff1baad251f50a7a97999375742cfa6dd57e94b8aa3a1ceaa04,SS,22,D_pos,1,True,0.0
f524e071bcf08ff1baad251f50a7a97999375742cfa6dd57e94b8aa3a1ceaa04,SS,26,R_end,1,True,0.0
f524e071bcf08ff1baad251f50a7a97999375742cfa6dd57e94b8aa3a1ceaa04,SS,26,C_end,1,True,0.0
f524e071bcf08ff1baad251f50a7a97999375742cfa6dd57e94b8aa3a1ceaa04,SS,26,D_pos,1,True,0.0
f538e6d9e25af7fa03c2210f1b0ef02f8ee12550bee0b32a4bd212ba68e29d94,OO,14,R_end,1,True,0.0
f538e6d9e25af7fa03c2210f1b0ef02f8ee12550bee0b32a4bd212ba68e29d94,OO,14,C_end,1,True,0.0
f538e6d9e25af7fa03c2210f1b0ef02f8ee12550bee0b32a4bd212ba68e29d94,OO,14,D_pos,1,True,0.0
f538e6d9e25af7fa03c2210f1b0ef02f8ee12550bee0b32a4bd212ba68e29d94,OO,18,R_end,1,True,0.0
f538e6d9e25af7fa03c2210f1b0ef02f8ee12550bee0b32a4bd212ba68e29d94,OO,18,C_end,1,True,0.0
f538e6d9e25af7fa03c2210f1b0ef02f8ee12550bee0b32a4bd212ba68e29d94,OO,18,D_pos,1,True,0.0
f538e6d9e25af7fa03c2210f1b0ef02f8ee12550bee0b32a4bd212ba68e29d94,OO,22,R_end,1,True,0.0
f538e6d9e25af7fa03c2210f1b0ef02f8ee12550bee0b32a4bd212ba68e29d94,OO,22,C_end,1,True,0.0
f538e6d9e25af7fa03c2210f1b0ef02f8ee12550bee0b32a4bd212ba68e29d94,OO,22,D_pos,1,True,0.0
f538e6d9e25af7fa03c2210f1b0ef02f8ee12550bee0b32a4bd212ba68e29d94,OO,26,R_end,1,True,0.0
f538e6d9e25af7fa03c2210f1b0ef02f8ee12550bee0b32a4bd212ba68e29d94,OO,26,C_end,1,True,0.0
f538e6d9e25af7fa03c2210f1b0ef02f8ee12550bee0b32a4bd212ba68e29d94,OO,26,D_pos,1,True,0.0
f538e6d9e25af7fa03c2210f1b0ef02f8ee12550bee0b32a4bd212ba68e29d94,OS,14,R_end,1,True,0.0
f538e6d9e25af7fa03c2210f1b0ef02f8ee12550bee0b32a4bd212ba68e29d94,OS,14,C_end,1,True,0.0
f538e6d9e25af7fa03c2210f1b0ef02f8ee12550bee0b32a4bd212ba68e29d94,OS,14,D_pos,1,True,0.0
f538e6d9e25af7fa03c2210f1b0ef02f8ee12550bee0b32a4bd212ba68e29d94,OS,18,R_end,1,True,0.0
f538e6d9e25af7fa03c2210f1b0ef02f8ee12550bee0b32a4bd212ba68e29d94,OS,18,C_end,1,True,0.0
f538e6d9e25af7fa03c2210f1b0ef02f8ee12550bee0b32a4bd212ba68e29d94,OS,18,D_pos,1,True,0.0
f538e6d9e25af7fa03c2210f1b0ef02f8ee12550bee0b32a4bd212ba68e29d94,OS,22,R_end,1,True,0.0
f538e6d9e25af7fa03c2210f1b0ef02f8ee12550bee0b32a4bd212ba68e29d94,OS,22,C_end,1,True,0.0
f538e6d9e25af7fa03c2210f1b0ef02f8ee12550bee0b32a4bd212ba68e29d94,OS,22,D_pos,1,True,0.0
f538e6d9e25af7fa03c2210f1b0ef02f8ee12550bee0b32a4bd212ba68e29d94,OS,26,R_end,1,True,0.0
f538e6d9e25af7fa03c2210f1b0ef02f8ee12550bee0b32a4bd212ba68e29d94,OS,26,C_end,1,True,0.0
f538e6d9e25af7fa03c2210f1b0ef02f8ee12550bee0b32a4bd212ba68e29d94,OS,26,D_pos,1,True,0.0
f538e6d9e25af7fa03c2210f1b0ef02f8ee12550bee0b32a4bd212ba68e29d94,SO,14,R_end,1,True,0.0
f538e6d9e25af7fa03c2210f1b0ef02f8ee12550bee0b32a4bd212ba68e29d94,SO,14,C_end,1,True,0.0
f538e6d9e25af7fa03c2210f1b0ef02f8ee12550bee0b32a4bd212ba68e29d94,SO,14,D_pos,1,True,0.0
f538e6d9e25af7fa03c2210f1b0ef02f8ee12550bee0b32a4bd212ba68e29d94,SO,18,R_end,1,True,0.0
f538e6d9e25af7fa03c2210f1b0ef02f8ee12550bee0b32a4bd212ba68e29d94,SO,18,C_end,1,True,0.0
f538e6d9e25af7fa03c2210f1b0ef02f8ee12550bee0b32a4bd212ba68e29d94,SO,18,D_pos,1,True,0.0
f538e6d9e25af7fa03c2210f1b0ef02f8ee12550bee0b32a4bd212ba68e29d94,SO,22,R_end,1,True,0.0
f538e6d9e25af7fa03c2210f1b0ef02f8ee12550bee0b32a4bd212ba68e29d94,SO,22,C_end,1,True,0.0
f538e6d9e25af7fa03c2210f1b0ef02f8ee12550bee0b32a4bd212ba68e29d94,SO,22,D_pos,1,True,0.0
f538e6d9e25af7fa03c2210f1b0ef02f8ee12550bee0b32a4bd212ba68e29d94,SO,26,R_end,1,True,0.0
f538e6d9e25af7fa03c2210f1b0ef02f8ee12550bee0b32a4bd212ba68e29d94,SO,26,C_end,1,True,0.0
f538e6d9e25af7fa03c2210f1b0ef02f8ee12550bee0b32a4bd212ba68e29d94,SO,26,D_pos,1,True,0.0
f538e6d9e25af7fa03c2210f1b0ef02f8ee12550bee0b32a4bd212ba68e29d94,SS,14,R_end,1,True,0.0
f538e6d9e25af7fa03c2210f1b0ef02f8ee12550bee0b32a4bd212ba68e29d94,SS,14,C_end,1,True,0.0
f538e6d9e25af7fa03c2210f1b0ef02f8ee12550bee0b32a4bd212ba68e29d94,SS,14,D_pos,1,True,0.0
f538e6d9e25af7fa03c2210f1b0ef02f8ee12550bee0b32a4bd212ba68e29d94,SS,18,R_end,1,True,0.0
f538e6d9e25af7fa03c2210f1b0ef02f8ee12550bee0b32a4bd212ba68e29d94,SS,18,C_end,1,True,0.0
f538e6d9e25af7fa03c2210f1b0ef02f8ee12550bee0b32a4bd212ba68e29d94,SS,18,D_pos,1,True,0.0
f538e6d9e25af7fa03c2210f1b0ef02f8ee12550bee0b32a4bd212ba68e29d94,SS,22,R_end,1,True,0.0
f538e6d9e25af7fa03c2210f1b0ef02f8ee12550bee0b32a4bd212ba68e29d94,SS,22,C_end,1,True,0.0
f538e6d9e25af7fa03c2210f1b0ef02f8ee12550bee0b32a4bd212ba68e29d94,SS,22,D_pos,1,True,0.0
f538e6d9e25af7fa03c2210f1b0ef02f8ee12550bee0b32a4bd212ba68e29d94,SS,26,R_end,1,True,0.0
f538e6d9e25af7fa03c2210f1b0ef02f8ee12550bee0b32a4bd212ba68e29d94,SS,26,C_end,1,True,0.0
f538e6d9e25af7fa03c2210f1b0ef02f8ee12550bee0b32a4bd212ba68e29d94,SS,26,D_pos,1,True,0.0
f6de5c13ed4fd11307e97176a4d61e5186ee5234eb6a25331341e4aa82d86287,OO,14,R_end,1,True,0.0
f6de5c13ed4fd11307e97176a4d61e5186ee5234eb6a25331341e4aa82d86287,OO,14,C_end,1,True,0.0
f6de5c13ed4fd11307e97176a4d61e5186ee5234eb6a25331341e4aa82d86287,OO,14,D_pos,1,True,0.0
f6de5c13ed4fd11307e97176a4d61e5186ee5234eb6a25331341e4aa82d86287,OO,18,R_end,1,True,0.0
f6de5c13ed4fd11307e97176a4d61e5186ee5234eb6a25331341e4aa82d86287,OO,18,C_end,1,True,0.0
f6de5c13ed4fd11307e97176a4d61e5186ee5234eb6a25331341e4aa82d86287,OO,18,D_pos,1,True,0.0
f6de5c13ed4fd11307e97176a4d61e5186ee5234eb6a25331341e4aa82d86287,OO,22,R_end,1,True,0.0
f6de5c13ed4fd11307e97176a4d61e5186ee5234eb6a25331341e4aa82d86287,OO,22,C_end,1,True,0.0
f6de5c13ed4fd11307e97176a4d61e5186ee5234eb6a25331341e4aa82d86287,OO,22,D_pos,1,True,0.0
f6de5c13ed4fd11307e97176a4d61e5186ee5234eb6a25331341e4aa82d86287,OO,26,R_end,1,True,0.0
f6de5c13ed4fd11307e97176a4d61e5186ee5234eb6a25331341e4aa82d86287,OO,26,C_end,1,True,0.0
f6de5c13ed4fd11307e97176a4d61e5186ee5234eb6a25331341e4aa82d86287,OO,26,D_pos,1,True,0.0
f6de5c13ed4fd11307e97176a4d61e5186ee5234eb6a25331341e4aa82d86287,OS,14,R_end,1,True,0.0
f6de5c13ed4fd11307e97176a4d61e5186ee5234eb6a25331341e4aa82d86287,OS,14,C_end,1,True,0.0
f6de5c13ed4fd11307e97176a4d61e5186ee5234eb6a25331341e4aa82d86287,OS,14,D_pos,1,True,0.0
f6de5c13ed4fd11307e97176a4d61e5186ee5234eb6a25331341e4aa82d86287,OS,18,R_end,1,True,0.0
f6de5c13ed4fd11307e97176a4d61e5186ee5234eb6a25331341e4aa82d86287,OS,18,C_end,1,True,0.0
f6de5c13ed4fd11307e97176a4d61e5186ee5234eb6a25331341e4aa82d86287,OS,18,D_pos,1,True,0.0
f6de5c13ed4fd11307e97176a4d61e5186ee5234eb6a25331341e4aa82d86287,OS,22,R_end,1,True,0.0
f6de5c13ed4fd11307e97176a4d61e5186ee5234eb6a25331341e4aa82d86287,OS,22,C_end,1,True,0.0
f6de5c13ed4fd11307e97176a4d61e5186ee5234eb6a25331341e4aa82d86287,OS,22,D_pos,1,True,0.0
f6de5c13ed4fd11307e97176a4d61e5186ee5234eb6a25331341e4aa82d86287,OS,26,R_end,1,True,0.0
f6de5c13ed4fd11307e97176a4d61e5186ee5234eb6a25331341e4aa82d86287,OS,26,C_end,1,True,0.0
f6de5c13ed4fd11307e97176a4d61e5186ee5234eb6a25331341e4aa82d86287,OS,26,D_pos,1,True,0.0
f6de5c13ed4fd11307e97176a4d61e5186ee5234eb6a25331341e4aa82d86287,SO,14,R_end,1,True,0.0
f6de5c13ed4fd11307e97176a4d61e5186ee5234eb6a25331341e4aa82d86287,SO,14,C_end,1,True,0.0
f6de5c13ed4fd11307e97176a4d61e5186ee5234eb6a25331341e4aa82d86287,SO,14,D_pos,1,True,0.0
f6de5c13ed4fd11307e97176a4d61e5186ee5234eb6a25331341e4aa82d86287,SO,18,R_end,1,True,0.0
f6de5c13ed4fd11307e97176a4d61e5186ee5234eb6a25331341e4aa82d86287,SO,18,C_end,1,True,0.0
f6de5c13ed4fd11307e97176a4d61e5186ee5234eb6a25331341e4aa82d86287,SO,18,D_pos,1,True,0.0
f6de5c13ed4fd11307e97176a4d61e5186ee5234eb6a25331341e4aa82d86287,SO,22,R_end,1,True,0.0
f6de5c13ed4fd11307e97176a4d61e5186ee5234eb6a25331341e4aa82d86287,SO,22,C_end,1,True,0.0
f6de5c13ed4fd11307e97176a4d61e5186ee5234eb6a25331341e4aa82d86287,SO,22,D_pos,1,True,0.0
f6de5c13ed4fd11307e97176a4d61e5186ee5234eb6a25331341e4aa82d86287,SO,26,R_end,1,True,0.0
f6de5c13ed4fd11307e97176a4d61e5186ee5234eb6a25331341e4aa82d86287,SO,26,C_end,1,True,0.0
f6de5c13ed4fd11307e97176a4d61e5186ee5234eb6a25331341e4aa82d86287,SO,26,D_pos,1,True,0.0
f6de5c13ed4fd11307e97176a4d61e5186ee5234eb6a25331341e4aa82d86287,SS,14,R_end,1,True,0.0
f6de5c13ed4fd11307e97176a4d61e5186ee5234eb6a25331341e4aa82d86287,SS,14,C_end,1,True,0.0
f6de5c13ed4fd11307e97176a4d61e5186ee5234eb6a25331341e4aa82d86287,SS,14,D_pos,1,True,0.0
f6de5c13ed4fd11307e97176a4d61e5186ee5234eb6a25331341e4aa82d86287,SS,18,R_end,1,True,0.0
f6de5c13ed4fd11307e97176a4d61e5186ee5234eb6a25331341e4aa82d86287,SS,18,C_end,1,True,0.0
f6de5c13ed4fd11307e97176a4d61e5186ee5234eb6a25331341e4aa82d86287,SS,18,D_pos,1,True,0.0
f6de5c13ed4fd11307e97176a4d61e5186ee5234eb6a25331341e4aa82d86287,SS,22,R_end,1,True,0.0
f6de5c13ed4fd11307e97176a4d61e5186ee5234eb6a25331341e4aa82d86287,SS,22,C_end,1,True,0.0
f6de5c13ed4fd11307e97176a4d61e5186ee5234eb6a25331341e4aa82d86287,SS,22,D_pos,1,True,0.0
f6de5c13ed4fd11307e97176a4d61e5186ee5234eb6a25331341e4aa82d86287,SS,26,R_end,1,True,0.0
f6de5c13ed4fd11307e97176a4d61e5186ee5234eb6a25331341e4aa82d86287,SS,26,C_end,1,True,0.0
f6de5c13ed4fd11307e97176a4d61e5186ee5234eb6a25331341e4aa82d86287,SS,26,D_pos,1,True,0.0
f6e1ffc35259211e4c898f01fc2d43df8802b8a13c1581735a278c681e67bc92,OO,14,R_end,1,True,0.0
f6e1ffc35259211e4c898f01fc2d43df8802b8a13c1581735a278c681e67bc92,OO,14,C_end,1,True,0.0
f6e1ffc35259211e4c898f01fc2d43df8802b8a13c1581735a278c681e67bc92,OO,14,D_pos,1,True,0.0
f6e1ffc35259211e4c898f01fc2d43df8802b8a13c1581735a278c681e67bc92,OO,18,R_end,1,True,0.0
f6e1ffc35259211e4c898f01fc2d43df8802b8a13c1581735a278c681e67bc92,OO,18,C_end,1,True,0.0
f6e1ffc35259211e4c898f01fc2d43df8802b8a13c1581735a278c681e67bc92,OO,18,D_pos,1,True,0.0
f6e1ffc35259211e4c898f01fc2d43df8802b8a13c1581735a278c681e67bc92,OO,22,R_end,1,True,0.0
f6e1ffc35259211e4c898f01fc2d43df8802b8a13c1581735a278c681e67bc92,OO,22,C_end,1,True,0.0
f6e1ffc35259211e4c898f01fc2d43df8802b8a13c1581735a278c681e67bc92,OO,22,D_pos,1,True,0.0
f6e1ffc35259211e4c898f01fc2d43df8802b8a13c1581735a278c681e67bc92,OO,26,R_end,1,True,0.0
f6e1ffc35259211e4c898f01fc2d43df8802b8a13c1581735a278c681e67bc92,OO,26,C_end,1,True,0.0
f6e1ffc35259211e4c898f01fc2d43df8802b8a13c1581735a278c681e67bc92,OO,26,D_pos,1,True,0.0
f6e1ffc35259211e4c898f01fc2d43df8802b8a13c1581735a278c681e67bc92,OS,14,R_end,1,True,0.0
f6e1ffc35259211e4c898f01fc2d43df8802b8a13c1581735a278c681e67bc92,OS,14,C_end,1,True,0.0
f6e1ffc35259211e4c898f01fc2d43df8802b8a13c1581735a278c681e67bc92,OS,14,D_pos,1,True,0.0
f6e1ffc35259211e4c898f01fc2d43df8802b8a13c1581735a278c681e67bc92,OS,18,R_end,1,True,0.0
f6e1ffc35259211e4c898f01fc2d43df8802b8a13c1581735a278c681e67bc92,OS,18,C_end,1,True,0.0
f6e1ffc35259211e4c898f01fc2d43df8802b8a13c1581735a278c681e67bc92,OS,18,D_pos,1,True,0.0
f6e1ffc35259211e4c898f01fc2d43df8802b8a13c1581735a278c681e67bc92,OS,22,R_end,1,True,0.0
f6e1ffc35259211e4c898f01fc2d43df8802b8a13c1581735a278c681e67bc92,OS,22,C_end,1,True,0.0
f6e1ffc35259211e4c898f01fc2d43df8802b8a13c1581735a278c681e67bc92,OS,22,D_pos,1,True,0.0
f6e1ffc35259211e4c898f01fc2d43df8802b8a13c1581735a278c681e67bc92,OS,26,R_end,1,True,0.0
f6e1ffc35259211e4c898f01fc2d43df8802b8a13c1581735a278c681e67bc92,OS,26,C_end,1,True,0.0
f6e1ffc35259211e4c898f01fc2d43df8802b8a13c1581735a278c681e67bc92,OS,26,D_pos,1,True,0.0
f6e1ffc35259211e4c898f01fc2d43df8802b8a13c1581735a278c681e67bc92,SO,14,R_end,1,True,0.0
f6e1ffc35259211e4c898f01fc2d43df8802b8a13c1581735a278c681e67bc92,SO,14,C_end,1,True,0.0
f6e1ffc35259211e4c898f01fc2d43df8802b8a13c1581735a278c681e67bc92,SO,14,D_pos,1,True,0.0
f6e1ffc35259211e4c898f01fc2d43df8802b8a13c1581735a278c681e67bc92,SO,18,R_end,1,True,0.0
f6e1ffc35259211e4c898f01fc2d43df8802b8a13c1581735a278c681e67bc92,SO,18,C_end,1,True,0.0
f6e1ffc35259211e4c898f01fc2d43df8802b8a13c1581735a278c681e67bc92,SO,18,D_pos,1,True,0.0
f6e1ffc35259211e4c898f01fc2d43df8802b8a13c1581735a278c681e67bc92,SO,22,R_end,1,True,0.0
f6e1ffc35259211e4c898f01fc2d43df8802b8a13c1581735a278c681e67bc92,SO,22,C_end,1,True,0.0
f6e1ffc35259211e4c898f01fc2d43df8802b8a13c1581735a278c681e67bc92,SO,22,D_pos,1,True,0.0
f6e1ffc35259211e4c898f01fc2d43df8802b8a13c1581735a278c681e67bc92,SO,26,R_end,1,True,0.0
f6e1ffc35259211e4c898f01fc2d43df8802b8a13c1581735a278c681e67bc92,SO,26,C_end,1,True,0.0
f6e1ffc35259211e4c898f01fc2d43df8802b8a13c1581735a278c681e67bc92,SO,26,D_pos,1,True,0.0
f6e1ffc35259211e4c898f01fc2d43df8802b8a13c1581735a278c681e67bc92,SS,14,R_end,1,True,0.0
f6e1ffc35259211e4c898f01fc2d43df8802b8a13c1581735a278c681e67bc92,SS,14,C_end,1,True,0.0
f6e1ffc35259211e4c898f01fc2d43df8802b8a13c1581735a278c681e67bc92,SS,14,D_pos,1,True,0.0
f6e1ffc35259211e4c898f01fc2d43df8802b8a13c1581735a278c681e67bc92,SS,18,R_end,1,True,0.0
f6e1ffc35259211e4c898f01fc2d43df8802b8a13c1581735a278c681e67bc92,SS,18,C_end,1,True,0.0
f6e1ffc35259211e4c898f01fc2d43df8802b8a13c1581735a278c681e67bc92,SS,18,D_pos,1,True,0.0
f6e1ffc35259211e4c898f01fc2d43df8802b8a13c1581735a278c681e67bc92,SS,22,R_end,1,True,0.0
f6e1ffc35259211e4c898f01fc2d43df8802b8a13c1581735a278c681e67bc92,SS,22,C_end,1,True,0.0
f6e1ffc35259211e4c898f01fc2d43df8802b8a13c1581735a278c681e67bc92,SS,22,D_pos,1,True,0.0
f6e1ffc35259211e4c898f01fc2d43df8802b8a13c1581735a278c681e67bc92,SS,26,R_end,1,True,0.0
f6e1ffc35259211e4c898f01fc2d43df8802b8a13c1581735a278c681e67bc92,SS,26,C_end,1,True,0.0
f6e1ffc35259211e4c898f01fc2d43df8802b8a13c1581735a278c681e67bc92,SS,26,D_pos,1,True,0.0
f792425150ef401049f0567570e52700cf4a65c670dbc40e2987e227ad7b818c,OO,14,R_end,1,True,0.0
f792425150ef401049f0567570e52700cf4a65c670dbc40e2987e227ad7b818c,OO,14,C_end,1,True,0.0
f792425150ef401049f0567570e52700cf4a65c670dbc40e2987e227ad7b818c,OO,14,D_pos,1,True,0.0
f792425150ef401049f0567570e52700cf4a65c670dbc40e2987e227ad7b818c,OO,18,R_end,1,True,0.0
f792425150ef401049f0567570e52700cf4a65c670dbc40e2987e227ad7b818c,OO,18,C_end,1,True,0.0
f792425150ef401049f0567570e52700cf4a65c670dbc40e2987e227ad7b818c,OO,18,D_pos,1,True,0.0
f792425150ef401049f0567570e52700cf4a65c670dbc40e2987e227ad7b818c,OO,22,R_end,1,True,0.0
f792425150ef401049f0567570e52700cf4a65c670dbc40e2987e227ad7b818c,OO,22,C_end,1,True,0.0
f792425150ef401049f0567570e52700cf4a65c670dbc40e2987e227ad7b818c,OO,22,D_pos,1,True,0.0
f792425150ef401049f0567570e52700cf4a65c670dbc40e2987e227ad7b818c,OO,26,R_end,1,True,0.0
f792425150ef401049f0567570e52700cf4a65c670dbc40e2987e227ad7b818c,OO,26,C_end,1,True,0.0
f792425150ef401049f0567570e52700cf4a65c670dbc40e2987e227ad7b818c,OO,26,D_pos,1,True,0.0
f792425150ef401049f0567570e52700cf4a65c670dbc40e2987e227ad7b818c,OS,14,R_end,1,True,0.0
f792425150ef401049f0567570e52700cf4a65c670dbc40e2987e227ad7b818c,OS,14,C_end,1,True,0.0
f792425150ef401049f0567570e52700cf4a65c670dbc40e2987e227ad7b818c,OS,14,D_pos,1,True,0.0
f792425150ef401049f0567570e52700cf4a65c670dbc40e2987e227ad7b818c,OS,18,R_end,1,True,0.0
f792425150ef401049f0567570e52700cf4a65c670dbc40e2987e227ad7b818c,OS,18,C_end,1,True,0.0
f792425150ef401049f0567570e52700cf4a65c670dbc40e2987e227ad7b818c,OS,18,D_pos,1,True,0.0
f792425150ef401049f0567570e52700cf4a65c670dbc40e2987e227ad7b818c,OS,22,R_end,1,True,0.0
f792425150ef401049f0567570e52700cf4a65c670dbc40e2987e227ad7b818c,OS,22,C_end,1,True,0.0
f792425150ef401049f0567570e52700cf4a65c670dbc40e2987e227ad7b818c,OS,22,D_pos,1,True,0.0
f792425150ef401049f0567570e52700cf4a65c670dbc40e2987e227ad7b818c,OS,26,R_end,1,True,0.0
f792425150ef401049f0567570e52700cf4a65c670dbc40e2987e227ad7b818c,OS,26,C_end,1,True,0.0
f792425150ef401049f0567570e52700cf4a65c670dbc40e2987e227ad7b818c,OS,26,D_pos,1,True,0.0
f792425150ef401049f0567570e52700cf4a65c670dbc40e2987e227ad7b818c,SO,14,R_end,1,True,0.0
f792425150ef401049f0567570e52700cf4a65c670dbc40e2987e227ad7b818c,SO,14,C_end,1,True,0.0
f792425150ef401049f0567570e52700cf4a65c670dbc40e2987e227ad7b818c,SO,14,D_pos,1,True,0.0
f792425150ef401049f0567570e52700cf4a65c670dbc40e2987e227ad7b818c,SO,18,R_end,1,True,0.0
f792425150ef401049f0567570e52700cf4a65c670dbc40e2987e227ad7b818c,SO,18,C_end,1,True,0.0
f792425150ef401049f0567570e52700cf4a65c670dbc40e2987e227ad7b818c,SO,18,D_pos,1,True,0.0
f792425150ef401049f0567570e52700cf4a65c670dbc40e2987e227ad7b818c,SO,22,R_end,1,True,0.0
f792425150ef401049f0567570e52700cf4a65c670dbc40e2987e227ad7b818c,SO,22,C_end,1,True,0.0
f792425150ef401049f0567570e52700cf4a65c670dbc40e2987e227ad7b818c,SO,22,D_pos,1,True,0.0
f792425150ef401049f0567570e52700cf4a65c670dbc40e2987e227ad7b818c,SO,26,R_end,1,True,0.0
f792425150ef401049f0567570e52700cf4a65c670dbc40e2987e227ad7b818c,SO,26,C_end,1,True,0.0
f792425150ef401049f0567570e52700cf4a65c670dbc40e2987e227ad7b818c,SO,26,D_pos,1,True,0.0
f792425150ef401049f0567570e52700cf4a65c670dbc40e2987e227ad7b818c,SS,14,R_end,1,True,0.0
f792425150ef401049f0567570e52700cf4a65c670dbc40e2987e227ad7b818c,SS,14,C_end,1,True,0.0
f792425150ef401049f0567570e52700cf4a65c670dbc40e2987e227ad7b818c,SS,14,D_pos,1,True,0.0
f792425150ef401049f0567570e52700cf4a65c670dbc40e2987e227ad7b818c,SS,18,R_end,1,True,0.0
f792425150ef401049f0567570e52700cf4a65c670dbc40e2987e227ad7b818c,SS,18,C_end,1,True,0.0
f792425150ef401049f0567570e52700cf4a65c670dbc40e2987e227ad7b818c,SS,18,D_pos,1,True,0.0
f792425150ef401049f0567570e52700cf4a65c670dbc40e2987e227ad7b818c,SS,22,R_end,1,True,0.0
f792425150ef401049f0567570e52700cf4a65c670dbc40e2987e227ad7b818c,SS,22,C_end,1,True,0.0
f792425150ef401049f0567570e52700cf4a65c670dbc40e2987e227ad7b818c,SS,22,D_pos,1,True,0.0
f792425150ef401049f0567570e52700cf4a65c670dbc40e2987e227ad7b818c,SS,26,R_end,1,True,0.0
f792425150ef401049f0567570e52700cf4a65c670dbc40e2987e227ad7b818c,SS,26,C_end,1,True,0.0
f792425150ef401049f0567570e52700cf4a65c670dbc40e2987e227ad7b818c,SS,26,D_pos,1,True,0.0
f8a29966fb2123d58aa5371a0d5ef847b77b0d3a3efbd0e38dc667d80aa3db54,OO,14,R_end,1,True,0.0
f8a29966fb2123d58aa5371a0d5ef847b77b0d3a3efbd0e38dc667d80aa3db54,OO,14,C_end,1,True,0.0
f8a29966fb2123d58aa5371a0d5ef847b77b0d3a3efbd0e38dc667d80aa3db54,OO,14,D_pos,1,True,0.0
f8a29966fb2123d58aa5371a0d5ef847b77b0d3a3efbd0e38dc667d80aa3db54,OO,18,R_end,1,True,0.0
f8a29966fb2123d58aa5371a0d5ef847b77b0d3a3efbd0e38dc667d80aa3db54,OO,18,C_end,1,True,0.0
f8a29966fb2123d58aa5371a0d5ef847b77b0d3a3efbd0e38dc667d80aa3db54,OO,18,D_pos,1,True,0.0
f8a29966fb2123d58aa5371a0d5ef847b77b0d3a3efbd0e38dc667d80aa3db54,OO,22,R_end,1,True,0.0
f8a29966fb2123d58aa5371a0d5ef847b77b0d3a3efbd0e38dc667d80aa3db54,OO,22,C_end,1,True,0.0
f8a29966fb2123d58aa5371a0d5ef847b77b0d3a3efbd0e38dc667d80aa3db54,OO,22,D_pos,1,True,0.0
f8a29966fb2123d58aa5371a0d5ef847b77b0d3a3efbd0e38dc667d80aa3db54,OO,26,R_end,1,True,0.0
f8a29966fb2123d58aa5371a0d5ef847b77b0d3a3efbd0e38dc667d80aa3db54,OO,26,C_end,1,True,0.0
f8a29966fb2123d58aa5371a0d5ef847b77b0d3a3efbd0e38dc667d80aa3db54,OO,26,D_pos,1,True,0.0
f8a29966fb2123d58aa5371a0d5ef847b77b0d3a3efbd0e38dc667d80aa3db54,OS,14,R_end,1,True,0.0
f8a29966fb2123d58aa5371a0d5ef847b77b0d3a3efbd0e38dc667d80aa3db54,OS,14,C_end,1,True,0.0
f8a29966fb2123d58aa5371a0d5ef847b77b0d3a3efbd0e38dc667d80aa3db54,OS,14,D_pos,1,True,0.0
f8a29966fb2123d58aa5371a0d5ef847b77b0d3a3efbd0e38dc667d80aa3db54,OS,18,R_end,1,True,0.0
f8a29966fb2123d58aa5371a0d5ef847b77b0d3a3efbd0e38dc667d80aa3db54,OS,18,C_end,1,True,0.0
f8a29966fb2123d58aa5371a0d5ef847b77b0d3a3efbd0e38dc667d80aa3db54,OS,18,D_pos,1,True,0.0
f8a29966fb2123d58aa5371a0d5ef847b77b0d3a3efbd0e38dc667d80aa3db54,OS,22,R_end,1,True,0.0
f8a29966fb2123d58aa5371a0d5ef847b77b0d3a3efbd0e38dc667d80aa3db54,OS,22,C_end,1,True,0.0
f8a29966fb2123d58aa5371a0d5ef847b77b0d3a3efbd0e38dc667d80aa3db54,OS,22,D_pos,1,True,0.0
f8a29966fb2123d58aa5371a0d5ef847b77b0d3a3efbd0e38dc667d80aa3db54,OS,26,R_end,1,True,0.0
f8a29966fb2123d58aa5371a0d5ef847b77b0d3a3efbd0e38dc667d80aa3db54,OS,26,C_end,1,True,0.0
f8a29966fb2123d58aa5371a0d5ef847b77b0d3a3efbd0e38dc667d80aa3db54,OS,26,D_pos,1,True,0.0
f8a29966fb2123d58aa5371a0d5ef847b77b0d3a3efbd0e38dc667d80aa3db54,SO,14,R_end,1,True,0.0
f8a29966fb2123d58aa5371a0d5ef847b77b0d3a3efbd0e38dc667d80aa3db54,SO,14,C_end,1,True,0.0
f8a29966fb2123d58aa5371a0d5ef847b77b0d3a3efbd0e38dc667d80aa3db54,SO,14,D_pos,1,True,0.0
f8a29966fb2123d58aa5371a0d5ef847b77b0d3a3efbd0e38dc667d80aa3db54,SO,18,R_end,1,True,0.0
f8a29966fb2123d58aa5371a0d5ef847b77b0d3a3efbd0e38dc667d80aa3db54,SO,18,C_end,1,True,0.0
f8a29966fb2123d58aa5371a0d5ef847b77b0d3a3efbd0e38dc667d80aa3db54,SO,18,D_pos,1,True,0.0
f8a29966fb2123d58aa5371a0d5ef847b77b0d3a3efbd0e38dc667d80aa3db54,SO,22,R_end,1,True,0.0
f8a29966fb2123d58aa5371a0d5ef847b77b0d3a3efbd0e38dc667d80aa3db54,SO,22,C_end,1,True,0.0
f8a29966fb2123d58aa5371a0d5ef847b77b0d3a3efbd0e38dc667d80aa3db54,SO,22,D_pos,1,True,0.0
f8a29966fb2123d58aa5371a0d5ef847b77b0d3a3efbd0e38dc667d80aa3db54,SO,26,R_end,1,True,0.0
f8a29966fb2123d58aa5371a0d5ef847b77b0d3a3efbd0e38dc667d80aa3db54,SO,26,C_end,1,True,0.0
f8a29966fb2123d58aa5371a0d5ef847b77b0d3a3efbd0e38dc667d80aa3db54,SO,26,D_pos,1,True,0.0
f8a29966fb2123d58aa5371a0d5ef847b77b0d3a3efbd0e38dc667d80aa3db54,SS,14,R_end,1,True,0.0
f8a29966fb2123d58aa5371a0d5ef847b77b0d3a3efbd0e38dc667d80aa3db54,SS,14,C_end,1,True,0.0
f8a29966fb2123d58aa5371a0d5ef847b77b0d3a3efbd0e38dc667d80aa3db54,SS,14,D_pos,1,True,0.0
f8a29966fb2123d58aa5371a0d5ef847b77b0d3a3efbd0e38dc667d80aa3db54,SS,18,R_end,1,True,0.0
f8a29966fb2123d58aa5371a0d5ef847b77b0d3a3efbd0e38dc667d80aa3db54,SS,18,C_end,1,True,0.0
f8a29966fb2123d58aa5371a0d5ef847b77b0d3a3efbd0e38dc667d80aa3db54,SS,18,D_pos,1,True,0.0
f8a29966fb2123d58aa5371a0d5ef847b77b0d3a3efbd0e38dc667d80aa3db54,SS,22,R_end,1,True,0.0
f8a29966fb2123d58aa5371a0d5ef847b77b0d3a3efbd0e38dc667d80aa3db54,SS,22,C_end,1,True,0.0
f8a29966fb2123d58aa5371a0d5ef847b77b0d3a3efbd0e38dc667d80aa3db54,SS,22,D_pos,1,True,0.0
f8a29966fb2123d58aa5371a0d5ef847b77b0d3a3efbd0e38dc667d80aa3db54,SS,26,R_end,1,True,0.0
f8a29966fb2123d58aa5371a0d5ef847b77b0d3a3efbd0e38dc667d80aa3db54,SS,26,C_end,1,True,0.0
f8a29966fb2123d58aa5371a0d5ef847b77b0d3a3efbd0e38dc667d80aa3db54,SS,26,D_pos,1,True,0.0
fa86e109c063366a399a71e8f1b5d56e1cd7ca60dcb9782a5c568d18bc8838d8,OO,14,R_end,1,True,0.0
fa86e109c063366a399a71e8f1b5d56e1cd7ca60dcb9782a5c568d18bc8838d8,OO,14,C_end,1,True,0.0
fa86e109c063366a399a71e8f1b5d56e1cd7ca60dcb9782a5c568d18bc8838d8,OO,14,D_pos,1,True,0.0
fa86e109c063366a399a71e8f1b5d56e1cd7ca60dcb9782a5c568d18bc8838d8,OO,18,R_end,1,True,0.0
fa86e109c063366a399a71e8f1b5d56e1cd7ca60dcb9782a5c568d18bc8838d8,OO,18,C_end,1,True,0.0
fa86e109c063366a399a71e8f1b5d56e1cd7ca60dcb9782a5c568d18bc8838d8,OO,18,D_pos,1,True,0.0
fa86e109c063366a399a71e8f1b5d56e1cd7ca60dcb9782a5c568d18bc8838d8,OO,22,R_end,1,True,0.0
fa86e109c063366a399a71e8f1b5d56e1cd7ca60dcb9782a5c568d18bc8838d8,OO,22,C_end,1,True,0.0
fa86e109c063366a399a71e8f1b5d56e1cd7ca60dcb9782a5c568d18bc8838d8,OO,22,D_pos,1,True,0.0
fa86e109c063366a399a71e8f1b5d56e1cd7ca60dcb9782a5c568d18bc8838d8,OO,26,R_end,1,True,0.0
fa86e109c063366a399a71e8f1b5d56e1cd7ca60dcb9782a5c568d18bc8838d8,OO,26,C_end,1,True,0.0
fa86e109c063366a399a71e8f1b5d56e1cd7ca60dcb9782a5c568d18bc8838d8,OO,26,D_pos,1,True,0.0
fa86e109c063366a399a71e8f1b5d56e1cd7ca60dcb9782a5c568d18bc8838d8,OS,14,R_end,1,True,0.0
fa86e109c063366a399a71e8f1b5d56e1cd7ca60dcb9782a5c568d18bc8838d8,OS,14,C_end,1,True,0.0
fa86e109c063366a399a71e8f1b5d56e1cd7ca60dcb9782a5c568d18bc8838d8,OS,14,D_pos,1,True,0.0
fa86e109c063366a399a71e8f1b5d56e1cd7ca60dcb9782a5c568d18bc8838d8,OS,18,R_end,1,True,0.0
fa86e109c063366a399a71e8f1b5d56e1cd7ca60dcb9782a5c568d18bc8838d8,OS,18,C_end,1,True,0.0
fa86e109c063366a399a71e8f1b5d56e1cd7ca60dcb9782a5c568d18bc8838d8,OS,18,D_pos,1,True,0.0
fa86e109c063366a399a71e8f1b5d56e1cd7ca60dcb9782a5c568d18bc8838d8,OS,22,R_end,1,True,0.0
fa86e109c063366a399a71e8f1b5d56e1cd7ca60dcb9782a5c568d18bc8838d8,OS,22,C_end,1,True,0.0
fa86e109c063366a399a71e8f1b5d56e1cd7ca60dcb9782a5c568d18bc8838d8,OS,22,D_pos,1,True,0.0
fa86e109c063366a399a71e8f1b5d56e1cd7ca60dcb9782a5c568d18bc8838d8,OS,26,R_end,1,True,0.0
fa86e109c063366a399a71e8f1b5d56e1cd7ca60dcb9782a5c568d18bc8838d8,OS,26,C_end,1,True,0.0
fa86e109c063366a399a71e8f1b5d56e1cd7ca60dcb9782a5c568d18bc8838d8,OS,26,D_pos,1,True,0.0
fa86e109c063366a399a71e8f1b5d56e1cd7ca60dcb9782a5c568d18bc8838d8,SO,14,R_end,1,True,0.0
fa86e109c063366a399a71e8f1b5d56e1cd7ca60dcb9782a5c568d18bc8838d8,SO,14,C_end,1,True,0.0
fa86e109c063366a399a71e8f1b5d56e1cd7ca60dcb9782a5c568d18bc8838d8,SO,14,D_pos,1,True,0.0
fa86e109c063366a399a71e8f1b5d56e1cd7ca60dcb9782a5c568d18bc8838d8,SO,18,R_end,1,True,0.0
fa86e109c063366a399a71e8f1b5d56e1cd7ca60dcb9782a5c568d18bc8838d8,SO,18,C_end,1,True,0.0
fa86e109c063366a399a71e8f1b5d56e1cd7ca60dcb9782a5c568d18bc8838d8,SO,18,D_pos,1,True,0.0
fa86e109c063366a399a71e8f1b5d56e1cd7ca60dcb9782a5c568d18bc8838d8,SO,22,R_end,1,True,0.0
fa86e109c063366a399a71e8f1b5d56e1cd7ca60dcb9782a5c568d18bc8838d8,SO,22,C_end,1,True,0.0
fa86e109c063366a399a71e8f1b5d56e1cd7ca60dcb9782a5c568d18bc8838d8,SO,22,D_pos,1,True,0.0
fa86e109c063366a399a71e8f1b5d56e1cd7ca60dcb9782a5c568d18bc8838d8,SO,26,R_end,1,True,0.0
fa86e109c063366a399a71e8f1b5d56e1cd7ca60dcb9782a5c568d18bc8838d8,SO,26,C_end,1,True,0.0
fa86e109c063366a399a71e8f1b5d56e1cd7ca60dcb9782a5c568d18bc8838d8,SO,26,D_pos,1,True,0.0
fa86e109c063366a399a71e8f1b5d56e1cd7ca60dcb9782a5c568d18bc8838d8,SS,14,R_end,1,True,0.0
fa86e109c063366a399a71e8f1b5d56e1cd7ca60dcb9782a5c568d18bc8838d8,SS,14,C_end,1,True,0.0
fa86e109c063366a399a71e8f1b5d56e1cd7ca60dcb9782a5c568d18bc8838d8,SS,14,D_pos,1,True,0.0
fa86e109c063366a399a71e8f1b5d56e1cd7ca60dcb9782a5c568d18bc8838d8,SS,18,R_end,1,True,0.0
fa86e109c063366a399a71e8f1b5d56e1cd7ca60dcb9782a5c568d18bc8838d8,SS,18,C_end,1,True,0.0
fa86e109c063366a399a71e8f1b5d56e1cd7ca60dcb9782a5c568d18bc8838d8,SS,18,D_pos,1,True,0.0
fa86e109c063366a399a71e8f1b5d56e1cd7ca60dcb9782a5c568d18bc8838d8,SS,22,R_end,1,True,0.0
fa86e109c063366a399a71e8f1b5d56e1cd7ca60dcb9782a5c568d18bc8838d8,SS,22,C_end,1,True,0.0
fa86e109c063366a399a71e8f1b5d56e1cd7ca60dcb9782a5c568d18bc8838d8,SS,22,D_pos,1,True,0.0
fa86e109c063366a399a71e8f1b5d56e1cd7ca60dcb9782a5c568d18bc8838d8,SS,26,R_end,1,True,0.0
fa86e109c063366a399a71e8f1b5d56e1cd7ca60dcb9782a5c568d18bc8838d8,SS,26,C_end,1,True,0.0
fa86e109c063366a399a71e8f1b5d56e1cd7ca60dcb9782a5c568d18bc8838d8,SS,26,D_pos,1,True,0.0
fb5830d3a45b1646a07299fbfcfec7df52b57bf6253116db62f1d7c0ad326c2b,OO,14,R_end,1,True,0.0
fb5830d3a45b1646a07299fbfcfec7df52b57bf6253116db62f1d7c0ad326c2b,OO,14,C_end,1,True,0.0
fb5830d3a45b1646a07299fbfcfec7df52b57bf6253116db62f1d7c0ad326c2b,OO,14,D_pos,1,True,0.0
fb5830d3a45b1646a07299fbfcfec7df52b57bf6253116db62f1d7c0ad326c2b,OO,18,R_end,1,True,0.0
fb5830d3a45b1646a07299fbfcfec7df52b57bf6253116db62f1d7c0ad326c2b,OO,18,C_end,1,True,0.0
fb5830d3a45b1646a07299fbfcfec7df52b57bf6253116db62f1d7c0ad326c2b,OO,18,D_pos,1,True,0.0
fb5830d3a45b1646a07299fbfcfec7df52b57bf6253116db62f1d7c0ad326c2b,OO,22,R_end,1,True,0.0
fb5830d3a45b1646a07299fbfcfec7df52b57bf6253116db62f1d7c0ad326c2b,OO,22,C_end,1,True,0.0
fb5830d3a45b1646a07299fbfcfec7df52b57bf6253116db62f1d7c0ad326c2b,OO,22,D_pos,1,True,0.0
fb5830d3a45b1646a07299fbfcfec7df52b57bf6253116db62f1d7c0ad326c2b,OO,26,R_end,1,True,0.0
fb5830d3a45b1646a07299fbfcfec7df52b57bf6253116db62f1d7c0ad326c2b,OO,26,C_end,1,True,0.0
fb5830d3a45b1646a07299fbfcfec7df52b57bf6253116db62f1d7c0ad326c2b,OO,26,D_pos,1,True,0.0
fb5830d3a45b1646a07299fbfcfec7df52b57bf6253116db62f1d7c0ad326c2b,OS,14,R_end,1,True,0.0
fb5830d3a45b1646a07299fbfcfec7df52b57bf6253116db62f1d7c0ad326c2b,OS,14,C_end,1,True,0.0
fb5830d3a45b1646a07299fbfcfec7df52b57bf6253116db62f1d7c0ad326c2b,OS,14,D_pos,1,True,0.0
fb5830d3a45b1646a07299fbfcfec7df52b57bf6253116db62f1d7c0ad326c2b,OS,18,R_end,1,True,0.0
fb5830d3a45b1646a07299fbfcfec7df52b57bf6253116db62f1d7c0ad326c2b,OS,18,C_end,1,True,0.0
fb5830d3a45b1646a07299fbfcfec7df52b57bf6253116db62f1d7c0ad326c2b,OS,18,D_pos,1,True,0.0
fb5830d3a45b1646a07299fbfcfec7df52b57bf6253116db62f1d7c0ad326c2b,OS,22,R_end,1,True,0.0
fb5830d3a45b1646a07299fbfcfec7df52b57bf6253116db62f1d7c0ad326c2b,OS,22,C_end,1,True,0.0
fb5830d3a45b1646a07299fbfcfec7df52b57bf6253116db62f1d7c0ad326c2b,OS,22,D_pos,1,True,0.0
fb5830d3a45b1646a07299fbfcfec7df52b57bf6253116db62f1d7c0ad326c2b,OS,26,R_end,1,True,0.0
fb5830d3a45b1646a07299fbfcfec7df52b57bf6253116db62f1d7c0ad326c2b,OS,26,C_end,1,True,0.0
fb5830d3a45b1646a07299fbfcfec7df52b57bf6253116db62f1d7c0ad326c2b,OS,26,D_pos,1,True,0.0
fb5830d3a45b1646a07299fbfcfec7df52b57bf6253116db62f1d7c0ad326c2b,SO,14,R_end,1,True,0.0
fb5830d3a45b1646a07299fbfcfec7df52b57bf6253116db62f1d7c0ad326c2b,SO,14,C_end,1,True,0.0
fb5830d3a45b1646a07299fbfcfec7df52b57bf6253116db62f1d7c0ad326c2b,SO,14,D_pos,1,True,0.0
fb5830d3a45b1646a07299fbfcfec7df52b57bf6253116db62f1d7c0ad326c2b,SO,18,R_end,1,True,0.0
fb5830d3a45b1646a07299fbfcfec7df52b57bf6253116db62f1d7c0ad326c2b,SO,18,C_end,1,True,0.0
fb5830d3a45b1646a07299fbfcfec7df52b57bf6253116db62f1d7c0ad326c2b,SO,18,D_pos,1,True,0.0
fb5830d3a45b1646a07299fbfcfec7df52b57bf6253116db62f1d7c0ad326c2b,SO,22,R_end,1,True,0.0
fb5830d3a45b1646a07299fbfcfec7df52b57bf6253116db62f1d7c0ad326c2b,SO,22,C_end,1,True,0.0
fb5830d3a45b1646a07299fbfcfec7df52b57bf6253116db62f1d7c0ad326c2b,SO,22,D_pos,1,True,0.0
fb5830d3a45b1646a07299fbfcfec7df52b57bf6253116db62f1d7c0ad326c2b,SO,26,R_end,1,True,0.0
fb5830d3a45b1646a07299fbfcfec7df52b57bf6253116db62f1d7c0ad326c2b,SO,26,C_end,1,True,0.0
fb5830d3a45b1646a07299fbfcfec7df52b57bf6253116db62f1d7c0ad326c2b,SO,26,D_pos,1,True,0.0
fb5830d3a45b1646a07299fbfcfec7df52b57bf6253116db62f1d7c0ad326c2b,SS,14,R_end,1,True,0.0
fb5830d3a45b1646a07299fbfcfec7df52b57bf6253116db62f1d7c0ad326c2b,SS,14,C_end,1,True,0.0
fb5830d3a45b1646a07299fbfcfec7df52b57bf6253116db62f1d7c0ad326c2b,SS,14,D_pos,1,True,0.0
fb5830d3a45b1646a07299fbfcfec7df52b57bf6253116db62f1d7c0ad326c2b,SS,18,R_end,1,True,0.0
fb5830d3a45b1646a07299fbfcfec7df52b57bf6253116db62f1d7c0ad326c2b,SS,18,C_end,1,True,0.0
fb5830d3a45b1646a07299fbfcfec7df52b57bf6253116db62f1d7c0ad326c2b,SS,18,D_pos,1,True,0.0
fb5830d3a45b1646a07299fbfcfec7df52b57bf6253116db62f1d7c0ad326c2b,SS,22,R_end,1,True,0.0
fb5830d3a45b1646a07299fbfcfec7df52b57bf6253116db62f1d7c0ad326c2b,SS,22,C_end,1,True,0.0
fb5830d3a45b1646a07299fbfcfec7df52b57bf6253116db62f1d7c0ad326c2b,SS,22,D_pos,1,True,0.0
fb5830d3a45b1646a07299fbfcfec7df52b57bf6253116db62f1d7c0ad326c2b,SS,26,R_end,1,True,0.0
fb5830d3a45b1646a07299fbfcfec7df52b57bf6253116db62f1d7c0ad326c2b,SS,26,C_end,1,True,0.0
fb5830d3a45b1646a07299fbfcfec7df52b57bf6253116db62f1d7c0ad326c2b,SS,26,D_pos,1,True,0.0
fb5af5f7dd217463205da05462b43b882bc5694f0971c8bf093ea12e349625a6,OO,14,R_end,1,True,0.0
fb5af5f7dd217463205da05462b43b882bc5694f0971c8bf093ea12e349625a6,OO,14,C_end,1,True,0.0
fb5af5f7dd217463205da05462b43b882bc5694f0971c8bf093ea12e349625a6,OO,14,D_pos,1,True,0.0
fb5af5f7dd217463205da05462b43b882bc5694f0971c8bf093ea12e349625a6,OO,18,R_end,1,True,0.0
fb5af5f7dd217463205da05462b43b882bc5694f0971c8bf093ea12e349625a6,OO,18,C_end,1,True,0.0
fb5af5f7dd217463205da05462b43b882bc5694f0971c8bf093ea12e349625a6,OO,18,D_pos,1,True,0.0
fb5af5f7dd217463205da05462b43b882bc5694f0971c8bf093ea12e349625a6,OO,22,R_end,1,True,0.0
fb5af5f7dd217463205da05462b43b882bc5694f0971c8bf093ea12e349625a6,OO,22,C_end,1,True,0.0
fb5af5f7dd217463205da05462b43b882bc5694f0971c8bf093ea12e349625a6,OO,22,D_pos,1,True,0.0
fb5af5f7dd217463205da05462b43b882bc5694f0971c8bf093ea12e349625a6,OO,26,R_end,1,True,0.0
fb5af5f7dd217463205da05462b43b882bc5694f0971c8bf093ea12e349625a6,OO,26,C_end,1,True,0.0
fb5af5f7dd217463205da05462b43b882bc5694f0971c8bf093ea12e349625a6,OO,26,D_pos,1,True,0.0
fb5af5f7dd217463205da05462b43b882bc5694f0971c8bf093ea12e349625a6,OS,14,R_end,1,True,0.0
fb5af5f7dd217463205da05462b43b882bc5694f0971c8bf093ea12e349625a6,OS,14,C_end,1,True,0.0
fb5af5f7dd217463205da05462b43b882bc5694f0971c8bf093ea12e349625a6,OS,14,D_pos,1,True,0.0
fb5af5f7dd217463205da05462b43b882bc5694f0971c8bf093ea12e349625a6,OS,18,R_end,1,True,0.0
fb5af5f7dd217463205da05462b43b882bc5694f0971c8bf093ea12e349625a6,OS,18,C_end,1,True,0.0
fb5af5f7dd217463205da05462b43b882bc5694f0971c8bf093ea12e349625a6,OS,18,D_pos,1,True,0.0
fb5af5f7dd217463205da05462b43b882bc5694f0971c8bf093ea12e349625a6,OS,22,R_end,1,True,0.0
fb5af5f7dd217463205da05462b43b882bc5694f0971c8bf093ea12e349625a6,OS,22,C_end,1,True,0.0
fb5af5f7dd217463205da05462b43b882bc5694f0971c8bf093ea12e349625a6,OS,22,D_pos,1,True,0.0
fb5af5f7dd217463205da05462b43b882bc5694f0971c8bf093ea12e349625a6,OS,26,R_end,1,True,0.0
fb5af5f7dd217463205da05462b43b882bc5694f0971c8bf093ea12e349625a6,OS,26,C_end,1,True,0.0
fb5af5f7dd217463205da05462b43b882bc5694f0971c8bf093ea12e349625a6,OS,26,D_pos,1,True,0.0
fb5af5f7dd217463205da05462b43b882bc5694f0971c8bf093ea12e349625a6,SO,14,R_end,1,True,0.0
fb5af5f7dd217463205da05462b43b882bc5694f0971c8bf093ea12e349625a6,SO,14,C_end,1,True,0.0
fb5af5f7dd217463205da05462b43b882bc5694f0971c8bf093ea12e349625a6,SO,14,D_pos,1,True,0.0
fb5af5f7dd217463205da05462b43b882bc5694f0971c8bf093ea12e349625a6,SO,18,R_end,1,True,0.0
fb5af5f7dd217463205da05462b43b882bc5694f0971c8bf093ea12e349625a6,SO,18,C_end,1,True,0.0
fb5af5f7dd217463205da05462b43b882bc5694f0971c8bf093ea12e349625a6,SO,18,D_pos,1,True,0.0
fb5af5f7dd217463205da05462b43b882bc5694f0971c8bf093ea12e349625a6,SO,22,R_end,1,True,0.0
fb5af5f7dd217463205da05462b43b882bc5694f0971c8bf093ea12e349625a6,SO,22,C_end,1,True,0.0
fb5af5f7dd217463205da05462b43b882bc5694f0971c8bf093ea12e349625a6,SO,22,D_pos,1,True,0.0
fb5af5f7dd217463205da05462b43b882bc5694f0971c8bf093ea12e349625a6,SO,26,R_end,1,True,0.0
fb5af5f7dd217463205da05462b43b882bc5694f0971c8bf093ea12e349625a6,SO,26,C_end,1,True,0.0
fb5af5f7dd217463205da05462b43b882bc5694f0971c8bf093ea12e349625a6,SO,26,D_pos,1,True,0.0
fb5af5f7dd217463205da05462b43b882bc5694f0971c8bf093ea12e349625a6,SS,14,R_end,1,True,0.0
fb5af5f7dd217463205da05462b43b882bc5694f0971c8bf093ea12e349625a6,SS,14,C_end,1,True,0.0
fb5af5f7dd217463205da05462b43b882bc5694f0971c8bf093ea12e349625a6,SS,14,D_pos,1,True,0.0
fb5af5f7dd217463205da05462b43b882bc5694f0971c8bf093ea12e349625a6,SS,18,R_end,1,True,0.0
fb5af5f7dd217463205da05462b43b882bc5694f0971c8bf093ea12e349625a6,SS,18,C_end,1,True,0.0
fb5af5f7dd217463205da05462b43b882bc5694f0971c8bf093ea12e349625a6,SS,18,D_pos,1,True,0.0
fb5af5f7dd217463205da05462b43b882bc5694f0971c8bf093ea12e349625a6,SS,22,R_end,1,True,0.0
fb5af5f7dd217463205da05462b43b882bc5694f0971c8bf093ea12e349625a6,SS,22,C_end,1,True,0.0
fb5af5f7dd217463205da05462b43b882bc5694f0971c8bf093ea12e349625a6,SS,22,D_pos,1,True,0.0
fb5af5f7dd217463205da05462b43b882bc5694f0971c8bf093ea12e349625a6,SS,26,R_end,1,True,0.0
fb5af5f7dd217463205da05462b43b882bc5694f0971c8bf093ea12e349625a6,SS,26,C_end,1,True,0.0
fb5af5f7dd217463205da05462b43b882bc5694f0971c8bf093ea12e349625a6,SS,26,D_pos,1,True,0.0
fe8d6ea33b2967974ed5d5bb87deaec20c56d3847aeb51fca31b56797035a3a8,OO,14,R_end,1,True,0.0
fe8d6ea33b2967974ed5d5bb87deaec20c56d3847aeb51fca31b56797035a3a8,OO,14,C_end,1,True,0.0
fe8d6ea33b2967974ed5d5bb87deaec20c56d3847aeb51fca31b56797035a3a8,OO,14,D_pos,1,True,0.0
fe8d6ea33b2967974ed5d5bb87deaec20c56d3847aeb51fca31b56797035a3a8,OO,18,R_end,1,True,0.0
fe8d6ea33b2967974ed5d5bb87deaec20c56d3847aeb51fca31b56797035a3a8,OO,18,C_end,1,True,0.0
fe8d6ea33b2967974ed5d5bb87deaec20c56d3847aeb51fca31b56797035a3a8,OO,18,D_pos,1,True,0.0
fe8d6ea33b2967974ed5d5bb87deaec20c56d3847aeb51fca31b56797035a3a8,OO,22,R_end,1,True,0.0
fe8d6ea33b2967974ed5d5bb87deaec20c56d3847aeb51fca31b56797035a3a8,OO,22,C_end,1,True,0.0
fe8d6ea33b2967974ed5d5bb87deaec20c56d3847aeb51fca31b56797035a3a8,OO,22,D_pos,1,True,0.0
fe8d6ea33b2967974ed5d5bb87deaec20c56d3847aeb51fca31b56797035a3a8,OO,26,R_end,1,True,0.0
fe8d6ea33b2967974ed5d5bb87deaec20c56d3847aeb51fca31b56797035a3a8,OO,26,C_end,1,True,0.0
fe8d6ea33b2967974ed5d5bb87deaec20c56d3847aeb51fca31b56797035a3a8,OO,26,D_pos,1,True,0.0
fe8d6ea33b2967974ed5d5bb87deaec20c56d3847aeb51fca31b56797035a3a8,OS,14,R_end,1,True,0.0
fe8d6ea33b2967974ed5d5bb87deaec20c56d3847aeb51fca31b56797035a3a8,OS,14,C_end,1,True,0.0
fe8d6ea33b2967974ed5d5bb87deaec20c56d3847aeb51fca31b56797035a3a8,OS,14,D_pos,1,True,0.0
fe8d6ea33b2967974ed5d5bb87deaec20c56d3847aeb51fca31b56797035a3a8,OS,18,R_end,1,True,0.0
fe8d6ea33b2967974ed5d5bb87deaec20c56d3847aeb51fca31b56797035a3a8,OS,18,C_end,1,True,0.0
fe8d6ea33b2967974ed5d5bb87deaec20c56d3847aeb51fca31b56797035a3a8,OS,18,D_pos,1,True,0.0
fe8d6ea33b2967974ed5d5bb87deaec20c56d3847aeb51fca31b56797035a3a8,OS,22,R_end,1,True,0.0
fe8d6ea33b2967974ed5d5bb87deaec20c56d3847aeb51fca31b56797035a3a8,OS,22,C_end,1,True,0.0
fe8d6ea33b2967974ed5d5bb87deaec20c56d3847aeb51fca31b56797035a3a8,OS,22,D_pos,1,True,0.0
fe8d6ea33b2967974ed5d5bb87deaec20c56d3847aeb51fca31b56797035a3a8,OS,26,R_end,1,True,0.0
fe8d6ea33b2967974ed5d5bb87deaec20c56d3847aeb51fca31b56797035a3a8,OS,26,C_end,1,True,0.0
fe8d6ea33b2967974ed5d5bb87deaec20c56d3847aeb51fca31b56797035a3a8,OS,26,D_pos,1,True,0.0
fe8d6ea33b2967974ed5d5bb87deaec20c56d3847aeb51fca31b56797035a3a8,SO,14,R_end,1,True,0.0
fe8d6ea33b2967974ed5d5bb87deaec20c56d3847aeb51fca31b56797035a3a8,SO,14,C_end,1,True,0.0
fe8d6ea33b2967974ed5d5bb87deaec20c56d3847aeb51fca31b56797035a3a8,SO,14,D_pos,1,True,0.0
fe8d6ea33b2967974ed5d5bb87deaec20c56d3847aeb51fca31b56797035a3a8,SO,18,R_end,1,True,0.0
fe8d6ea33b2967974ed5d5bb87deaec20c56d3847aeb51fca31b56797035a3a8,SO,18,C_end,1,True,0.0
fe8d6ea33b2967974ed5d5bb87deaec20c56d3847aeb51fca31b56797035a3a8,SO,18,D_pos,1,True,0.0
fe8d6ea33b2967974ed5d5bb87deaec20c56d3847aeb51fca31b56797035a3a8,SO,22,R_end,1,True,0.0
fe8d6ea33b2967974ed5d5bb87deaec20c56d3847aeb51fca31b56797035a3a8,SO,22,C_end,1,True,0.0
fe8d6ea33b2967974ed5d5bb87deaec20c56d3847aeb51fca31b56797035a3a8,SO,22,D_pos,1,True,0.0
fe8d6ea33b2967974ed5d5bb87deaec20c56d3847aeb51fca31b56797035a3a8,SO,26,R_end,1,True,0.0
fe8d6ea33b2967974ed5d5bb87deaec20c56d3847aeb51fca31b56797035a3a8,SO,26,C_end,1,True,0.0
fe8d6ea33b2967974ed5d5bb87deaec20c56d3847aeb51fca31b56797035a3a8,SO,26,D_pos,1,True,0.0
fe8d6ea33b2967974ed5d5bb87deaec20c56d3847aeb51fca31b56797035a3a8,SS,14,R_end,1,True,0.0
fe8d6ea33b2967974ed5d5bb87deaec20c56d3847aeb51fca31b56797035a3a8,SS,14,C_end,1,True,0.0
fe8d6ea33b2967974ed5d5bb87deaec20c56d3847aeb51fca31b56797035a3a8,SS,14,D_pos,1,True,0.0
fe8d6ea33b2967974ed5d5bb87deaec20c56d3847aeb51fca31b56797035a3a8,SS,18,R_end,1,True,0.0
fe8d6ea33b2967974ed5d5bb87deaec20c56d3847aeb51fca31b56797035a3a8,SS,18,C_end,1,True,0.0
fe8d6ea33b2967974ed5d5bb87deaec20c56d3847aeb51fca31b56797035a3a8,SS,18,D_pos,1,True,0.0
fe8d6ea33b2967974ed5d5bb87deaec20c56d3847aeb51fca31b56797035a3a8,SS,22,R_end,1,True,0.0
fe8d6ea33b2967974ed5d5bb87deaec20c56d3847aeb51fca31b56797035a3a8,SS,22,C_end,1,True,0.0
fe8d6ea33b2967974ed5d5bb87deaec20c56d3847aeb51fca31b56797035a3a8,SS,22,D_pos,1,True,0.0
fe8d6ea33b2967974ed5d5bb87deaec20c56d3847aeb51fca31b56797035a3a8,SS,26,R_end,1,True,0.0
fe8d6ea33b2967974ed5d5bb87deaec20c56d3847aeb51fca31b56797035a3a8,SS,26,C_end,1,True,0.0
fe8d6ea33b2967974ed5d5bb87deaec20c56d3847aeb51fca31b56797035a3a8,SS,26,D_pos,1,True,0.0
