source_group_id,cell,r_end,c_end,d_pos,order_ok,r_end_tok,c_end_tok,d_pos_tok,prediction_match,d1_d_raw,our_d_raw,d_raw_abs_diff,seq_len
05677026bd7ad785bb85a02f4258464dc4476b9c08d7f52ac641e994b9b13c2a,OO,98,107,115,True,7101,7101,198,True,16.453125,16.453125,0.0,116
05677026bd7ad785bb85a02f4258464dc4476b9c08d7f52ac641e994b9b13c2a,OS,98,107,115,True,7101,3305,198,True,-21.875,-21.875,0.0,116
05677026bd7ad785bb85a02f4258464dc4476b9c08d7f52ac641e994b9b13c2a,SO,98,107,115,True,3305,7101,198,True,-13.875,-13.875,0.0,116
05677026bd7ad785bb85a02f4258464dc4476b9c08d7f52ac641e994b9b13c2a,SS,98,107,115,True,3305,3305,198,True,-14.125,-14.125,0.0,116
06efe48e5f13ce79575b3df69ff31f1debe36fda0879f1ee34b6bf34d82a7e75,OO,102,111,119,True,15747,15747,198,True,16.0078125,16.0078125,0.0,120
06efe48e5f13ce79575b3df69ff31f1debe36fda0879f1ee34b6bf34d82a7e75,OS,102,111,119,True,15747,69885,198,True,-20.84375,-20.84375,0.0,120
06efe48e5f13ce79575b3df69ff31f1debe36fda0879f1ee34b6bf34d82a7e75,SO,102,111,119,True,69885,15747,198,True,-16.15234375,-16.15234375,0.0,120
06efe48e5f13ce79575b3df69ff31f1debe36fda0879f1ee34b6bf34d82a7e75,SS,102,111,119,True,69885,69885,198,True,-17.130859375,-17.130859375,0.0,120
0a10ac3133a9f765768b242af148337eaa1355bf976f5ec1b1904d0d49b74d69,OO,106,114,122,True,9387,9387,198,True,16.378219604492188,16.378219604492188,0.0,123
0a10ac3133a9f765768b242af148337eaa1355bf976f5ec1b1904d0d49b74d69,OS,106,114,122,True,9387,72581,198,True,-19.15625,-19.15625,0.0,123
0a10ac3133a9f765768b242af148337eaa1355bf976f5ec1b1904d0d49b74d69,SO,106,114,122,True,72581,9387,198,True,-4.5625,-4.5625,0.0,123
0a10ac3133a9f765768b242af148337eaa1355bf976f5ec1b1904d0d49b74d69,SS,106,114,122,True,72581,72581,198,True,-3.0,-3.0,0.0,123
0e5e53a12a3532a8b292e0da9c32e962c792c48de4cf14ea151217f38da9e546,OO,112,121,129,True,63666,63666,198,True,18.109375,18.109375,0.0,130
0e5e53a12a3532a8b292e0da9c32e962c792c48de4cf14ea151217f38da9e546,OS,112,122,130,True,63666,1276,198,True,-19.71875,-19.71875,0.0,131
0e5e53a12a3532a8b292e0da9c32e962c792c48de4cf14ea151217f38da9e546,SO,113,122,130,True,1276,63666,198,True,-17.0625,-17.0625,0.0,131
0e5e53a12a3532a8b292e0da9c32e962c792c48de4cf14ea151217f38da9e546,SS,113,123,131,True,1276,1276,198,True,-14.21875,-14.21875,0.0,132
0e6720dd58fc316e965e53fb88c5ce64e44eec09e9871c0869bdb0d5aac8fb45,OO,99,108,116,True,482,482,198,True,18.46875,18.46875,0.0,117
0e6720dd58fc316e965e53fb88c5ce64e44eec09e9871c0869bdb0d5aac8fb45,OS,99,109,117,True,482,73667,198,True,-21.75,-21.75,0.0,118
0e6720dd58fc316e965e53fb88c5ce64e44eec09e9871c0869bdb0d5aac8fb45,SO,100,109,117,True,73667,482,198,True,-13.125,-13.125,0.0,118
0e6720dd58fc316e965e53fb88c5ce64e44eec09e9871c0869bdb0d5aac8fb45,SS,100,110,118,True,73667,73667,198,True,-16.33984375,-16.33984375,0.0,119
0f7d3b6b43185a49146f9aaa61004619b4a66588a563e78ee9496ebd709b0e37,OO,95,104,112,True,51096,51096,198,True,13.765625,13.765625,0.0,113
0f7d3b6b43185a49146f9aaa61004619b4a66588a563e78ee9496ebd709b0e37,OS,95,105,113,True,51096,388,198,True,-20.09375,-20.09375,0.0,114
0f7d3b6b43185a49146f9aaa61004619b4a66588a563e78ee9496ebd709b0e37,SO,96,105,113,True,388,51096,198,True,-18.0,-18.0,0.0,114
0f7d3b6b43185a49146f9aaa61004619b4a66588a563e78ee9496ebd709b0e37,SS,96,106,114,True,388,388,198,True,8.0625,8.0625,0.0,115
10c688835407c6795fb879cb2535d55f0927bb85029e051e3aa4de6c67c47398,OO,108,117,125,True,355,355,198,True,16.8359375,16.8359375,0.0,126
10c688835407c6795fb879cb2535d55f0927bb85029e051e3aa4de6c67c47398,OS,108,116,124,True,355,27775,198,True,-19.171875,-19.171875,0.0,125
10c688835407c6795fb879cb2535d55f0927bb85029e051e3aa4de6c67c47398,SO,107,116,124,True,27775,355,198,True,-4.0625,-4.0625,0.0,125
10c688835407c6795fb879cb2535d55f0927bb85029e051e3aa4de6c67c47398,SS,107,115,123,True,27775,27775,198,True,-11.0,-11.0,0.0,124
10d1ca49154e403b4cc726dc01e324f7682258a89f9d3e5dfcb79cf6f7ae6c5c,OO,109,117,125,True,51509,51509,198,True,14.59375,14.59375,0.0,126
10d1ca49154e403b4cc726dc01e324f7682258a89f9d3e5dfcb79cf6f7ae6c5c,OS,109,118,126,True,51509,1849,198,True,-21.40625,-21.40625,0.0,127
10d1ca49154e403b4cc726dc01e324f7682258a89f9d3e5dfcb79cf6f7ae6c5c,SO,110,118,126,True,1849,51509,198,True,-18.578125,-18.578125,0.0,127
10d1ca49154e403b4cc726dc01e324f7682258a89f9d3e5dfcb79cf6f7ae6c5c,SS,110,119,127,True,1849,1849,198,True,-15.4375,-15.4375,0.0,128
121e26ee9b46cb89d2b26ca75281dd4a9e3fc03bacd4c01f7791bd5ede17b716,OO,98,107,115,True,59902,59902,198,True,13.453125,13.453125,0.0,116
121e26ee9b46cb89d2b26ca75281dd4a9e3fc03bacd4c01f7791bd5ede17b716,OS,98,106,114,True,59902,70054,198,True,-21.6875,-21.6875,0.0,115
121e26ee9b46cb89d2b26ca75281dd4a9e3fc03bacd4c01f7791bd5ede17b716,SO,97,106,114,True,70054,59902,198,True,-15.453125,-15.453125,0.0,115
121e26ee9b46cb89d2b26ca75281dd4a9e3fc03bacd4c01f7791bd5ede17b716,SS,97,105,113,True,70054,70054,198,True,-10.9375,-10.9375,0.0,114
13fcd9e40a8a4329cdef20721434615139e6b2dc95f180fe2e64a67038331f22,OO,118,127,135,True,2297,2297,198,True,18.0,18.0,0.0,136
13fcd9e40a8a4329cdef20721434615139e6b2dc95f180fe2e64a67038331f22,OS,118,127,135,True,2297,7015,198,True,-20.3125,-20.3125,0.0,136
13fcd9e40a8a4329cdef20721434615139e6b2dc95f180fe2e64a67038331f22,SO,118,127,135,True,7015,2297,198,True,-12.40625,-12.40625,0.0,136
13fcd9e40a8a4329cdef20721434615139e6b2dc95f180fe2e64a67038331f22,SS,118,127,135,True,7015,7015,198,True,-13.03125,-13.03125,0.0,136
143ba7a15fe9c68797c08230ee3931a9dfcfe6f873640ca2fd4f8623e0c2972b,OO,96,104,112,True,12499,12499,198,True,17.390625,17.390625,0.0,113
143ba7a15fe9c68797c08230ee3931a9dfcfe6f873640ca2fd4f8623e0c2972b,OS,96,104,112,True,12499,7046,198,True,-17.140625,-17.140625,0.0,113
143ba7a15fe9c68797c08230ee3931a9dfcfe6f873640ca2fd4f8623e0c2972b,SO,96,104,112,True,7046,12499,198,True,-19.53125,-19.53125,0.0,113
143ba7a15fe9c68797c08230ee3931a9dfcfe6f873640ca2fd4f8623e0c2972b,SS,96,104,112,True,7046,7046,198,True,7.0625,7.0625,0.0,113
199078912aef9601d43fbb41eeeb0ec45ab7f752eb6378b83eae3b082379161c,OO,100,110,118,True,24705,24705,198,True,17.03125,17.03125,0.0,119
199078912aef9601d43fbb41eeeb0ec45ab7f752eb6378b83eae3b082379161c,OS,100,109,117,True,24705,38554,198,True,-22.28125,-22.28125,0.0,118
199078912aef9601d43fbb41eeeb0ec45ab7f752eb6378b83eae3b082379161c,SO,99,109,117,True,38554,24705,198,True,-17.34375,-17.34375,0.0,118
199078912aef9601d43fbb41eeeb0ec45ab7f752eb6378b83eae3b082379161c,SS,99,108,116,True,38554,38554,198,True,-18.046875,-18.046875,0.0,117
1a07b80e58d0120531bcefee7ba132e3bd77bef834bc592741b579d8a1952ad2,OO,96,106,114,True,50019,50019,198,True,17.40625,17.40625,0.0,115
1a07b80e58d0120531bcefee7ba132e3bd77bef834bc592741b579d8a1952ad2,OS,96,108,116,True,50019,41930,198,True,-21.9375,-21.9375,0.0,117
1a07b80e58d0120531bcefee7ba132e3bd77bef834bc592741b579d8a1952ad2,SO,98,108,116,True,41930,50019,198,True,-17.875,-17.875,0.0,117
1a07b80e58d0120531bcefee7ba132e3bd77bef834bc592741b579d8a1952ad2,SS,98,110,118,True,41930,41930,198,True,-11.8125,-11.8125,0.0,119
1a2ede8310b68c121c2eebd7ad1c6b47b21796df96ea64159dbc9e76f1ae27ba,OO,105,114,122,True,10704,10704,198,True,16.96875,16.96875,0.0,123
1a2ede8310b68c121c2eebd7ad1c6b47b21796df96ea64159dbc9e76f1ae27ba,OS,105,114,122,True,10704,367,198,True,-21.78125,-21.78125,0.0,123
1a2ede8310b68c121c2eebd7ad1c6b47b21796df96ea64159dbc9e76f1ae27ba,SO,105,114,122,True,367,10704,198,True,-13.7890625,-13.7890625,0.0,123
1a2ede8310b68c121c2eebd7ad1c6b47b21796df96ea64159dbc9e76f1ae27ba,SS,105,114,122,True,367,367,198,True,-9.375,-9.375,0.0,123
1b113718103da2934eb80b31e07a36abff54f00e7334be16390372856a3b6d5c,OO,102,113,121,True,56578,56578,198,True,13.734375,13.734375,0.0,122
1b113718103da2934eb80b31e07a36abff54f00e7334be16390372856a3b6d5c,OS,102,110,118,True,56578,9853,198,True,-19.75,-19.75,0.0,119
1b113718103da2934eb80b31e07a36abff54f00e7334be16390372856a3b6d5c,SO,99,110,118,True,9853,56578,198,True,-19.03125,-19.03125,0.0,119
1b113718103da2934eb80b31e07a36abff54f00e7334be16390372856a3b6d5c,SS,99,107,115,True,9853,9853,198,True,-15.111328125,-15.111328125,0.0,116
1b534c132ccabe1a0e4a1e184b5e57df190c3eef651eeb6d0cce1944eb689ffd,OO,106,115,123,True,19519,19519,198,True,17.375,17.375,0.0,124
1b534c132ccabe1a0e4a1e184b5e57df190c3eef651eeb6d0cce1944eb689ffd,OS,106,115,123,True,19519,51279,198,True,-21.625,-21.625,0.0,124
1b534c132ccabe1a0e4a1e184b5e57df190c3eef651eeb6d0cce1944eb689ffd,SO,106,115,123,True,51279,19519,198,True,-1.9375,-1.9375,0.0,124
1b534c132ccabe1a0e4a1e184b5e57df190c3eef651eeb6d0cce1944eb689ffd,SS,106,115,123,True,51279,51279,198,True,-15.125,-15.125,0.0,124
1be6fa12bbdbfbd851812045dffe0981b2fdc90feaecff40cbe7d533433160fb,OO,113,122,130,True,3412,3412,198,True,18.25,18.25,0.0,131
1be6fa12bbdbfbd851812045dffe0981b2fdc90feaecff40cbe7d533433160fb,OS,113,122,130,True,3412,65122,198,True,-21.21875,-21.21875,0.0,131
1be6fa12bbdbfbd851812045dffe0981b2fdc90feaecff40cbe7d533433160fb,SO,113,122,130,True,65122,3412,198,True,9.21875,9.21875,0.0,131
1be6fa12bbdbfbd851812045dffe0981b2fdc90feaecff40cbe7d533433160fb,SS,113,122,130,True,65122,65122,198,True,-16.431640625,-16.431640625,0.0,131
1beb2aa5b13171309874a37d5260ebb4e081a26981486965e2d55ecbd0e23e72,OO,106,115,123,True,459,459,198,True,16.26953125,16.26953125,0.0,124
1beb2aa5b13171309874a37d5260ebb4e081a26981486965e2d55ecbd0e23e72,OS,106,114,122,True,459,22351,198,True,-20.625,-20.625,0.0,123
1beb2aa5b13171309874a37d5260ebb4e081a26981486965e2d55ecbd0e23e72,SO,105,114,122,True,22351,459,198,True,-18.09375,-18.09375,0.0,123
1beb2aa5b13171309874a37d5260ebb4e081a26981486965e2d55ecbd0e23e72,SS,105,113,121,True,22351,22351,198,True,11.09375,11.09375,0.0,122
1c35548b29d8511a72048aa2f5760aa0375a344a23b694ddc903a3c3b9d10eb8,OO,95,104,112,True,36508,36508,198,True,16.7109375,16.7109375,0.0,113
1c35548b29d8511a72048aa2f5760aa0375a344a23b694ddc903a3c3b9d10eb8,OS,95,104,112,True,36508,23867,198,True,-22.75,-22.75,0.0,113
1c35548b29d8511a72048aa2f5760aa0375a344a23b694ddc903a3c3b9d10eb8,SO,95,104,112,True,23867,36508,198,True,-19.1875,-19.1875,0.0,113
1c35548b29d8511a72048aa2f5760aa0375a344a23b694ddc903a3c3b9d10eb8,SS,95,104,112,True,23867,23867,198,True,-6.125,-6.125,0.0,113
1e775ec427e192a7277498b2b5f22a189e2fd5e4a7ebe9a5d7ceb04d0edb4bea,OO,99,110,118,True,6546,6546,198,True,15.53125,15.53125,0.0,119
1e775ec427e192a7277498b2b5f22a189e2fd5e4a7ebe9a5d7ceb04d0edb4bea,OS,99,109,117,True,6546,19847,198,True,-22.3125,-22.3125,0.0,118
1e775ec427e192a7277498b2b5f22a189e2fd5e4a7ebe9a5d7ceb04d0edb4bea,SO,98,109,117,True,19847,6546,198,True,-18.65625,-18.65625,0.0,118
1e775ec427e192a7277498b2b5f22a189e2fd5e4a7ebe9a5d7ceb04d0edb4bea,SS,98,108,116,True,19847,19847,198,True,-15.09375,-15.09375,0.0,117
20ca76d8e4f85568513476a52df419d075d3dd5fc5ccecf57f95ac7dd8fc87e6,OO,98,106,114,True,6787,6787,198,True,18.390625,18.390625,0.0,115
20ca76d8e4f85568513476a52df419d075d3dd5fc5ccecf57f95ac7dd8fc87e6,OS,98,106,114,True,6787,47502,198,True,-20.03125,-20.03125,0.0,115
20ca76d8e4f85568513476a52df419d075d3dd5fc5ccecf57f95ac7dd8fc87e6,SO,98,106,114,True,47502,6787,198,True,-18.71875,-18.71875,0.0,115
20ca76d8e4f85568513476a52df419d075d3dd5fc5ccecf57f95ac7dd8fc87e6,SS,98,106,114,True,47502,47502,198,True,-15.390625,-15.390625,0.0,115
21b042f63c92b50654186c8fe4187eace9b61ae49c15626476e5b27ce23675bb,OO,109,117,125,True,49546,49546,198,True,16.859375,16.859375,0.0,126
21b042f63c92b50654186c8fe4187eace9b61ae49c15626476e5b27ce23675bb,OS,109,118,126,True,49546,39489,198,True,-21.4375,-21.4375,0.0,127
21b042f63c92b50654186c8fe4187eace9b61ae49c15626476e5b27ce23675bb,SO,110,118,126,True,39489,49546,198,True,-14.3984375,-14.3984375,0.0,127
21b042f63c92b50654186c8fe4187eace9b61ae49c15626476e5b27ce23675bb,SS,110,119,127,True,39489,39489,198,True,-16.03515625,-16.03515625,0.0,128
21e85b4efb563c2c7d719cd82eed25f1248ca7f7c8365f703644ce3dc4ad3f31,OO,102,112,120,True,3658,3658,198,True,16.390625,16.390625,0.0,121
21e85b4efb563c2c7d719cd82eed25f1248ca7f7c8365f703644ce3dc4ad3f31,OS,102,112,120,True,3658,5106,198,True,-20.5625,-20.5625,0.0,121
21e85b4efb563c2c7d719cd82eed25f1248ca7f7c8365f703644ce3dc4ad3f31,SO,102,112,120,True,5106,3658,198,True,-14.703125,-14.703125,0.0,121
21e85b4efb563c2c7d719cd82eed25f1248ca7f7c8365f703644ce3dc4ad3f31,SS,102,112,120,True,5106,5106,198,True,-10.09375,-10.09375,0.0,121
230f4886e25e9c27f1c5aeb6202ef50688d4072ec21a5516491ea31cdf4274d7,OO,97,105,113,True,86736,86736,198,True,17.234375,17.234375,0.0,114
230f4886e25e9c27f1c5aeb6202ef50688d4072ec21a5516491ea31cdf4274d7,OS,97,106,114,True,86736,1534,198,True,-19.90625,-19.90625,0.0,115
230f4886e25e9c27f1c5aeb6202ef50688d4072ec21a5516491ea31cdf4274d7,SO,98,106,114,True,1534,86736,198,True,-16.2421875,-16.2421875,0.0,115
230f4886e25e9c27f1c5aeb6202ef50688d4072ec21a5516491ea31cdf4274d7,SS,98,107,115,True,1534,1534,198,True,-11.625,-11.625,0.0,116
23b2da192ff61c4753bc05910769816eed0a3667db2a4b773622bce58081ef84,OO,109,118,126,True,25938,25938,198,True,17.375,17.375,0.0,127
23b2da192ff61c4753bc05910769816eed0a3667db2a4b773622bce58081ef84,OS,109,118,126,True,25938,24761,198,True,-21.875,-21.875,0.0,127
23b2da192ff61c4753bc05910769816eed0a3667db2a4b773622bce58081ef84,SO,109,118,126,True,24761,25938,198,True,-17.25,-17.25,0.0,127
23b2da192ff61c4753bc05910769816eed0a3667db2a4b773622bce58081ef84,SS,109,118,126,True,24761,24761,198,True,-13.1875,-13.1875,0.0,127
24b91442961df4239a123354c44e53dab4a44f7cff6e66fec314c22e1b1540ea,OO,99,107,115,True,44512,44512,198,True,19.46875,19.46875,0.0,116
24b91442961df4239a123354c44e53dab4a44f7cff6e66fec314c22e1b1540ea,OS,99,107,115,True,44512,9387,198,True,-18.984375,-18.984375,0.0,116
24b91442961df4239a123354c44e53dab4a44f7cff6e66fec314c22e1b1540ea,SO,99,107,115,True,9387,44512,198,True,-17.671875,-17.671875,0.0,116
24b91442961df4239a123354c44e53dab4a44f7cff6e66fec314c22e1b1540ea,SS,99,107,115,True,9387,9387,198,True,-9.0,-9.0,0.0,116
273e7a2bbe79fb45e3da5b01c63233ca2a0293e88be678371d45e6e734eb3687,OO,103,111,119,True,58754,58754,198,True,15.33984375,15.33984375,0.0,120
273e7a2bbe79fb45e3da5b01c63233ca2a0293e88be678371d45e6e734eb3687,OS,103,111,119,True,58754,11051,198,True,-19.0625,-19.0625,0.0,120
273e7a2bbe79fb45e3da5b01c63233ca2a0293e88be678371d45e6e734eb3687,SO,103,111,119,True,11051,58754,198,True,-16.03125,-16.03125,0.0,120
273e7a2bbe79fb45e3da5b01c63233ca2a0293e88be678371d45e6e734eb3687,SS,103,111,119,True,11051,11051,198,True,8.34375,8.34375,0.0,120
2a20d544ff618b9501d9400c452e6e02e2e866fa2d6a08fb345c2ffb4f633edb,OO,102,111,119,True,5944,5944,198,True,18.1875,18.1875,0.0,120
2a20d544ff618b9501d9400c452e6e02e2e866fa2d6a08fb345c2ffb4f633edb,OS,102,111,119,True,5944,50452,198,True,-21.65625,-21.65625,0.0,120
2a20d544ff618b9501d9400c452e6e02e2e866fa2d6a08fb345c2ffb4f633edb,SO,102,111,119,True,50452,5944,198,True,-17.640625,-17.640625,0.0,120
2a20d544ff618b9501d9400c452e6e02e2e866fa2d6a08fb345c2ffb4f633edb,SS,102,111,119,True,50452,50452,198,True,-19.0,-19.0,0.0,120
2b8a5200282c3f8748e7a842c78898590dde7c3432e54daf87ca95ce25b4c54e,OO,95,103,111,True,6819,6819,198,True,17.796875,17.796875,0.0,112
2b8a5200282c3f8748e7a842c78898590dde7c3432e54daf87ca95ce25b4c54e,OS,95,105,113,True,6819,14406,198,True,-21.3125,-21.3125,0.0,114
2b8a5200282c3f8748e7a842c78898590dde7c3432e54daf87ca95ce25b4c54e,SO,97,105,113,True,14406,6819,198,True,-15.6015625,-15.6015625,0.0,114
2b8a5200282c3f8748e7a842c78898590dde7c3432e54daf87ca95ce25b4c54e,SS,97,107,115,True,14406,14406,198,True,-9.625,-9.625,0.0,116
2dc8c8368d496987fff43c67a7613468467b611e116687d0980c83a39cd910aa,OO,99,108,116,True,8346,8346,198,True,17.90625,17.90625,0.0,117
2dc8c8368d496987fff43c67a7613468467b611e116687d0980c83a39cd910aa,OS,99,108,116,True,8346,39127,198,True,-22.3125,-22.3125,0.0,117
2dc8c8368d496987fff43c67a7613468467b611e116687d0980c83a39cd910aa,SO,99,108,116,True,39127,8346,198,True,-19.875,-19.875,0.0,117
2dc8c8368d496987fff43c67a7613468467b611e116687d0980c83a39cd910aa,SS,99,108,116,True,39127,39127,198,True,10.75,10.75,0.0,117
2f4703494c2a9ce69c4a05d3a0f85a95e69e0b7a1564dc0cfba14f55769487d6,OO,101,110,118,True,31217,31217,198,True,16.515625,16.515625,0.0,119
2f4703494c2a9ce69c4a05d3a0f85a95e69e0b7a1564dc0cfba14f55769487d6,OS,101,110,118,True,31217,80373,198,True,-22.625,-22.625,0.0,119
2f4703494c2a9ce69c4a05d3a0f85a95e69e0b7a1564dc0cfba14f55769487d6,SO,101,110,118,True,80373,31217,198,True,-11.09375,-11.09375,0.0,119
2f4703494c2a9ce69c4a05d3a0f85a95e69e0b7a1564dc0cfba14f55769487d6,SS,101,110,118,True,80373,80373,198,True,-17.75390625,-17.75390625,0.0,119
31bc2caab699df9cd3f29bcee3a64a7be3446b3056011e8d837007ac97aec033,OO,102,111,119,True,16155,16155,198,True,15.734375,15.734375,0.0,120
31bc2caab699df9cd3f29bcee3a64a7be3446b3056011e8d837007ac97aec033,OS,102,110,118,True,16155,26374,198,True,-21.21875,-21.21875,0.0,119
31bc2caab699df9cd3f29bcee3a64a7be3446b3056011e8d837007ac97aec033,SO,101,110,118,True,26374,16155,198,True,-16.3046875,-16.3046875,0.0,119
31bc2caab699df9cd3f29bcee3a64a7be3446b3056011e8d837007ac97aec033,SS,101,109,117,True,26374,26374,198,True,-13.453125,-13.453125,0.0,118
32433ec8d7c816d84564c39977c687496178d90300834bb1c8fb5dbe8c496afd,OO,99,107,115,True,90390,90390,198,True,18.875,18.875,0.0,116
32433ec8d7c816d84564c39977c687496178d90300834bb1c8fb5dbe8c496afd,OS,99,109,117,True,90390,10704,198,True,-21.65625,-21.65625,0.0,118
32433ec8d7c816d84564c39977c687496178d90300834bb1c8fb5dbe8c496afd,SO,101,109,117,True,10704,90390,198,True,-14.580078125,-14.580078125,0.0,118
32433ec8d7c816d84564c39977c687496178d90300834bb1c8fb5dbe8c496afd,SS,101,111,119,True,10704,10704,198,True,-11.125,-11.125,0.0,120
329dd7e54066ef13a3da213f7f3b6cff598c5899634f90f2aa842bf03bdfe22b,OO,101,109,117,True,6291,6291,198,True,17.765625,17.765625,0.0,118
329dd7e54066ef13a3da213f7f3b6cff598c5899634f90f2aa842bf03bdfe22b,OS,101,110,118,True,6291,5269,198,True,-20.90625,-20.90625,0.0,119
329dd7e54066ef13a3da213f7f3b6cff598c5899634f90f2aa842bf03bdfe22b,SO,102,110,118,True,5269,6291,198,True,-14.48046875,-14.48046875,0.0,119
329dd7e54066ef13a3da213f7f3b6cff598c5899634f90f2aa842bf03bdfe22b,SS,102,111,119,True,5269,5269,198,True,-18.625,-18.625,0.0,120
32a5842122bca8ce29d1bd38d6bee5bd0cd4ff77f6e85b6df20e866683e9e9d8,OO,96,104,112,True,13153,13153,198,True,14.6953125,14.6953125,0.0,113
32a5842122bca8ce29d1bd38d6bee5bd0cd4ff77f6e85b6df20e866683e9e9d8,OS,96,107,115,True,13153,2356,198,True,-21.0625,-21.0625,0.0,116
32a5842122bca8ce29d1bd38d6bee5bd0cd4ff77f6e85b6df20e866683e9e9d8,SO,99,107,115,True,2356,13153,198,True,7.875,7.875,0.0,116
32a5842122bca8ce29d1bd38d6bee5bd0cd4ff77f6e85b6df20e866683e9e9d8,SS,99,110,118,True,2356,2356,198,True,-15.6015625,-15.6015625,0.0,119
335059d400355094616bc325ef0848eda0060b94b91bf17aa229387a74b6c2fe,OO,104,112,120,True,18636,18636,198,True,16.46484375,16.46484375,0.0,121
335059d400355094616bc325ef0848eda0060b94b91bf17aa229387a74b6c2fe,OS,104,112,120,True,18636,3100,198,True,-22.53125,-22.53125,0.0,121
335059d400355094616bc325ef0848eda0060b94b91bf17aa229387a74b6c2fe,SO,104,112,120,True,3100,18636,198,True,-17.078125,-17.078125,0.0,121
335059d400355094616bc325ef0848eda0060b94b91bf17aa229387a74b6c2fe,SS,104,112,120,True,3100,3100,198,True,-16.16796875,-16.16796875,0.0,121
37fd7343def15a982f55039a6fd91953c9aec931123a52d0f01f0e4298e0f327,OO,110,119,127,True,70795,70795,198,True,16.1015625,16.1015625,0.0,128
37fd7343def15a982f55039a6fd91953c9aec931123a52d0f01f0e4298e0f327,OS,110,118,126,True,70795,84222,198,True,-22.21875,-22.21875,0.0,127
37fd7343def15a982f55039a6fd91953c9aec931123a52d0f01f0e4298e0f327,SO,109,118,126,True,84222,70795,198,True,-17.1171875,-17.1171875,0.0,127
37fd7343def15a982f55039a6fd91953c9aec931123a52d0f01f0e4298e0f327,SS,109,117,125,True,84222,84222,198,True,-17.12109375,-17.12109375,0.0,126
38197b9f21a2cbc6219c9edadf1b00c23fd75944c8ed0462d4fb2984382e2454,OO,101,111,119,True,20849,20849,198,True,17.171875,17.171875,0.0,120
38197b9f21a2cbc6219c9edadf1b00c23fd75944c8ed0462d4fb2984382e2454,OS,101,110,118,True,20849,32845,198,True,-18.890625,-18.890625,0.0,119
38197b9f21a2cbc6219c9edadf1b00c23fd75944c8ed0462d4fb2984382e2454,SO,100,110,118,True,32845,20849,198,True,-18.8125,-18.8125,0.0,119
38197b9f21a2cbc6219c9edadf1b00c23fd75944c8ed0462d4fb2984382e2454,SS,100,109,117,True,32845,32845,198,True,13.1484375,13.1484375,0.0,118
3832009ffefb8053acc8f41b409ffc903ba02cb06ee1f396131afe3a64f7f714,OO,102,111,119,True,48869,48869,198,True,15.515625,15.515625,0.0,120
3832009ffefb8053acc8f41b409ffc903ba02cb06ee1f396131afe3a64f7f714,OS,102,111,119,True,48869,4802,198,True,-21.71875,-21.71875,0.0,120
3832009ffefb8053acc8f41b409ffc903ba02cb06ee1f396131afe3a64f7f714,SO,102,111,119,True,4802,48869,198,True,-20.78125,-20.78125,0.0,120
3832009ffefb8053acc8f41b409ffc903ba02cb06ee1f396131afe3a64f7f714,SS,102,111,119,True,4802,4802,198,True,15.796875,15.796875,0.0,120
3975f704337b080024800027d2e29bc96ed1f384966e94429dc7897299354c6c,OO,107,116,124,True,18808,18808,198,True,18.875,18.875,0.0,125
3975f704337b080024800027d2e29bc96ed1f384966e94429dc7897299354c6c,OS,107,116,124,True,18808,64025,198,True,-21.625,-21.625,0.0,125
3975f704337b080024800027d2e29bc96ed1f384966e94429dc7897299354c6c,SO,107,116,124,True,64025,18808,198,True,-6.125,-6.125,0.0,125
3975f704337b080024800027d2e29bc96ed1f384966e94429dc7897299354c6c,SS,107,116,124,True,64025,64025,198,True,-15.7578125,-15.7578125,0.0,125
398a76fc83c24119abafed142f0472b7bf7450ccca75cac5e41f71c680f8b506,OO,98,106,114,True,9956,9956,198,True,18.546875,18.546875,0.0,115
398a76fc83c24119abafed142f0472b7bf7450ccca75cac5e41f71c680f8b506,OS,98,107,115,True,9956,523,198,True,-20.90625,-20.90625,0.0,116
398a76fc83c24119abafed142f0472b7bf7450ccca75cac5e41f71c680f8b506,SO,99,107,115,True,523,9956,198,True,-2.1875,-2.1875,0.0,116
398a76fc83c24119abafed142f0472b7bf7450ccca75cac5e41f71c680f8b506,SS,99,108,116,True,523,523,198,True,10.21875,10.21875,0.0,117
39f61c2d75b7fe6d51ef30f35eec36827fd3e075b56c61c3a34d13069985a50f,OO,115,128,136,True,1134,1134,198,True,19.09375,19.09375,0.0,137
39f61c2d75b7fe6d51ef30f35eec36827fd3e075b56c61c3a34d13069985a50f,OS,115,125,133,True,1134,782,198,True,-19.59375,-19.59375,0.0,134
39f61c2d75b7fe6d51ef30f35eec36827fd3e075b56c61c3a34d13069985a50f,SO,112,125,133,True,782,1134,198,True,-20.15625,-20.15625,0.0,134
39f61c2d75b7fe6d51ef30f35eec36827fd3e075b56c61c3a34d13069985a50f,SS,112,122,130,True,782,782,198,True,11.8125,11.8125,0.0,131
3adcd84400767f05f41b0270094c7e4a8e857511c7e63e9255e8ee6eb09c1f2e,OO,105,114,122,True,5269,5269,198,True,13.46875,13.46875,0.0,123
3adcd84400767f05f41b0270094c7e4a8e857511c7e63e9255e8ee6eb09c1f2e,OS,105,115,123,True,5269,2914,198,True,-18.6875,-18.6875,0.0,124
3adcd84400767f05f41b0270094c7e4a8e857511c7e63e9255e8ee6eb09c1f2e,SO,106,115,123,True,2914,5269,198,True,-17.671875,-17.671875,0.0,124
3adcd84400767f05f41b0270094c7e4a8e857511c7e63e9255e8ee6eb09c1f2e,SS,106,116,124,True,2914,2914,198,True,13.1484375,13.1484375,0.0,125
3d03e1bbfc46d35670f0c6fca59977c81f4a8cdc88a6bca7a3d60ab8063a471e,OO,102,111,119,True,24473,24473,198,True,15.16796875,15.16796875,0.0,120
3d03e1bbfc46d35670f0c6fca59977c81f4a8cdc88a6bca7a3d60ab8063a471e,OS,102,111,119,True,24473,39489,198,True,-20.21875,-20.21875,0.0,120
3d03e1bbfc46d35670f0c6fca59977c81f4a8cdc88a6bca7a3d60ab8063a471e,SO,102,111,119,True,39489,24473,198,True,-17.828125,-17.828125,0.0,120
3d03e1bbfc46d35670f0c6fca59977c81f4a8cdc88a6bca7a3d60ab8063a471e,SS,102,111,119,True,39489,39489,198,True,-7.25,-7.25,0.0,120
3d13ddd9f6cad6c1c863e4fbdaa8409a5c0dfafcc2eea2766fabd1b1c6e015d6,OO,107,116,124,True,3365,3365,198,True,18.9375,18.9375,0.0,125
3d13ddd9f6cad6c1c863e4fbdaa8409a5c0dfafcc2eea2766fabd1b1c6e015d6,OS,107,115,123,True,3365,36393,198,True,-21.15625,-21.15625,0.0,124
3d13ddd9f6cad6c1c863e4fbdaa8409a5c0dfafcc2eea2766fabd1b1c6e015d6,SO,106,115,123,True,36393,3365,198,True,-20.65625,-20.65625,0.0,124
3d13ddd9f6cad6c1c863e4fbdaa8409a5c0dfafcc2eea2766fabd1b1c6e015d6,SS,106,114,122,True,36393,36393,198,True,10.0625,10.0625,0.0,123
3d63d7febc2e16bbd6a1ae6283266aae607bf41661d0ebe4b433e6bbf8b36422,OO,103,112,120,True,21830,21830,198,True,12.953125,12.953125,0.0,121
3d63d7febc2e16bbd6a1ae6283266aae607bf41661d0ebe4b433e6bbf8b36422,OS,103,112,120,True,21830,24078,198,True,-21.25,-21.25,0.0,121
3d63d7febc2e16bbd6a1ae6283266aae607bf41661d0ebe4b433e6bbf8b36422,SO,103,112,120,True,24078,21830,198,True,-19.625,-19.625,0.0,121
3d63d7febc2e16bbd6a1ae6283266aae607bf41661d0ebe4b433e6bbf8b36422,SS,103,112,120,True,24078,24078,198,True,-14.359375,-14.359375,0.0,121
3dd056aadf1ba84092fcc9b21ef87dd26564c3486de97f4306b599e30773fdc6,OO,103,112,120,True,83167,83167,198,True,18.59375,18.59375,0.0,121
3dd056aadf1ba84092fcc9b21ef87dd26564c3486de97f4306b599e30773fdc6,OS,103,112,120,True,83167,58638,198,True,-23.125,-23.125,0.0,121
3dd056aadf1ba84092fcc9b21ef87dd26564c3486de97f4306b599e30773fdc6,SO,103,112,120,True,58638,83167,198,True,-13.078125,-13.078125,0.0,121
3dd056aadf1ba84092fcc9b21ef87dd26564c3486de97f4306b599e30773fdc6,SS,103,112,120,True,58638,58638,198,True,-16.62109375,-16.62109375,0.0,121
3eb632ea98f9fce2b2a44308e6ff72c9c6ae3b443f9d0183474b60876eccb773,OO,97,105,113,True,6291,6291,198,True,16.109375,16.109375,0.0,114
3eb632ea98f9fce2b2a44308e6ff72c9c6ae3b443f9d0183474b60876eccb773,OS,97,105,113,True,6291,19056,198,True,-21.90625,-21.90625,0.0,114
3eb632ea98f9fce2b2a44308e6ff72c9c6ae3b443f9d0183474b60876eccb773,SO,97,105,113,True,19056,6291,198,True,-17.1015625,-17.1015625,0.0,114
3eb632ea98f9fce2b2a44308e6ff72c9c6ae3b443f9d0183474b60876eccb773,SS,97,105,113,True,19056,19056,198,True,-7.6875,-7.6875,0.0,114
3ee096de72cb3b0dfd08b81812498b3c90600256873b702dfe6c8228f2c9c0a4,OO,106,115,123,True,56984,56984,198,True,18.25,18.25,0.0,124
3ee096de72cb3b0dfd08b81812498b3c90600256873b702dfe6c8228f2c9c0a4,OS,106,114,122,True,56984,70323,198,True,-20.90625,-20.90625,0.0,123
3ee096de72cb3b0dfd08b81812498b3c90600256873b702dfe6c8228f2c9c0a4,SO,105,114,122,True,70323,56984,198,True,-19.0,-19.0,0.0,123
3ee096de72cb3b0dfd08b81812498b3c90600256873b702dfe6c8228f2c9c0a4,SS,105,113,121,True,70323,70323,198,True,10.6875,10.6875,0.0,122
3f4368f134d45f2838ffaafce8c9a314e61a3bcb5d4e22c3fd0f72b73d01aa8a,OO,100,111,119,True,6295,6295,198,True,15.890625,15.890625,0.0,120
3f4368f134d45f2838ffaafce8c9a314e61a3bcb5d4e22c3fd0f72b73d01aa8a,OS,100,109,117,True,6295,15747,198,True,-20.84375,-20.84375,0.0,118
3f4368f134d45f2838ffaafce8c9a314e61a3bcb5d4e22c3fd0f72b73d01aa8a,SO,98,109,117,True,15747,6295,198,True,-16.5,-16.5,0.0,118
3f4368f134d45f2838ffaafce8c9a314e61a3bcb5d4e22c3fd0f72b73d01aa8a,SS,98,107,115,True,15747,15747,198,True,-3.0,-3.0,0.0,116
3f7112327a3cfef5de23e93e4a1880826ae70b39c367298aad1f40d9c3d98af2,OO,112,120,128,True,47791,47791,198,True,13.09375,13.09375,0.0,129
3f7112327a3cfef5de23e93e4a1880826ae70b39c367298aad1f40d9c3d98af2,OS,112,122,130,True,47791,82789,198,True,-19.03125,-19.03125,0.0,131
3f7112327a3cfef5de23e93e4a1880826ae70b39c367298aad1f40d9c3d98af2,SO,114,122,130,True,82789,47791,198,True,-19.28125,-19.28125,0.0,131
3f7112327a3cfef5de23e93e4a1880826ae70b39c367298aad1f40d9c3d98af2,SS,114,124,132,True,82789,82789,198,True,9.9375,9.9375,0.0,133
406903d1cda4ad5f13b43d25e0af38e781a94521fedb3f39765befa05ecf9299,OO,99,108,116,True,22711,22711,198,True,17.15625,17.15625,0.0,117
406903d1cda4ad5f13b43d25e0af38e781a94521fedb3f39765befa05ecf9299,OS,99,108,116,True,22711,32869,198,True,-21.625,-21.625,0.0,117
406903d1cda4ad5f13b43d25e0af38e781a94521fedb3f39765befa05ecf9299,SO,99,108,116,True,32869,22711,198,True,-19.171875,-19.171875,0.0,117
406903d1cda4ad5f13b43d25e0af38e781a94521fedb3f39765befa05ecf9299,SS,99,108,116,True,32869,32869,198,True,-17.923828125,-17.923828125,0.0,117
41488a0975678237b0b358441e37e50020b7824ca58dc2ad8b6b05dbf1dce1e4,OO,104,114,122,True,2416,2416,198,True,17.296875,17.296875,0.0,123
41488a0975678237b0b358441e37e50020b7824ca58dc2ad8b6b05dbf1dce1e4,OS,104,113,121,True,2416,12406,198,True,-22.34375,-22.34375,0.0,122
41488a0975678237b0b358441e37e50020b7824ca58dc2ad8b6b05dbf1dce1e4,SO,103,113,121,True,12406,2416,198,True,-0.9375,-0.9375,0.0,122
41488a0975678237b0b358441e37e50020b7824ca58dc2ad8b6b05dbf1dce1e4,SS,103,112,120,True,12406,12406,198,True,-18.484375,-18.484375,0.0,121
41972e19b17353b471daa83ca263985b90734a684c6cf04de158ceba557bba20,OO,100,109,117,True,6721,6721,198,True,16.73828125,16.73828125,0.0,118
41972e19b17353b471daa83ca263985b90734a684c6cf04de158ceba557bba20,OS,100,109,117,True,6721,459,198,True,-22.90625,-22.90625,0.0,118
41972e19b17353b471daa83ca263985b90734a684c6cf04de158ceba557bba20,SO,100,109,117,True,459,6721,198,True,-17.21875,-17.21875,0.0,118
41972e19b17353b471daa83ca263985b90734a684c6cf04de158ceba557bba20,SS,100,109,117,True,459,459,198,True,-13.28125,-13.28125,0.0,118
41bd5c2285dcb3536e999fcd7e2cde21de5cfa8bb2e9842810c6ae8f29e05588,OO,95,103,111,True,50715,50715,198,True,17.875,17.875,0.0,112
41bd5c2285dcb3536e999fcd7e2cde21de5cfa8bb2e9842810c6ae8f29e05588,OS,95,103,111,True,50715,7042,198,True,-22.5625,-22.5625,0.0,112
41bd5c2285dcb3536e999fcd7e2cde21de5cfa8bb2e9842810c6ae8f29e05588,SO,95,103,111,True,7042,50715,198,True,-21.3125,-21.3125,0.0,112
41bd5c2285dcb3536e999fcd7e2cde21de5cfa8bb2e9842810c6ae8f29e05588,SS,95,103,111,True,7042,7042,198,True,-1.875,-1.875,0.0,112
41f4f125f31ef8e2c24b2b54d17e9ec1332933a5182bb658df2b71e74210f07a,OO,99,109,117,True,388,388,198,True,17.4140625,17.4140625,0.0,118
41f4f125f31ef8e2c24b2b54d17e9ec1332933a5182bb658df2b71e74210f07a,OS,99,108,116,True,388,850,198,True,-17.921875,-17.921875,0.0,117
41f4f125f31ef8e2c24b2b54d17e9ec1332933a5182bb658df2b71e74210f07a,SO,98,108,116,True,850,388,198,True,-20.40625,-20.40625,0.0,117
41f4f125f31ef8e2c24b2b54d17e9ec1332933a5182bb658df2b71e74210f07a,SS,98,107,115,True,850,850,198,True,-7.8125,-7.8125,0.0,116
425597e7c6465516510ec8386f5266b416983270bf2da29be80104b652ec25af,OO,99,107,115,True,70323,70323,198,True,17.2265625,17.2265625,0.0,116
425597e7c6465516510ec8386f5266b416983270bf2da29be80104b652ec25af,OS,99,107,115,True,70323,26374,198,True,-22.09375,-22.09375,0.0,116
425597e7c6465516510ec8386f5266b416983270bf2da29be80104b652ec25af,SO,99,107,115,True,26374,70323,198,True,-13.9375,-13.9375,0.0,116
425597e7c6465516510ec8386f5266b416983270bf2da29be80104b652ec25af,SS,99,107,115,True,26374,26374,198,True,-18.125,-18.125,0.0,116
4271cfe8b61a8a3393e85c06aa38d43ea9b075538d57c363e9ce3260328b75b4,OO,99,111,119,True,460,460,198,True,14.0595703125,14.0595703125,0.0,120
4271cfe8b61a8a3393e85c06aa38d43ea9b075538d57c363e9ce3260328b75b4,OS,99,110,118,True,460,2142,198,True,-22.03125,-22.03125,0.0,119
4271cfe8b61a8a3393e85c06aa38d43ea9b075538d57c363e9ce3260328b75b4,SO,98,110,118,True,2142,460,198,True,-14.58984375,-14.58984375,0.0,119
4271cfe8b61a8a3393e85c06aa38d43ea9b075538d57c363e9ce3260328b75b4,SS,98,109,117,True,2142,2142,198,True,-9.5,-9.5,0.0,118
439ffe75992797ee13316de00c9d6aa9971cb83d549d64af220f741dded7b4d2,OO,105,114,122,True,53919,53919,198,True,15.45458984375,15.45458984375,0.0,123
439ffe75992797ee13316de00c9d6aa9971cb83d549d64af220f741dded7b4d2,OS,105,114,122,True,53919,93755,198,True,-21.21875,-21.21875,0.0,123
439ffe75992797ee13316de00c9d6aa9971cb83d549d64af220f741dded7b4d2,SO,105,114,122,True,93755,53919,198,True,-17.15625,-17.15625,0.0,123
439ffe75992797ee13316de00c9d6aa9971cb83d549d64af220f741dded7b4d2,SS,105,114,122,True,93755,93755,198,True,-12.8125,-12.8125,0.0,123
47ccd792c57b9a4d617bbe4826f0c86753850106491369e516ebbb767746ddec,OO,104,114,122,True,3072,3072,198,True,17.5,17.5,0.0,123
47ccd792c57b9a4d617bbe4826f0c86753850106491369e516ebbb767746ddec,OS,104,114,122,True,3072,5112,198,True,-21.6875,-21.6875,0.0,123
47ccd792c57b9a4d617bbe4826f0c86753850106491369e516ebbb767746ddec,SO,104,114,122,True,5112,3072,198,True,-5.1875,-5.1875,0.0,123
47ccd792c57b9a4d617bbe4826f0c86753850106491369e516ebbb767746ddec,SS,104,114,122,True,5112,5112,198,True,-17.455078125,-17.455078125,0.0,123
4ac100f8d53d9f95785c499a24bff4d96fdeced0966b21ee7403971c9268cd5a,OO,97,107,115,True,10195,10195,198,True,18.46875,18.46875,0.0,116
4ac100f8d53d9f95785c499a24bff4d96fdeced0966b21ee7403971c9268cd5a,OS,97,105,113,True,10195,69919,198,True,-20.28125,-20.28125,0.0,114
4ac100f8d53d9f95785c499a24bff4d96fdeced0966b21ee7403971c9268cd5a,SO,95,105,113,True,69919,10195,198,True,-15.6953125,-15.6953125,0.0,114
4ac100f8d53d9f95785c499a24bff4d96fdeced0966b21ee7403971c9268cd5a,SS,95,103,111,True,69919,69919,198,True,-13.53125,-13.53125,0.0,112
4c22a7020fcc075f9f948b5b4c877ceab447932756009ccd5e0296cb1c4146fd,OO,104,113,121,True,18523,18523,198,True,17.859375,17.859375,0.0,122
4c22a7020fcc075f9f948b5b4c877ceab447932756009ccd5e0296cb1c4146fd,OS,104,113,121,True,18523,46170,198,True,-21.4375,-21.4375,0.0,122
4c22a7020fcc075f9f948b5b4c877ceab447932756009ccd5e0296cb1c4146fd,SO,104,113,121,True,46170,18523,198,True,-10.21875,-10.21875,0.0,122
4c22a7020fcc075f9f948b5b4c877ceab447932756009ccd5e0296cb1c4146fd,SS,104,113,121,True,46170,46170,198,True,-9.625,-9.625,0.0,122
50e89b0ddd95fe081a170155268d88b5637809604696c7a6f1e8c642f2b54c5a,OO,100,109,117,True,11174,11174,198,True,17.0,17.0,0.0,118
50e89b0ddd95fe081a170155268d88b5637809604696c7a6f1e8c642f2b54c5a,OS,100,108,116,True,11174,9387,198,True,-22.71875,-22.71875,0.0,117
50e89b0ddd95fe081a170155268d88b5637809604696c7a6f1e8c642f2b54c5a,SO,99,108,116,True,9387,11174,198,True,-12.375,-12.375,0.0,117
50e89b0ddd95fe081a170155268d88b5637809604696c7a6f1e8c642f2b54c5a,SS,99,107,115,True,9387,9387,198,True,-11.65625,-11.65625,0.0,116
510f55edebf39d8098e25f20bf735eb0ce82fee4ce7abf755d8d378d0ae4f9c5,OO,112,123,131,True,577,577,198,True,17.390625,17.390625,0.0,132
510f55edebf39d8098e25f20bf735eb0ce82fee4ce7abf755d8d378d0ae4f9c5,OS,112,120,128,True,577,24473,198,True,-20.6875,-20.6875,0.0,129
510f55edebf39d8098e25f20bf735eb0ce82fee4ce7abf755d8d378d0ae4f9c5,SO,109,120,128,True,24473,577,198,True,-8.375,-8.375,0.0,129
510f55edebf39d8098e25f20bf735eb0ce82fee4ce7abf755d8d378d0ae4f9c5,SS,109,117,125,True,24473,24473,198,True,-14.484375,-14.484375,0.0,126
52aba3c550dabe11b7e047ff5a4addc223e7b2d24ee14924ca69cfc2dae3b724,OO,103,112,120,True,23867,23867,198,True,14.486328125,14.486328125,0.0,121
52aba3c550dabe11b7e047ff5a4addc223e7b2d24ee14924ca69cfc2dae3b724,OS,103,111,119,True,23867,48867,198,True,-20.875,-20.875,0.0,120
52aba3c550dabe11b7e047ff5a4addc223e7b2d24ee14924ca69cfc2dae3b724,SO,102,111,119,True,48867,23867,198,True,4.1875,4.1875,0.0,120
52aba3c550dabe11b7e047ff5a4addc223e7b2d24ee14924ca69cfc2dae3b724,SS,102,110,118,True,48867,48867,198,True,-13.328125,-13.328125,0.0,119
53a9a275a436d8bd4aa6f496fd454816a1ff515b21770e062f15a0df2cb4322d,OO,115,125,133,True,10432,10432,198,True,16.96875,16.96875,0.0,134
53a9a275a436d8bd4aa6f496fd454816a1ff515b21770e062f15a0df2cb4322d,OS,115,123,131,True,10432,23035,198,True,-20.25,-20.25,0.0,132
53a9a275a436d8bd4aa6f496fd454816a1ff515b21770e062f15a0df2cb4322d,SO,113,123,131,True,23035,10432,198,True,-1.1875,-1.1875,0.0,132
53a9a275a436d8bd4aa6f496fd454816a1ff515b21770e062f15a0df2cb4322d,SS,113,121,129,True,23035,23035,198,True,-8.4375,-8.4375,0.0,130
55bfeb38bb86d674bb85783339e06d4ca643b0f5c853ac48be50f1c5d7d61737,OO,108,117,125,True,10704,10704,198,True,17.15625,17.15625,0.0,126
55bfeb38bb86d674bb85783339e06d4ca643b0f5c853ac48be50f1c5d7d61737,OS,108,118,126,True,10704,5866,198,True,-22.1875,-22.1875,0.0,127
55bfeb38bb86d674bb85783339e06d4ca643b0f5c853ac48be50f1c5d7d61737,SO,109,118,126,True,5866,10704,198,True,-17.046875,-17.046875,0.0,127
55bfeb38bb86d674bb85783339e06d4ca643b0f5c853ac48be50f1c5d7d61737,SS,109,119,127,True,5866,5866,198,True,-19.265625,-19.265625,0.0,128
56295692530fff758ebf02124a935e66aace3d3a9b0fb05e6722c4c59406320d,OO,106,115,123,True,14212,14212,198,True,14.1328125,14.1328125,0.0,124
56295692530fff758ebf02124a935e66aace3d3a9b0fb05e6722c4c59406320d,OS,106,118,126,True,14212,43215,198,True,-22.28125,-22.28125,0.0,127
56295692530fff758ebf02124a935e66aace3d3a9b0fb05e6722c4c59406320d,SO,109,118,126,True,43215,14212,198,True,-18.578125,-18.578125,0.0,127
56295692530fff758ebf02124a935e66aace3d3a9b0fb05e6722c4c59406320d,SS,109,121,129,True,43215,43215,198,True,1.6875,1.6875,0.0,130
56b5b5d57e2db717fd38c32b39134d4a952db244beb8ba70c8bb0c9abcfbff87,OO,97,105,113,True,6303,6303,198,True,15.36376953125,15.36376953125,0.0,114
56b5b5d57e2db717fd38c32b39134d4a952db244beb8ba70c8bb0c9abcfbff87,OS,97,106,114,True,6303,18808,198,True,-20.15625,-20.15625,0.0,115
56b5b5d57e2db717fd38c32b39134d4a952db244beb8ba70c8bb0c9abcfbff87,SO,98,106,114,True,18808,6303,198,True,-18.78125,-18.78125,0.0,115
56b5b5d57e2db717fd38c32b39134d4a952db244beb8ba70c8bb0c9abcfbff87,SS,98,107,115,True,18808,18808,198,True,-16.5078125,-16.5078125,0.0,116
58216f6a2c4312095699a92dde2ec6bc05825a71c6fd9a3b626ee32be792f58c,OO,111,120,128,True,53130,53130,198,True,14.453125,14.453125,0.0,129
58216f6a2c4312095699a92dde2ec6bc05825a71c6fd9a3b626ee32be792f58c,OS,111,121,129,True,53130,388,198,True,-19.21875,-19.21875,0.0,130
58216f6a2c4312095699a92dde2ec6bc05825a71c6fd9a3b626ee32be792f58c,SO,112,121,129,True,388,53130,198,True,-11.421875,-11.421875,0.0,130
58216f6a2c4312095699a92dde2ec6bc05825a71c6fd9a3b626ee32be792f58c,SS,112,122,130,True,388,388,198,True,10.0,10.0,0.0,131
5853dac42c8100da6718a861125bb63c48ba2105a68839a98f110fcb506f21e8,OO,101,110,118,True,79198,79198,198,True,15.9375,15.9375,0.0,119
5853dac42c8100da6718a861125bb63c48ba2105a68839a98f110fcb506f21e8,OS,101,109,117,True,79198,58762,198,True,-20.03125,-20.03125,0.0,118
5853dac42c8100da6718a861125bb63c48ba2105a68839a98f110fcb506f21e8,SO,100,109,117,True,58762,79198,198,True,-19.109375,-19.109375,0.0,118
5853dac42c8100da6718a861125bb63c48ba2105a68839a98f110fcb506f21e8,SS,100,108,116,True,58762,58762,198,True,2.8125,2.8125,0.0,117
59b21d2adbc8aeb7d1272b57f94d07d961cf8112476bac3dc3965706527a80b5,OO,107,117,125,True,379,379,198,True,16.375,16.375,0.0,126
59b21d2adbc8aeb7d1272b57f94d07d961cf8112476bac3dc3965706527a80b5,OS,107,116,124,True,379,81,198,True,-22.0625,-22.0625,0.0,125
59b21d2adbc8aeb7d1272b57f94d07d961cf8112476bac3dc3965706527a80b5,SO,106,116,124,True,81,379,198,True,-13.109375,-13.109375,0.0,125
59b21d2adbc8aeb7d1272b57f94d07d961cf8112476bac3dc3965706527a80b5,SS,106,115,123,True,81,81,198,True,-10.75,-10.75,0.0,124
5aebcd3347946c824254e282941f2290d2f5558c9ff4d18b116fe12bc6432466,OO,103,111,119,True,45306,45306,198,True,17.015625,17.015625,0.0,120
5aebcd3347946c824254e282941f2290d2f5558c9ff4d18b116fe12bc6432466,OS,103,113,121,True,45306,1849,198,True,-23.46875,-23.46875,0.0,122
5aebcd3347946c824254e282941f2290d2f5558c9ff4d18b116fe12bc6432466,SO,105,113,121,True,1849,45306,198,True,3.875,3.875,0.0,122
5aebcd3347946c824254e282941f2290d2f5558c9ff4d18b116fe12bc6432466,SS,105,115,123,True,1849,1849,198,True,-17.0625,-17.0625,0.0,124
5af325bc6e29771297a7d9b3b33082db45f759378a47f70408b80e536f8173a8,OO,100,110,118,True,1127,1127,198,True,16.890625,16.890625,0.0,119
5af325bc6e29771297a7d9b3b33082db45f759378a47f70408b80e536f8173a8,OS,100,108,116,True,1127,23552,198,True,-20.8125,-20.8125,0.0,117
5af325bc6e29771297a7d9b3b33082db45f759378a47f70408b80e536f8173a8,SO,98,108,116,True,23552,1127,198,True,-18.328125,-18.328125,0.0,117
5af325bc6e29771297a7d9b3b33082db45f759378a47f70408b80e536f8173a8,SS,98,106,114,True,23552,23552,198,True,-17.43359375,-17.43359375,0.0,115
5c17097227a0fb55737cf52c70ec318d3ba1110d71a8c71b697802393b2c64df,OO,102,112,120,True,292,292,198,True,15.9375,15.9375,0.0,121
5c17097227a0fb55737cf52c70ec318d3ba1110d71a8c71b697802393b2c64df,OS,102,110,118,True,292,71391,198,True,-20.5,-20.5,0.0,119
5c17097227a0fb55737cf52c70ec318d3ba1110d71a8c71b697802393b2c64df,SO,100,110,118,True,71391,292,198,True,-18.53125,-18.53125,0.0,119
5c17097227a0fb55737cf52c70ec318d3ba1110d71a8c71b697802393b2c64df,SS,100,108,116,True,71391,71391,198,True,14.5,14.5,0.0,117
5da4110576e81a798a7c9eb3d4e2c0637adfdb17a24836f5997ee49a554c1edd,OO,104,112,120,True,34619,34619,198,True,17.640625,17.640625,0.0,121
5da4110576e81a798a7c9eb3d4e2c0637adfdb17a24836f5997ee49a554c1edd,OS,104,115,123,True,34619,36082,198,True,-19.9375,-19.9375,0.0,124
5da4110576e81a798a7c9eb3d4e2c0637adfdb17a24836f5997ee49a554c1edd,SO,107,115,123,True,36082,34619,198,True,6.0,6.0,0.0,124
5da4110576e81a798a7c9eb3d4e2c0637adfdb17a24836f5997ee49a554c1edd,SS,107,118,126,True,36082,36082,198,True,15.640625,15.640625,0.0,127
5ffe4a411d668a603219b8508d8727ca5e0d1c9c7ec961398c4324e421f50265,OO,109,118,126,True,66421,66421,198,True,16.78125,16.78125,0.0,127
5ffe4a411d668a603219b8508d8727ca5e0d1c9c7ec961398c4324e421f50265,OS,109,118,126,True,66421,79198,198,True,-21.90625,-21.90625,0.0,127
5ffe4a411d668a603219b8508d8727ca5e0d1c9c7ec961398c4324e421f50265,SO,109,118,126,True,79198,66421,198,True,-9.5,-9.5,0.0,127
5ffe4a411d668a603219b8508d8727ca5e0d1c9c7ec961398c4324e421f50265,SS,109,118,126,True,79198,79198,198,True,-18.09765625,-18.09765625,0.0,127
615e53d88676086fc33a4ec1643b3b9372f1df9941c8919af9533b858c168cb5,OO,100,110,118,True,12922,12922,198,True,9.28125,9.28125,0.0,119
615e53d88676086fc33a4ec1643b3b9372f1df9941c8919af9533b858c168cb5,OS,100,109,117,True,12922,45120,198,True,-21.21875,-21.21875,0.0,118
615e53d88676086fc33a4ec1643b3b9372f1df9941c8919af9533b858c168cb5,SO,99,109,117,True,45120,12922,198,True,-19.21875,-19.21875,0.0,118
615e53d88676086fc33a4ec1643b3b9372f1df9941c8919af9533b858c168cb5,SS,99,108,116,True,45120,45120,198,True,-18.84375,-18.84375,0.0,117
61f61c49fa8e53da2fd368165bddd59e5ef621a2b37a36c79954c8346723602e,OO,106,116,124,True,10721,10721,198,True,12.46875,12.46875,0.0,125
61f61c49fa8e53da2fd368165bddd59e5ef621a2b37a36c79954c8346723602e,OS,106,114,122,True,10721,63503,198,True,-21.3125,-21.3125,0.0,123
61f61c49fa8e53da2fd368165bddd59e5ef621a2b37a36c79954c8346723602e,SO,104,114,122,True,63503,10721,198,True,-21.09375,-21.09375,0.0,123
61f61c49fa8e53da2fd368165bddd59e5ef621a2b37a36c79954c8346723602e,SS,104,112,120,True,63503,63503,198,True,-12.75,-12.75,0.0,121
6215cf61f682532748483804f0bec679f57e2deeb2019bd3c4e390f10a27f94f,OO,137,146,154,True,32199,32199,198,True,18.921875,18.921875,0.0,155
6215cf61f682532748483804f0bec679f57e2deeb2019bd3c4e390f10a27f94f,OS,137,146,154,True,32199,7101,198,True,-20.71875,-20.71875,0.0,155
6215cf61f682532748483804f0bec679f57e2deeb2019bd3c4e390f10a27f94f,SO,137,146,154,True,7101,32199,198,True,-10.59375,-10.59375,0.0,155
6215cf61f682532748483804f0bec679f57e2deeb2019bd3c4e390f10a27f94f,SS,137,146,154,True,7101,7101,198,True,-16.03125,-16.03125,0.0,155
6255ffb540c8565db9b69a1e2e888c6be68f9efe8cfe9d8374f3e350a40ab457,OO,106,114,122,True,56578,56578,198,True,16.5166015625,16.5166015625,0.0,123
6255ffb540c8565db9b69a1e2e888c6be68f9efe8cfe9d8374f3e350a40ab457,OS,106,117,125,True,56578,32869,198,True,-22.25,-22.25,0.0,126
6255ffb540c8565db9b69a1e2e888c6be68f9efe8cfe9d8374f3e350a40ab457,SO,109,117,125,True,32869,56578,198,True,-18.1875,-18.1875,0.0,126
6255ffb540c8565db9b69a1e2e888c6be68f9efe8cfe9d8374f3e350a40ab457,SS,109,120,128,True,32869,32869,198,True,10.65625,10.65625,0.0,129
6b2143e219142ba475d18f254b29ea753624c43f12e7092097d953e83ba3000a,OO,106,115,123,True,367,367,198,True,13.953125,13.953125,0.0,124
6b2143e219142ba475d18f254b29ea753624c43f12e7092097d953e83ba3000a,OS,106,117,125,True,367,6295,198,True,-19.90625,-19.90625,0.0,126
6b2143e219142ba475d18f254b29ea753624c43f12e7092097d953e83ba3000a,SO,108,117,125,True,6295,367,198,True,-12.296875,-12.296875,0.0,126
6b2143e219142ba475d18f254b29ea753624c43f12e7092097d953e83ba3000a,SS,108,119,127,True,6295,6295,198,True,3.8125,3.8125,0.0,128
6b6dae961d88a80107784712b74ddf87ea5065d3083b52d379ae2ec75cebb215,OO,94,102,110,True,4285,4285,198,True,12.46875,12.46875,0.0,111
6b6dae961d88a80107784712b74ddf87ea5065d3083b52d379ae2ec75cebb215,OS,94,102,110,True,4285,40968,198,True,-22.25,-22.25,0.0,111
6b6dae961d88a80107784712b74ddf87ea5065d3083b52d379ae2ec75cebb215,SO,94,102,110,True,40968,4285,198,True,-17.8984375,-17.8984375,0.0,111
6b6dae961d88a80107784712b74ddf87ea5065d3083b52d379ae2ec75cebb215,SS,94,102,110,True,40968,40968,198,True,-15.46875,-15.46875,0.0,111
6bc77d7264217b8bfb37ed46f9fc8f6f03293dbe9224c882328d052099453476,OO,109,118,126,True,10143,10143,198,True,15.9765625,15.9765625,0.0,127
6bc77d7264217b8bfb37ed46f9fc8f6f03293dbe9224c882328d052099453476,OS,109,120,128,True,10143,27796,198,True,-22.6875,-22.6875,0.0,129
6bc77d7264217b8bfb37ed46f9fc8f6f03293dbe9224c882328d052099453476,SO,111,120,128,True,27796,10143,198,True,-18.25,-18.25,0.0,129
6bc77d7264217b8bfb37ed46f9fc8f6f03293dbe9224c882328d052099453476,SS,111,122,130,True,27796,27796,198,True,-17.8671875,-17.8671875,0.0,131
6bc87279df1f0b1ff747915a2abedad7fcd660bf27fceefe7b6b4be661911960,OO,106,114,122,True,10779,10779,198,True,13.390625,13.390625,0.0,123
6bc87279df1f0b1ff747915a2abedad7fcd660bf27fceefe7b6b4be661911960,OS,106,114,122,True,10779,79835,198,True,-18.6875,-18.6875,0.0,123
6bc87279df1f0b1ff747915a2abedad7fcd660bf27fceefe7b6b4be661911960,SO,106,114,122,True,79835,10779,198,True,-19.96875,-19.96875,0.0,123
6bc87279df1f0b1ff747915a2abedad7fcd660bf27fceefe7b6b4be661911960,SS,106,114,122,True,79835,79835,198,True,-15.34375,-15.34375,0.0,123
6bebdee54546eedaf50b51ca9d6ae84301d1fc8651a5422c8f161163c5b906dc,OO,98,107,115,True,39273,39273,198,True,18.484375,18.484375,0.0,116
6bebdee54546eedaf50b51ca9d6ae84301d1fc8651a5422c8f161163c5b906dc,OS,98,106,114,True,39273,24301,198,True,-19.125,-19.125,0.0,115
6bebdee54546eedaf50b51ca9d6ae84301d1fc8651a5422c8f161163c5b906dc,SO,97,106,114,True,24301,39273,198,True,-22.0,-22.0,0.0,115
6bebdee54546eedaf50b51ca9d6ae84301d1fc8651a5422c8f161163c5b906dc,SS,97,105,113,True,24301,24301,198,True,4.0625,4.0625,0.0,114
6cdd3522d9eaedecac19afc40a9005f527a589edcb5b98bbe453230b5d0ca2bd,OO,97,105,113,True,25621,25621,198,True,15.7734375,15.7734375,0.0,114
6cdd3522d9eaedecac19afc40a9005f527a589edcb5b98bbe453230b5d0ca2bd,OS,97,107,115,True,25621,379,198,True,-20.84375,-20.84375,0.0,116
6cdd3522d9eaedecac19afc40a9005f527a589edcb5b98bbe453230b5d0ca2bd,SO,99,107,115,True,379,25621,198,True,-18.375,-18.375,0.0,116
6cdd3522d9eaedecac19afc40a9005f527a589edcb5b98bbe453230b5d0ca2bd,SS,99,109,117,True,379,379,198,True,14.796875,14.796875,0.0,118
6ce15494c22ddb7450de80c33b37e57d1f5c7c2c4f3608b8e11053de0e9d44f3,OO,115,123,131,True,57330,57330,198,True,17.4375,17.4375,0.0,132
6ce15494c22ddb7450de80c33b37e57d1f5c7c2c4f3608b8e11053de0e9d44f3,OS,115,123,131,True,57330,38576,198,True,-23.5,-23.5,0.0,132
6ce15494c22ddb7450de80c33b37e57d1f5c7c2c4f3608b8e11053de0e9d44f3,SO,115,123,131,True,38576,57330,198,True,-13.375,-13.375,0.0,132
6ce15494c22ddb7450de80c33b37e57d1f5c7c2c4f3608b8e11053de0e9d44f3,SS,115,123,131,True,38576,38576,198,True,-18.640625,-18.640625,0.0,132
6dd3c98e72585bcf228341dc2750f03d27c670e98803ecd3ede73796a9feeaf1,OO,96,106,114,True,2652,2652,198,True,17.4140625,17.4140625,0.0,115
6dd3c98e72585bcf228341dc2750f03d27c670e98803ecd3ede73796a9feeaf1,OS,96,104,112,True,2652,94751,198,True,-19.546875,-19.546875,0.0,113
6dd3c98e72585bcf228341dc2750f03d27c670e98803ecd3ede73796a9feeaf1,SO,94,104,112,True,94751,2652,198,True,-15.6796875,-15.6796875,0.0,113
6dd3c98e72585bcf228341dc2750f03d27c670e98803ecd3ede73796a9feeaf1,SS,94,102,110,True,94751,94751,198,True,-17.529296875,-17.529296875,0.0,111
6ddeecbc02f2ffe9006070f939bce5fa8999d16a0e6c024b39163206e364e10f,OO,107,115,123,True,4802,4802,198,True,17.1484375,17.1484375,0.0,124
6ddeecbc02f2ffe9006070f939bce5fa8999d16a0e6c024b39163206e364e10f,OS,107,116,124,True,4802,1965,198,True,-21.875,-21.875,0.0,125
6ddeecbc02f2ffe9006070f939bce5fa8999d16a0e6c024b39163206e364e10f,SO,108,116,124,True,1965,4802,198,True,-15.78125,-15.78125,0.0,125
6ddeecbc02f2ffe9006070f939bce5fa8999d16a0e6c024b39163206e364e10f,SS,108,117,125,True,1965,1965,198,True,-18.34375,-18.34375,0.0,126
6e10294b05a6de9d4e5483961b207eeec4a804817c437c5ffa5577336edac801,OO,99,110,118,True,2142,2142,198,True,15.298828125,15.298828125,0.0,119
6e10294b05a6de9d4e5483961b207eeec4a804817c437c5ffa5577336edac801,OS,99,108,116,True,2142,7262,198,True,-19.5625,-19.5625,0.0,117
6e10294b05a6de9d4e5483961b207eeec4a804817c437c5ffa5577336edac801,SO,97,108,116,True,7262,2142,198,True,-19.5,-19.5,0.0,117
6e10294b05a6de9d4e5483961b207eeec4a804817c437c5ffa5577336edac801,SS,97,106,114,True,7262,7262,198,True,11.53125,11.53125,0.0,115
6f17b25ae06b263b38dc906ddf0ee72e91d2235171291091a43585a1c55263a4,OO,102,111,119,True,3028,3028,198,True,12.3125,12.3125,0.0,120
6f17b25ae06b263b38dc906ddf0ee72e91d2235171291091a43585a1c55263a4,OS,102,111,119,True,3028,642,198,True,-20.1875,-20.1875,0.0,120
6f17b25ae06b263b38dc906ddf0ee72e91d2235171291091a43585a1c55263a4,SO,102,111,119,True,642,3028,198,True,-18.078125,-18.078125,0.0,120
6f17b25ae06b263b38dc906ddf0ee72e91d2235171291091a43585a1c55263a4,SS,102,111,119,True,642,642,198,True,-13.5,-13.5,0.0,120
6f20891d4fbbf36a868ef4d6543496c6ca675d18fb0c79eeb2f864c4a2a65d1a,OO,112,120,128,True,45306,45306,198,True,18.234375,18.234375,0.0,129
6f20891d4fbbf36a868ef4d6543496c6ca675d18fb0c79eeb2f864c4a2a65d1a,OS,112,120,128,True,45306,80373,198,True,-23.5,-23.5,0.0,129
6f20891d4fbbf36a868ef4d6543496c6ca675d18fb0c79eeb2f864c4a2a65d1a,SO,112,120,128,True,80373,45306,198,True,-18.921875,-18.921875,0.0,129
6f20891d4fbbf36a868ef4d6543496c6ca675d18fb0c79eeb2f864c4a2a65d1a,SS,112,120,128,True,80373,80373,198,True,-19.78125,-19.78125,0.0,129
6fe3e27510c2d45cf3bc5f48a43f3f9b0f5bcfd61b08a8167b199bd40fc56c11,OO,125,134,142,True,658,658,198,True,18.1640625,18.1640625,0.0,143
6fe3e27510c2d45cf3bc5f48a43f3f9b0f5bcfd61b08a8167b199bd40fc56c11,OS,125,134,142,True,658,10779,198,True,-19.40625,-19.40625,0.0,143
6fe3e27510c2d45cf3bc5f48a43f3f9b0f5bcfd61b08a8167b199bd40fc56c11,SO,125,134,142,True,10779,658,198,True,-8.40625,-8.40625,0.0,143
6fe3e27510c2d45cf3bc5f48a43f3f9b0f5bcfd61b08a8167b199bd40fc56c11,SS,125,134,142,True,10779,10779,198,True,-16.42578125,-16.42578125,0.0,143
6ffbd9b9795989778a37dfc5868aeb0b9078a0370e24e5ca96e692ad3a9dbb0a,OO,122,131,139,True,38554,38554,198,True,10.9375,10.9375,0.0,140
6ffbd9b9795989778a37dfc5868aeb0b9078a0370e24e5ca96e692ad3a9dbb0a,OS,122,134,142,True,38554,16770,198,True,-21.28125,-21.28125,0.0,143
6ffbd9b9795989778a37dfc5868aeb0b9078a0370e24e5ca96e692ad3a9dbb0a,SO,125,134,142,True,16770,38554,198,True,-17.46875,-17.46875,0.0,143
6ffbd9b9795989778a37dfc5868aeb0b9078a0370e24e5ca96e692ad3a9dbb0a,SS,125,137,145,True,16770,16770,198,True,-16.921875,-16.921875,0.0,146
71f1274bf08beee7a3769accd9e3c8a51314d5289247f9e114fb8bafa53bb1ac,OO,102,110,118,True,5344,5344,198,True,17.78125,17.78125,0.0,119
71f1274bf08beee7a3769accd9e3c8a51314d5289247f9e114fb8bafa53bb1ac,OS,102,111,119,True,5344,4628,198,True,-20.3125,-20.3125,0.0,120
71f1274bf08beee7a3769accd9e3c8a51314d5289247f9e114fb8bafa53bb1ac,SO,103,111,119,True,4628,5344,198,True,-17.25,-17.25,0.0,120
71f1274bf08beee7a3769accd9e3c8a51314d5289247f9e114fb8bafa53bb1ac,SS,103,112,120,True,4628,4628,198,True,14.6640625,14.6640625,0.0,121
76da1b679586705525ee875bdc8b0d1767d6ed57efa3f21fdafab78c35f4a084,OO,110,119,127,True,12406,12406,198,True,17.234375,17.234375,0.0,128
76da1b679586705525ee875bdc8b0d1767d6ed57efa3f21fdafab78c35f4a084,OS,110,120,128,True,12406,2168,198,True,-21.8125,-21.8125,0.0,129
76da1b679586705525ee875bdc8b0d1767d6ed57efa3f21fdafab78c35f4a084,SO,111,120,128,True,2168,12406,198,True,-17.921875,-17.921875,0.0,129
76da1b679586705525ee875bdc8b0d1767d6ed57efa3f21fdafab78c35f4a084,SS,111,121,129,True,2168,2168,198,True,-14.796875,-14.796875,0.0,130
788876e1b5c09ad34b156c2244f70441c80075d509e1527ec22555a72eeb7db6,OO,99,109,117,True,436,436,198,True,16.5625,16.5625,0.0,118
788876e1b5c09ad34b156c2244f70441c80075d509e1527ec22555a72eeb7db6,OS,99,107,115,True,436,72019,198,True,-21.0625,-21.0625,0.0,116
788876e1b5c09ad34b156c2244f70441c80075d509e1527ec22555a72eeb7db6,SO,97,107,115,True,72019,436,198,True,-11.9375,-11.9375,0.0,116
788876e1b5c09ad34b156c2244f70441c80075d509e1527ec22555a72eeb7db6,SS,97,105,113,True,72019,72019,198,True,9.3125,9.3125,0.0,114
788927faccfd32ff6d16678442de476ecad200eae740119b74261dc3094829fb,OO,107,115,123,True,57330,57330,198,True,17.3125,17.3125,0.0,124
788927faccfd32ff6d16678442de476ecad200eae740119b74261dc3094829fb,OS,107,115,123,True,57330,11379,198,True,-19.875,-19.875,0.0,124
788927faccfd32ff6d16678442de476ecad200eae740119b74261dc3094829fb,SO,107,115,123,True,11379,57330,198,True,-14.21875,-14.21875,0.0,124
788927faccfd32ff6d16678442de476ecad200eae740119b74261dc3094829fb,SS,107,115,123,True,11379,11379,198,True,-5.0,-5.0,0.0,124
788c34ef73e5ccaf4376fc748a0275e60532beed1cab5c8e3bcc7dd363c8537c,OO,111,121,129,True,2416,2416,198,True,15.640625,15.640625,0.0,130
788c34ef73e5ccaf4376fc748a0275e60532beed1cab5c8e3bcc7dd363c8537c,OS,111,120,128,True,2416,6513,198,True,-22.28125,-22.28125,0.0,129
788c34ef73e5ccaf4376fc748a0275e60532beed1cab5c8e3bcc7dd363c8537c,SO,110,120,128,True,6513,2416,198,True,-7.375,-7.375,0.0,129
788c34ef73e5ccaf4376fc748a0275e60532beed1cab5c8e3bcc7dd363c8537c,SS,110,119,127,True,6513,6513,198,True,-16.890625,-16.890625,0.0,128
7ac34260dc94d314d3558af30a19c45350584a3259272e494b7b690422dd661f,OO,99,110,118,True,3015,3015,198,True,17.46875,17.46875,0.0,119
7ac34260dc94d314d3558af30a19c45350584a3259272e494b7b690422dd661f,OS,99,110,118,True,3015,970,198,True,-21.28125,-21.28125,0.0,119
7ac34260dc94d314d3558af30a19c45350584a3259272e494b7b690422dd661f,SO,99,110,118,True,970,3015,198,True,-19.1875,-19.1875,0.0,119
7ac34260dc94d314d3558af30a19c45350584a3259272e494b7b690422dd661f,SS,99,110,118,True,970,970,198,True,-8.375,-8.375,0.0,119
7ca502c87aaf48633f254cf4f029007113e462645d89eb77dc5336148736535b,OO,112,121,129,True,432,432,198,True,14.96875,14.96875,0.0,130
7ca502c87aaf48633f254cf4f029007113e462645d89eb77dc5336148736535b,OS,112,121,129,True,432,38546,198,True,-21.0,-21.0,0.0,130
7ca502c87aaf48633f254cf4f029007113e462645d89eb77dc5336148736535b,SO,112,121,129,True,38546,432,198,True,-14.4296875,-14.4296875,0.0,130
7ca502c87aaf48633f254cf4f029007113e462645d89eb77dc5336148736535b,SS,112,121,129,True,38546,38546,198,True,-18.109375,-18.109375,0.0,130
7d17895daf33aa644e6b588c7e429b6bfd5bc962e94b358e347c3f915384da54,OO,95,103,111,True,19703,19703,198,True,16.625,16.625,0.0,112
7d17895daf33aa644e6b588c7e429b6bfd5bc962e94b358e347c3f915384da54,OS,95,105,113,True,19703,10704,198,True,-21.8125,-21.8125,0.0,114
7d17895daf33aa644e6b588c7e429b6bfd5bc962e94b358e347c3f915384da54,SO,97,105,113,True,10704,19703,198,True,-15.8828125,-15.8828125,0.0,114
7d17895daf33aa644e6b588c7e429b6bfd5bc962e94b358e347c3f915384da54,SS,97,107,115,True,10704,10704,198,True,-11.09375,-11.09375,0.0,116
7e32fa7cf5ca42d16222f5523f4bea95acd53df81ba18e3de93b4e23833406dd,OO,111,121,129,True,388,388,198,True,17.890625,17.890625,0.0,130
7e32fa7cf5ca42d16222f5523f4bea95acd53df81ba18e3de93b4e23833406dd,OS,111,121,129,True,388,32199,198,True,-19.0625,-19.0625,0.0,130
7e32fa7cf5ca42d16222f5523f4bea95acd53df81ba18e3de93b4e23833406dd,SO,111,121,129,True,32199,388,198,True,-18.078125,-18.078125,0.0,130
7e32fa7cf5ca42d16222f5523f4bea95acd53df81ba18e3de93b4e23833406dd,SS,111,121,129,True,32199,32199,198,True,-15.8359375,-15.8359375,0.0,130
801ea8780af5ab0b2c3cc77a3f4ac2b6c0bcddac3942f28db77284b3fab8c8b0,OO,103,112,120,True,93755,93755,198,True,15.90625,15.90625,0.0,121
801ea8780af5ab0b2c3cc77a3f4ac2b6c0bcddac3942f28db77284b3fab8c8b0,OS,103,112,120,True,93755,12528,198,True,-22.625,-22.625,0.0,121
801ea8780af5ab0b2c3cc77a3f4ac2b6c0bcddac3942f28db77284b3fab8c8b0,SO,103,112,120,True,12528,93755,198,True,2.0,2.0,0.0,121
801ea8780af5ab0b2c3cc77a3f4ac2b6c0bcddac3942f28db77284b3fab8c8b0,SS,103,112,120,True,12528,12528,198,True,-17.515625,-17.515625,0.0,121
84ab9cc3d020ac95fe7fca05196e2a35dc0cf1eecf0da504facb46e1881eeb39,OO,109,118,126,True,1985,1985,198,True,7.6875,7.6875,0.0,127
84ab9cc3d020ac95fe7fca05196e2a35dc0cf1eecf0da504facb46e1881eeb39,OS,109,119,127,True,1985,38556,198,True,-20.1875,-20.1875,0.0,128
84ab9cc3d020ac95fe7fca05196e2a35dc0cf1eecf0da504facb46e1881eeb39,SO,110,119,127,True,38556,1985,198,True,-17.4609375,-17.4609375,0.0,128
84ab9cc3d020ac95fe7fca05196e2a35dc0cf1eecf0da504facb46e1881eeb39,SS,110,120,128,True,38556,38556,198,True,-15.09375,-15.09375,0.0,129
84b4aabec1529e21986e9e63913501fc41337699a474a00cf5b119c9a021868e,OO,122,133,141,True,36082,36082,198,True,18.765625,18.765625,0.0,142
84b4aabec1529e21986e9e63913501fc41337699a474a00cf5b119c9a021868e,OS,122,130,138,True,36082,24473,198,True,-20.15625,-20.15625,0.0,139
84b4aabec1529e21986e9e63913501fc41337699a474a00cf5b119c9a021868e,SO,119,130,138,True,24473,36082,198,True,1.0625,1.0625,0.0,139
84b4aabec1529e21986e9e63913501fc41337699a474a00cf5b119c9a021868e,SS,119,127,135,True,24473,24473,198,True,-17.171875,-17.171875,0.0,136
86297af299924f76b8956048c63fa84a663c50aca292898344ed31a1cb48fd71,OO,112,121,129,True,459,459,198,True,16.8671875,16.8671875,0.0,130
86297af299924f76b8956048c63fa84a663c50aca292898344ed31a1cb48fd71,OS,112,121,129,True,459,23504,198,True,-21.1875,-21.1875,0.0,130
86297af299924f76b8956048c63fa84a663c50aca292898344ed31a1cb48fd71,SO,112,121,129,True,23504,459,198,True,-16.265625,-16.265625,0.0,130
86297af299924f76b8956048c63fa84a663c50aca292898344ed31a1cb48fd71,SS,112,121,129,True,23504,23504,198,True,-16.40625,-16.40625,0.0,130
86919f6991beb95325ed45558f32834d3d57e83085e8390b259364160ef24e81,OO,100,110,118,True,82789,82789,198,True,15.6796875,15.6796875,0.0,119
86919f6991beb95325ed45558f32834d3d57e83085e8390b259364160ef24e81,OS,100,110,118,True,82789,41291,198,True,-20.375,-20.375,0.0,119
86919f6991beb95325ed45558f32834d3d57e83085e8390b259364160ef24e81,SO,100,110,118,True,41291,82789,198,True,-17.453125,-17.453125,0.0,119
86919f6991beb95325ed45558f32834d3d57e83085e8390b259364160ef24e81,SS,100,110,118,True,41291,41291,198,True,-17.90625,-17.90625,0.0,119
87f8c0fd0b06dd3ec294b9dd1326d4154e4e63e85e0d9c6abca67da45ad29605,OO,107,115,123,True,36393,36393,198,True,17.5625,17.5625,0.0,124
87f8c0fd0b06dd3ec294b9dd1326d4154e4e63e85e0d9c6abca67da45ad29605,OS,107,115,123,True,36393,65930,198,True,-19.6875,-19.6875,0.0,124
87f8c0fd0b06dd3ec294b9dd1326d4154e4e63e85e0d9c6abca67da45ad29605,SO,107,115,123,True,65930,36393,198,True,-16.5625,-16.5625,0.0,124
87f8c0fd0b06dd3ec294b9dd1326d4154e4e63e85e0d9c6abca67da45ad29605,SS,107,115,123,True,65930,65930,198,True,-16.125,-16.125,0.0,124
895b905fe243a9dd7b626e5d8e0985821bbf640290f5d6837b2433b3780ec4a6,OO,109,119,127,True,10718,10718,198,True,15.705078125,15.705078125,0.0,128
895b905fe243a9dd7b626e5d8e0985821bbf640290f5d6837b2433b3780ec4a6,OS,109,117,125,True,10718,825,198,True,-18.171875,-18.171875,0.0,126
895b905fe243a9dd7b626e5d8e0985821bbf640290f5d6837b2433b3780ec4a6,SO,107,117,125,True,825,10718,198,True,0.1875,0.1875,0.0,126
895b905fe243a9dd7b626e5d8e0985821bbf640290f5d6837b2433b3780ec4a6,SS,107,115,123,True,825,825,198,True,13.921875,13.921875,0.0,124
89e01c538ebbb197fda81d378cfb9526161fa6370e6b72b1af232bc48d51f4a2,OO,103,112,120,True,288,288,198,True,16.90625,16.90625,0.0,121
89e01c538ebbb197fda81d378cfb9526161fa6370e6b72b1af232bc48d51f4a2,OS,103,112,120,True,288,21285,198,True,-22.71875,-22.71875,0.0,121
89e01c538ebbb197fda81d378cfb9526161fa6370e6b72b1af232bc48d51f4a2,SO,103,112,120,True,21285,288,198,True,-4.1875,-4.1875,0.0,121
89e01c538ebbb197fda81d378cfb9526161fa6370e6b72b1af232bc48d51f4a2,SS,103,112,120,True,21285,21285,198,True,-14.78125,-14.78125,0.0,121
8a997b3cc2c043287907667bd7d69ee45a4c50724967de92fba36f9e4a8076d4,OO,101,110,118,True,29980,29980,198,True,17.984375,17.984375,0.0,119
8a997b3cc2c043287907667bd7d69ee45a4c50724967de92fba36f9e4a8076d4,OS,101,109,117,True,29980,4628,198,True,-20.3125,-20.3125,0.0,118
8a997b3cc2c043287907667bd7d69ee45a4c50724967de92fba36f9e4a8076d4,SO,100,109,117,True,4628,29980,198,True,-9.59375,-9.59375,0.0,118
8a997b3cc2c043287907667bd7d69ee45a4c50724967de92fba36f9e4a8076d4,SS,100,108,116,True,4628,4628,198,True,-12.5,-12.5,0.0,117
8c4e292978fa72f89377d47c958fcb532d76bf1fc00a70f9d4e1966f067c29d5,OO,103,111,119,True,37942,37942,198,True,15.578125,15.578125,0.0,120
8c4e292978fa72f89377d47c958fcb532d76bf1fc00a70f9d4e1966f067c29d5,OS,103,113,121,True,37942,5799,198,True,-20.9375,-20.9375,0.0,122
8c4e292978fa72f89377d47c958fcb532d76bf1fc00a70f9d4e1966f067c29d5,SO,105,113,121,True,5799,37942,198,True,-17.171875,-17.171875,0.0,122
8c4e292978fa72f89377d47c958fcb532d76bf1fc00a70f9d4e1966f067c29d5,SS,105,115,123,True,5799,5799,198,True,-11.8125,-11.8125,0.0,124
8e63f950b177c6f1acee25e35005d2a081fbdc51abe07d934642ad1e7b23256b,OO,103,112,120,True,80988,80988,198,True,16.5625,16.5625,0.0,121
8e63f950b177c6f1acee25e35005d2a081fbdc51abe07d934642ad1e7b23256b,OS,103,111,119,True,80988,94751,198,True,-21.84375,-21.84375,0.0,120
8e63f950b177c6f1acee25e35005d2a081fbdc51abe07d934642ad1e7b23256b,SO,102,111,119,True,94751,80988,198,True,-15.498291015625,-15.498291015625,0.0,120
8e63f950b177c6f1acee25e35005d2a081fbdc51abe07d934642ad1e7b23256b,SS,102,110,118,True,94751,94751,198,True,-18.04296875,-18.04296875,0.0,119
8fce14c379feba472876fb2aa26bac14c2f1373c3764020af2347decdd813f21,OO,95,104,112,True,93755,93755,198,True,15.564453125,15.564453125,0.0,113
8fce14c379feba472876fb2aa26bac14c2f1373c3764020af2347decdd813f21,OS,95,103,111,True,93755,6819,198,True,-19.9375,-19.9375,0.0,112
8fce14c379feba472876fb2aa26bac14c2f1373c3764020af2347decdd813f21,SO,94,103,111,True,6819,93755,198,True,-17.109375,-17.109375,0.0,112
8fce14c379feba472876fb2aa26bac14c2f1373c3764020af2347decdd813f21,SS,94,102,110,True,6819,6819,198,True,-13.859375,-13.859375,0.0,111
9015a63195c2e27cd74439ad9d40649115256058f8218ba88e280ff140087102,OO,104,113,121,True,8123,8123,198,True,17.84375,17.84375,0.0,122
9015a63195c2e27cd74439ad9d40649115256058f8218ba88e280ff140087102,OS,104,113,121,True,8123,16224,198,True,-24.03125,-24.03125,0.0,122
9015a63195c2e27cd74439ad9d40649115256058f8218ba88e280ff140087102,SO,104,113,121,True,16224,8123,198,True,-8.71875,-8.71875,0.0,122
9015a63195c2e27cd74439ad9d40649115256058f8218ba88e280ff140087102,SS,104,113,121,True,16224,16224,198,True,-16.390625,-16.390625,0.0,122
9272c3b8d12a64ff6030063a0a5ddeb2ebac32976a533c022723bb2a8743d4d2,OO,100,108,116,True,42054,42054,198,True,16.756591796875,16.756591796875,0.0,117
9272c3b8d12a64ff6030063a0a5ddeb2ebac32976a533c022723bb2a8743d4d2,OS,100,110,118,True,42054,24230,198,True,-20.40625,-20.40625,0.0,119
9272c3b8d12a64ff6030063a0a5ddeb2ebac32976a533c022723bb2a8743d4d2,SO,102,110,118,True,24230,42054,198,True,-15.5703125,-15.5703125,0.0,119
9272c3b8d12a64ff6030063a0a5ddeb2ebac32976a533c022723bb2a8743d4d2,SS,102,112,120,True,24230,24230,198,True,-10.65625,-10.65625,0.0,121
92aafe1dda864da442bd8a0884ef9728e8135620225fa175ec14144edffec931,OO,98,106,114,True,48867,48867,198,True,16.703125,16.703125,0.0,115
92aafe1dda864da442bd8a0884ef9728e8135620225fa175ec14144edffec931,OS,98,107,115,True,48867,45059,198,True,-20.65625,-20.65625,0.0,116
92aafe1dda864da442bd8a0884ef9728e8135620225fa175ec14144edffec931,SO,99,107,115,True,45059,48867,198,True,-16.453125,-16.453125,0.0,116
92aafe1dda864da442bd8a0884ef9728e8135620225fa175ec14144edffec931,SS,99,108,116,True,45059,45059,198,True,1.125,1.125,0.0,117
955271f457a865b6538de58e05ec976217c17a96cc31ccb2c72e86fe77e6cce0,OO,97,106,114,True,517,517,198,True,15.796875,15.796875,0.0,115
955271f457a865b6538de58e05ec976217c17a96cc31ccb2c72e86fe77e6cce0,OS,97,107,115,True,517,4448,198,True,-21.75,-21.75,0.0,116
955271f457a865b6538de58e05ec976217c17a96cc31ccb2c72e86fe77e6cce0,SO,98,107,115,True,4448,517,198,True,-17.359375,-17.359375,0.0,116
955271f457a865b6538de58e05ec976217c17a96cc31ccb2c72e86fe77e6cce0,SS,98,108,116,True,4448,4448,198,True,-15.998046875,-15.998046875,0.0,117
9605a6042a7f9978526d1a45d4d230805e7843b08bcf7d058bbf8d93fcdc7147,OO,111,120,128,True,3179,3179,198,True,17.171875,17.171875,0.0,129
9605a6042a7f9978526d1a45d4d230805e7843b08bcf7d058bbf8d93fcdc7147,OS,111,126,134,True,3179,2338,198,True,-22.8125,-22.8125,0.0,135
9605a6042a7f9978526d1a45d4d230805e7843b08bcf7d058bbf8d93fcdc7147,SO,117,126,134,True,2338,3179,198,True,-16.0703125,-16.0703125,0.0,135
9605a6042a7f9978526d1a45d4d230805e7843b08bcf7d058bbf8d93fcdc7147,SS,117,132,140,True,2338,2338,198,True,-17.15234375,-17.15234375,0.0,141
991e13498e76b0fa28ad7f9a37a2033c1dcd871ee5f9c8a0a038797010bc4e6f,OO,102,110,118,True,1319,1319,198,True,14.328125,14.328125,0.0,119
991e13498e76b0fa28ad7f9a37a2033c1dcd871ee5f9c8a0a038797010bc4e6f,OS,102,111,119,True,1319,10320,198,True,-21.25,-21.25,0.0,120
991e13498e76b0fa28ad7f9a37a2033c1dcd871ee5f9c8a0a038797010bc4e6f,SO,103,111,119,True,10320,1319,198,True,-18.25,-18.25,0.0,120
991e13498e76b0fa28ad7f9a37a2033c1dcd871ee5f9c8a0a038797010bc4e6f,SS,103,112,120,True,10320,10320,198,True,-11.84375,-11.84375,0.0,121
996c03db13b8afd1e8707f383cef74de8100202bf05fe3c73c48798528923df0,OO,107,115,123,True,61952,61952,198,True,16.9462890625,16.9462890625,0.0,124
996c03db13b8afd1e8707f383cef74de8100202bf05fe3c73c48798528923df0,OS,107,117,125,True,61952,55637,198,True,-21.4375,-21.4375,0.0,126
996c03db13b8afd1e8707f383cef74de8100202bf05fe3c73c48798528923df0,SO,109,117,125,True,55637,61952,198,True,-18.09375,-18.09375,0.0,126
996c03db13b8afd1e8707f383cef74de8100202bf05fe3c73c48798528923df0,SS,109,119,127,True,55637,55637,198,True,11.75,11.75,0.0,128
9a48b8a8d35c10c9696fa88651a5e839600948a47294a46721caa270613cc5cd,OO,102,111,119,True,37652,37652,198,True,18.125,18.125,0.0,120
9a48b8a8d35c10c9696fa88651a5e839600948a47294a46721caa270613cc5cd,OS,102,110,118,True,37652,16245,198,True,-19.96875,-19.96875,0.0,119
9a48b8a8d35c10c9696fa88651a5e839600948a47294a46721caa270613cc5cd,SO,101,110,118,True,16245,37652,198,True,-0.375,-0.375,0.0,119
9a48b8a8d35c10c9696fa88651a5e839600948a47294a46721caa270613cc5cd,SS,101,109,117,True,16245,16245,198,True,-5.3125,-5.3125,0.0,118
9a95b89b7aed4069296c76ff091de2e4b363583c73a648a5c37edbc80ebe97ee,OO,114,123,131,True,3482,3482,198,True,15.30078125,15.30078125,0.0,132
9a95b89b7aed4069296c76ff091de2e4b363583c73a648a5c37edbc80ebe97ee,OS,114,124,132,True,3482,5866,198,True,-22.65625,-22.65625,0.0,133
9a95b89b7aed4069296c76ff091de2e4b363583c73a648a5c37edbc80ebe97ee,SO,115,124,132,True,5866,3482,198,True,-13.84375,-13.84375,0.0,133
9a95b89b7aed4069296c76ff091de2e4b363583c73a648a5c37edbc80ebe97ee,SS,115,125,133,True,5866,5866,198,True,-19.0625,-19.0625,0.0,134
9cd58e1d566fb4441d8b7dbbbe6746c56c82824181c0896e95ccbc243d4f2626,OO,97,105,113,True,33584,33584,198,True,16.5234375,16.5234375,0.0,114
9cd58e1d566fb4441d8b7dbbbe6746c56c82824181c0896e95ccbc243d4f2626,OS,97,110,118,True,33584,56465,198,True,-21.875,-21.875,0.0,119
9cd58e1d566fb4441d8b7dbbbe6746c56c82824181c0896e95ccbc243d4f2626,SO,102,110,118,True,56465,33584,198,True,-19.25,-19.25,0.0,119
9cd58e1d566fb4441d8b7dbbbe6746c56c82824181c0896e95ccbc243d4f2626,SS,102,115,123,True,56465,56465,198,True,15.32421875,15.32421875,0.0,124
9fac6c285cc8c76a315fdb0ebc87d9b13258b066e1a43bf98a0b3f0c4041ec93,OO,106,116,124,True,2897,2897,198,True,15.44921875,15.44921875,0.0,125
9fac6c285cc8c76a315fdb0ebc87d9b13258b066e1a43bf98a0b3f0c4041ec93,OS,106,114,122,True,2897,59950,198,True,-21.375,-21.375,0.0,123
9fac6c285cc8c76a315fdb0ebc87d9b13258b066e1a43bf98a0b3f0c4041ec93,SO,104,114,122,True,59950,2897,198,True,-19.328125,-19.328125,0.0,123
9fac6c285cc8c76a315fdb0ebc87d9b13258b066e1a43bf98a0b3f0c4041ec93,SS,104,112,120,True,59950,59950,198,True,-14.75,-14.75,0.0,121
9fb3ba35b4c9be26de8fe444e1d8057bdc8018f5a3c044b453d270a222474319,OO,110,119,127,True,19847,19847,198,True,18.203125,18.203125,0.0,128
9fb3ba35b4c9be26de8fe444e1d8057bdc8018f5a3c044b453d270a222474319,OS,110,119,127,True,19847,19056,198,True,-22.25,-22.25,0.0,128
9fb3ba35b4c9be26de8fe444e1d8057bdc8018f5a3c044b453d270a222474319,SO,110,119,127,True,19056,19847,198,True,-14.6796875,-14.6796875,0.0,128
9fb3ba35b4c9be26de8fe444e1d8057bdc8018f5a3c044b453d270a222474319,SS,110,119,127,True,19056,19056,198,True,-16.740234375,-16.740234375,0.0,128
a2aed8ae91384128577f7d97b413b47249fa8eea55b7860ee373095c2671a43d,OO,110,120,128,True,50383,50383,198,True,16.19140625,16.19140625,0.0,129
a2aed8ae91384128577f7d97b413b47249fa8eea55b7860ee373095c2671a43d,OS,110,121,129,True,50383,31146,198,True,-22.15625,-22.15625,0.0,130
a2aed8ae91384128577f7d97b413b47249fa8eea55b7860ee373095c2671a43d,SO,111,121,129,True,31146,50383,198,True,-19.625,-19.625,0.0,130
a2aed8ae91384128577f7d97b413b47249fa8eea55b7860ee373095c2671a43d,SS,111,122,130,True,31146,31146,198,True,12.0,12.0,0.0,131
a2c1a94c57d112205546cf50db6313a864cb117283441b2d9ceba73cdfdb5d4c,OO,103,113,121,True,4776,4776,198,True,15.9375,15.9375,0.0,122
a2c1a94c57d112205546cf50db6313a864cb117283441b2d9ceba73cdfdb5d4c,OS,103,112,120,True,4776,4802,198,True,-21.4375,-21.4375,0.0,121
a2c1a94c57d112205546cf50db6313a864cb117283441b2d9ceba73cdfdb5d4c,SO,102,112,120,True,4802,4776,198,True,-19.0625,-19.0625,0.0,121
a2c1a94c57d112205546cf50db6313a864cb117283441b2d9ceba73cdfdb5d4c,SS,102,111,119,True,4802,4802,198,True,-0.75,-0.75,0.0,120
a3a450f9313ceaddb2009d36def5be6496af9497d6dacd33873b70792a7047d7,OO,105,114,122,True,38546,38546,198,True,17.4609375,17.4609375,0.0,123
a3a450f9313ceaddb2009d36def5be6496af9497d6dacd33873b70792a7047d7,OS,105,115,123,True,38546,57168,198,True,-19.84375,-19.84375,0.0,124
a3a450f9313ceaddb2009d36def5be6496af9497d6dacd33873b70792a7047d7,SO,106,115,123,True,57168,38546,198,True,-16.5859375,-16.5859375,0.0,124
a3a450f9313ceaddb2009d36def5be6496af9497d6dacd33873b70792a7047d7,SS,106,116,124,True,57168,57168,198,True,-12.90625,-12.90625,0.0,125
a4ae82dae765d416ea2a087fedfefe60d89e5f7da5262c2d1d12fc40956fc27b,OO,99,107,115,True,9419,9419,198,True,16.859375,16.859375,0.0,116
a4ae82dae765d416ea2a087fedfefe60d89e5f7da5262c2d1d12fc40956fc27b,OS,99,107,115,True,9419,90390,198,True,-19.53125,-19.53125,0.0,116
a4ae82dae765d416ea2a087fedfefe60d89e5f7da5262c2d1d12fc40956fc27b,SO,99,107,115,True,90390,9419,198,True,-17.53125,-17.53125,0.0,116
a4ae82dae765d416ea2a087fedfefe60d89e5f7da5262c2d1d12fc40956fc27b,SS,99,107,115,True,90390,90390,198,True,-14.6171875,-14.6171875,0.0,116
a6f1302baac87b0fda4e2648522e2317160e4b5cb7be118bd813d61557cdc3a8,OO,98,107,115,True,1534,1534,198,True,17.4296875,17.4296875,0.0,116
a6f1302baac87b0fda4e2648522e2317160e4b5cb7be118bd813d61557cdc3a8,OS,98,106,114,True,1534,28387,198,True,-22.34375,-22.34375,0.0,115
a6f1302baac87b0fda4e2648522e2317160e4b5cb7be118bd813d61557cdc3a8,SO,97,106,114,True,28387,1534,198,True,-18.0625,-18.0625,0.0,115
a6f1302baac87b0fda4e2648522e2317160e4b5cb7be118bd813d61557cdc3a8,SS,97,105,113,True,28387,28387,198,True,-15.5703125,-15.5703125,0.0,114
a928a83babef545b9d62a4e50b0120478ba9b641722f710f84539cbcab78933e,OO,98,107,115,True,290,290,198,True,18.046875,18.046875,0.0,116
a928a83babef545b9d62a4e50b0120478ba9b641722f710f84539cbcab78933e,OS,98,106,114,True,290,57658,198,True,-21.1875,-21.1875,0.0,115
a928a83babef545b9d62a4e50b0120478ba9b641722f710f84539cbcab78933e,SO,97,106,114,True,57658,290,198,True,-19.59375,-19.59375,0.0,115
a928a83babef545b9d62a4e50b0120478ba9b641722f710f84539cbcab78933e,SS,97,105,113,True,57658,57658,198,True,-17.14453125,-17.14453125,0.0,114
aa0de654a47e927de2c6a19cd70be9c55ef99ca29bcbffadba1426d74621f407,OO,102,112,120,True,5452,5452,198,True,15.359375,15.359375,0.0,121
aa0de654a47e927de2c6a19cd70be9c55ef99ca29bcbffadba1426d74621f407,OS,102,110,118,True,5452,48867,198,True,-20.6875,-20.6875,0.0,119
aa0de654a47e927de2c6a19cd70be9c55ef99ca29bcbffadba1426d74621f407,SO,100,110,118,True,48867,5452,198,True,-18.203125,-18.203125,0.0,119
aa0de654a47e927de2c6a19cd70be9c55ef99ca29bcbffadba1426d74621f407,SS,100,108,116,True,48867,48867,198,True,11.0,11.0,0.0,117
ad1614a31df5db29c425dece10e5666125bf46471cacda20678e408c7751b55b,OO,99,107,115,True,30803,30803,198,True,16.6484375,16.6484375,0.0,116
ad1614a31df5db29c425dece10e5666125bf46471cacda20678e408c7751b55b,OS,99,110,118,True,30803,285,198,True,-22.25,-22.25,0.0,119
ad1614a31df5db29c425dece10e5666125bf46471cacda20678e408c7751b55b,SO,102,110,118,True,285,30803,198,True,-15.4140625,-15.4140625,0.0,119
ad1614a31df5db29c425dece10e5666125bf46471cacda20678e408c7751b55b,SS,102,113,121,True,285,285,198,True,-11.28125,-11.28125,0.0,122
ad6dc70331b4074cde617f42131d13f1e3c1af0539732fa3690dfd1b4601c772,OO,102,112,120,True,14406,14406,198,True,16.09375,16.09375,0.0,121
ad6dc70331b4074cde617f42131d13f1e3c1af0539732fa3690dfd1b4601c772,OS,102,110,118,True,14406,3100,198,True,-21.3125,-21.3125,0.0,119
ad6dc70331b4074cde617f42131d13f1e3c1af0539732fa3690dfd1b4601c772,SO,100,110,118,True,3100,14406,198,True,-21.1875,-21.1875,0.0,119
ad6dc70331b4074cde617f42131d13f1e3c1af0539732fa3690dfd1b4601c772,SS,100,108,116,True,3100,3100,198,True,11.59375,11.59375,0.0,117
aee813e27e89661fc9afd1439ece3bb24fca269c35c599cc759ff24ddab57bef,OO,98,107,115,True,7497,7497,198,True,16.46875,16.46875,0.0,116
aee813e27e89661fc9afd1439ece3bb24fca269c35c599cc759ff24ddab57bef,OS,98,106,114,True,7497,59983,198,True,-21.25,-21.25,0.0,115
aee813e27e89661fc9afd1439ece3bb24fca269c35c599cc759ff24ddab57bef,SO,97,106,114,True,59983,7497,198,True,-18.734375,-18.734375,0.0,115
aee813e27e89661fc9afd1439ece3bb24fca269c35c599cc759ff24ddab57bef,SS,97,105,113,True,59983,59983,198,True,-12.53125,-12.53125,0.0,114
afc87744cffd489b70b9003f8e95ecaa14bf49486ff5c2ba5e5e3cb6da485feb,OO,98,106,114,True,30249,30249,198,True,13.703125,13.703125,0.0,115
afc87744cffd489b70b9003f8e95ecaa14bf49486ff5c2ba5e5e3cb6da485feb,OS,98,107,115,True,30249,39489,198,True,-16.625,-16.625,0.0,116
afc87744cffd489b70b9003f8e95ecaa14bf49486ff5c2ba5e5e3cb6da485feb,SO,99,107,115,True,39489,30249,198,True,-17.7578125,-17.7578125,0.0,116
afc87744cffd489b70b9003f8e95ecaa14bf49486ff5c2ba5e5e3cb6da485feb,SS,99,108,116,True,39489,39489,198,True,16.265625,16.265625,0.0,117
b0ca1c666147d22f0df1f657e2ad37f82c2dbd72fbee073ecaf339a15bf590b3,OO,103,112,120,True,86976,86976,198,True,14.8671875,14.8671875,0.0,121
b0ca1c666147d22f0df1f657e2ad37f82c2dbd72fbee073ecaf339a15bf590b3,OS,103,112,120,True,86976,2721,198,True,-20.4375,-20.4375,0.0,121
b0ca1c666147d22f0df1f657e2ad37f82c2dbd72fbee073ecaf339a15bf590b3,SO,103,112,120,True,2721,86976,198,True,-20.53125,-20.53125,0.0,121
b0ca1c666147d22f0df1f657e2ad37f82c2dbd72fbee073ecaf339a15bf590b3,SS,103,112,120,True,2721,2721,198,True,12.5,12.5,0.0,121
b10e5786ee75f4f3ceb61466f5ae6502ae2ed584a3774015c01efaaac098caeb,OO,99,107,115,True,15379,15379,198,True,15.171875,15.171875,0.0,116
b10e5786ee75f4f3ceb61466f5ae6502ae2ed584a3774015c01efaaac098caeb,OS,99,110,118,True,15379,64,198,True,-21.75,-21.75,0.0,119
b10e5786ee75f4f3ceb61466f5ae6502ae2ed584a3774015c01efaaac098caeb,SO,102,110,118,True,64,15379,198,True,-14.546875,-14.546875,0.0,119
b10e5786ee75f4f3ceb61466f5ae6502ae2ed584a3774015c01efaaac098caeb,SS,102,113,121,True,64,64,198,True,-13.359375,-13.359375,0.0,122
bb16e19b3e8abd378a0f469eb8c62aade0d44c020067925db7aa302329933e1f,OO,100,109,117,True,54967,54967,198,True,15.984375,15.984375,0.0,118
bb16e19b3e8abd378a0f469eb8c62aade0d44c020067925db7aa302329933e1f,OS,100,109,117,True,54967,6010,198,True,-21.84375,-21.84375,0.0,118
bb16e19b3e8abd378a0f469eb8c62aade0d44c020067925db7aa302329933e1f,SO,100,109,117,True,6010,54967,198,True,-19.875,-19.875,0.0,118
bb16e19b3e8abd378a0f469eb8c62aade0d44c020067925db7aa302329933e1f,SS,100,109,117,True,6010,6010,198,True,0.5,0.5,0.0,118
bc9443215df6e659661924bfd50a16aacd685a79178c8e261d1879090e174438,OO,100,109,117,True,8038,8038,198,True,16.484375,16.484375,0.0,118
bc9443215df6e659661924bfd50a16aacd685a79178c8e261d1879090e174438,OS,100,108,116,True,8038,72581,198,True,-20.5625,-20.5625,0.0,117
bc9443215df6e659661924bfd50a16aacd685a79178c8e261d1879090e174438,SO,99,108,116,True,72581,8038,198,True,-18.125,-18.125,0.0,117
bc9443215df6e659661924bfd50a16aacd685a79178c8e261d1879090e174438,SS,99,107,115,True,72581,72581,198,True,-11.5,-11.5,0.0,116
c05526ecb6806b268e9e1896b8832f5831fbeb2e6e65a2642a6efbf9f043656c,OO,102,110,118,True,3347,3347,198,True,17.5625,17.5625,0.0,119
c05526ecb6806b268e9e1896b8832f5831fbeb2e6e65a2642a6efbf9f043656c,OS,102,110,118,True,3347,42054,198,True,-14.810546875,-14.810546875,0.0,119
c05526ecb6806b268e9e1896b8832f5831fbeb2e6e65a2642a6efbf9f043656c,SO,102,110,118,True,42054,3347,198,True,-9.03125,-9.03125,0.0,119
c05526ecb6806b268e9e1896b8832f5831fbeb2e6e65a2642a6efbf9f043656c,SS,102,110,118,True,42054,42054,198,True,15.912109375,15.912109375,0.0,119
c0a4432df2163f61270b31abc1cd02b4d758686d3080aac555dab98e4f269c2a,OO,97,105,113,True,23552,23552,198,True,16.9140625,16.9140625,0.0,114
c0a4432df2163f61270b31abc1cd02b4d758686d3080aac555dab98e4f269c2a,OS,97,106,114,True,23552,258,198,True,-22.59375,-22.59375,0.0,115
c0a4432df2163f61270b31abc1cd02b4d758686d3080aac555dab98e4f269c2a,SO,98,106,114,True,258,23552,198,True,-15.265625,-15.265625,0.0,115
c0a4432df2163f61270b31abc1cd02b4d758686d3080aac555dab98e4f269c2a,SS,98,107,115,True,258,258,198,True,-18.140625,-18.140625,0.0,116
c491b430b29ef0c7341dc243289a6432e66d64339e24cb28b235957ddf51ea73,OO,102,112,120,True,5344,5344,198,True,17.125,17.125,0.0,121
c491b430b29ef0c7341dc243289a6432e66d64339e24cb28b235957ddf51ea73,OS,102,111,119,True,5344,459,198,True,-21.375,-21.375,0.0,120
c491b430b29ef0c7341dc243289a6432e66d64339e24cb28b235957ddf51ea73,SO,101,111,119,True,459,5344,198,True,-19.625,-19.625,0.0,120
c491b430b29ef0c7341dc243289a6432e66d64339e24cb28b235957ddf51ea73,SS,101,110,118,True,459,459,198,True,-12.03125,-12.03125,0.0,119
c505e2cc19abc2f41063f5d37e09bc1a723e9df14647d24a3299b05ef4dc8215,OO,99,108,116,True,6946,6946,198,True,16.765625,16.765625,0.0,117
c505e2cc19abc2f41063f5d37e09bc1a723e9df14647d24a3299b05ef4dc8215,OS,99,110,118,True,6946,18523,198,True,-22.46875,-22.46875,0.0,119
c505e2cc19abc2f41063f5d37e09bc1a723e9df14647d24a3299b05ef4dc8215,SO,101,110,118,True,18523,6946,198,True,-21.53125,-21.53125,0.0,119
c505e2cc19abc2f41063f5d37e09bc1a723e9df14647d24a3299b05ef4dc8215,SS,101,112,120,True,18523,18523,198,True,12.203125,12.203125,0.0,121
c8ded625a3e1509e8f29407e3829f984e30c7a027c73183e023546d735e6a8b0,OO,110,120,128,True,64,64,198,True,17.5625,17.5625,0.0,129
c8ded625a3e1509e8f29407e3829f984e30c7a027c73183e023546d735e6a8b0,OS,110,119,127,True,64,24761,198,True,-22.5,-22.5,0.0,128
c8ded625a3e1509e8f29407e3829f984e30c7a027c73183e023546d735e6a8b0,SO,109,119,127,True,24761,64,198,True,-14.625,-14.625,0.0,128
c8ded625a3e1509e8f29407e3829f984e30c7a027c73183e023546d735e6a8b0,SS,109,118,126,True,24761,24761,198,True,-19.21875,-19.21875,0.0,127
c91329e2685632636eaaab9e0a16a9e716884030ecd7ec704d19ad29fe870db6,OO,104,112,120,True,61507,61507,198,True,15.8984375,15.8984375,0.0,121
c91329e2685632636eaaab9e0a16a9e716884030ecd7ec704d19ad29fe870db6,OS,104,114,122,True,61507,5431,198,True,-20.90625,-20.90625,0.0,123
c91329e2685632636eaaab9e0a16a9e716884030ecd7ec704d19ad29fe870db6,SO,106,114,122,True,5431,61507,198,True,-15.984375,-15.984375,0.0,123
c91329e2685632636eaaab9e0a16a9e716884030ecd7ec704d19ad29fe870db6,SS,106,116,124,True,5431,5431,198,True,-15.51953125,-15.51953125,0.0,125
cac0fa7214cbe64d0ab89e006dbeb1ae517eefeda15cb3aa8bcd8b699fbf7f54,OO,100,110,118,True,29697,29697,198,True,16.734375,16.734375,0.0,119
cac0fa7214cbe64d0ab89e006dbeb1ae517eefeda15cb3aa8bcd8b699fbf7f54,OS,100,108,116,True,29697,58754,198,True,-23.0625,-23.0625,0.0,117
cac0fa7214cbe64d0ab89e006dbeb1ae517eefeda15cb3aa8bcd8b699fbf7f54,SO,98,108,116,True,58754,29697,198,True,-11.34375,-11.34375,0.0,117
cac0fa7214cbe64d0ab89e006dbeb1ae517eefeda15cb3aa8bcd8b699fbf7f54,SS,98,106,114,True,58754,58754,198,True,-17.3984375,-17.3984375,0.0,115
cc50a44f4933ce813b8cb212ba62698d3ce88e09c0bbc97b3982ded33080a34b,OO,101,110,118,True,45120,45120,198,True,17.796875,17.796875,0.0,119
cc50a44f4933ce813b8cb212ba62698d3ce88e09c0bbc97b3982ded33080a34b,OS,101,111,119,True,45120,5799,198,True,-22.0,-22.0,0.0,120
cc50a44f4933ce813b8cb212ba62698d3ce88e09c0bbc97b3982ded33080a34b,SO,102,111,119,True,5799,45120,198,True,-16.734375,-16.734375,0.0,120
cc50a44f4933ce813b8cb212ba62698d3ce88e09c0bbc97b3982ded33080a34b,SS,102,112,120,True,5799,5799,198,True,-15.28125,-15.28125,0.0,121
cdb209dfdd30b70226f07ea3b2a1d66934b12cde4d1418a7e0eb8415102cefbf,OO,101,111,119,True,28479,28479,198,True,12.34375,12.34375,0.0,120
cdb209dfdd30b70226f07ea3b2a1d66934b12cde4d1418a7e0eb8415102cefbf,OS,101,109,117,True,28479,49837,198,True,-19.46875,-19.46875,0.0,118
cdb209dfdd30b70226f07ea3b2a1d66934b12cde4d1418a7e0eb8415102cefbf,SO,99,109,117,True,49837,28479,198,True,-11.59375,-11.59375,0.0,118
cdb209dfdd30b70226f07ea3b2a1d66934b12cde4d1418a7e0eb8415102cefbf,SS,99,107,115,True,49837,49837,198,True,-8.5,-8.5,0.0,116
ce418392d0f5b3d30a62289bda84082443e573f72af0cb4e771adddf4912a672,OO,98,106,114,True,72581,72581,198,True,14.89453125,14.89453125,0.0,115
ce418392d0f5b3d30a62289bda84082443e573f72af0cb4e771adddf4912a672,OS,98,108,116,True,72581,9806,198,True,-19.84375,-19.84375,0.0,117
ce418392d0f5b3d30a62289bda84082443e573f72af0cb4e771adddf4912a672,SO,100,108,116,True,9806,72581,198,True,-15.9140625,-15.9140625,0.0,117
ce418392d0f5b3d30a62289bda84082443e573f72af0cb4e771adddf4912a672,SS,100,110,118,True,9806,9806,198,True,7.125,7.125,0.0,119
cea8b197e0ac37ba00febf6c4e1bde145a44edf5947f2bfb92cd7b0acb1457db,OO,101,109,117,True,18805,18805,198,True,14.890625,14.890625,0.0,118
cea8b197e0ac37ba00febf6c4e1bde145a44edf5947f2bfb92cd7b0acb1457db,OS,101,110,118,True,18805,73667,198,True,-22.5625,-22.5625,0.0,119
cea8b197e0ac37ba00febf6c4e1bde145a44edf5947f2bfb92cd7b0acb1457db,SO,102,110,118,True,73667,18805,198,True,-16.515625,-16.515625,0.0,119
cea8b197e0ac37ba00febf6c4e1bde145a44edf5947f2bfb92cd7b0acb1457db,SS,102,111,119,True,73667,73667,198,True,-11.8125,-11.8125,0.0,120
d0d48352cdbd19507f0a552246d2a2168bc1dfc2e3863af994305ead2aae7dd3,OO,105,115,123,True,18732,18732,198,True,16.859375,16.859375,0.0,124
d0d48352cdbd19507f0a552246d2a2168bc1dfc2e3863af994305ead2aae7dd3,OS,105,115,123,True,18732,4126,198,True,-21.25,-21.25,0.0,124
d0d48352cdbd19507f0a552246d2a2168bc1dfc2e3863af994305ead2aae7dd3,SO,105,115,123,True,4126,18732,198,True,3.75,3.75,0.0,124
d0d48352cdbd19507f0a552246d2a2168bc1dfc2e3863af994305ead2aae7dd3,SS,105,115,123,True,4126,4126,198,True,-16.6875,-16.6875,0.0,124
d0dedac3786f3c50237add4d7bfb2121d310f476830a81ea6feb08305f5cf3e2,OO,106,114,122,True,90339,90339,198,True,13.03125,13.03125,0.0,123
d0dedac3786f3c50237add4d7bfb2121d310f476830a81ea6feb08305f5cf3e2,OS,106,115,123,True,90339,22711,198,True,-21.46875,-21.46875,0.0,124
d0dedac3786f3c50237add4d7bfb2121d310f476830a81ea6feb08305f5cf3e2,SO,107,115,123,True,22711,90339,198,True,-20.03125,-20.03125,0.0,124
d0dedac3786f3c50237add4d7bfb2121d310f476830a81ea6feb08305f5cf3e2,SS,107,116,124,True,22711,22711,198,True,-17.73046875,-17.73046875,0.0,125
d31bdff62a5431cefbafc1ddcca80f33a7b9e4e9d9f4bde3097e57f2a64305ba,OO,102,110,118,True,11051,11051,198,True,16.1484375,16.1484375,0.0,119
d31bdff62a5431cefbafc1ddcca80f33a7b9e4e9d9f4bde3097e57f2a64305ba,OS,102,110,118,True,11051,33584,198,True,-23.3125,-23.3125,0.0,119
d31bdff62a5431cefbafc1ddcca80f33a7b9e4e9d9f4bde3097e57f2a64305ba,SO,102,110,118,True,33584,11051,198,True,4.25,4.25,0.0,119
d31bdff62a5431cefbafc1ddcca80f33a7b9e4e9d9f4bde3097e57f2a64305ba,SS,102,110,118,True,33584,33584,198,True,-11.78125,-11.78125,0.0,119
d35369d23dcfca940802e819edbb63fe588d8bcdb32d728cabfe82a68292ab6a,OO,105,113,121,True,69081,69081,198,True,15.13671875,15.13671875,0.0,122
d35369d23dcfca940802e819edbb63fe588d8bcdb32d728cabfe82a68292ab6a,OS,105,113,121,True,69081,2326,198,True,-18.28125,-18.28125,0.0,122
d35369d23dcfca940802e819edbb63fe588d8bcdb32d728cabfe82a68292ab6a,SO,105,113,121,True,2326,69081,198,True,-13.859375,-13.859375,0.0,122
d35369d23dcfca940802e819edbb63fe588d8bcdb32d728cabfe82a68292ab6a,SS,105,113,121,True,2326,2326,198,True,14.7109375,14.7109375,0.0,122
d35de5394da8e8af12e0fa779b01cf8497c1cc6f87f64264f948bc187b357d73,OO,102,110,118,True,85612,85612,198,True,16.6328125,16.6328125,0.0,119
d35de5394da8e8af12e0fa779b01cf8497c1cc6f87f64264f948bc187b357d73,OS,102,112,120,True,85612,12720,198,True,-23.15625,-23.15625,0.0,121
d35de5394da8e8af12e0fa779b01cf8497c1cc6f87f64264f948bc187b357d73,SO,104,112,120,True,12720,85612,198,True,-15.9921875,-15.9921875,0.0,121
d35de5394da8e8af12e0fa779b01cf8497c1cc6f87f64264f948bc187b357d73,SS,104,114,122,True,12720,12720,198,True,-10.5625,-10.5625,0.0,123
d3f802c5c147cd1fb842715b1ad21f6f8e9faa2d9d00ce60d1fce94c4304ff1e,OO,100,108,116,True,61245,61245,198,True,17.96875,17.96875,0.0,117
d3f802c5c147cd1fb842715b1ad21f6f8e9faa2d9d00ce60d1fce94c4304ff1e,OS,100,109,117,True,61245,7526,198,True,-21.3125,-21.3125,0.0,118
d3f802c5c147cd1fb842715b1ad21f6f8e9faa2d9d00ce60d1fce94c4304ff1e,SO,101,109,117,True,7526,61245,198,True,-20.0,-20.0,0.0,118
d3f802c5c147cd1fb842715b1ad21f6f8e9faa2d9d00ce60d1fce94c4304ff1e,SS,101,110,118,True,7526,7526,198,True,-9.6875,-9.6875,0.0,119
d4241ccb0b12c49180c5b46a1c5f7c5fe602cec9b4deb75282437541050b5fcb,OO,102,112,120,True,38675,38675,198,True,17.328125,17.328125,0.0,121
d4241ccb0b12c49180c5b46a1c5f7c5fe602cec9b4deb75282437541050b5fcb,OS,102,110,118,True,38675,23157,198,True,-22.28125,-22.28125,0.0,119
d4241ccb0b12c49180c5b46a1c5f7c5fe602cec9b4deb75282437541050b5fcb,SO,100,110,118,True,23157,38675,198,True,0.6875,0.6875,0.0,119
d4241ccb0b12c49180c5b46a1c5f7c5fe602cec9b4deb75282437541050b5fcb,SS,100,108,116,True,23157,23157,198,True,-12.8125,-12.8125,0.0,117
d716b45450cc92f0207e397647f2e955120b268a9c3a06f632f6beb374da68a3,OO,115,124,132,True,960,960,198,True,17.34375,17.34375,0.0,133
d716b45450cc92f0207e397647f2e955120b268a9c3a06f632f6beb374da68a3,OS,115,123,131,True,960,56578,198,True,-23.21875,-23.21875,0.0,132
d716b45450cc92f0207e397647f2e955120b268a9c3a06f632f6beb374da68a3,SO,114,123,131,True,56578,960,198,True,-15.0341796875,-15.0341796875,0.0,132
d716b45450cc92f0207e397647f2e955120b268a9c3a06f632f6beb374da68a3,SS,114,122,130,True,56578,56578,198,True,-17.953125,-17.953125,0.0,131
d7bf00bba92da939b45008d97af6b4c84e6278724e013e42d7b4e27c38110458,OO,103,111,119,True,73354,73354,198,True,16.953125,16.953125,0.0,120
d7bf00bba92da939b45008d97af6b4c84e6278724e013e42d7b4e27c38110458,OS,103,112,120,True,73354,93755,198,True,-22.40625,-22.40625,0.0,121
d7bf00bba92da939b45008d97af6b4c84e6278724e013e42d7b4e27c38110458,SO,104,112,120,True,93755,73354,198,True,-14.78125,-14.78125,0.0,121
d7bf00bba92da939b45008d97af6b4c84e6278724e013e42d7b4e27c38110458,SS,104,113,121,True,93755,93755,198,True,10.984375,10.984375,0.0,122
d9c7c3a3d62120d82c1b75cbfaa8055c1c35fc78cc555030391d0f1e55c6d7cb,OO,102,110,118,True,2088,2088,198,True,17.046875,17.046875,0.0,119
d9c7c3a3d62120d82c1b75cbfaa8055c1c35fc78cc555030391d0f1e55c6d7cb,OS,102,111,119,True,2088,432,198,True,-20.96875,-20.96875,0.0,120
d9c7c3a3d62120d82c1b75cbfaa8055c1c35fc78cc555030391d0f1e55c6d7cb,SO,103,111,119,True,432,2088,198,True,-17.46875,-17.46875,0.0,120
d9c7c3a3d62120d82c1b75cbfaa8055c1c35fc78cc555030391d0f1e55c6d7cb,SS,103,112,120,True,432,432,198,True,-14.96875,-14.96875,0.0,121
db2cc1ea75160c34bce816a645a9c82d6f0612c69f4ddc628944665334960a3c,OO,99,107,115,True,21720,21720,198,True,17.21875,17.21875,0.0,116
db2cc1ea75160c34bce816a645a9c82d6f0612c69f4ddc628944665334960a3c,OS,99,108,116,True,21720,32869,198,True,-21.46875,-21.46875,0.0,117
db2cc1ea75160c34bce816a645a9c82d6f0612c69f4ddc628944665334960a3c,SO,100,108,116,True,32869,21720,198,True,-18.703125,-18.703125,0.0,117
db2cc1ea75160c34bce816a645a9c82d6f0612c69f4ddc628944665334960a3c,SS,100,109,117,True,32869,32869,198,True,-11.875,-11.875,0.0,118
dbc748607fd562ae9060d46dab8422056efb10dc54a5f2c8b485d3a6bc8711fe,OO,120,130,138,True,24403,24403,198,True,19.390625,19.390625,0.0,139
dbc748607fd562ae9060d46dab8422056efb10dc54a5f2c8b485d3a6bc8711fe,OS,120,128,136,True,24403,11379,198,True,-21.125,-21.125,0.0,137
dbc748607fd562ae9060d46dab8422056efb10dc54a5f2c8b485d3a6bc8711fe,SO,118,128,136,True,11379,24403,198,True,-12.59375,-12.59375,0.0,137
dbc748607fd562ae9060d46dab8422056efb10dc54a5f2c8b485d3a6bc8711fe,SS,118,126,134,True,11379,11379,198,True,-12.40625,-12.40625,0.0,135
df92f58df4cc2c2dbde60b361c69ab0eb8f2334109a3b3b00348f897e9ca68f9,OO,107,115,123,True,46403,46403,198,True,16.615234375,16.615234375,0.0,124
df92f58df4cc2c2dbde60b361c69ab0eb8f2334109a3b3b00348f897e9ca68f9,OS,107,116,124,True,46403,4802,198,True,-22.625,-22.625,0.0,125
df92f58df4cc2c2dbde60b361c69ab0eb8f2334109a3b3b00348f897e9ca68f9,SO,108,116,124,True,4802,46403,198,True,-5.0625,-5.0625,0.0,125
df92f58df4cc2c2dbde60b361c69ab0eb8f2334109a3b3b00348f897e9ca68f9,SS,108,117,125,True,4802,4802,198,True,-13.5625,-13.5625,0.0,126
e08e53f8618d77cfcb833bf74cc19624c1264d5c4f951bdc414d285aef892c2a,OO,105,115,123,True,2914,2914,198,True,16.3359375,16.3359375,0.0,124
e08e53f8618d77cfcb833bf74cc19624c1264d5c4f951bdc414d285aef892c2a,OS,105,113,121,True,2914,17457,198,True,-21.625,-21.625,0.0,122
e08e53f8618d77cfcb833bf74cc19624c1264d5c4f951bdc414d285aef892c2a,SO,103,113,121,True,17457,2914,198,True,-18.703125,-18.703125,0.0,122
e08e53f8618d77cfcb833bf74cc19624c1264d5c4f951bdc414d285aef892c2a,SS,103,111,119,True,17457,17457,198,True,2.9375,2.9375,0.0,120
e13bf18f90782e12eff5b2a82e34a23f4c3da60257463a6615bef523cd15e752,OO,97,107,115,True,29697,29697,198,True,13.0625,13.0625,0.0,116
e13bf18f90782e12eff5b2a82e34a23f4c3da60257463a6615bef523cd15e752,OS,97,106,114,True,29697,7262,198,True,-19.0,-19.0,0.0,115
e13bf18f90782e12eff5b2a82e34a23f4c3da60257463a6615bef523cd15e752,SO,96,106,114,True,7262,29697,198,True,-19.5625,-19.5625,0.0,115
e13bf18f90782e12eff5b2a82e34a23f4c3da60257463a6615bef523cd15e752,SS,96,105,113,True,7262,7262,198,True,-10.3125,-10.3125,0.0,114
e4af26a75545582e1ab872948ff9db6323497b6d05be6c0051b7211af10f7fd1,OO,108,118,126,True,38556,38556,198,True,16.03515625,16.03515625,0.0,127
e4af26a75545582e1ab872948ff9db6323497b6d05be6c0051b7211af10f7fd1,OS,108,117,125,True,38556,32869,198,True,-19.96875,-19.96875,0.0,126
e4af26a75545582e1ab872948ff9db6323497b6d05be6c0051b7211af10f7fd1,SO,107,117,125,True,32869,38556,198,True,-19.28125,-19.28125,0.0,126
e4af26a75545582e1ab872948ff9db6323497b6d05be6c0051b7211af10f7fd1,SS,107,116,124,True,32869,32869,198,True,-11.75,-11.75,0.0,125
eae655db4698b26b8506484e3d2964ae122201a1fc6e1efb5f1c16cdc3b64049,OO,107,117,125,True,10704,10704,198,True,16.484375,16.484375,0.0,126
eae655db4698b26b8506484e3d2964ae122201a1fc6e1efb5f1c16cdc3b64049,OS,107,115,123,True,10704,4925,198,True,-21.875,-21.875,0.0,124
eae655db4698b26b8506484e3d2964ae122201a1fc6e1efb5f1c16cdc3b64049,SO,105,115,123,True,4925,10704,198,True,-8.25,-8.25,0.0,124
eae655db4698b26b8506484e3d2964ae122201a1fc6e1efb5f1c16cdc3b64049,SS,105,113,121,True,4925,4925,198,True,-16.92578125,-16.92578125,0.0,122
eb6704eeee9a9abba2fc2f51151204c4a573f0e711c727c3beb28b780a34780c,OO,104,114,122,True,12060,12060,198,True,17.734375,17.734375,0.0,123
eb6704eeee9a9abba2fc2f51151204c4a573f0e711c727c3beb28b780a34780c,OS,104,113,121,True,12060,17728,198,True,-20.46875,-20.46875,0.0,122
eb6704eeee9a9abba2fc2f51151204c4a573f0e711c727c3beb28b780a34780c,SO,103,113,121,True,17728,12060,198,True,-6.5,-6.5,0.0,122
eb6704eeee9a9abba2fc2f51151204c4a573f0e711c727c3beb28b780a34780c,SS,103,112,120,True,17728,17728,198,True,-10.84375,-10.84375,0.0,121
eb7109e266e4b82c5c40e57d34e79d881672c52b72920bfbadaae2073c969552,OO,127,135,143,True,5746,5746,198,True,12.375,12.375,0.0,144
eb7109e266e4b82c5c40e57d34e79d881672c52b72920bfbadaae2073c969552,OS,127,135,143,True,5746,12499,198,True,-19.953125,-19.953125,0.0,144
eb7109e266e4b82c5c40e57d34e79d881672c52b72920bfbadaae2073c969552,SO,127,135,143,True,12499,5746,198,True,-17.9453125,-17.9453125,0.0,144
eb7109e266e4b82c5c40e57d34e79d881672c52b72920bfbadaae2073c969552,SS,127,135,143,True,12499,12499,198,True,-13.40625,-13.40625,0.0,144
ec40f07be49219f365f3c31b8e4fc0335a4215a20a4ad5fe8f4ba7470503754c,OO,110,119,127,True,4013,4013,198,True,16.0625,16.0625,0.0,128
ec40f07be49219f365f3c31b8e4fc0335a4215a20a4ad5fe8f4ba7470503754c,OS,110,119,127,True,4013,38554,198,True,-22.4375,-22.4375,0.0,128
ec40f07be49219f365f3c31b8e4fc0335a4215a20a4ad5fe8f4ba7470503754c,SO,110,119,127,True,38554,4013,198,True,-16.34375,-16.34375,0.0,128
ec40f07be49219f365f3c31b8e4fc0335a4215a20a4ad5fe8f4ba7470503754c,SS,110,119,127,True,38554,38554,198,True,-16.63671875,-16.63671875,0.0,128
ec74e741d6422e5050b1abd86d31b39929eb5b8549360b4faa0a63f9262b539d,OO,109,119,127,True,51279,51279,198,True,17.078125,17.078125,0.0,128
ec74e741d6422e5050b1abd86d31b39929eb5b8549360b4faa0a63f9262b539d,OS,109,118,126,True,51279,80988,198,True,-21.5625,-21.5625,0.0,127
ec74e741d6422e5050b1abd86d31b39929eb5b8549360b4faa0a63f9262b539d,SO,108,118,126,True,80988,51279,198,True,2.8125,2.8125,0.0,127
ec74e741d6422e5050b1abd86d31b39929eb5b8549360b4faa0a63f9262b539d,SS,108,117,125,True,80988,80988,198,True,5.5,5.5,0.0,126
ec9503c6deb0e6d6538ee9b707aa7fc898aef19d75519ddf35fe549597da80a1,OO,101,110,118,True,15772,15772,198,True,17.625,17.625,0.0,119
ec9503c6deb0e6d6538ee9b707aa7fc898aef19d75519ddf35fe549597da80a1,OS,101,112,120,True,15772,61464,198,True,-20.875,-20.875,0.0,121
ec9503c6deb0e6d6538ee9b707aa7fc898aef19d75519ddf35fe549597da80a1,SO,103,112,120,True,61464,15772,198,True,-15.625,-15.625,0.0,121
ec9503c6deb0e6d6538ee9b707aa7fc898aef19d75519ddf35fe549597da80a1,SS,103,114,122,True,61464,61464,198,True,11.46875,11.46875,0.0,123
eed93994a6adad820f6549e6e20cbe93f64f0060a52d3af8e31077710e1a77fe,OO,102,112,120,True,4448,4448,198,True,15.765625,15.765625,0.0,121
eed93994a6adad820f6549e6e20cbe93f64f0060a52d3af8e31077710e1a77fe,OS,102,111,119,True,4448,80988,198,True,-22.375,-22.375,0.0,120
eed93994a6adad820f6549e6e20cbe93f64f0060a52d3af8e31077710e1a77fe,SO,101,111,119,True,80988,4448,198,True,-11.6875,-11.6875,0.0,120
eed93994a6adad820f6549e6e20cbe93f64f0060a52d3af8e31077710e1a77fe,SS,101,110,118,True,80988,80988,198,True,-12.625,-12.625,0.0,119
ef98391de8f801b35fcec12d7b524a0be5c766b9c84d2e36603c105dbd8f7116,OO,103,111,119,True,4279,4279,198,True,16.28125,16.28125,0.0,120
ef98391de8f801b35fcec12d7b524a0be5c766b9c84d2e36603c105dbd8f7116,OS,103,112,120,True,4279,39489,198,True,-22.09375,-22.09375,0.0,121
ef98391de8f801b35fcec12d7b524a0be5c766b9c84d2e36603c105dbd8f7116,SO,104,112,120,True,39489,4279,198,True,-13.7421875,-13.7421875,0.0,121
ef98391de8f801b35fcec12d7b524a0be5c766b9c84d2e36603c105dbd8f7116,SS,104,113,121,True,39489,39489,198,True,-13.75,-13.75,0.0,122
ef9b265b3c0689deea4d6347e77e250fbb72b3d5b45768806264de9005b7c3e8,OO,103,114,122,True,355,355,198,True,17.671875,17.671875,0.0,123
ef9b265b3c0689deea4d6347e77e250fbb72b3d5b45768806264de9005b7c3e8,OS,103,112,120,True,355,12645,198,True,-21.53125,-21.53125,0.0,121
ef9b265b3c0689deea4d6347e77e250fbb72b3d5b45768806264de9005b7c3e8,SO,101,112,120,True,12645,355,198,True,-17.359375,-17.359375,0.0,121
ef9b265b3c0689deea4d6347e77e250fbb72b3d5b45768806264de9005b7c3e8,SS,101,110,118,True,12645,12645,198,True,-14.890625,-14.890625,0.0,119
efdaacba8f4a5c0d58c0adb6ee32c5c86d760cdb66eda6c7f7d5f2f338b4caa5,OO,104,113,121,True,4802,4802,198,True,17.953125,17.953125,0.0,122
efdaacba8f4a5c0d58c0adb6ee32c5c86d760cdb66eda6c7f7d5f2f338b4caa5,OS,104,112,120,True,4802,28387,198,True,-21.0625,-21.0625,0.0,121
efdaacba8f4a5c0d58c0adb6ee32c5c86d760cdb66eda6c7f7d5f2f338b4caa5,SO,103,112,120,True,28387,4802,198,True,-14.6875,-14.6875,0.0,121
efdaacba8f4a5c0d58c0adb6ee32c5c86d760cdb66eda6c7f7d5f2f338b4caa5,SS,103,111,119,True,28387,28387,198,True,-15.7236328125,-15.7236328125,0.0,120
f04c5f9198427ddb50a413ef41e9cf3d877b8ffdfa63e3349044daa372bb226c,OO,97,105,113,True,61175,61175,198,True,17.1171875,17.1171875,0.0,114
f04c5f9198427ddb50a413ef41e9cf3d877b8ffdfa63e3349044daa372bb226c,OS,97,107,115,True,61175,388,198,True,-21.46875,-21.46875,0.0,116
f04c5f9198427ddb50a413ef41e9cf3d877b8ffdfa63e3349044daa372bb226c,SO,99,107,115,True,388,61175,198,True,-16.90625,-16.90625,0.0,116
f04c5f9198427ddb50a413ef41e9cf3d877b8ffdfa63e3349044daa372bb226c,SS,99,109,117,True,388,388,198,True,-16.4521484375,-16.4521484375,0.0,118
f1db4d3c9b7d73d26d303534a6845276c17c7181324656367b0f21f9cb9a7bc9,OO,114,123,131,True,2976,2976,198,True,17.4375,17.4375,0.0,132
f1db4d3c9b7d73d26d303534a6845276c17c7181324656367b0f21f9cb9a7bc9,OS,114,123,131,True,2976,6513,198,True,-22.09375,-22.09375,0.0,132
f1db4d3c9b7d73d26d303534a6845276c17c7181324656367b0f21f9cb9a7bc9,SO,114,123,131,True,6513,2976,198,True,-14.427734375,-14.427734375,0.0,132
f1db4d3c9b7d73d26d303534a6845276c17c7181324656367b0f21f9cb9a7bc9,SS,114,123,131,True,6513,6513,198,True,-18.234375,-18.234375,0.0,132
f20304d9829cd1ebda2d497ee0dd5a79bdc7f93d34b68baddcb228e99b81ebbe,OO,98,107,115,True,31146,31146,198,True,18.15625,18.15625,0.0,116
f20304d9829cd1ebda2d497ee0dd5a79bdc7f93d34b68baddcb228e99b81ebbe,OS,98,106,114,True,31146,34408,198,True,-18.5,-18.5,0.0,115
f20304d9829cd1ebda2d497ee0dd5a79bdc7f93d34b68baddcb228e99b81ebbe,SO,97,106,114,True,34408,31146,198,True,-19.96875,-19.96875,0.0,115
f20304d9829cd1ebda2d497ee0dd5a79bdc7f93d34b68baddcb228e99b81ebbe,SS,97,105,113,True,34408,34408,198,True,-10.5625,-10.5625,0.0,114
f2a0372b48ecb146721a5a97015730fd57d998767bee00a9570618d5b4a15334,OO,108,116,124,True,59654,59654,198,True,18.40625,18.40625,0.0,125
f2a0372b48ecb146721a5a97015730fd57d998767bee00a9570618d5b4a15334,OS,108,117,125,True,59654,288,198,True,-22.59375,-22.59375,0.0,126
f2a0372b48ecb146721a5a97015730fd57d998767bee00a9570618d5b4a15334,SO,109,117,125,True,288,59654,198,True,0.875,0.875,0.0,126
f2a0372b48ecb146721a5a97015730fd57d998767bee00a9570618d5b4a15334,SS,109,118,126,True,288,288,198,True,-18.203125,-18.203125,0.0,127
f37d2a4996b7b5ce70513d5a92bdd7b0e05be64b6c08b51aa368154fcfad91c4,OO,121,129,137,True,22351,22351,198,True,14.765625,14.765625,0.0,138
f37d2a4996b7b5ce70513d5a92bdd7b0e05be64b6c08b51aa368154fcfad91c4,OS,121,131,139,True,22351,5866,198,True,-21.53125,-21.53125,0.0,140
f37d2a4996b7b5ce70513d5a92bdd7b0e05be64b6c08b51aa368154fcfad91c4,SO,123,131,139,True,5866,22351,198,True,-13.140625,-13.140625,0.0,140
f37d2a4996b7b5ce70513d5a92bdd7b0e05be64b6c08b51aa368154fcfad91c4,SS,123,133,141,True,5866,5866,198,True,-18.84375,-18.84375,0.0,142
f524e071bcf08ff1baad251f50a7a97999375742cfa6dd57e94b8aa3a1ceaa04,OO,100,108,116,True,10126,10126,198,True,15.25390625,15.25390625,0.0,117
f524e071bcf08ff1baad251f50a7a97999375742cfa6dd57e94b8aa3a1ceaa04,OS,100,108,116,True,10126,6437,198,True,-18.546875,-18.546875,0.0,117
f524e071bcf08ff1baad251f50a7a97999375742cfa6dd57e94b8aa3a1ceaa04,SO,100,108,116,True,6437,10126,198,True,-20.15625,-20.15625,0.0,117
f524e071bcf08ff1baad251f50a7a97999375742cfa6dd57e94b8aa3a1ceaa04,SS,100,108,116,True,6437,6437,198,True,10.8125,10.8125,0.0,117
f538e6d9e25af7fa03c2210f1b0ef02f8ee12550bee0b32a4bd212ba68e29d94,OO,100,109,117,True,21285,21285,198,True,16.5390625,16.5390625,0.0,118
f538e6d9e25af7fa03c2210f1b0ef02f8ee12550bee0b32a4bd212ba68e29d94,OS,100,108,116,True,21285,7761,198,True,-15.3125,-15.3125,0.0,117
f538e6d9e25af7fa03c2210f1b0ef02f8ee12550bee0b32a4bd212ba68e29d94,SO,99,108,116,True,7761,21285,198,True,-13.65625,-13.65625,0.0,117
f538e6d9e25af7fa03c2210f1b0ef02f8ee12550bee0b32a4bd212ba68e29d94,SS,99,107,115,True,7761,7761,198,True,17.125,17.125,0.0,116
f6de5c13ed4fd11307e97176a4d61e5186ee5234eb6a25331341e4aa82d86287,OO,114,122,130,True,8109,8109,198,True,15.51171875,15.51171875,0.0,131
f6de5c13ed4fd11307e97176a4d61e5186ee5234eb6a25331341e4aa82d86287,OS,114,123,131,True,8109,8123,198,True,-21.6875,-21.6875,0.0,132
f6de5c13ed4fd11307e97176a4d61e5186ee5234eb6a25331341e4aa82d86287,SO,115,123,131,True,8123,8109,198,True,3.9375,3.9375,0.0,132
f6de5c13ed4fd11307e97176a4d61e5186ee5234eb6a25331341e4aa82d86287,SS,115,124,132,True,8123,8123,198,True,-18.06640625,-18.06640625,0.0,133
f6e1ffc35259211e4c898f01fc2d43df8802b8a13c1581735a278c681e67bc92,OO,100,112,120,True,3341,3341,198,True,17.53125,17.53125,0.0,121
f6e1ffc35259211e4c898f01fc2d43df8802b8a13c1581735a278c681e67bc92,OS,100,109,117,True,3341,24473,198,True,-19.375,-19.375,0.0,118
f6e1ffc35259211e4c898f01fc2d43df8802b8a13c1581735a278c681e67bc92,SO,97,109,117,True,24473,3341,198,True,-18.46875,-18.46875,0.0,118
f6e1ffc35259211e4c898f01fc2d43df8802b8a13c1581735a278c681e67bc92,SS,97,106,114,True,24473,24473,198,True,14.70947265625,14.70947265625,0.0,115
f792425150ef401049f0567570e52700cf4a65c670dbc40e2987e227ad7b818c,OO,106,115,123,True,32869,32869,198,True,17.65625,17.65625,0.0,124
f792425150ef401049f0567570e52700cf4a65c670dbc40e2987e227ad7b818c,OS,106,114,122,True,32869,3100,198,True,-20.9375,-20.9375,0.0,123
f792425150ef401049f0567570e52700cf4a65c670dbc40e2987e227ad7b818c,SO,105,114,122,True,3100,32869,198,True,-16.84375,-16.84375,0.0,123
f792425150ef401049f0567570e52700cf4a65c670dbc40e2987e227ad7b818c,SS,105,113,121,True,3100,3100,198,True,-15.486328125,-15.486328125,0.0,122
f8a29966fb2123d58aa5371a0d5ef847b77b0d3a3efbd0e38dc667d80aa3db54,OO,104,113,121,True,7175,7175,198,True,14.25,14.25,0.0,122
f8a29966fb2123d58aa5371a0d5ef847b77b0d3a3efbd0e38dc667d80aa3db54,OS,104,113,121,True,7175,8023,198,True,-21.46875,-21.46875,0.0,122
f8a29966fb2123d58aa5371a0d5ef847b77b0d3a3efbd0e38dc667d80aa3db54,SO,104,113,121,True,8023,7175,198,True,-14.2265625,-14.2265625,0.0,122
f8a29966fb2123d58aa5371a0d5ef847b77b0d3a3efbd0e38dc667d80aa3db54,SS,104,113,121,True,8023,8023,198,True,-16.35546875,-16.35546875,0.0,122
fa86e109c063366a399a71e8f1b5d56e1cd7ca60dcb9782a5c568d18bc8838d8,OO,108,120,128,True,2456,2456,198,True,16.953125,16.953125,0.0,129
fa86e109c063366a399a71e8f1b5d56e1cd7ca60dcb9782a5c568d18bc8838d8,OS,108,116,124,True,2456,8109,198,True,-20.5,-20.5,0.0,125
fa86e109c063366a399a71e8f1b5d56e1cd7ca60dcb9782a5c568d18bc8838d8,SO,104,116,124,True,8109,2456,198,True,-19.6875,-19.6875,0.0,125
fa86e109c063366a399a71e8f1b5d56e1cd7ca60dcb9782a5c568d18bc8838d8,SS,104,112,120,True,8109,8109,198,True,-1.125,-1.125,0.0,121
fb5830d3a45b1646a07299fbfcfec7df52b57bf6253116db62f1d7c0ad326c2b,OO,99,107,115,True,7761,7761,198,True,14.890625,14.890625,0.0,116
fb5830d3a45b1646a07299fbfcfec7df52b57bf6253116db62f1d7c0ad326c2b,OS,99,107,115,True,7761,7046,198,True,-19.65625,-19.65625,0.0,116
fb5830d3a45b1646a07299fbfcfec7df52b57bf6253116db62f1d7c0ad326c2b,SO,99,107,115,True,7046,7761,198,True,-16.578125,-16.578125,0.0,116
fb5830d3a45b1646a07299fbfcfec7df52b57bf6253116db62f1d7c0ad326c2b,SS,99,107,115,True,7046,7046,198,True,6.0,6.0,0.0,116
fb5af5f7dd217463205da05462b43b882bc5694f0971c8bf093ea12e349625a6,OO,101,110,118,True,73402,73402,198,True,15.234375,15.234375,0.0,119
fb5af5f7dd217463205da05462b43b882bc5694f0971c8bf093ea12e349625a6,OS,101,110,118,True,73402,3341,198,True,-21.65625,-21.65625,0.0,119
fb5af5f7dd217463205da05462b43b882bc5694f0971c8bf093ea12e349625a6,SO,101,110,118,True,3341,73402,198,True,-15.548828125,-15.548828125,0.0,119
fb5af5f7dd217463205da05462b43b882bc5694f0971c8bf093ea12e349625a6,SS,101,110,118,True,3341,3341,198,True,-17.234375,-17.234375,0.0,119
fe8d6ea33b2967974ed5d5bb87deaec20c56d3847aeb51fca31b56797035a3a8,OO,105,114,122,True,4802,4802,198,True,18.09375,18.09375,0.0,123
fe8d6ea33b2967974ed5d5bb87deaec20c56d3847aeb51fca31b56797035a3a8,OS,105,115,123,True,4802,367,198,True,-23.15625,-23.15625,0.0,124
fe8d6ea33b2967974ed5d5bb87deaec20c56d3847aeb51fca31b56797035a3a8,SO,106,115,123,True,367,4802,198,True,-15.4375,-15.4375,0.0,124
fe8d6ea33b2967974ed5d5bb87deaec20c56d3847aeb51fca31b56797035a3a8,SS,106,116,124,True,367,367,198,True,-13.84375,-13.84375,0.0,125
